item_id,category,stock_level,daily_demand,lead_time_days,reorder_point,optimized_reorder_point,safety_stock,recommended_stock,excess_stock,excess_stock_value,potential_holding_cost_saving,stockout_risk,KPI_score
ITM10000,Pharma,283,49.85,4,21,205.0,5.1324000000000005,389.37,0.0,0.0,0.0,0,0.556
ITM10001,Automotive,301,23.34,6,52,150.0,10.274997098539735,371.94,0.0,0.0,0.0,1,0.723
ITM10002,Groceries,132,37.69,8,60,316.0,14.656202253653571,369.85,0.0,0.0,0.0,1,0.68
ITM10003,Automotive,346,33.69,5,46,179.0,10.26254578613416,271.04,74.95999999999998,2331.2559999999994,51984.75999999998,0,0.488
ITM10004,Automotive,49,49.58,6,55,319.0,21.073817578573657,513.58,0.0,0.0,0.0,1,0.67
ITM10005,Apparel,154,35.95,6,62,254.0,38.158518636537764,434.65,0.0,0.0,0.0,1,0.803
ITM10006,Groceries,86,9.04,4,97,52.0,15.528799999999999,275.69,0.0,0.0,0.0,1,0.526
ITM10007,Groceries,84,47.82,4,89,214.0,22.3062,409.75,0.0,0.0,0.0,1,0.558
ITM10008,Groceries,311,33.72,9,22,338.0,34.7424,443.74,0.0,0.0,0.0,1,0.541
ITM10009,Automotive,44,3.91,8,98,72.0,40.8512558054217,226.78,0.0,0.0,0.0,1,0.366
ITM10010,Pharma,56,33.22,2,63,68.0,1.907632674285068,334.58,0.0,0.0,0.0,1,0.599
ITM10011,Groceries,20,44.27,7,66,329.0,18.888812335083433,392.97,0.0,0.0,0.0,1,0.632
ITM10012,Automotive,418,29.28,3,13,110.0,22.651327448683883,229.26,188.74,27935.4074,137091.299,1,0.473
ITM10013,Apparel,56,18.35,5,84,122.0,30.30945422141415,376.1,0.0,0.0,0.0,1,0.836
ITM10014,Pharma,160,41.22,4,58,196.0,30.629900000000003,311.62,0.0,0.0,0.0,1,0.506
ITM10015,Apparel,251,39.34,5,16,223.0,26.410422489047768,352.55,0.0,0.0,0.0,1,0.541
ITM10016,Pharma,155,27.66,7,20,206.0,12.316898365964544,308.57,0.0,0.0,0.0,1,0.602
ITM10017,Automotive,408,8.56,7,63,83.0,23.066982805516634,353.86,54.139999999999986,7559.026799999999,31222.537999999997,1,0.526
ITM10018,Electronics,207,13.3,8,96,110.0,3.7687377223680616,312.37,0.0,0.0,0.0,1,0.591
ITM10019,Pharma,147,37.19,6,54,250.0,26.795580668740882,320.55,0.0,0.0,0.0,1,0.654
ITM10020,Apparel,220,40.5,8,32,351.0,26.84644031859718,578.39,0.0,0.0,0.0,1,0.727
ITM10021,Automotive,146,14.68,3,37,64.0,19.460197040818986,85.17,60.83,3091.3806,15320.035499999998,1,0.535
ITM10022,Pharma,276,19.03,2,66,60.0,21.728401436368944,184.95999999999998,91.04000000000002,16595.681600000004,63136.24000000001,1,0.419
ITM10023,Electronics,183,4.8,5,35,50.0,25.858672715599695,323.83,0.0,0.0,0.0,0,0.624
ITM10024,Electronics,54,35.96,3,34,118.0,10.086251467715842,328.03999999999996,0.0,0.0,0.0,1,0.657
ITM10025,Groceries,213,1.18,9,63,22.0,11.79465,262.0,0.0,0.0,0.0,1,0.634
ITM10026,Groceries,210,3.28,2,38,27.0,20.053406893094248,307.08,0.0,0.0,0.0,1,0.487
ITM10027,Apparel,123,1.21,5,92,15.0,8.644079784019812,249.62,0.0,0.0,0.0,1,0.47
ITM10028,Pharma,42,32.62,3,45,104.0,5.812416100039638,139.69,0.0,0.0,0.0,1,0.624
ITM10029,Pharma,284,21.45,4,23,94.0,8.0934,170.89,113.11000000000001,11944.416000000001,53670.695000000014,1,0.591
ITM10030,Groceries,309,15.58,5,87,98.0,19.605508616521533,253.0,56.0,1650.32,39858.0,1,0.449
ITM10031,Pharma,449,45.72,3,44,142.0,4.786695611797349,156.02,292.98,16808.262600000002,57746.358,1,0.676
ITM10032,Pharma,481,10.45,7,39,114.0,40.95477513205878,305.13,175.87,13292.2546,103350.00550000001,1,0.58
ITM10033,Electronics,403,20.08,2,26,63.0,22.51937108180422,263.6,139.39999999999998,18243.278,56986.719999999994,1,0.565
ITM10034,Groceries,279,47.08,3,76,169.0,27.779929889895328,380.97,0.0,0.0,0.0,1,0.526
ITM10035,Automotive,433,21.93,4,89,91.0,2.8623,262.15999999999997,170.84000000000003,9302.238000000003,12471.320000000002,1,0.674
ITM10036,Groceries,498,28.18,8,39,270.0,44.154717265769015,411.19,86.81,5588.8278,48795.901,1,0.552
ITM10037,Automotive,377,4.94,5,54,61.0,36.7097515934118,319.11,57.889999999999986,7096.1561999999985,14790.894999999997,1,0.695
ITM10038,Electronics,94,39.72,9,88,404.0,46.63575,636.53,0.0,0.0,0.0,1,0.573
ITM10039,Apparel,374,21.72,5,98,134.0,25.27013962392175,321.58000000000004,52.41999999999996,8906.682199999992,19515.965999999986,1,0.425
ITM10040,Pharma,91,40.23,5,60,227.0,26.336855852588023,250.34,0.0,0.0,0.0,1,0.553
ITM10041,Electronics,278,13.44,4,56,59.0,5.461399999999999,270.24,7.759999999999991,1060.7919999999988,1387.8759999999984,1,0.56
ITM10042,Pharma,417,21.7,2,62,64.0,20.495419342013964,235.87,181.13,7132.8994,90574.0565,1,0.434
ITM10043,Apparel,207,39.54,5,73,202.0,3.9358150505962555,413.11,0.0,0.0,0.0,1,0.693
ITM10044,Apparel,480,48.72,2,47,106.0,8.18886221156517,206.31,273.69,29257.461000000003,36961.8345,0,0.779
ITM10045,Electronics,192,3.92,3,73,40.0,28.264297898231966,275.33000000000004,0.0,0.0,0.0,1,0.435
ITM10046,Apparel,499,40.81,7,96,305.0,19.628696689222643,436.2,62.80000000000001,4971.2480000000005,28881.720000000005,1,0.697
ITM10047,Automotive,309,15.73,9,98,150.0,8.63625,419.4,0.0,0.0,0.0,1,0.724
ITM10048,Apparel,64,27.99,7,16,238.0,42.26045340406915,278.15999999999997,0.0,0.0,0.0,1,0.403
ITM10049,Pharma,80,15.21,2,31,53.0,22.914855904521854,203.52,0.0,0.0,0.0,1,0.607
ITM10050,Pharma,102,31.06,2,90,67.0,5.304149387036531,136.66,0.0,0.0,0.0,1,0.601
ITM10051,Pharma,142,18.34,7,91,166.0,37.95171510643492,307.51,0.0,0.0,0.0,1,0.482
ITM10052,Pharma,377,17.35,5,50,102.0,15.485776974775918,214.59,162.41,4057.0018,59872.4465,1,0.61
ITM10053,Automotive,35,2.86,6,83,34.0,16.60117178273871,277.0,0.0,0.0,0.0,1,0.589
ITM10054,Groceries,85,8.2,6,19,61.0,12.088231880634984,119.47999999999999,0.0,0.0,0.0,1,0.665
ITM10055,Electronics,443,45.94,4,66,187.0,3.0268,370.63,72.37,10976.357899999999,5547.1605,1,0.634
ITM10056,Pharma,164,49.92,9,16,464.0,15.051749999999998,591.88,0.0,0.0,0.0,1,0.585
ITM10057,Apparel,394,39.25,8,59,319.0,4.699290246409558,479.24,0.0,0.0,0.0,1,0.737
ITM10058,Pharma,181,15.05,7,61,146.0,40.388981214187616,363.18,0.0,0.0,0.0,1,0.507
ITM10059,Apparel,253,20.72,7,42,175.0,29.5518515565015,288.56,0.0,0.0,0.0,1,0.632
ITM10060,Apparel,399,37.24,4,10,178.0,29.3468,294.45,104.55000000000001,14385.034500000002,58767.555000000015,1,0.66
ITM10061,Pharma,163,48.46,9,62,472.0,36.07485,504.27,0.0,0.0,0.0,1,0.553
ITM10062,Automotive,377,23.32,6,69,147.0,7.051468597037074,317.06,59.94,8539.0524,23847.129000000004,1,0.696
ITM10063,Apparel,207,41.65,3,43,152.0,26.896670580575577,282.9,0.0,0.0,0.0,1,0.273
ITM10064,Apparel,341,48.78,5,13,277.0,33.28890299803375,522.56,0.0,0.0,0.0,0,0.702
ITM10065,Pharma,469,43.8,5,26,233.0,14.014444245581059,370.39,98.61000000000001,4099.2177,29873.899500000003,1,0.561
ITM10066,Apparel,493,12.13,3,13,41.0,4.444788782383253,332.53,160.47000000000003,31177.716300000004,54471.54150000001,1,0.537
ITM10067,Apparel,32,1.39,3,52,25.0,20.485917529061275,84.82,0.0,0.0,0.0,1,0.638
ITM10068,Pharma,203,25.11,9,99,263.0,36.6177,350.45,0.0,0.0,0.0,1,0.459
ITM10069,Pharma,130,27.04,6,13,199.0,36.34528385444251,322.65,0.0,0.0,0.0,1,0.73
ITM10070,Electronics,434,10.86,4,10,47.0,3.29,106.42,327.58,11652.0206,52609.348,1,0.718
ITM10071,Automotive,309,14.95,3,80,50.0,5.271063620133986,341.97,0.0,0.0,0.0,1,0.647
ITM10072,Automotive,314,38.49,4,59,174.0,20.3322,369.88,0.0,0.0,0.0,1,0.687
ITM10073,Apparel,470,24.05,9,82,248.0,31.485300000000002,261.25,208.75,16948.4125,146292.0,1,0.421
ITM10074,Automotive,411,16.55,8,70,136.0,3.815265348570136,313.77,97.23000000000002,2550.3429000000006,36553.618500000004,1,0.66
ITM10075,Apparel,234,31.51,2,44,73.0,9.933648194142975,309.56,0.0,0.0,0.0,1,0.563
ITM10076,Electronics,481,32.99,5,17,187.0,22.253907529072283,211.88,269.12,2989.9231999999997,27504.064000000006,1,0.651
ITM10077,Pharma,139,38.7,6,33,262.0,30.26087380785624,439.6,0.0,0.0,0.0,1,0.657
ITM10078,Pharma,401,8.68,5,92,56.0,12.87416138045504,174.55,226.45,29481.5255,23143.190000000002,1,0.72
ITM10079,Pharma,74,37.33,6,45,245.0,20.54999419707947,423.63,0.0,0.0,0.0,1,0.503
ITM10080,Automotive,46,30.37,9,59,314.0,40.615050000000004,397.26,0.0,0.0,0.0,1,0.567
ITM10081,Electronics,137,3.82,2,52,30.0,22.24020532459177,233.14,0.0,0.0,0.0,1,0.577
ITM10082,Automotive,240,39.09,5,36,205.0,9.894712603835444,409.69,0.0,0.0,0.0,1,0.586
ITM10083,Automotive,250,19.77,2,41,46.0,6.74650579930085,212.46,37.53999999999999,1336.4239999999998,18223.792999999998,1,0.503
ITM10084,Electronics,72,17.19,9,87,201.0,46.53705,478.89,0.0,0.0,0.0,1,0.494
ITM10085,Electronics,314,22.96,6,27,155.0,17.165289270501674,428.75,0.0,0.0,0.0,1,0.394
ITM10086,Electronics,340,17.96,3,37,75.0,20.85631659425988,98.78999999999999,241.21,17263.399699999998,155833.7205,1,0.483
ITM10087,Electronics,420,17.58,8,38,170.0,29.40545975971129,264.07,155.93,23798.036600000003,99031.143,1,0.483
ITM10088,Pharma,252,40.6,5,25,215.0,11.807445151788766,330.64,0.0,0.0,0.0,1,0.689
ITM10089,Groceries,177,7.1,2,56,30.0,15.610018590796106,56.03,120.97,14810.357100000001,4415.405000000001,1,0.521
ITM10090,Groceries,456,48.56,7,68,369.0,29.290715902099425,530.85,0.0,0.0,0.0,1,0.546
ITM10091,Electronics,288,28.19,5,40,163.0,22.548174074911255,180.13,107.87,5587.666,51578.04050000001,1,0.653
ITM10092,Groceries,40,9.96,5,13,55.0,5.333581143331374,261.64,0.0,0.0,0.0,1,0.453
ITM10093,Groceries,422,7.43,5,46,74.0,36.59940163872218,84.78,337.22,29432.561600000005,204321.598,1,0.543
ITM10094,Electronics,72,29.98,4,26,134.0,14.147,153.26,0.0,0.0,0.0,1,0.626
ITM10095,Groceries,294,32.02,2,48,79.0,15.261061394280544,330.78999999999996,0.0,0.0,0.0,1,0.667
ITM10096,Automotive,332,3.6,2,57,28.0,20.728057473024336,111.26,220.74,10606.557,11279.814000000002,1,0.698
ITM10097,Apparel,300,12.91,5,55,81.0,16.626059839901938,114.56,185.44,13186.6384,54148.48,1,0.506
ITM10098,Apparel,233,39.98,9,99,399.0,38.73975,524.85,0.0,0.0,0.0,1,0.725
ITM10099,Electronics,50,3.43,9,57,79.0,48.01755000000001,103.78,0.0,0.0,0.0,1,0.392
ITM10100,Pharma,356,42.9,3,48,140.0,11.140464191742641,367.62,0.0,0.0,0.0,1,0.526
ITM10101,Electronics,202,33.25,5,13,182.0,16.00074342999412,335.3,0.0,0.0,0.0,1,0.777
ITM10102,Pharma,42,22.29,4,39,119.0,29.939,289.06,0.0,0.0,0.0,1,0.826
ITM10103,Apparel,51,17.98,6,39,116.0,8.139409466294222,344.37,0.0,0.0,0.0,1,0.508
ITM10104,Electronics,465,1.94,4,31,10.0,2.5333,247.49,217.51,23582.4342,127819.7515,1,0.506
ITM10105,Automotive,93,41.44,9,84,418.0,45.05655000000001,467.51,0.0,0.0,0.0,1,0.579
ITM10106,Groceries,29,7.99,3,75,48.0,23.677047936926176,139.28,0.0,0.0,0.0,1,0.494
ITM10107,Pharma,475,16.17,9,21,194.0,48.066900000000004,254.94,220.06,10917.1766,66667.177,1,0.753
ITM10108,Groceries,73,28.89,9,45,265.0,5.181750000000001,290.67,0.0,0.0,0.0,1,0.662
ITM10109,Groceries,71,13.05,9,27,127.0,9.7713,292.88,0.0,0.0,0.0,1,0.475
ITM10110,Electronics,167,25.36,5,99,132.0,5.517497734480732,214.44,0.0,0.0,0.0,1,0.337
ITM10111,Groceries,179,40.66,9,62,400.0,34.49565,454.65,0.0,0.0,0.0,1,0.535
ITM10112,Automotive,389,24.06,2,80,63.0,14.56314700124942,220.94,168.06,28400.459400000003,85878.66,1,0.614
ITM10113,Groceries,33,47.5,8,10,398.0,18.19230184501126,591.86,0.0,0.0,0.0,1,0.446
ITM10114,Electronics,197,42.53,7,67,302.0,4.569873952036315,535.91,0.0,0.0,0.0,1,0.514
ITM10115,Automotive,431,17.32,5,99,111.0,24.203423395255474,126.07,304.93,44614.308300000004,26711.868,1,0.721
ITM10116,Apparel,385,20.6,3,96,79.0,16.867403584428754,241.62,143.38,28473.8342,79023.88699999999,1,0.544
ITM10117,Groceries,72,21.74,2,99,47.0,3.6524186568628743,134.45,0.0,0.0,0.0,1,0.451
ITM10118,Electronics,427,31.68,4,15,157.0,30.037700000000005,454.56,0.0,0.0,0.0,0,0.593
ITM10119,Apparel,354,15.05,9,79,147.0,11.79465,202.51,151.49,22449.3031,93446.6065,1,0.587
ITM10120,Apparel,41,48.49,6,53,321.0,30.462344339200154,457.98,0.0,0.0,0.0,1,0.495
ITM10121,Pharma,49,30.83,6,81,221.0,35.9020486854859,512.31,0.0,0.0,0.0,1,0.791
ITM10122,Automotive,210,20.57,8,33,193.0,27.963103347446975,264.8,0.0,0.0,0.0,1,0.552
ITM10123,Groceries,279,32.61,5,95,174.0,10.48324569551339,418.0,0.0,0.0,0.0,1,0.602
ITM10124,Electronics,224,20.37,4,28,93.0,11.3176,173.48000000000002,50.51999999999998,8736.423599999996,33191.639999999985,1,0.406
ITM10125,Pharma,78,41.07,8,27,370.0,41.45611494604867,401.83,0.0,0.0,0.0,1,0.515
ITM10126,Automotive,490,28.82,7,39,216.0,14.49302881931517,238.4,251.6,3743.808,152444.43999999997,1,0.596
ITM10127,Pharma,283,3.06,7,51,54.0,33.0336602818625,339.13,0.0,0.0,0.0,1,0.509
ITM10128,Automotive,485,9.66,8,42,123.0,46.10887756625616,194.74,290.26,36085.123199999995,80518.124,1,0.495
ITM10129,Automotive,31,43.38,3,83,159.0,28.49223578450803,253.67000000000002,0.0,0.0,0.0,1,0.615
ITM10130,Groceries,138,28.58,6,21,194.0,22.443817191712288,484.4,0.0,0.0,0.0,1,0.646
ITM10131,Automotive,434,47.57,4,36,218.0,27.4715,418.64,15.360000000000014,1453.3632000000014,1794.0480000000018,1,0.76
ITM10132,Pharma,481,4.55,5,48,59.0,36.4522683658027,210.56,270.44,37350.468400000005,126349.568,1,0.573
ITM10133,Automotive,309,15.47,9,18,159.0,20.036099999999998,295.27,13.730000000000018,2440.232900000003,4810.992000000007,1,0.683
ITM10134,Groceries,357,10.48,2,30,28.0,6.74650579930085,52.08,304.92,10586.822400000001,205897.23000000004,1,0.509
ITM10135,Groceries,267,28.14,5,85,147.0,5.848547598549576,400.28999999999996,0.0,0.0,0.0,1,0.49
ITM10136,Pharma,373,19.76,5,38,106.0,6.768130554296365,336.99,36.00999999999999,5315.796199999999,24447.188999999995,1,0.527
ITM10137,Apparel,146,8.71,4,42,63.0,28.3269,99.3,46.7,7916.584000000001,4261.375,1,0.622
ITM10138,Apparel,94,32.49,6,71,219.0,24.539110717689017,331.5,0.0,0.0,0.0,1,0.481
ITM10139,Automotive,380,27.28,4,24,138.0,28.952,404.77,0.0,0.0,0.0,1,0.598
ITM10140,Electronics,223,14.46,2,11,48.0,18.61105048082993,126.57,96.43,13249.482000000002,51739.516500000005,1,0.504
ITM10141,Automotive,68,24.51,8,61,228.0,32.104062079431635,415.26,0.0,0.0,0.0,1,0.516
ITM10142,Pharma,98,37.54,4,53,171.0,20.6941,322.5,0.0,0.0,0.0,1,0.556
ITM10143,Pharma,460,11.06,3,63,36.0,2.7352546353127707,283.37,176.63,16574.9592,65759.349,0,0.626
ITM10144,Pharma,498,15.35,5,27,109.0,32.33253672405708,129.46,368.53999999999996,38199.170999999995,196394.96599999996,1,0.573
ITM10145,Pharma,260,17.96,6,12,126.0,18.011465502146123,372.68,0.0,0.0,0.0,1,0.529
ITM10146,Pharma,368,37.59,9,16,367.0,28.7217,416.36,0.0,0.0,0.0,1,0.604
ITM10147,Groceries,173,42.5,7,52,301.0,3.090105243757889,315.37,0.0,0.0,0.0,1,0.604
ITM10148,Apparel,293,19.44,2,91,61.0,21.844720501874132,243.7,49.30000000000001,6784.1730000000025,14395.600000000004,1,0.613
ITM10149,Pharma,115,15.53,7,47,148.0,39.51852903284737,233.01,0.0,0.0,0.0,1,0.437
ITM10150,Electronics,233,44.58,5,46,244.0,20.819358118107296,459.69,0.0,0.0,0.0,1,0.493
ITM10151,Electronics,313,49.97,4,67,220.0,19.674200000000003,366.24,0.0,0.0,0.0,1,0.602
ITM10152,Electronics,228,33.85,7,42,268.0,31.336278528249014,453.6,0.0,0.0,0.0,1,0.442
ITM10153,Electronics,362,49.51,3,68,157.0,8.576162971136917,367.01,0.0,0.0,0.0,1,0.598
ITM10154,Groceries,107,33.34,4,20,142.0,8.5869,420.81,0.0,0.0,0.0,1,0.682
ITM10155,Electronics,325,36.94,5,77,210.0,25.380489578611364,458.7,0.0,0.0,0.0,1,0.493
ITM10156,Pharma,283,20.04,7,91,147.0,6.484868750984865,300.58000000000004,0.0,0.0,0.0,1,0.45
ITM10157,Automotive,444,22.22,9,77,224.0,23.73735,361.02,82.98000000000002,3509.2242000000006,43614.28800000001,1,0.499
ITM10158,Electronics,409,8.06,8,97,89.0,24.10131037267476,288.86,120.13999999999999,3595.7901999999995,48236.21,1,0.701
ITM10159,Groceries,344,41.31,2,31,92.0,9.584690997627415,314.72,29.279999999999973,2804.145599999997,7694.783999999992,1,0.635
ITM10160,Groceries,447,46.62,7,75,336.0,9.836109649144829,396.07,50.93000000000001,1721.4340000000002,8551.147000000003,1,0.621
ITM10161,Electronics,396,31.55,9,53,303.0,19.1478,322.43,73.57,4160.383499999999,27390.110999999997,1,0.658
ITM10162,Automotive,339,17.84,8,15,160.0,17.261749320969763,301.85,37.14999999999998,1314.7384999999992,18576.857499999987,1,0.486
ITM10163,Electronics,176,8.55,8,51,93.0,24.38047612988721,131.84,44.16,1357.0367999999999,19342.079999999998,1,0.522
ITM10164,Groceries,175,13.99,7,34,128.0,30.074122865305654,217.09,0.0,0.0,0.0,1,0.523
ITM10165,Apparel,158,13.52,6,66,120.0,39.085283080719776,299.57,0.0,0.0,0.0,1,0.548
ITM10166,Pharma,140,31.06,7,94,226.0,8.138727895531341,279.92,0.0,0.0,0.0,1,0.522
ITM10167,Groceries,84,47.31,5,64,269.0,32.33253672405708,287.26,0.0,0.0,0.0,1,0.529
ITM10168,Electronics,126,3.37,8,25,42.0,14.888840384663947,212.83,0.0,0.0,0.0,1,0.517
ITM10169,Pharma,166,1.05,2,23,16.0,14.2374536178349,161.21,4.789999999999992,553.2928999999991,209.80199999999962,1,0.715
ITM10170,Electronics,156,30.41,5,48,173.0,20.92970807279691,271.83,0.0,0.0,0.0,1,0.634
ITM10171,Electronics,430,14.92,3,37,61.0,16.49700451923015,206.95,223.05,24626.9505,22795.710000000003,1,0.799
ITM10172,Apparel,181,44.15,4,60,201.0,24.2473,409.22,0.0,0.0,0.0,1,0.485
ITM10173,Pharma,447,17.04,7,58,137.0,17.97483754467617,178.61,268.39,36235.3339,120493.69049999998,1,0.4
ITM10174,Pharma,471,15.2,6,18,105.0,14.223819512880496,189.15,281.85,50862.651000000005,100817.74500000001,1,0.698
ITM10175,Apparel,119,14.21,2,67,48.0,20.006879266892177,288.53999999999996,0.0,0.0,0.0,1,0.565
ITM10176,Groceries,357,8.1,6,54,59.0,10.436173523614867,263.34000000000003,93.65999999999997,9158.074799999997,65978.78699999998,1,0.496
ITM10177,Electronics,418,29.49,6,31,186.0,8.904997485401104,273.21,144.79000000000002,27689.639600000006,71345.27250000002,1,0.307
ITM10178,Automotive,326,9.24,6,41,58.0,2.619116907470913,183.45999999999998,142.54000000000002,28113.164200000003,21851.382,1,0.423
ITM10179,Electronics,160,21.81,7,78,164.0,10.88065226675313,208.73,0.0,0.0,0.0,1,0.54
ITM10180,Electronics,102,23.59,2,96,60.0,12.632250513863315,143.41,0.0,0.0,0.0,1,0.696
ITM10181,Groceries,196,2.0,2,78,17.0,13.074262962783026,270.93,0.0,0.0,0.0,1,0.666
ITM10182,Electronics,217,1.82,8,51,28.0,13.58606685100585,165.72,51.28,1162.0048,12914.867999999999,1,0.805
ITM10183,Apparel,131,26.49,6,62,164.0,4.79499864598521,359.68,0.0,0.0,0.0,1,0.601
ITM10184,Apparel,75,35.11,8,68,316.0,35.221413034970645,372.33,0.0,0.0,0.0,1,0.757
ITM10185,Pharma,479,47.16,8,83,413.0,35.82627217559762,476.15999999999997,2.840000000000032,71.4544000000008,1959.1740000000218,1,0.385
ITM10186,Automotive,198,9.78,4,48,72.0,32.8342,354.87,0.0,0.0,0.0,1,0.665
ITM10187,Electronics,440,6.06,7,24,82.0,39.387961205646334,336.02,103.98000000000002,3952.2798000000007,20873.985000000004,1,0.481
ITM10188,Electronics,420,3.55,7,80,65.0,40.476026432321646,304.2,115.80000000000001,7897.560000000001,39730.98,1,0.616
ITM10189,Groceries,205,22.37,5,38,142.0,29.720921129736208,247.57999999999998,0.0,0.0,0.0,1,0.424
ITM10190,Apparel,490,31.53,9,12,315.0,31.33725,488.2,1.8000000000000114,40.37400000000025,985.5000000000063,1,0.68
ITM10191,Automotive,237,42.19,8,92,346.0,8.002751706756872,498.78,0.0,0.0,0.0,1,0.308
ITM10192,Pharma,432,34.45,7,19,269.0,27.897992411955027,556.31,0.0,0.0,0.0,1,0.51
ITM10193,Apparel,436,11.21,6,38,71.0,4.1502929456846775,150.49,285.51,17738.7363,164653.617,1,0.659
ITM10194,Pharma,335,23.63,9,88,257.0,43.97085,541.7,0.0,0.0,0.0,1,0.709
ITM10195,Groceries,494,45.61,3,44,151.0,14.47405577853008,365.99,128.01,25284.5352,29903.136,1,0.585
ITM10196,Groceries,236,17.01,6,15,131.0,28.729697769642474,260.97,0.0,0.0,0.0,1,0.701
ITM10197,Electronics,139,25.44,2,21,53.0,2.3263813101037414,140.24,0.0,0.0,0.0,1,0.5
ITM10198,Automotive,458,47.97,7,47,360.0,24.285615859392983,589.63,0.0,0.0,0.0,1,0.485
ITM10199,Pharma,413,37.0,9,86,350.0,16.581599999999998,598.65,0.0,0.0,0.0,1,0.573
ITM10200,Apparel,194,37.64,7,28,277.0,13.970757510511019,390.68,0.0,0.0,0.0,1,0.681
ITM10201,Groceries,42,13.36,5,76,82.0,15.44899365654605,141.85,0.0,0.0,0.0,1,0.413
ITM10202,Electronics,232,21.32,8,17,173.0,2.3729089363058162,325.75,0.0,0.0,0.0,1,0.61
ITM10203,Electronics,424,5.03,3,17,29.0,14.046672241762458,174.87,249.13,33490.545900000005,20914.4635,1,0.637
ITM10204,Pharma,254,30.72,7,93,237.0,22.28357584231041,457.37,0.0,0.0,0.0,1,0.742
ITM10205,Groceries,32,6.08,5,56,62.0,32.00148685998824,354.22,0.0,0.0,0.0,1,0.585
ITM10206,Automotive,120,41.96,5,13,227.0,17.508859477418852,391.07,0.0,0.0,0.0,1,0.661
ITM10207,Groceries,436,40.91,3,60,134.0,11.254433134880673,356.2,79.80000000000001,13409.592,34952.4,1,0.502
ITM10208,Pharma,43,27.15,6,94,203.0,40.09263573743935,314.67,0.0,0.0,0.0,1,0.631
ITM10209,Pharma,383,7.92,6,76,71.0,23.894405017388483,254.88,128.12,17323.1052,60792.94,0,0.64
ITM10210,Groceries,30,2.25,6,54,34.0,20.106759028122855,77.45,0.0,0.0,0.0,1,0.598
ITM10211,Pharma,292,40.04,4,17,177.0,17.1409,423.33000000000004,0.0,0.0,0.0,1,0.663
ITM10212,Groceries,471,30.41,8,96,281.0,38.106125859499286,390.85,80.14999999999998,4021.125499999999,38616.26999999999,1,0.53
ITM10213,Apparel,450,35.84,9,25,341.0,18.4569,374.21,75.79000000000002,10110.386000000004,9128.905500000003,1,0.685
ITM10214,Groceries,300,15.89,8,86,147.0,19.54160300487143,444.26,0.0,0.0,0.0,1,0.521
ITM10215,Groceries,113,25.96,6,76,187.0,30.945873614425555,458.52,0.0,0.0,0.0,1,0.47
ITM10216,Pharma,220,37.61,3,18,116.0,3.3905760583564555,183.26,36.74000000000001,2660.3434000000007,10057.575000000003,1,0.475
ITM10217,Pharma,40,23.67,4,69,123.0,28.688800000000004,238.32999999999998,0.0,0.0,0.0,1,0.405
ITM10218,Electronics,359,30.47,8,87,265.0,21.356180426752346,546.65,0.0,0.0,0.0,1,0.51
ITM10219,Electronics,486,39.7,6,86,262.0,24.25705197380753,502.94,0.0,0.0,0.0,1,0.547
ITM10220,Apparel,230,11.55,4,80,72.0,25.333000000000002,344.86,0.0,0.0,0.0,1,0.541
ITM10221,Electronics,159,4.23,9,24,53.0,14.953050000000001,226.14,0.0,0.0,0.0,1,0.577
ITM10222,Groceries,312,27.06,3,80,107.0,25.5290432629192,187.5,124.5,24718.23,75434.54999999999,0,0.714
ITM10223,Pharma,317,4.04,6,50,64.0,39.488224143407614,139.85,177.15,5257.812,37502.655,1,0.757
ITM10224,Electronics,420,38.56,9,31,373.0,25.662,535.44,0.0,0.0,0.0,1,0.495
ITM10225,Electronics,120,36.24,2,33,94.0,21.86798431497517,371.96,0.0,0.0,0.0,1,0.535
ITM10226,Apparel,323,44.2,9,53,400.0,2.51685,593.16,0.0,0.0,0.0,1,0.663
ITM10227,Apparel,378,32.34,7,10,266.0,39.17034816031126,285.97,92.02999999999997,12037.523999999998,5038.642499999998,1,0.654
ITM10228,Groceries,47,4.29,3,19,23.0,9.82982134565527,195.54,0.0,0.0,0.0,1,0.702
ITM10229,Pharma,60,13.4,9,89,138.0,17.0751,324.45,0.0,0.0,0.0,1,0.5
ITM10230,Apparel,374,40.59,9,81,378.0,13.176449999999999,556.65,0.0,0.0,0.0,1,0.631
ITM10231,Electronics,322,9.19,5,65,59.0,12.910944698684911,269.40999999999997,52.59000000000003,6982.374300000005,35511.39750000003,1,0.668
ITM10232,Pharma,165,35.23,5,98,185.0,9.306179512157499,280.12,0.0,0.0,0.0,1,0.656
ITM10233,Pharma,275,39.23,9,59,398.0,44.95784999999999,449.69,0.0,0.0,0.0,1,0.603
ITM10234,Electronics,481,17.18,9,21,199.0,44.612399999999994,426.51,54.49000000000001,10588.4968,24065.5085,1,0.717
ITM10235,Apparel,246,16.79,3,98,55.0,4.18835866032268,121.94,124.06,23876.587600000003,61583.384000000005,0,0.556
ITM10236,Electronics,255,28.33,5,90,148.0,6.841697190756108,191.11,63.889999999999986,3322.918899999999,19588.673999999995,1,0.741
ITM10237,Pharma,380,43.2,8,69,386.0,40.43250716960303,500.22,0.0,0.0,0.0,1,0.647
ITM10238,Automotive,399,11.97,3,35,48.0,12.223169151553945,299.5,99.5,7915.224999999999,71182.3,1,0.5
ITM10239,Automotive,474,47.12,2,87,99.0,4.908664564318895,132.81,341.19,23521.6386,165630.68550000002,1,0.65
ITM10240,Groceries,32,30.36,3,50,106.0,15.243346144711793,172.70999999999998,0.0,0.0,0.0,1,0.627
ITM10241,Electronics,229,49.61,6,45,316.0,17.97117139587734,463.83000000000004,0.0,0.0,0.0,1,0.674
ITM10242,Electronics,248,5.39,6,32,43.0,10.395879417346086,136.42000000000002,111.57999999999998,18195.350599999998,78602.53099999999,1,0.398
ITM10243,Groceries,416,7.2,4,52,53.0,24.1815,272.28,143.72000000000003,27017.922800000008,23606.01000000001,1,0.58
ITM10244,Groceries,119,41.51,5,15,231.0,23.909156849416505,436.72,0.0,0.0,0.0,1,0.555
ITM10245,Groceries,50,43.37,9,78,397.0,7.15575,651.33,0.0,0.0,0.0,1,0.48
ITM10246,Pharma,405,22.83,7,52,200.0,40.43250382325462,269.11,135.89,7942.7705,46623.859,1,0.446
ITM10247,Electronics,35,35.99,5,34,201.0,21.371107891555365,399.19,0.0,0.0,0.0,1,0.508
ITM10248,Pharma,156,43.51,8,27,361.0,13.39995634619755,595.67,0.0,0.0,0.0,1,0.499
ITM10249,Groceries,348,3.11,3,71,16.0,7.009090002988976,44.17,303.83,25503.490199999997,109788.9705,1,0.646
ITM10250,Electronics,185,29.12,7,22,212.0,7.7905470229952405,232.68,0.0,0.0,0.0,1,0.711
ITM10251,Pharma,478,42.82,7,52,319.0,19.715741907356673,491.18,0.0,0.0,0.0,1,0.505
ITM10252,Pharma,329,20.51,9,87,193.0,8.83365,373.48,0.0,0.0,0.0,1,0.609
ITM10253,Groceries,459,15.82,9,37,164.0,21.96075,287.90999999999997,171.09000000000003,26046.741600000005,16860.919500000004,1,0.67
ITM10254,Electronics,489,39.99,5,27,207.0,7.025613781905465,227.46,261.53999999999996,38647.765799999994,163240.19099999996,1,0.54
ITM10255,Groceries,119,17.45,7,68,151.0,29.33423851116644,277.56,0.0,0.0,0.0,1,0.5
ITM10256,Electronics,128,1.16,7,69,43.0,34.643996817341964,239.21,0.0,0.0,0.0,1,0.807
ITM10257,Automotive,362,48.02,6,72,311.0,23.048228785744033,524.55,0.0,0.0,0.0,1,0.609
ITM10258,Apparel,192,30.01,2,66,76.0,16.19161391832204,228.91,0.0,0.0,0.0,1,0.427
ITM10259,Apparel,256,41.16,9,60,417.0,46.43835,579.26,0.0,0.0,0.0,1,0.672
ITM10260,Apparel,181,41.44,3,65,143.0,18.69090667463727,348.08000000000004,0.0,0.0,0.0,1,0.592
ITM10261,Groceries,412,4.25,5,36,36.0,14.56619401902913,176.3,235.7,39057.847,130766.36,1,0.449
ITM10262,Automotive,235,9.37,9,41,108.0,23.539949999999997,194.42000000000002,40.579999999999984,3355.154399999999,5776.562999999998,0,0.745
ITM10263,Electronics,283,16.24,6,18,132.0,34.9349901350351,206.66,76.34,10207.421400000001,32879.638,1,0.539
ITM10264,Pharma,282,16.71,8,93,142.0,8.09580695916102,370.3,0.0,0.0,0.0,1,0.772
ITM10265,Electronics,311,33.28,9,77,317.0,17.71665,468.39,0.0,0.0,0.0,1,0.541
ITM10266,Pharma,293,31.53,8,55,280.0,27.82352046884075,470.98,0.0,0.0,0.0,1,0.552
ITM10267,Electronics,22,25.23,4,76,124.0,22.799699999999998,270.62,0.0,0.0,0.0,1,0.624
ITM10268,Automotive,47,11.35,7,35,113.0,33.7300220269347,360.46000000000004,0.0,0.0,0.0,1,0.663
ITM10269,Pharma,345,19.72,7,17,153.0,15.319958391588406,307.09000000000003,37.90999999999997,5776.725799999995,5811.602999999995,1,0.726
ITM10270,Groceries,447,27.64,5,15,145.0,6.9520471454457216,441.54,5.4599999999999795,845.8631999999967,976.5209999999963,1,0.704
ITM10271,Electronics,168,23.93,2,89,70.0,22.26346913769281,150.36,17.639999999999986,3185.0783999999976,4957.721999999996,1,0.58
ITM10272,Electronics,47,7.24,2,33,17.0,2.8614490114276023,67.17,0.0,0.0,0.0,1,0.624
ITM10273,Pharma,329,32.83,5,57,169.0,5.186447870411887,287.34000000000003,41.65999999999997,3104.5031999999974,23112.967999999983,1,0.578
ITM10274,Groceries,457,4.58,5,54,42.0,19.1273254795332,318.41,138.58999999999997,4566.540499999999,62725.83399999999,1,0.54
ITM10275,Groceries,84,19.53,6,22,151.0,33.363519990552554,408.17,0.0,0.0,0.0,1,0.608
ITM10276,Automotive,375,35.79,8,78,323.0,36.57071419483082,404.73,0.0,0.0,0.0,1,0.621
ITM10277,Groceries,40,1.98,5,34,45.0,34.61310245430912,228.91,0.0,0.0,0.0,1,0.55
ITM10278,Groceries,271,28.93,8,29,240.0,8.607610847383844,420.78999999999996,0.0,0.0,0.0,1,0.535
ITM10279,Groceries,254,17.39,9,91,177.0,20.08545,272.09000000000003,0.0,0.0,0.0,1,0.539
ITM10280,Apparel,246,1.43,9,91,29.0,15.6933,107.26,138.74,23836.919400000002,82543.363,1,0.505
ITM10281,Automotive,32,10.33,4,75,70.0,28.557199999999998,193.11,0.0,0.0,0.0,1,0.682
ITM10282,Electronics,332,47.11,8,83,401.0,23.915199867866463,639.7,0.0,0.0,0.0,1,0.681
ITM10283,Pharma,68,26.54,6,54,162.0,3.062352076427529,227.6,0.0,0.0,0.0,1,0.518
ITM10284,Electronics,137,49.86,9,56,484.0,35.68005000000001,623.26,0.0,0.0,0.0,1,0.667
ITM10285,Automotive,73,26.72,7,72,205.0,18.23597319907825,354.69,0.0,0.0,0.0,1,0.659
ITM10286,Pharma,157,27.65,7,85,218.0,24.155048032191946,500.35,0.0,0.0,0.0,1,0.407
ITM10287,Automotive,72,20.2,9,86,226.0,44.36565,324.02,0.0,0.0,0.0,1,0.567
ITM10288,Groceries,63,16.19,9,64,160.0,14.508899999999999,175.7,0.0,0.0,0.0,1,0.321
ITM10289,Pharma,322,13.33,9,84,134.0,13.7193,345.18,0.0,0.0,0.0,1,0.627
ITM10290,Groceries,72,17.83,8,28,157.0,13.95828786062245,386.18,0.0,0.0,0.0,1,0.667
ITM10291,Electronics,93,23.53,7,44,181.0,16.146887963861644,394.88,0.0,0.0,0.0,1,0.478
ITM10292,Electronics,65,10.41,7,62,79.0,6.615436578185903,292.21000000000004,0.0,0.0,0.0,1,0.783
ITM10293,Pharma,32,12.02,3,35,56.0,20.286471878569717,206.14,0.0,0.0,0.0,1,0.459
ITM10294,Pharma,184,14.31,9,23,141.0,12.18945,156.41,27.590000000000003,5040.693,2618.291,1,0.619
ITM10295,Automotive,121,23.01,4,54,123.0,30.597,344.68,0.0,0.0,0.0,1,0.629
ITM10296,Automotive,299,32.99,9,53,309.0,12.58425,590.5899999999999,0.0,0.0,0.0,1,0.601
ITM10297,Groceries,277,42.95,6,97,270.0,11.806173136753502,325.64,0.0,0.0,0.0,1,0.484
ITM10298,Pharma,489,15.07,6,74,104.0,13.377643281236047,133.7,355.3,61971.426,242510.015,1,0.689
ITM10299,Electronics,356,10.0,7,60,104.0,33.94763507226976,190.91,165.09,21909.093900000003,81348.0975,1,0.707
ITM10300,Automotive,375,19.56,9,52,199.0,22.5036,455.44,0.0,0.0,0.0,1,0.602
ITM10301,Automotive,417,44.82,2,95,109.0,19.26243724765898,149.78,267.22,4638.939200000001,146302.95,1,0.695
ITM10302,Electronics,157,1.48,6,32,41.0,32.07410858995149,258.4,0.0,0.0,0.0,0,0.676
ITM10303,Automotive,182,34.22,9,65,354.0,46.04355,382.25,0.0,0.0,0.0,1,0.624
ITM10304,Groceries,428,24.38,4,28,123.0,25.3001,142.51,285.49,48287.7786,110456.08100000002,1,0.733
ITM10305,Pharma,406,8.89,5,91,48.0,3.6415485047572824,316.48,89.51999999999998,13503.196799999998,31694.55599999999,1,0.602
ITM10306,Electronics,130,16.73,9,85,192.0,41.70075,425.46000000000004,0.0,0.0,0.0,1,0.56
ITM10307,Pharma,121,12.02,4,64,79.0,30.9589,262.59000000000003,0.0,0.0,0.0,1,0.472
ITM10308,Automotive,36,44.01,7,69,351.0,43.261473412610435,410.88,0.0,0.0,0.0,1,0.623
ITM10309,Automotive,287,24.61,7,68,180.0,7.355320932325116,270.87,16.129999999999995,1004.8989999999997,3591.344499999999,1,0.695
ITM10310,Electronics,201,28.59,3,42,104.0,18.035585251593584,128.1,72.9,10141.848000000002,29003.265000000003,1,0.602
ITM10311,Groceries,391,30.09,8,28,252.0,11.120102662295885,449.15999999999997,0.0,0.0,0.0,1,0.576
ITM10312,Apparel,43,32.34,6,37,206.0,12.0479377743662,414.96000000000004,0.0,0.0,0.0,1,0.623
ITM10313,Electronics,48,25.28,8,61,238.0,35.26794066117272,342.77,0.0,0.0,0.0,1,0.804
ITM10314,Apparel,190,1.88,9,58,65.0,48.313649999999996,173.14,16.860000000000014,2247.606600000002,8984.694000000007,1,0.636
ITM10315,Apparel,428,17.4,8,46,168.0,28.614490114276023,360.4,67.60000000000002,3284.008000000001,46140.38000000002,1,0.505
ITM10316,Groceries,247,10.01,6,35,95.0,34.57234317861605,379.24,0.0,0.0,0.0,1,0.49
ITM10317,Apparel,397,34.33,6,49,208.0,2.33705816358943,332.47,64.52999999999997,10924.928999999996,23082.38099999999,1,0.586
ITM10318,Apparel,207,3.78,9,89,38.0,4.19475,191.14,15.860000000000014,1947.7666000000017,6657.235000000005,1,0.475
ITM10319,Groceries,365,28.63,7,47,227.0,26.853449794346723,439.5,0.0,0.0,0.0,1,0.776
ITM10320,Apparel,249,11.32,6,86,85.0,16.923524632888977,194.26999999999998,54.73000000000002,3800.4512000000013,36357.13900000002,0,0.466
ITM10321,Apparel,340,47.49,2,96,116.0,20.821112725428485,377.97,0.0,0.0,0.0,1,0.508
ITM10322,Apparel,359,17.44,2,63,43.0,7.8399050150496095,298.39,60.610000000000014,8404.182600000002,31856.616000000005,1,0.601
ITM10323,Electronics,138,16.94,5,31,102.0,16.920326385740907,307.53999999999996,0.0,0.0,0.0,0,0.759
ITM10324,Electronics,175,46.25,6,25,300.0,22.242346660368366,465.71000000000004,0.0,0.0,0.0,1,0.554
ITM10325,Electronics,291,21.45,3,37,73.0,8.804100857412982,368.22,0.0,0.0,0.0,1,0.828
ITM10326,Groceries,194,48.18,5,44,274.0,33.58316954387272,487.69,0.0,0.0,0.0,1,0.733
ITM10327,Automotive,484,2.18,7,69,37.0,21.369601051903146,233.54,250.46,40288.9956,51194.02400000001,1,0.64
ITM10328,Apparel,123,16.01,6,54,114.0,18.253230139758823,378.28,0.0,0.0,0.0,0,0.633
ITM10329,Apparel,111,33.64,2,55,87.0,19.937087827589064,257.95,0.0,0.0,0.0,0,0.583
ITM10330,Groceries,205,44.65,3,81,144.0,9.858313581439779,224.45,0.0,0.0,0.0,1,0.561
ITM10331,Apparel,479,13.56,9,64,163.0,40.81245,212.95,266.05,3551.7675,130125.05500000002,1,0.521
ITM10332,Electronics,302,46.59,5,95,239.0,6.106030826158675,385.6,0.0,0.0,0.0,1,0.646
ITM10333,Automotive,200,30.11,3,94,97.0,6.3822608157298,256.53999999999996,0.0,0.0,0.0,1,0.81
ITM10334,Pharma,189,40.25,6,35,280.0,38.40028327415046,530.03,0.0,0.0,0.0,1,0.659
ITM10335,Apparel,206,20.46,4,94,110.0,27.965,160.45,45.55000000000001,3064.1485000000007,20117.157500000005,1,0.457
ITM10336,Electronics,194,11.4,3,34,46.0,11.938246793708865,253.56,0.0,0.0,0.0,1,0.359
ITM10337,Pharma,241,45.65,3,74,156.0,18.719398910421777,254.2,0.0,0.0,0.0,1,0.487
ITM10338,Automotive,252,46.72,7,15,368.0,41.17238817739385,650.3199999999999,0.0,0.0,0.0,1,0.533
ITM10339,Pharma,181,25.38,2,32,57.0,5.839217088360391,203.42,0.0,0.0,0.0,1,0.719
ITM10340,Electronics,440,1.32,9,73,17.0,5.2311,207.5,232.5,16298.249999999998,145963.5,1,0.538
ITM10341,Pharma,153,6.38,6,96,61.0,22.604993616787418,259.53,0.0,0.0,0.0,1,0.774
ITM10342,Groceries,410,29.08,3,52,93.0,5.271063620133986,129.39,280.61,42113.948800000006,87059.2525,1,0.448
ITM10343,Pharma,499,2.17,6,32,22.0,9.187056229282586,279.14,219.86,13816.002400000001,22469.692000000003,1,0.75
ITM10344,Apparel,243,20.45,2,39,62.0,20.867640351630563,119.63,123.37,23761.062,52685.1585,1,0.515
ITM10345,Apparel,172,15.87,7,86,114.0,2.4807887168197134,239.25,0.0,0.0,0.0,1,0.574
ITM10346,Groceries,52,36.0,6,27,249.0,33.282931778014984,454.03999999999996,0.0,0.0,0.0,1,0.695
ITM10347,Electronics,74,3.72,8,96,55.0,25.171445775322482,81.01,0.0,0.0,0.0,1,0.537
ITM10348,Apparel,461,24.95,2,88,63.0,13.516275411702738,241.32,219.68,27892.7696,63344.728,0,0.689
ITM10349,Automotive,26,29.38,2,30,75.0,16.005503413513743,203.88,0.0,0.0,0.0,1,0.71
ITM10350,Apparel,263,31.25,9,66,304.0,22.700999999999997,332.52,0.0,0.0,0.0,1,0.628
ITM10351,Apparel,332,20.85,5,32,110.0,5.885330916779447,330.65,1.3500000000000227,209.2230000000035,832.747500000014,1,0.499
ITM10352,Electronics,145,15.91,7,54,118.0,6.441346141917853,273.39,0.0,0.0,0.0,1,0.634
ITM10353,Pharma,31,34.44,7,53,274.0,33.3818411543986,372.0,0.0,0.0,0.0,1,0.726
ITM10354,Apparel,35,42.53,9,91,396.0,12.831,430.46,0.0,0.0,0.0,1,0.648
ITM10355,Groceries,227,34.99,8,97,284.0,3.582627217559762,452.77,0.0,0.0,0.0,1,0.791
ITM10356,Pharma,62,46.67,6,56,320.0,39.528518249676395,418.73,0.0,0.0,0.0,1,0.495
ITM10357,Automotive,392,36.15,4,49,177.0,32.2749,461.54,0.0,0.0,0.0,1,0.709
ITM10358,Electronics,480,38.47,8,60,327.0,19.029799116648604,508.53999999999996,0.0,0.0,0.0,1,0.7
ITM10359,Automotive,154,9.23,5,51,49.0,2.7219655490104944,141.67000000000002,12.329999999999984,1928.6585999999973,1845.1844999999973,1,0.65
ITM10360,Pharma,247,21.56,7,16,183.0,32.25025331865628,346.3,0.0,0.0,0.0,1,0.607
ITM10361,Pharma,130,24.77,2,59,69.0,19.51833919177039,235.45,0.0,0.0,0.0,1,0.614
ITM10362,Pharma,326,13.56,7,57,102.0,7.355320932325116,322.76,3.240000000000009,140.1300000000004,2164.1580000000063,1,0.468
ITM10363,Automotive,476,26.9,8,93,224.0,8.328445090171394,495.64,0.0,0.0,0.0,1,0.671
ITM10364,Pharma,179,15.25,4,15,88.0,27.339900000000004,377.15,0.0,0.0,0.0,0,0.756
ITM10365,Automotive,350,34.69,3,18,130.0,26.383810336454435,348.19,1.8100000000000023,70.86150000000009,1169.3505000000014,1,0.455
ITM10366,Pharma,283,24.04,3,66,95.0,22.82228086339093,263.31,19.689999999999998,1747.2905999999996,3234.0825,1,0.8
ITM10367,Groceries,244,23.48,9,40,223.0,11.893350000000002,298.23,0.0,0.0,0.0,1,0.671
ITM10368,Pharma,490,49.2,7,30,364.0,19.19347059855252,490.88,0.0,0.0,0.0,1,0.386
ITM10369,Automotive,236,20.23,7,99,169.0,27.027540230614775,320.75,0.0,0.0,0.0,1,0.69
ITM10370,Apparel,475,18.75,5,49,101.0,7.430230282434052,148.23,326.77,60508.00089999999,224229.574,1,0.463
ITM10371,Pharma,64,16.61,7,54,127.0,10.88065226675313,211.36,0.0,0.0,0.0,1,0.656
ITM10372,Apparel,233,44.84,4,86,190.0,10.4951,485.49,0.0,0.0,0.0,1,0.45
ITM10373,Groceries,78,25.34,7,58,201.0,23.241073241784683,430.44,0.0,0.0,0.0,1,0.349
ITM10374,Electronics,151,30.4,6,96,204.0,21.55734685379905,353.78,0.0,0.0,0.0,1,0.643
ITM10375,Groceries,123,9.86,8,29,117.0,38.33876399050966,192.55,0.0,0.0,0.0,1,0.685
ITM10376,Pharma,214,27.51,9,26,285.0,37.752750000000006,461.3,0.0,0.0,0.0,1,0.682
ITM10377,Apparel,432,14.46,4,37,88.0,30.202199999999998,165.24,266.76,13692.790799999999,138261.70799999998,1,0.685
ITM10378,Apparel,176,36.8,5,50,215.0,30.934770631321967,281.0,0.0,0.0,0.0,1,0.719
ITM10379,Automotive,117,41.79,6,75,262.0,11.725584924215934,299.19,0.0,0.0,0.0,1,0.677
ITM10380,Apparel,245,36.03,6,34,231.0,14.707348788105895,341.3,0.0,0.0,0.0,1,0.52
ITM10381,Automotive,431,36.78,8,67,319.0,24.427003756089288,486.1,0.0,0.0,0.0,1,0.43
ITM10382,Electronics,224,26.11,3,50,80.0,1.8235030902085139,136.21,87.78999999999999,11615.4949,54153.26149999999,1,0.619
ITM10383,Pharma,98,35.89,4,15,173.0,29.9061,241.13,0.0,0.0,0.0,1,0.422
ITM10384,Automotive,143,21.71,8,84,178.0,4.280541610590885,301.43,0.0,0.0,0.0,1,0.534
ITM10385,Electronics,490,32.92,6,47,212.0,14.344701831686846,363.96000000000004,126.03999999999996,4983.621599999999,82348.23399999998,1,0.442
ITM10386,Apparel,447,13.69,5,15,90.0,21.738941073854082,321.06,125.94,4493.5392,67573.107,1,0.621
ITM10387,Apparel,237,4.42,8,54,61.0,25.21797340152456,235.32,1.6800000000000068,184.64880000000073,1036.308000000004,1,0.61
ITM10388,Electronics,23,21.26,3,84,83.0,19.146782447189395,272.13,0.0,0.0,0.0,1,0.598
ITM10389,Apparel,109,23.63,6,23,164.0,22.202052554099584,375.9,0.0,0.0,0.0,1,0.77
ITM10390,Electronics,123,13.56,8,75,121.0,12.469403822156057,261.78999999999996,0.0,0.0,0.0,1,0.567
ITM10391,Automotive,412,36.66,4,49,155.0,7.9289000000000005,264.51,147.49,19626.4943,87749.1755,1,0.467
ITM10392,Automotive,138,4.6,3,12,40.0,25.98491903547132,282.12,0.0,0.0,0.0,1,0.793
ITM10393,Electronics,152,11.91,4,33,58.0,9.902899999999999,308.21000000000004,0.0,0.0,0.0,0,0.812
ITM10394,Automotive,331,37.68,4,28,161.0,10.4293,215.65,115.35,8387.098499999998,72837.75749999999,1,0.399
ITM10395,Automotive,115,22.42,4,27,104.0,14.5418,390.48,0.0,0.0,0.0,1,0.632
ITM10396,Automotive,487,35.56,8,73,293.0,8.46802796877762,572.6800000000001,0.0,0.0,0.0,0,0.652
ITM10397,Groceries,453,28.81,3,97,102.0,15.157869437358272,364.55,88.44999999999999,6578.0265,63277.12999999999,0,0.564
ITM10398,Pharma,350,47.58,8,44,412.0,31.731841069815037,544.5699999999999,0.0,0.0,0.0,1,0.631
ITM10399,Apparel,162,30.29,8,71,279.0,37.082518083053635,533.23,0.0,0.0,0.0,1,0.537
ITM10400,Groceries,307,1.73,8,10,48.0,33.77905662270633,240.14,66.86000000000001,8310.698000000002,8297.326000000003,1,0.766
ITM10401,Automotive,47,18.29,6,34,117.0,7.655880191068822,186.56,0.0,0.0,0.0,1,0.488
ITM10402,Electronics,297,8.01,7,54,77.0,21.02142017936705,311.72,0.0,0.0,0.0,1,0.594
ITM10403,Automotive,252,46.31,2,58,95.0,2.023951739790255,222.76999999999998,29.230000000000018,3758.101100000002,18457.283500000012,1,0.51
ITM10404,Pharma,36,6.1,6,98,39.0,2.69970512000848,133.73000000000002,0.0,0.0,0.0,1,0.537
ITM10405,Automotive,78,20.0,3,25,73.0,13.334366347149757,337.7,0.0,0.0,0.0,1,0.522
ITM10406,Electronics,109,12.08,2,28,31.0,6.74650579930085,291.06,0.0,0.0,0.0,1,0.616
ITM10407,Pharma,218,42.49,2,32,101.0,16.261405357625154,361.67,0.0,0.0,0.0,1,0.627
ITM10408,Automotive,381,16.12,2,92,49.0,17.168694068565614,308.26,72.74000000000001,10734.241800000002,43807.66500000001,1,0.431
ITM10409,Pharma,460,49.6,7,34,386.0,39.21387076937828,556.73,0.0,0.0,0.0,1,0.582
ITM10410,Apparel,45,2.89,8,25,59.0,35.96585505420385,247.91,0.0,0.0,0.0,1,0.669
ITM10411,Apparel,44,7.29,9,63,70.0,4.7376,355.17,0.0,0.0,0.0,1,0.608
ITM10412,Automotive,413,12.01,5,82,75.0,14.823677246638233,122.50999999999999,290.49,34106.4309,117692.02350000001,1,0.7
ITM10413,Pharma,320,40.74,3,10,131.0,8.804100857412982,374.82,0.0,0.0,0.0,1,0.683
ITM10414,Electronics,358,44.05,9,51,417.0,20.57895,579.62,0.0,0.0,0.0,1,0.74
ITM10415,Automotive,286,4.5,7,28,40.0,8.791567031536529,333.74,0.0,0.0,0.0,1,0.489
ITM10416,Apparel,480,2.59,7,43,24.0,6.22373309658279,219.37,260.63,19734.903599999998,113204.6405,1,0.441
ITM10417,Apparel,200,37.48,5,89,207.0,20.046908435279992,264.14,0.0,0.0,0.0,1,0.64
ITM10418,Automotive,475,7.53,2,64,32.0,17.07563881616146,278.49,196.51,12832.103,30124.983,1,0.539
ITM10419,Pharma,379,7.52,8,27,94.0,33.360307986887655,299.07,79.93,9794.622200000002,16337.692000000005,1,0.646
ITM10420,Apparel,87,2.1,5,43,28.0,17.582426113878597,81.19,5.810000000000002,906.2438000000003,3265.8010000000013,1,0.58
ITM10421,Pharma,370,3.44,9,98,58.0,26.9451,70.61,299.39,58749.299699999996,45896.487,1,0.593
ITM10422,Apparel,431,13.92,9,54,152.0,26.698349999999998,319.65999999999997,111.34000000000003,20386.354000000007,36168.79900000001,1,0.57
ITM10423,Apparel,478,4.19,5,15,47.0,26.00580598851918,127.03,350.97,37086.9999,74300.349,1,0.565
ITM10424,Groceries,340,19.08,7,30,138.0,4.1781704704332014,399.5,0.0,0.0,0.0,1,0.641
ITM10425,Apparel,68,41.81,3,79,146.0,20.628378707983813,228.76999999999998,0.0,0.0,0.0,1,0.578
ITM10426,Electronics,194,16.99,4,57,88.0,19.8387,290.23,0.0,0.0,0.0,1,0.546
ITM10427,Automotive,71,36.66,8,48,304.0,11.073575036093809,414.09000000000003,0.0,0.0,0.0,1,0.644
ITM10428,Automotive,121,5.6,9,40,55.0,4.78695,166.59,0.0,0.0,0.0,1,0.679
ITM10429,Pharma,235,33.31,9,19,307.0,7.550550000000001,369.73,0.0,0.0,0.0,1,0.534
ITM10430,Apparel,457,16.52,5,39,103.0,20.15725838996961,258.78999999999996,198.21000000000004,17543.567100000004,130947.43650000003,1,0.495
ITM10431,Electronics,207,37.74,8,27,338.0,35.82627217559762,515.99,0.0,0.0,0.0,1,0.602
ITM10432,Pharma,76,7.68,5,69,52.0,13.53626110859273,230.49,0.0,0.0,0.0,1,0.59
ITM10433,Groceries,66,45.0,2,97,100.0,9.53816337142534,358.42,0.0,0.0,0.0,1,0.64
ITM10434,Pharma,178,12.89,8,82,147.0,43.596385751344116,346.18,0.0,0.0,0.0,1,0.517
ITM10435,Pharma,193,18.3,2,24,42.0,5.86248090146143,266.66999999999996,0.0,0.0,0.0,1,0.686
ITM10436,Apparel,261,47.56,9,13,435.0,7.353149999999999,538.8,0.0,0.0,0.0,1,0.409
ITM10437,Groceries,301,29.35,7,72,222.0,16.364501009196708,354.0,0.0,0.0,0.0,1,0.396
ITM10438,Pharma,260,18.92,2,49,55.0,17.657234143687397,70.3,189.7,31349.821999999996,38774.68,1,0.823
ITM10439,Electronics,389,47.53,8,18,410.0,30.010318900338266,442.94,0.0,0.0,0.0,1,0.536
ITM10440,Electronics,24,17.12,6,18,121.0,17.93087728960856,242.68,0.0,0.0,0.0,1,0.727
ITM10441,Automotive,103,5.65,8,35,90.0,44.99221453740636,160.82,0.0,0.0,0.0,1,0.575
ITM10442,Groceries,327,49.85,5,13,277.0,27.513922035943914,522.76,0.0,0.0,0.0,0,0.706
ITM10443,Groceries,380,14.12,2,90,31.0,2.5357556280130784,237.18,142.82,16418.587199999998,66204.211,1,0.672
ITM10444,Automotive,478,42.71,3,25,150.0,21.568622488872577,441.39,36.610000000000014,4400.522000000002,3607.9155000000014,1,0.756
ITM10445,Pharma,267,9.11,6,24,58.0,2.9414697576211792,325.24,0.0,0.0,0.0,1,0.714
ITM10446,Groceries,73,36.84,7,61,287.0,29.07310285676436,580.52,0.0,0.0,0.0,1,0.608
ITM10447,Electronics,180,26.7,4,78,115.0,8.225,230.93,0.0,0.0,0.0,1,0.712
ITM10448,Electronics,453,49.06,5,14,271.0,26.18972257966854,421.47,31.529999999999973,345.2534999999997,6444.731999999995,1,0.725
ITM10449,Apparel,441,28.09,5,29,153.0,12.653461471075811,271.06,169.94,19655.2604,8683.934000000001,1,0.77
ITM10450,Groceries,430,2.23,3,88,32.0,25.044675254582554,321.65,108.35000000000002,8573.7355,28474.380000000005,1,0.6
ITM10451,Pharma,245,30.59,4,27,135.0,12.173,261.79,0.0,0.0,0.0,0,0.699
ITM10452,Automotive,34,8.12,9,11,105.0,31.53465,148.86,0.0,0.0,0.0,1,0.532
ITM10453,Automotive,243,40.13,4,22,171.0,10.5938,253.65,0.0,0.0,0.0,1,0.53
ITM10454,Pharma,80,42.97,7,13,341.0,40.08432295071853,474.2,0.0,0.0,0.0,1,0.659
ITM10455,Apparel,141,24.62,7,51,207.0,34.46990638107391,391.87,0.0,0.0,0.0,1,0.609
ITM10456,Automotive,296,39.38,6,83,248.0,11.3226438615281,437.25,0.0,0.0,0.0,1,0.598
ITM10457,Groceries,65,8.11,9,70,120.0,46.93185,350.05,0.0,0.0,0.0,1,0.812
ITM10458,Apparel,472,25.11,5,17,140.0,14.30871079142003,337.88,134.12,11217.7968,52380.566000000006,1,0.516
ITM10459,Groceries,409,20.3,2,76,56.0,15.563490964594031,208.54,200.46,16096.938,106093.45500000002,1,0.636
ITM10460,Electronics,313,30.95,7,72,250.0,32.90309245466146,268.75,44.25,480.99749999999995,27941.6625,1,0.547
ITM10461,Apparel,81,3.18,3,18,12.0,2.051440976484578,223.56,0.0,0.0,0.0,1,0.489
ITM10462,Automotive,105,37.85,3,20,141.0,27.381038588912215,175.78,0.0,0.0,0.0,1,0.474
ITM10463,Apparel,465,4.88,3,51,25.0,10.741572890759526,170.96,294.03999999999996,50004.44239999999,150254.43999999997,1,0.542
ITM10464,Apparel,229,33.17,8,22,276.0,10.70135402647721,545.95,0.0,0.0,0.0,1,0.512
ITM10465,Apparel,97,1.9,9,45,59.0,42.3423,242.09,0.0,0.0,0.0,1,0.47
ITM10466,Apparel,221,41.76,9,22,411.0,35.4333,478.7,0.0,0.0,0.0,1,0.596
ITM10467,Groceries,321,9.56,7,21,73.0,5.744984396845653,317.31,3.6899999999999977,212.47019999999986,148.15349999999992,1,0.568
ITM10468,Electronics,416,26.26,7,46,191.0,7.007140059789015,288.12,127.88,14217.698400000001,77482.49199999998,1,0.515
ITM10469,Pharma,242,13.81,3,83,62.0,20.770839886906355,239.41,2.5900000000000034,36.77800000000005,699.5590000000009,1,0.761
ITM10470,Apparel,241,36.41,9,82,334.0,5.97135,528.4,0.0,0.0,0.0,1,0.528
ITM10471,Automotive,22,16.75,9,61,196.0,45.451350000000005,418.03,0.0,0.0,0.0,1,0.578
ITM10472,Apparel,497,36.51,7,80,288.0,32.81604723652744,316.84,180.16000000000003,32086.496000000003,44715.71200000001,1,0.557
ITM10473,Automotive,25,14.96,8,11,137.0,17.168694068565614,394.74,0.0,0.0,0.0,1,0.536
ITM10474,Groceries,112,37.87,2,65,85.0,9.18920617490978,128.02,0.0,0.0,0.0,1,0.602
ITM10475,Automotive,27,2.5,2,69,17.0,12.353084756650867,54.41,0.0,0.0,0.0,1,0.587
ITM10476,Pharma,447,14.88,6,32,105.0,15.835583763631828,247.5,199.5,4534.635,131071.50000000001,1,0.5
ITM10477,Electronics,254,25.43,9,49,268.0,39.1839,385.93,0.0,0.0,0.0,1,0.739
ITM10478,Automotive,127,3.21,5,73,52.0,35.90051859235462,77.84,49.16,9494.270799999998,14713.587999999998,1,0.573
ITM10479,Automotive,180,10.12,2,94,34.0,14.074606926127636,92.14,87.86,5151.2318000000005,47782.66099999999,1,0.724
ITM10480,Electronics,228,46.79,6,32,300.0,19.099406371403276,437.37,0.0,0.0,0.0,1,0.601
ITM10481,Pharma,259,48.86,4,38,204.0,8.6198,454.43,0.0,0.0,0.0,1,0.548
ITM10482,Apparel,350,37.25,5,87,211.0,24.681606532243805,256.18,93.82,18392.4728,54790.88,1,0.549
ITM10483,Automotive,352,13.36,9,99,155.0,34.59435,195.31,156.69,22108.959,97226.14499999999,1,0.618
ITM10484,Electronics,69,13.77,2,60,44.0,16.30793298382723,287.4,0.0,0.0,0.0,1,0.506
ITM10485,Groceries,30,32.64,8,78,265.0,3.536099591357687,417.77,0.0,0.0,0.0,1,0.627
ITM10486,Electronics,370,6.76,4,98,57.0,29.7416,171.47,198.53,28415.5989,54347.5875,1,0.516
ITM10487,Groceries,175,47.47,6,40,300.0,14.949113425718595,443.78999999999996,0.0,0.0,0.0,1,0.694
ITM10488,Pharma,89,12.02,2,59,42.0,17.610706517485323,171.15,0.0,0.0,0.0,1,0.537
ITM10489,Apparel,188,49.98,9,29,488.0,38.0982,724.75,0.0,0.0,0.0,1,0.745
ITM10490,Electronics,291,25.29,2,64,66.0,15.540227151492994,78.7,212.3,19126.107,123208.30500000001,1,0.579
ITM10491,Automotive,87,38.8,7,90,290.0,18.49710885348032,425.62,0.0,0.0,0.0,1,0.48
ITM10492,Pharma,374,1.11,4,11,25.0,20.6612,81.07,292.93,47442.942800000004,100504.283,1,0.717
ITM10493,Electronics,271,44.55,2,34,91.0,2.0472155528912923,190.4,80.6,3406.962,12061.789999999997,1,0.685
ITM10494,Automotive,67,14.23,3,22,65.0,22.052990497209215,107.53,0.0,0.0,0.0,1,0.576
ITM10495,Electronics,203,33.73,8,79,277.0,6.74650579930085,410.83000000000004,0.0,0.0,0.0,1,0.822
ITM10496,Groceries,339,40.51,7,76,302.0,18.584154071614343,498.56,0.0,0.0,0.0,1,0.769
ITM10497,Electronics,206,9.04,7,67,70.0,6.441346141917853,271.86,0.0,0.0,0.0,1,0.618
ITM10498,Electronics,109,22.68,2,91,65.0,19.657922070376614,306.06,0.0,0.0,0.0,1,0.714
ITM10499,Electronics,465,25.2,8,84,228.0,26.66032981378888,474.35,0.0,0.0,0.0,1,0.515
ITM10500,Pharma,351,16.29,7,93,145.0,30.726962001310838,328.34000000000003,22.659999999999968,3427.0983999999953,14474.074999999979,1,0.442
ITM10501,Electronics,158,24.61,5,73,149.0,25.67475612445034,261.40999999999997,0.0,0.0,0.0,0,0.7
ITM10502,Automotive,376,16.56,4,78,94.0,27.965,118.88,257.12,17949.5472,19708.248,1,0.731
ITM10503,Groceries,108,18.68,5,92,100.0,6.473864008457391,120.4,0.0,0.0,0.0,1,0.539
ITM10504,Groceries,293,33.8,6,95,230.0,27.279109943966276,272.85,20.149999999999977,3755.355499999996,1985.7824999999978,1,0.633
ITM10505,Electronics,38,32.0,5,68,182.0,21.922857665003438,477.31,0.0,0.0,0.0,1,0.478
ITM10506,Pharma,490,12.38,8,69,103.0,3.6756824699639115,340.93,149.07,23904.8652,30469.908000000003,1,0.603
ITM10507,Pharma,330,44.98,3,92,142.0,6.866628824066436,269.40999999999997,60.59000000000003,8595.903300000005,41355.70450000002,0,0.758
ITM10508,Automotive,377,43.28,7,71,316.0,13.230873156371805,461.2,0.0,0.0,0.0,1,0.404
ITM10509,Electronics,393,25.95,8,25,213.0,5.536787518046904,436.84000000000003,0.0,0.0,0.0,1,0.605
ITM10510,Groceries,485,22.23,7,97,172.0,16.843249708933843,331.18,153.82,24675.804399999997,41546.782,1,0.526
ITM10511,Pharma,173,19.47,9,77,179.0,3.7506,293.52,0.0,0.0,0.0,1,0.557
ITM10512,Electronics,409,35.66,3,24,123.0,16.411527811876624,234.37,174.63,12016.2903,24858.5805,1,0.748
ITM10513,Pharma,279,33.91,7,98,248.0,10.92417487582014,318.8,0.0,0.0,0.0,1,0.708
ITM10514,Pharma,127,10.61,5,64,65.0,11.881011788248507,331.83,0.0,0.0,0.0,1,0.585
ITM10515,Groceries,390,33.9,9,44,350.0,45.15525,480.1,0.0,0.0,0.0,1,0.678
ITM10516,Apparel,304,13.37,9,64,146.0,26.056800000000003,374.19,0.0,0.0,0.0,1,0.658
ITM10517,Automotive,78,1.91,6,23,24.0,12.329996518247684,200.39,0.0,0.0,0.0,1,0.265
ITM10518,Automotive,144,35.26,9,58,348.0,30.547650000000004,576.69,0.0,0.0,0.0,1,0.643
ITM10519,Groceries,373,32.59,9,92,305.0,11.9427,408.06,0.0,0.0,0.0,1,0.487
ITM10520,Pharma,292,21.13,2,16,45.0,2.8149213852255275,273.08000000000004,18.91999999999996,607.1427999999987,1933.6239999999962,1,0.706
ITM10521,Electronics,126,26.76,3,39,82.0,1.994456504915562,321.09000000000003,0.0,0.0,0.0,1,0.559
ITM10522,Pharma,318,47.41,5,92,272.0,35.09128559129745,312.24,5.759999999999991,216.51839999999967,1177.3439999999982,1,0.663
ITM10523,Groceries,264,30.16,8,58,276.0,34.33738813713123,312.52,0.0,0.0,0.0,1,0.541
ITM10524,Automotive,355,33.24,5,98,196.0,29.794487766195946,491.79,0.0,0.0,0.0,1,0.567
ITM10525,Pharma,469,4.13,5,25,57.0,36.12121850173386,101.21000000000001,367.78999999999996,59262.00269999999,197337.7245,1,0.488
ITM10526,Automotive,437,9.13,2,60,40.0,21.751665249469983,248.6,188.4,20548.788,39196.619999999995,1,0.47
ITM10527,Electronics,266,15.75,4,81,88.0,24.675,314.87,0.0,0.0,0.0,1,0.46
ITM10528,Automotive,27,27.43,7,91,223.0,30.857529828511876,251.42000000000002,0.0,0.0,0.0,1,0.706
ITM10529,Automotive,160,39.05,7,89,289.0,16.103365354794633,515.49,0.0,0.0,0.0,1,0.599
ITM10530,Apparel,381,16.74,8,92,141.0,6.93261630410915,272.65999999999997,108.34000000000003,4319.515800000001,56152.62200000002,1,0.391
ITM10531,Apparel,27,18.46,9,51,196.0,29.36325,285.65999999999997,0.0,0.0,0.0,1,0.752
ITM10532,Apparel,497,13.55,6,26,105.0,24.055581442463616,307.95,189.05,17664.832000000002,70383.315,1,0.649
ITM10533,Automotive,371,13.48,8,72,152.0,44.43388302298147,403.61,0.0,0.0,0.0,1,0.776
ITM10534,Groceries,113,47.49,4,54,205.0,15.463000000000001,381.11,0.0,0.0,0.0,1,0.581
ITM10535,Automotive,340,32.14,7,86,256.0,30.726962001310838,518.48,0.0,0.0,0.0,0,0.845
ITM10536,Groceries,446,8.64,6,16,76.0,24.01528733619483,92.48,353.52,47735.8056,47742.876000000004,1,0.788
ITM10537,Groceries,58,36.39,8,36,301.0,10.143022512052314,525.2,0.0,0.0,0.0,1,0.324
ITM10538,Apparel,100,36.38,6,19,243.0,24.65999303649537,302.13,0.0,0.0,0.0,1,0.687
ITM10539,Pharma,206,33.66,5,43,189.0,20.70900816341768,281.96,0.0,0.0,0.0,0,0.707
ITM10540,Electronics,103,7.6,3,45,38.0,14.78747037215967,213.95,0.0,0.0,0.0,1,0.492
ITM10541,Apparel,107,20.99,5,34,125.0,19.789425207670888,214.59,0.0,0.0,0.0,1,0.416
ITM10542,Apparel,261,6.23,2,15,17.0,4.792345498813708,75.75999999999999,185.24,2230.2896,26368.914,0,0.78
ITM10543,Pharma,361,41.01,9,33,393.0,24.181500000000003,659.79,0.0,0.0,0.0,1,0.487
ITM10544,Electronics,112,33.1,7,27,259.0,27.201630666882824,531.95,0.0,0.0,0.0,1,0.485
ITM10545,Automotive,105,25.85,6,96,176.0,20.751464728423386,196.55,0.0,0.0,0.0,1,0.49
ITM10546,Automotive,63,17.81,8,15,166.0,23.915199867866463,321.03999999999996,0.0,0.0,0.0,1,0.603
ITM10547,Apparel,156,10.03,9,38,96.0,6.119400000000001,165.07,0.0,0.0,0.0,1,0.694
ITM10548,Electronics,440,6.22,3,34,25.0,6.5817064662213545,285.39,154.61,9114.259500000002,55303.99700000001,0,0.773
ITM10549,Apparel,93,48.49,8,64,404.0,16.517307301736565,548.13,0.0,0.0,0.0,1,0.661
ITM10550,Groceries,55,10.78,7,90,95.0,19.49812886202161,243.75,0.0,0.0,0.0,1,0.643
ITM10551,Apparel,120,3.93,6,55,48.0,24.740581249032928,239.97,0.0,0.0,0.0,1,0.654
ITM10552,Apparel,495,48.12,6,33,324.0,35.055872453841445,350.13,144.87,24358.4418,31197.7545,1,0.783
ITM10553,Automotive,175,27.9,5,84,147.0,7.39344696420418,193.92000000000002,0.0,0.0,0.0,1,0.667
ITM10554,Automotive,445,40.04,3,35,122.0,1.8235030902085139,276.53,168.47000000000003,11498.077500000001,47348.49350000001,1,0.602
ITM10555,Automotive,274,3.14,3,37,23.0,13.590796469210328,313.35,0.0,0.0,0.0,1,0.767
ITM10556,Groceries,190,28.78,7,12,221.0,20.020400170825756,475.65,0.0,0.0,0.0,1,0.412
ITM10557,Automotive,488,20.51,6,84,146.0,23.128816998281604,413.91,74.08999999999997,5033.6745999999985,38130.418499999985,1,0.605
ITM10558,Electronics,235,38.83,9,47,391.0,41.5527,440.77,0.0,0.0,0.0,1,0.924
ITM10559,Pharma,189,2.88,3,70,32.0,23.135695457020518,320.0,0.0,0.0,0.0,1,0.616
ITM10560,Electronics,271,20.68,3,87,66.0,4.131374188753664,287.7,0.0,0.0,0.0,1,0.477
ITM10561,Electronics,379,40.15,8,60,365.0,43.596385751344116,469.45,0.0,0.0,0.0,1,0.793
ITM10562,Automotive,341,26.61,7,99,193.0,6.74600440538694,453.7,0.0,0.0,0.0,1,0.565
ITM10563,Pharma,74,27.95,5,57,164.0,24.01950680410612,390.72,0.0,0.0,0.0,1,0.581
ITM10564,Pharma,475,5.76,8,30,78.0,32.05753445322956,301.59000000000003,173.40999999999997,15102.276899999997,32280.27149999999,1,0.792
ITM10565,Pharma,451,7.48,8,63,92.0,32.38322783664408,315.03999999999996,135.96000000000004,7700.774400000002,76919.37000000002,1,0.587
ITM10566,Groceries,110,34.17,4,65,147.0,9.9358,389.25,0.0,0.0,0.0,1,0.668
ITM10567,Automotive,297,34.08,2,68,77.0,8.46802796877762,362.07,0.0,0.0,0.0,1,0.719
ITM10568,Pharma,120,48.98,4,81,215.0,18.7859,264.69,0.0,0.0,0.0,1,0.589
ITM10569,Groceries,174,35.89,3,60,115.0,6.838136588281927,414.86,0.0,0.0,0.0,1,0.601
ITM10570,Apparel,396,25.17,6,29,154.0,2.7802933325460457,416.98,0.0,0.0,0.0,1,0.595
ITM10571,Apparel,368,43.01,2,95,100.0,13.58606685100585,238.07,129.93,16974.0552,35568.3375,1,0.578
ITM10572,Groceries,470,6.12,2,68,24.0,11.44579604571041,79.66,390.34000000000003,50853.495200000005,54140.158,1,0.669
ITM10573,Groceries,383,23.02,6,80,165.0,27.15822762515993,306.6,76.39999999999998,4801.739999999999,34299.779999999984,1,0.669
ITM10574,Automotive,160,15.07,2,18,35.0,4.396860676096071,270.8,0.0,0.0,0.0,1,0.742
ITM10575,Automotive,192,6.13,6,10,71.0,34.209696222197,255.71,0.0,0.0,0.0,1,0.534
ITM10576,Apparel,29,38.41,2,38,81.0,4.396860676096071,172.07,0.0,0.0,0.0,1,0.588
ITM10577,Pharma,247,26.03,8,72,250.0,41.735280703261125,377.97,0.0,0.0,0.0,1,0.832
ITM10578,Apparel,284,28.28,9,81,278.0,23.539949999999997,564.75,0.0,0.0,0.0,1,0.79
ITM10579,Pharma,457,21.15,7,65,173.0,24.89493238633116,416.11,40.889999999999986,6521.137199999997,22536.523499999992,1,0.529
ITM10580,Pharma,267,23.56,7,77,204.0,39.257393378445286,249.98,17.02000000000001,962.9916000000005,6647.161000000005,1,0.815
ITM10581,Automotive,266,6.68,4,44,38.0,11.0215,206.16,59.84,8352.467200000001,6989.312000000001,1,0.64
ITM10582,Electronics,174,33.97,8,12,282.0,10.375660643062687,561.99,0.0,0.0,0.0,1,0.807
ITM10583,Electronics,53,22.19,2,16,55.0,11.003783596790699,74.95,0.0,0.0,0.0,1,0.616
ITM10584,Groceries,148,41.02,5,36,215.0,10.372895740823774,237.34,0.0,0.0,0.0,1,0.535
ITM10585,Automotive,179,10.62,6,10,86.0,22.202052554099584,303.85,0.0,0.0,0.0,1,0.599
ITM10586,Pharma,108,11.05,8,89,103.0,14.470091748845272,279.90999999999997,0.0,0.0,0.0,1,0.647
ITM10587,Electronics,112,32.64,2,80,86.0,20.262781211003592,109.34,2.6599999999999966,82.22059999999989,864.1009999999989,1,0.581
ITM10588,Pharma,346,42.45,7,53,324.0,27.288675885016847,622.8399999999999,0.0,0.0,0.0,1,0.668
ITM10589,Electronics,260,24.14,7,96,171.0,2.176130453350626,349.23,0.0,0.0,0.0,1,0.582
ITM10590,Electronics,342,36.62,6,50,253.0,32.83969660905837,405.65999999999997,0.0,0.0,0.0,0,0.645
ITM10591,Electronics,487,49.97,5,84,263.0,13.389127835673241,402.83000000000004,84.16999999999996,1520.9518999999993,27035.403999999988,1,0.489
ITM10592,Automotive,423,49.52,2,51,107.0,8.235389837767244,320.2,102.80000000000001,6804.332,64162.62,1,0.321
ITM10593,Apparel,136,37.47,2,42,85.0,9.63121862382949,227.92,0.0,0.0,0.0,1,0.528
ITM10594,Pharma,113,37.24,5,59,210.0,23.872373531186632,411.13,0.0,0.0,0.0,1,0.628
ITM10595,Automotive,182,13.13,5,72,83.0,17.288159568039625,234.62,0.0,0.0,0.0,1,0.446
ITM10596,Automotive,118,41.84,5,46,233.0,23.798806894726887,420.11,0.0,0.0,0.0,1,0.644
ITM10597,Automotive,132,20.85,7,68,154.0,8.225773113665365,397.5,0.0,0.0,0.0,1,0.575
ITM10598,Automotive,378,48.14,6,90,328.0,39.16587129325735,574.98,0.0,0.0,0.0,1,0.578
ITM10599,Automotive,110,4.99,8,57,74.0,34.5700262681416,330.22,0.0,0.0,0.0,0,0.722
ITM10600,Groceries,365,22.36,9,14,215.0,14.212799999999998,283.86,81.13999999999999,4666.361399999999,14215.727999999997,1,0.509
ITM10601,Pharma,225,28.24,5,57,168.0,27.1460888536452,195.72,29.28,1866.8928,19236.96,1,0.568
ITM10602,Automotive,36,20.85,6,12,149.0,24.01528733619483,401.48,0.0,0.0,0.0,1,0.548
ITM10603,Pharma,293,11.32,4,56,50.0,5.0666,72.27,220.73000000000002,40000.6906,92651.41750000001,1,0.658
ITM10604,Groceries,192,30.06,2,71,65.0,5.094775069127194,136.91,55.09,9183.503,25738.048000000003,1,0.488
ITM10605,Groceries,135,38.04,2,23,78.0,2.07047936599233,240.6,0.0,0.0,0.0,1,0.553
ITM10606,Pharma,368,32.6,9,72,334.0,40.41765,592.0799999999999,0.0,0.0,0.0,1,0.499
ITM10607,Electronics,487,12.49,9,70,141.0,28.326900000000002,411.07,75.93,10456.320300000001,12471.5025,1,0.721
ITM10608,Apparel,200,36.85,3,40,121.0,10.000774760362319,313.13,0.0,0.0,0.0,1,0.643
ITM10609,Electronics,110,13.59,4,26,60.0,5.593,350.36,0.0,0.0,0.0,1,0.666
ITM10610,Electronics,101,9.58,8,33,100.0,23.729089363058165,321.68,0.0,0.0,0.0,1,0.794
ITM10611,Electronics,343,34.84,9,32,341.0,27.09315,504.03999999999996,0.0,0.0,0.0,1,0.592
ITM10612,Automotive,468,42.3,5,91,238.0,26.3736391708179,286.97,181.02999999999997,30648.378999999997,99113.92499999999,1,0.613
ITM10613,Groceries,133,24.6,5,59,159.0,35.71660200120527,293.35,0.0,0.0,0.0,1,0.553
ITM10614,Electronics,276,27.04,8,87,238.0,21.542290931560647,486.48,0.0,0.0,0.0,1,0.546
ITM10615,Groceries,77,15.83,7,88,130.0,18.97585755321746,222.26,0.0,0.0,0.0,1,0.752
ITM10616,Pharma,173,25.24,4,88,114.0,13.1929,291.7,0.0,0.0,0.0,1,0.689
ITM10617,Apparel,384,7.47,5,79,68.0,30.750854040172605,363.2,20.80000000000001,2535.7280000000014,12982.320000000007,1,0.5
ITM10618,Pharma,423,47.84,9,36,440.0,9.82065,500.58,0.0,0.0,0.0,1,0.589
ITM10619,Pharma,135,40.22,3,24,131.0,10.741572890759526,170.42000000000002,0.0,0.0,0.0,1,0.537
ITM10620,Automotive,362,33.73,6,59,232.0,29.77734453263084,472.72,0.0,0.0,0.0,0,0.847
ITM10621,Apparel,285,27.37,2,45,56.0,1.512147851567432,73.23,211.76999999999998,17703.971999999998,84252.6945,1,0.579
ITM10622,Pharma,334,39.82,4,17,170.0,10.6925,366.53999999999996,0.0,0.0,0.0,1,0.569
ITM10623,Pharma,222,25.24,2,88,66.0,15.330852833583657,173.37,48.629999999999995,7676.245499999999,14199.96,1,0.514
ITM10624,Apparel,60,15.7,6,12,103.0,9.146762123013804,322.90999999999997,0.0,0.0,0.0,1,0.503
ITM10625,Apparel,124,8.86,4,71,47.0,11.1202,91.87,32.129999999999995,2499.3927,13369.292999999998,1,0.497
ITM10626,Pharma,408,32.73,9,56,320.0,25.2672,425.71,0.0,0.0,0.0,1,0.489
ITM10627,Apparel,397,46.54,6,86,297.0,18.172641927221257,311.94,85.06,6248.5076,55263.482,1,0.586
ITM10628,Pharma,212,8.53,5,97,48.0,5.5542810527106035,126.18,85.82,5899.266799999999,10963.505,1,0.785
ITM10629,Pharma,420,9.82,8,70,122.0,43.78249625615241,272.15,147.85000000000002,9391.432000000003,9713.745,1,0.639
ITM10630,Automotive,297,22.25,5,41,115.0,3.3840652771481823,176.51,120.49000000000001,6419.707200000001,61130.6015,1,0.482
ITM10631,Electronics,373,40.54,9,22,402.0,37.6047,585.9,0.0,0.0,0.0,1,0.819
ITM10632,Pharma,256,15.4,8,10,129.0,5.490259891844829,173.26,82.74000000000001,15348.270000000002,6342.021000000001,1,0.82
ITM10633,Groceries,444,13.44,5,43,85.0,18.170959205556542,311.11,132.89,19007.256699999998,19401.94,1,0.647
ITM10634,Electronics,240,31.38,6,71,197.0,8.74382106032597,474.28,0.0,0.0,0.0,1,0.655
ITM10635,Electronics,87,27.25,6,88,171.0,7.414115553456123,292.92,0.0,0.0,0.0,1,0.608
ITM10636,Electronics,216,3.95,6,87,31.0,6.849998065693157,194.18,21.819999999999993,2423.547399999999,8681.086999999998,1,0.457
ITM10637,Automotive,275,4.99,2,91,21.0,11.16663028849796,172.67,102.33000000000001,15762.9132,74327.39550000001,1,0.522
ITM10638,Pharma,158,32.51,9,80,319.0,26.649,556.76,0.0,0.0,0.0,1,0.751
ITM10639,Automotive,331,23.79,6,40,150.0,7.13205680957464,448.32,0.0,0.0,0.0,1,0.767
ITM10640,Pharma,454,48.58,5,73,279.0,36.04765186527412,502.35,0.0,0.0,0.0,1,0.646
ITM10641,Automotive,168,34.25,3,34,111.0,8.405209556429869,183.20999999999998,0.0,0.0,0.0,1,0.617
ITM10642,Automotive,118,1.49,9,47,37.0,23.9841,248.86,0.0,0.0,0.0,1,0.67
ITM10643,Groceries,95,24.57,6,23,158.0,10.274997098539735,346.57,0.0,0.0,0.0,1,0.652
ITM10644,Automotive,301,21.31,3,17,79.0,14.78747037215967,149.93,151.07,11831.802399999999,109178.28899999999,1,0.49
ITM10645,Apparel,390,6.23,8,63,86.0,35.73321692319347,165.88,224.12,33075.6296,73623.42,1,0.655
ITM10646,Groceries,422,46.24,5,11,251.0,20.046908435279992,450.31,0.0,0.0,0.0,1,0.496
ITM10647,Automotive,128,40.45,6,90,256.0,12.934408112279431,500.27,0.0,0.0,0.0,1,0.729
ITM10648,Electronics,207,12.27,2,87,31.0,6.653450546896701,262.1,0.0,0.0,0.0,1,0.431
ITM10649,Apparel,218,13.54,2,98,45.0,17.936399900899847,230.86,0.0,0.0,0.0,1,0.599
ITM10650,Apparel,322,2.57,8,65,28.0,7.537475444736123,309.89,12.110000000000014,132.60450000000014,5304.180000000006,1,0.676
ITM10651,Apparel,346,15.54,3,93,58.0,11.42538654958772,280.0,66.0,3754.7400000000002,32280.600000000006,1,0.588
ITM10652,Groceries,173,29.65,7,94,216.0,8.443386159000429,383.15999999999997,0.0,0.0,0.0,1,0.51
ITM10653,Automotive,59,21.62,2,70,50.0,6.862824864806038,296.7,0.0,0.0,0.0,1,0.59
ITM10654,Automotive,152,48.49,9,31,446.0,9.623249999999999,540.24,0.0,0.0,0.0,1,0.717
ITM10655,Electronics,424,3.75,2,44,28.0,20.751321286125375,114.41,309.59000000000003,7625.2017000000005,54240.168000000005,1,0.829
ITM10656,Electronics,481,29.98,2,25,77.0,17.331540760272876,368.72,112.27999999999997,10702.529599999996,6966.973999999999,1,0.653
ITM10657,Apparel,151,43.06,5,59,237.0,21.44467452801511,522.45,0.0,0.0,0.0,1,0.86
ITM10658,Electronics,298,24.56,2,52,55.0,6.11838284557284,320.35,0.0,0.0,0.0,0,0.698
ITM10659,Groceries,381,1.15,4,26,22.0,17.601499999999998,94.17,286.83,55561.8393,24079.3785,1,0.616
ITM10660,Automotive,103,12.9,6,89,99.0,21.960287916486887,279.43,0.0,0.0,0.0,1,0.562
ITM10661,Apparel,418,16.86,8,67,163.0,28.428379609467722,328.15999999999997,89.84000000000003,14784.968800000004,46564.072000000015,1,0.666
ITM10662,Electronics,261,48.33,2,11,99.0,2.4892280018110036,167.9,93.1,9707.536999999998,57428.735,1,0.464
ITM10663,Groceries,135,45.68,7,13,362.0,42.391021231270194,501.86,0.0,0.0,0.0,1,0.693
ITM10664,Groceries,128,47.51,9,94,452.0,24.2802,596.89,0.0,0.0,0.0,1,0.627
ITM10665,Electronics,240,41.46,7,48,331.0,40.476026432321646,410.78,0.0,0.0,0.0,1,0.517
ITM10666,Automotive,411,18.23,2,15,38.0,1.3725649729612073,324.92,86.07999999999998,9108.124799999998,8797.376,1,0.672
ITM10667,Electronics,60,45.39,2,90,97.0,6.6301867337956635,249.89,0.0,0.0,0.0,1,0.592
ITM10668,Apparel,387,49.1,4,98,201.0,4.9021,363.22,23.779999999999973,4719.854399999995,2256.7219999999975,1,0.684
ITM10669,Electronics,166,18.15,2,78,54.0,18.169038031910222,237.59,0.0,0.0,0.0,1,0.77
ITM10670,Groceries,131,13.77,2,78,36.0,8.235389837767244,303.22,0.0,0.0,0.0,0,0.721
ITM10671,Electronics,122,27.8,6,29,201.0,34.16940211592822,365.65999999999997,0.0,0.0,0.0,1,0.433
ITM10672,Automotive,65,10.17,7,73,108.0,36.60251422535753,274.88,0.0,0.0,0.0,1,0.794
ITM10673,Pharma,431,2.6,4,25,33.0,22.5036,112.66,318.34000000000003,38891.5978,152214.271,1,0.662
ITM10674,Electronics,494,47.35,7,60,361.0,29.68241938370254,545.8199999999999,0.0,0.0,0.0,1,0.55
ITM10675,Automotive,343,46.36,4,46,209.0,23.523500000000002,329.53,13.470000000000027,2425.9470000000047,1130.8065000000022,1,0.631
ITM10676,Automotive,397,8.97,7,82,93.0,30.03060025623864,290.57,106.43,12329.915500000001,57105.0165,1,0.416
ITM10677,Groceries,290,20.98,2,78,52.0,9.724273876233639,149.22,140.78,19650.0724,79646.285,1,0.618
ITM10678,Automotive,440,41.72,7,51,322.0,30.422303737841748,539.56,0.0,0.0,0.0,1,0.688
ITM10679,Automotive,404,33.39,7,66,273.0,39.3009159875123,462.48,0.0,0.0,0.0,1,0.668
ITM10680,Automotive,214,20.34,4,75,93.0,12.041400000000001,240.6,0.0,0.0,0.0,1,0.542
ITM10681,Automotive,386,37.46,8,18,344.0,44.108189639566945,382.04,3.9599999999999795,179.70479999999907,1344.2219999999932,1,0.574
ITM10682,Apparel,299,44.96,3,95,137.0,1.795010854424006,328.82,0.0,0.0,0.0,1,0.667
ITM10683,Apparel,302,46.38,4,73,198.0,12.5678,457.19,0.0,0.0,0.0,0,0.597
ITM10684,Groceries,59,19.56,4,95,84.0,5.7575,143.61,0.0,0.0,0.0,1,0.546
ITM10685,Electronics,466,9.5,4,31,44.0,5.593,78.57,387.43,59997.40980000001,57978.89949999999,1,0.56
ITM10686,Automotive,208,45.73,5,43,259.0,30.346237539644026,280.47,0.0,0.0,0.0,1,0.69
ITM10687,Electronics,183,5.54,8,64,87.0,42.898471358312996,106.23,76.77,7586.411399999999,35026.3125,0,0.52
ITM10688,Electronics,496,36.36,5,38,211.0,29.022038083368646,465.2,30.80000000000001,649.8800000000003,3597.4400000000014,1,0.666
ITM10689,Groceries,43,7.88,5,47,75.0,35.97408522881437,296.01,0.0,0.0,0.0,1,0.627
ITM10690,Automotive,43,20.08,4,27,89.0,8.4224,157.67000000000002,0.0,0.0,0.0,1,0.711
ITM10691,Automotive,23,21.17,3,80,69.0,5.2425713843494774,344.96,0.0,0.0,0.0,1,0.772
ITM10692,Pharma,342,8.78,4,74,53.0,17.930500000000002,102.25,239.75,29115.239999999998,70882.08750000001,1,0.514
ITM10693,Electronics,309,46.21,2,10,112.0,19.495075378669355,230.51,78.49000000000001,12683.199100000002,5729.77,1,0.735
ITM10694,Electronics,460,1.13,3,97,6.0,2.5073167490367068,147.11,312.89,37803.36979999999,194148.245,1,0.603
ITM10695,Apparel,452,44.8,5,13,261.0,36.63618495695206,293.01,158.99,29562.6006,76601.382,1,0.498
ITM10696,Pharma,490,44.31,9,13,429.0,30.6957,539.77,0.0,0.0,0.0,1,0.874
ITM10697,Apparel,200,16.53,7,91,158.0,42.65215688567227,197.55,2.4499999999999886,86.23999999999961,545.4924999999974,1,0.746
ITM10698,Apparel,267,35.51,7,36,266.0,17.27847579960397,505.03,0.0,0.0,0.0,1,0.529
ITM10699,Apparel,135,13.39,8,52,130.0,22.56589870800629,153.57999999999998,0.0,0.0,0.0,0,0.707
ITM10700,Groceries,298,38.18,9,68,381.0,37.752750000000006,395.97,0.0,0.0,0.0,1,0.525
ITM10701,Groceries,384,28.49,6,41,203.0,32.35616733383297,425.41999999999996,0.0,0.0,0.0,0,0.791
ITM10702,Apparel,88,15.71,8,42,138.0,12.60898670076228,374.45,0.0,0.0,0.0,1,0.61
ITM10703,Pharma,370,20.61,3,37,88.0,26.583255986945993,241.73,128.27,14010.932100000002,34177.5415,1,0.586
ITM10704,Electronics,273,34.8,5,64,206.0,32.14862013290773,308.18,0.0,0.0,0.0,1,0.518
ITM10705,Pharma,200,45.4,3,69,138.0,1.9089797975620384,216.57,0.0,0.0,0.0,1,0.785
ITM10706,Automotive,337,7.41,3,79,27.0,4.900664554935381,70.94,266.06,10402.946,129158.827,1,0.56
ITM10707,Groceries,188,29.0,7,71,226.0,22.675279323913518,376.43,0.0,0.0,0.0,1,0.689
ITM10708,Electronics,332,13.43,4,89,70.0,16.0552,222.42,109.58000000000001,6247.1558,25197.921000000002,1,0.599
ITM10709,Electronics,268,40.27,2,43,97.0,16.819736872050054,239.23,28.77000000000001,5050.573500000002,4620.462000000001,1,0.637
ITM10710,Automotive,207,4.44,6,96,32.0,5.439704346285743,267.7,0.0,0.0,0.0,1,0.706
ITM10711,Automotive,73,34.76,5,97,198.0,24.387339986404832,236.94,0.0,0.0,0.0,1,0.519
ITM10712,Apparel,345,9.57,3,65,47.0,18.12106195894711,251.3,93.69999999999999,14695.907999999998,40356.58999999999,1,0.644
ITM10713,Groceries,376,30.22,6,22,192.0,10.959996905109051,318.45,57.55000000000001,7258.781500000001,23316.382500000007,1,0.652
ITM10714,Groceries,332,41.95,3,65,142.0,16.098113218247036,221.88,110.12,18889.9848,79181.786,1,0.52
ITM10715,Pharma,157,38.0,9,27,355.0,12.88035,562.66,0.0,0.0,0.0,1,0.632
ITM10716,Apparel,187,37.89,7,63,273.0,8.269295722732377,340.33,0.0,0.0,0.0,1,0.502
ITM10717,Apparel,410,26.37,2,86,67.0,13.818704982016225,143.97,266.03,10598.6352,30101.294499999996,1,0.815
ITM10718,Apparel,122,44.65,7,52,355.0,42.60863427660525,654.5799999999999,0.0,0.0,0.0,1,0.644
ITM10719,Apparel,441,29.82,6,48,190.0,11.0808792239154,457.71,0.0,0.0,0.0,1,0.561
ITM10720,Groceries,104,45.96,5,70,244.0,14.271927473190159,456.16999999999996,0.0,0.0,0.0,1,0.62
ITM10721,Groceries,336,27.78,3,51,92.0,8.37671732064536,193.57,142.43,3847.0343000000003,37950.4735,1,0.679
ITM10722,Apparel,231,25.79,2,90,59.0,7.048935369614337,224.65,6.349999999999994,1167.764999999999,3059.429999999997,1,0.542
ITM10723,Pharma,22,11.9,9,88,129.0,21.4179,175.72,0.0,0.0,0.0,1,0.486
ITM10724,Electronics,403,27.69,7,27,225.0,31.205710701047977,331.85,71.14999999999998,10542.295499999997,4155.159999999999,1,0.781
ITM10725,Electronics,198,7.89,9,32,75.0,4.29345,104.71000000000001,93.28999999999999,16890.1545,44947.121999999996,1,0.47
ITM10726,Pharma,361,43.61,6,63,300.0,38.64204791176316,486.99,0.0,0.0,0.0,1,0.553
ITM10727,Apparel,322,34.12,7,39,243.0,4.091125252299177,501.67,0.0,0.0,0.0,1,0.688
ITM10728,Groceries,471,49.69,3,67,174.0,25.27261314085862,418.77,52.23000000000002,6483.832200000003,28214.646000000008,1,0.532
ITM10729,Electronics,495,5.51,3,77,42.0,25.643012206057225,300.26,194.74,25191.566400000003,102355.344,1,0.413
ITM10730,Automotive,351,12.79,9,76,142.0,27.043800000000005,202.63,148.37,5060.9007,36283.8835,0,0.68
ITM10731,Automotive,57,43.98,5,80,227.0,6.620997281376878,425.52,0.0,0.0,0.0,1,0.578
ITM10732,Pharma,439,20.37,2,27,54.0,13.655858290308963,341.46,97.54000000000002,10674.777600000001,33465.97400000001,1,0.693
ITM10733,Apparel,258,23.85,4,16,117.0,21.2863,354.14,0.0,0.0,0.0,1,0.75
ITM10734,Electronics,188,43.17,7,49,340.0,37.64705684296583,350.98,0.0,0.0,0.0,1,0.48
ITM10735,Apparel,472,26.57,3,79,96.0,16.326051104523103,361.87,110.13,11712.325499999999,30550.061999999998,1,0.783
ITM10736,Electronics,416,10.48,6,95,81.0,17.72940675826464,295.68,120.32,9892.7104,81246.07999999999,1,0.444
ITM10737,Pharma,362,44.71,7,74,350.0,36.820127270692595,395.4,0.0,0.0,0.0,1,0.531
ITM10738,Pharma,333,2.52,5,77,49.0,36.12121850173386,150.01,182.99,16311.7286,52765.16650000001,1,0.724
ITM10739,Automotive,325,44.87,5,58,249.0,24.387339986404832,293.08,31.920000000000016,2153.3232000000007,6757.464000000003,0,0.701
ITM10740,Apparel,49,3.48,3,61,36.0,25.101659726151578,257.65,0.0,0.0,0.0,1,0.368
ITM10741,Automotive,209,33.63,3,38,119.0,17.63669395061047,130.02,78.97999999999999,15300.795399999997,15566.958,1,0.449
ITM10742,Apparel,376,4.51,9,30,75.0,34.79174999999999,219.71,156.29,9432.101499999999,62179.9765,1,0.529
ITM10743,Automotive,44,35.6,3,99,127.0,20.058533992293654,426.94,0.0,0.0,0.0,1,0.789
ITM10744,Groceries,131,2.66,9,87,59.0,35.532000000000004,315.83,0.0,0.0,0.0,1,0.607
ITM10745,Groceries,430,42.28,8,18,355.0,16.517307301736565,535.29,0.0,0.0,0.0,0,0.795
ITM10746,Groceries,454,23.83,4,56,115.0,19.6413,326.24,127.75999999999999,15617.382399999999,29844.735999999997,1,0.703
ITM10747,Groceries,225,5.58,3,85,34.0,17.49423277168793,219.06,5.939999999999998,800.7713999999997,2948.6159999999986,1,0.592
ITM10748,Electronics,204,35.63,7,51,265.0,15.18939056438737,510.15,0.0,0.0,0.0,1,0.513
ITM10749,Groceries,401,24.98,7,60,191.0,16.625636663598783,457.94,0.0,0.0,0.0,1,0.464
ITM10750,Pharma,398,10.36,9,65,131.0,38.1969,363.31,34.69,814.1742999999999,12661.849999999999,1,0.392
ITM10751,Pharma,66,1.77,8,60,42.0,28.102686226053198,104.77000000000001,0.0,0.0,0.0,1,0.61
ITM10752,Electronics,393,21.48,8,79,181.0,8.933304230798367,299.03,93.97000000000003,5618.466300000002,15434.572500000004,1,0.568
ITM10753,Groceries,247,5.2,2,29,30.0,19.681185883477657,267.48,0.0,0.0,0.0,1,0.482
ITM10754,Groceries,58,5.61,6,97,69.0,35.82146047294833,317.72,0.0,0.0,0.0,1,0.566
ITM10755,Groceries,35,14.1,3,36,56.0,14.046672241762458,248.35,0.0,0.0,0.0,1,0.687
ITM10756,Automotive,41,31.89,9,47,299.0,12.238800000000001,516.1,0.0,0.0,0.0,1,0.385
ITM10757,Apparel,232,26.97,7,81,230.0,41.34647861366189,290.6,0.0,0.0,0.0,1,0.539
ITM10758,Automotive,329,4.38,8,74,76.0,41.31653206744245,194.07,134.93,25911.9572,23147.2415,1,0.556
ITM10759,Apparel,168,48.45,7,63,351.0,12.27337575689753,516.04,0.0,0.0,0.0,1,0.404
ITM10760,Groceries,475,44.47,7,33,317.0,6.136687878448765,612.28,0.0,0.0,0.0,1,0.475
ITM10761,Groceries,260,13.7,8,56,131.0,21.821456688773097,372.77,0.0,0.0,0.0,1,0.37
ITM10762,Automotive,291,6.99,4,80,51.0,22.799699999999998,116.86,174.14,5485.41,66103.544,1,0.676
ITM10763,Automotive,78,47.18,8,92,388.0,10.096494885850237,500.2,0.0,0.0,0.0,1,0.667
ITM10764,Apparel,306,23.6,8,95,214.0,25.031862896716255,286.9,19.100000000000023,717.5870000000009,11154.400000000014,1,0.583
ITM10765,Pharma,445,16.25,6,72,116.0,18.29352424602761,170.16,274.84000000000003,10872.670400000003,116367.25600000001,1,0.501
ITM10766,Apparel,221,25.03,9,66,269.0,44.217600000000004,313.79,0.0,0.0,0.0,1,0.601
ITM10767,Automotive,51,38.86,9,64,372.0,22.6023,662.05,0.0,0.0,0.0,1,0.639
ITM10768,Automotive,462,9.25,8,69,100.0,25.915887794555683,372.92,89.07999999999998,2705.3596,47795.87399999999,0,0.596
ITM10769,Electronics,181,38.61,5,71,228.0,35.23841886421694,378.14,0.0,0.0,0.0,1,0.595
ITM10770,Automotive,274,37.72,9,39,356.0,16.532249999999998,525.08,0.0,0.0,0.0,1,0.547
ITM10771,Electronics,273,27.43,9,31,263.0,16.03875,516.2,0.0,0.0,0.0,1,0.638
ITM10772,Pharma,28,43.43,9,84,431.0,39.973499999999994,629.16,0.0,0.0,0.0,1,0.437
ITM10773,Apparel,484,7.48,8,93,74.0,14.609674627451497,296.47,187.52999999999997,15384.9612,32855.255999999994,1,0.575
ITM10774,Apparel,158,30.18,7,38,248.0,36.55899161629052,487.43,0.0,0.0,0.0,1,0.615
ITM10775,Electronics,499,23.02,3,50,73.0,4.017405245615632,223.08,275.91999999999996,53445.70399999999,116824.52799999999,1,0.507
ITM10776,Apparel,29,21.69,7,51,159.0,6.789527014453953,451.69,0.0,0.0,0.0,1,0.755
ITM10777,Automotive,233,13.38,6,74,117.0,36.50646027951765,309.23,0.0,0.0,0.0,1,0.641
ITM10778,Groceries,292,19.24,5,40,117.0,20.745791481647547,310.71000000000004,0.0,0.0,0.0,1,0.347
ITM10779,Electronics,343,6.3,8,39,85.0,34.10475000612085,135.9,207.1,18158.528000000002,96757.12000000001,1,0.621
ITM10780,Apparel,67,13.33,4,27,62.0,8.6856,358.44,0.0,0.0,0.0,1,0.469
ITM10781,Electronics,455,14.33,2,26,33.0,4.838873125015783,63.519999999999996,391.48,70869.6244,214335.30000000002,1,0.502
ITM10782,Electronics,130,36.31,8,47,330.0,39.22278888834908,625.8299999999999,0.0,0.0,0.0,1,0.657
ITM10783,Groceries,172,3.38,3,23,21.0,11.140464191742641,295.06,0.0,0.0,0.0,1,0.445
ITM10784,Automotive,142,32.91,2,96,77.0,11.213157914700036,335.36,0.0,0.0,0.0,0,0.61
ITM10785,Electronics,424,11.85,4,98,50.0,2.5333,255.34,168.66,7109.018999999999,46170.675,1,0.562
ITM10786,Apparel,376,5.01,6,88,47.0,16.802642314082625,233.57,142.43,11177.906400000002,48347.8635,1,0.669
ITM10787,Pharma,121,15.74,6,65,126.0,31.509991102188526,425.02,0.0,0.0,0.0,1,0.436
ITM10788,Electronics,260,12.0,4,31,75.0,27.307000000000002,367.46,0.0,0.0,0.0,1,0.724
ITM10789,Electronics,340,28.05,7,76,227.0,31.07514287384694,472.43,0.0,0.0,0.0,0,0.731
ITM10790,Groceries,210,18.51,4,65,97.0,23.2932,132.19,77.81,4943.2693,42600.975,1,0.367
ITM10791,Automotive,236,48.33,9,28,461.0,26.20485,578.9300000000001,0.0,0.0,0.0,1,0.662
ITM10792,Pharma,70,48.21,9,66,462.0,27.68535,723.12,0.0,0.0,0.0,1,0.512
ITM10793,Apparel,311,22.74,8,53,217.0,35.17488540876857,430.73,0.0,0.0,0.0,1,0.705
ITM10794,Pharma,100,39.96,3,44,128.0,8.120287198584789,173.38,0.0,0.0,0.0,1,0.648
ITM10795,Apparel,402,1.65,9,10,28.0,13.3245,138.99,263.01,51586.78139999999,114238.3935,1,0.618
ITM10796,Automotive,107,27.84,5,61,174.0,35.017718954837704,189.63,0.0,0.0,0.0,1,0.735
ITM10797,Apparel,213,37.42,8,94,303.0,3.536099591357687,571.9100000000001,0.0,0.0,0.0,1,0.335
ITM10798,Groceries,123,11.63,8,79,102.0,8.46802796877762,328.63,0.0,0.0,0.0,1,0.566
ITM10799,Groceries,290,4.0,8,46,60.0,27.5443547116283,196.4,93.6,14061.527999999998,18448.559999999998,1,0.595
ITM10800,Groceries,115,8.64,2,74,35.0,17.4711236388791,265.51,0.0,0.0,0.0,1,0.624
ITM10801,Groceries,442,22.65,2,60,58.0,13.05099914968199,338.69,103.31,2367.8652,13574.934000000001,1,0.659
ITM10802,Pharma,398,25.81,6,10,170.0,15.59381912601913,261.17,136.82999999999998,1528.3910999999998,80907.579,1,0.611
ITM10803,Automotive,217,19.66,8,30,203.0,45.550546051831255,295.89,0.0,0.0,0.0,1,0.399
ITM10804,Apparel,20,22.56,7,62,189.0,31.292755919182,338.97,0.0,0.0,0.0,1,0.623
ITM10805,Apparel,426,24.04,9,25,258.0,41.45400000000001,473.0,0.0,0.0,0.0,1,0.633
ITM10806,Groceries,397,38.7,6,70,236.0,3.545881351652928,533.98,0.0,0.0,0.0,0,0.469
ITM10807,Groceries,186,6.16,3,63,26.0,7.806872604955202,83.25,102.75,2581.08,39003.9,1,0.633
ITM10808,Electronics,145,38.68,4,49,168.0,13.324499999999999,277.22,0.0,0.0,0.0,1,0.775
ITM10809,Automotive,332,34.74,2,35,75.0,5.187830321531344,190.4,141.6,16739.951999999997,27392.52,1,0.48
ITM10810,Pharma,100,37.34,8,89,304.0,5.536787518046904,524.49,0.0,0.0,0.0,1,0.573
ITM10811,Apparel,437,36.99,3,74,118.0,7.52195024711012,385.11,51.889999999999986,4458.388799999999,34091.72999999999,1,0.547
ITM10812,Electronics,270,24.06,6,83,167.0,22.443817191712288,230.3,39.69999999999999,3569.4269999999988,4057.3399999999992,1,0.788
ITM10813,Electronics,188,11.36,6,73,97.0,28.649109557104907,313.96000000000004,0.0,0.0,0.0,1,0.552
ITM10814,Apparel,496,27.29,2,52,73.0,18.26209328431437,346.79,149.20999999999998,15820.736299999999,88227.87299999999,1,0.594
ITM10815,Pharma,92,47.94,6,26,291.0,3.6667636704592783,336.18,0.0,0.0,0.0,1,0.665
ITM10816,Electronics,160,29.84,7,68,229.0,19.88983234362472,423.16999999999996,0.0,0.0,0.0,1,0.51
ITM10817,Electronics,89,1.54,6,32,16.0,6.688821640618023,84.69,4.310000000000002,519.3550000000002,723.6490000000003,1,0.577
ITM10818,Automotive,281,3.93,5,16,37.0,16.920326385740907,174.93,106.07,17056.056,63880.657499999994,1,0.558
ITM10819,Pharma,359,49.65,9,53,470.0,22.7997,516.77,0.0,0.0,0.0,1,0.582
ITM10820,Electronics,327,4.53,4,62,35.0,17.2067,243.25,83.75,12613.587500000001,28428.9375,1,0.757
ITM10821,Pharma,264,3.26,6,80,56.0,36.18410742936738,182.4,81.6,12773.663999999999,51824.159999999996,1,0.577
ITM10822,Apparel,22,18.3,9,88,205.0,40.22025,379.5,0.0,0.0,0.0,1,0.57
ITM10823,Groceries,356,48.5,9,43,469.0,32.32425,630.83,0.0,0.0,0.0,1,0.582
ITM10824,Electronics,82,16.62,5,55,116.0,32.77393654281555,327.26,0.0,0.0,0.0,1,0.649
ITM10825,Automotive,68,21.08,3,77,83.0,19.802103870233083,352.72,0.0,0.0,0.0,1,0.537
ITM10826,Apparel,95,32.07,6,87,226.0,33.363519990552554,317.13,0.0,0.0,0.0,1,0.555
ITM10827,Pharma,387,2.18,7,87,41.0,25.50424891326934,223.6,163.4,20018.134000000002,84690.22,1,0.565
ITM10828,Apparel,194,44.99,3,25,151.0,15.64223744569491,327.39,0.0,0.0,0.0,0,0.745
ITM10829,Electronics,128,26.45,9,80,274.0,36.4203,375.39,0.0,0.0,0.0,1,0.476
ITM10830,Pharma,202,23.87,9,28,218.0,3.40515,372.88,0.0,0.0,0.0,1,0.668
ITM10831,Groceries,211,43.18,8,11,378.0,32.848504098664826,399.73,0.0,0.0,0.0,1,0.785
ITM10832,Apparel,84,47.7,6,19,324.0,37.795871680118715,457.81,0.0,0.0,0.0,1,0.508
ITM10833,Electronics,356,21.75,2,59,60.0,16.93605593755524,148.45,207.55,4429.117,118936.52750000003,1,0.535
ITM10834,Automotive,470,9.45,5,90,50.0,3.1265820495390813,310.55,159.45,7567.496999999999,60527.22,1,0.461
ITM10835,Pharma,493,40.97,5,21,220.0,15.04437715601746,333.76,159.24,21809.510400000003,65097.31200000001,1,0.719
ITM10836,Apparel,290,20.76,2,79,61.0,19.053062929749643,126.74,163.26,28304.3862,100111.03199999999,1,0.704
ITM10837,Apparel,119,46.84,4,31,219.0,31.616899999999998,382.6,0.0,0.0,0.0,1,0.346
ITM10838,Groceries,51,47.55,9,41,448.0,19.8387,693.1800000000001,0.0,0.0,0.0,1,0.753
ITM10839,Groceries,371,6.63,8,93,93.0,39.50195464556153,205.67000000000002,165.32999999999998,2314.62,68793.813,1,0.405
ITM10840,Automotive,147,47.87,7,10,373.0,37.90819249736791,628.58,0.0,0.0,0.0,1,0.62
ITM10841,Automotive,471,19.05,5,63,101.0,6.142814144388548,205.57999999999998,265.42,51162.3592,169537.025,1,0.769
ITM10842,Electronics,421,32.67,3,67,122.0,24.303877124185348,345.32,75.68,10261.451200000001,46683.208000000006,0,0.701
ITM10843,Electronics,388,2.7,9,79,42.0,17.6673,85.42,302.58,56046.89339999999,188855.307,1,0.375
ITM10844,Automotive,358,44.56,7,92,339.0,26.722881967145682,367.04,0.0,0.0,0.0,1,0.535
ITM10845,Automotive,62,32.44,5,27,183.0,20.672224845187806,406.9,0.0,0.0,0.0,1,0.647
ITM10846,Pharma,391,32.53,8,15,292.0,31.638785817410884,408.84000000000003,0.0,0.0,0.0,1,0.59
ITM10847,Groceries,438,45.21,4,54,206.0,24.7737,329.97,108.02999999999997,3615.764099999999,33516.30749999999,1,0.631
ITM10848,Electronics,97,25.91,8,32,229.0,21.821456688773097,405.5,0.0,0.0,0.0,1,0.797
ITM10849,Groceries,333,21.12,3,32,89.0,25.472058791350175,385.19,0.0,0.0,0.0,1,0.352
ITM10850,Groceries,308,43.44,8,35,386.0,38.106125859499286,445.74,0.0,0.0,0.0,1,0.661
ITM10851,Automotive,289,37.38,7,86,296.0,34.643996817341964,392.96,0.0,0.0,0.0,1,0.666
ITM10852,Pharma,181,47.5,9,16,451.0,23.934749999999998,649.12,0.0,0.0,0.0,1,0.711
ITM10853,Apparel,208,47.07,3,88,144.0,2.4503322774676906,357.28,0.0,0.0,0.0,1,0.558
ITM10854,Pharma,266,19.73,9,53,203.0,25.563299999999998,417.78,0.0,0.0,0.0,1,0.599
ITM10855,Pharma,407,22.9,2,36,67.0,21.03048704333782,249.67,157.33,29400.257100000003,16653.3805,1,0.718
ITM10856,Groceries,235,13.54,6,35,91.0,9.307938548088936,271.6,0.0,0.0,0.0,1,0.576
ITM10857,Pharma,334,33.37,2,88,90.0,22.868328278319776,142.95,191.05,28044.2295,87166.5625,1,0.392
ITM10858,Electronics,432,18.86,7,45,168.0,35.55797160774923,420.03999999999996,11.960000000000036,2143.2320000000063,567.5020000000018,1,0.868
ITM10859,Groceries,358,39.52,6,64,266.0,29.172932938599093,278.58,79.42000000000002,15730.719400000002,5217.894000000001,1,0.571
ITM10860,Electronics,409,6.96,2,73,30.0,16.121822479018928,161.1,247.9,26314.585000000003,125772.06499999999,1,0.607
ITM10861,Apparel,396,6.7,6,66,65.0,24.49881661142023,137.47,258.53,42277.410899999995,168910.57549999998,1,0.448
ITM10862,Groceries,452,11.02,5,78,82.0,27.035738898955582,122.25999999999999,329.74,38810.398,207010.772,1,0.432
ITM10863,Apparel,187,5.13,8,70,62.0,20.983959417135747,164.65,22.349999999999994,2289.3104999999996,3426.2549999999987,1,0.632
ITM10864,Groceries,358,31.38,3,11,118.0,24.303877124185348,318.58000000000004,39.41999999999996,4421.741399999995,26330.588999999974,1,0.468
ITM10865,Automotive,212,8.22,6,64,78.0,28.689403663373692,232.15,0.0,0.0,0.0,1,0.618
ITM10866,Pharma,472,8.84,5,89,73.0,28.801338173989418,336.32,135.68,12211.2,72303.872,1,0.487
ITM10867,Automotive,302,1.7,8,96,51.0,37.36168384026609,234.91,67.09,9896.4459,16651.738000000005,1,0.653
ITM10868,Apparel,355,39.32,8,47,321.0,6.3742847896842525,404.40999999999997,0.0,0.0,0.0,1,0.546
ITM10869,Pharma,409,40.8,4,89,167.0,3.3887,326.40999999999997,82.59000000000003,10498.014900000004,43710.757500000014,1,0.539
ITM10870,Groceries,32,8.94,9,87,120.0,40.02285,195.94,0.0,0.0,0.0,1,0.484
ITM10871,Pharma,259,37.24,2,38,81.0,6.886088677907075,142.81,116.19,20856.105,33079.293000000005,1,0.556
ITM10872,Electronics,339,22.24,4,35,109.0,19.8387,395.96,0.0,0.0,0.0,1,0.703
ITM10873,Pharma,465,12.74,9,44,138.0,23.2932,283.73,181.26999999999998,31452.157699999996,124387.47399999997,1,0.66
ITM10874,Electronics,166,31.45,9,88,287.0,3.50385,485.85,0.0,0.0,0.0,1,0.595
ITM10875,Pharma,223,9.75,7,76,72.0,3.8299895978971015,335.3,0.0,0.0,0.0,0,0.617
ITM10876,Electronics,99,38.09,5,96,221.0,30.750854040172605,324.43,0.0,0.0,0.0,1,0.728
ITM10877,Apparel,398,3.33,4,38,34.0,20.6283,272.82,125.18,10900.6744,34268.025,1,0.733
ITM10878,Automotive,62,48.0,4,43,210.0,18.029200000000003,448.76,0.0,0.0,0.0,1,0.575
ITM10879,Groceries,477,4.52,9,50,87.0,46.73445,335.96000000000004,141.03999999999996,19387.358399999997,86485.72799999997,1,0.426
ITM10880,Pharma,108,29.39,8,50,245.0,9.956912007244014,309.94,0.0,0.0,0.0,1,0.75
ITM10881,Automotive,167,45.21,5,32,237.0,10.851078877812105,526.22,0.0,0.0,0.0,1,0.584
ITM10882,Groceries,114,1.58,8,80,48.0,35.779744549395545,137.69,0.0,0.0,0.0,1,0.632
ITM10883,Groceries,471,25.43,3,12,99.0,22.394897326623312,334.28,136.72000000000003,7449.872800000002,25949.45600000001,1,0.56
ITM10884,Electronics,447,18.15,6,67,126.0,17.527936226920723,183.07,263.93,40444.633200000004,78030.9045,1,0.714
ITM10885,Apparel,170,29.44,7,41,248.0,41.47704644086293,526.03,0.0,0.0,0.0,1,0.748
ITM10886,Apparel,21,12.05,7,40,125.0,40.95477513205878,259.08000000000004,0.0,0.0,0.0,1,0.734
ITM10887,Automotive,395,4.18,2,91,10.0,1.4423564122643198,213.91,181.09,25792.6487,27761.097,1,0.429
ITM10888,Apparel,41,31.67,8,52,263.0,9.956912007244014,519.56,0.0,0.0,0.0,1,0.515
ITM10889,Pharma,390,21.43,6,16,162.0,33.403814096821336,253.89,136.11,20340.278400000003,74520.225,0,0.636
ITM10890,Apparel,332,31.5,9,10,302.0,18.160800000000002,424.81,0.0,0.0,0.0,1,0.655
ITM10891,Automotive,347,11.32,2,70,26.0,3.280197647246275,126.88,220.12,40383.215200000006,22496.264000000003,1,0.848
ITM10892,Apparel,26,17.6,7,23,158.0,34.643996817341964,250.03,0.0,0.0,0.0,1,0.382
ITM10893,Pharma,225,28.52,6,61,191.0,19.42175922155354,348.99,0.0,0.0,0.0,1,0.713
ITM10894,Electronics,459,30.06,4,15,137.0,17.042199999999998,305.56,153.44,8294.9664,106410.64,1,0.605
ITM10895,Automotive,394,19.24,3,19,64.0,6.467737523083323,96.28,297.72,49064.25600000001,117361.22400000002,1,0.566
ITM10896,Electronics,470,14.72,9,80,166.0,33.4593,371.25,98.75,5146.849999999999,8650.5,1,0.601
ITM10897,Electronics,133,14.41,4,99,77.0,18.884600000000002,208.8,0.0,0.0,0.0,1,0.487
ITM10898,Electronics,291,9.56,3,39,36.0,7.009090002988976,303.96,0.0,0.0,0.0,1,0.493
ITM10899,Groceries,102,16.94,9,30,171.0,18.40755,437.8,0.0,0.0,0.0,1,0.56
ITM10900,Groceries,198,10.77,8,69,115.0,28.70754536668017,333.83000000000004,0.0,0.0,0.0,1,0.679
ITM10901,Electronics,229,32.06,5,90,194.0,34.17170263555066,451.6,0.0,0.0,0.0,0,0.718
ITM10902,Automotive,483,28.88,2,83,79.0,21.495763305358572,356.53,126.47000000000003,12018.444100000002,6462.617000000003,0,0.748
ITM10903,Pharma,347,19.75,2,72,47.0,7.537475444736123,224.43,122.57,13385.8697,7158.088,0,0.809
ITM10904,Pharma,143,16.97,5,51,112.0,27.550705354173786,403.85,0.0,0.0,0.0,1,0.422
ITM10905,Apparel,132,12.64,6,60,108.0,31.71146163353244,395.07,0.0,0.0,0.0,1,0.639
ITM10906,Automotive,31,27.24,5,73,166.0,30.08875431203492,207.87,0.0,0.0,0.0,1,0.563
ITM10907,Groceries,145,46.03,8,85,396.0,27.5443547116283,557.6,0.0,0.0,0.0,1,0.547
ITM10908,Electronics,72,34.6,7,65,245.0,2.611356544020751,288.2,0.0,0.0,0.0,1,0.534
ITM10909,Apparel,350,37.48,5,89,216.0,28.470288309920576,424.4,0.0,0.0,0.0,1,0.484
ITM10910,Pharma,408,41.88,3,50,130.0,4.3023276034607125,361.93,46.06999999999999,4044.4853,25895.946999999996,1,0.703
ITM10911,Groceries,302,18.23,7,41,135.0,7.007140059789015,401.56,0.0,0.0,0.0,1,0.557
ITM10912,Groceries,159,4.08,5,24,43.0,22.989573893669714,241.5,0.0,0.0,0.0,1,0.783
ITM10913,Electronics,420,31.51,2,71,86.0,22.89159209142082,227.66,192.34,7241.601,53355.116,1,0.619
ITM10914,Pharma,409,10.24,4,36,50.0,9.212,105.22,303.78,49145.528399999996,171863.535,1,0.533
ITM10915,Automotive,116,28.88,3,37,106.0,18.918844560913328,152.28,0.0,0.0,0.0,1,0.651
ITM10916,Groceries,24,37.24,8,90,314.0,15.726337656301293,464.84000000000003,0.0,0.0,0.0,1,0.732
ITM10917,Electronics,76,39.4,3,73,144.0,25.75698114919526,395.44,0.0,0.0,0.0,1,0.57
ITM10918,Automotive,431,15.79,9,68,172.0,30.3009,399.71000000000004,31.289999999999964,5340.264299999993,19643.86199999998,0,0.625
ITM10919,Pharma,353,26.11,6,67,167.0,9.95264424838947,432.43,0.0,0.0,0.0,0,0.596
ITM10920,Groceries,88,31.43,4,11,136.0,9.837100000000001,381.19,0.0,0.0,0.0,1,0.619
ITM10921,Automotive,137,41.15,3,45,137.0,13.134920696658204,206.59,0.0,0.0,0.0,1,0.47
ITM10922,Automotive,395,38.31,9,80,353.0,8.1921,421.09000000000003,0.0,0.0,0.0,1,0.71
ITM10923,Automotive,78,49.41,5,22,252.0,4.5979147787339425,394.82,0.0,0.0,0.0,1,0.601
ITM10924,Groceries,52,1.4,3,24,24.0,19.830596106017587,89.44,0.0,0.0,0.0,1,0.368
ITM10925,Groceries,337,22.44,3,98,80.0,12.45110703783001,144.37,192.63,19397.841,44998.367999999995,0,0.624
ITM10926,Apparel,69,13.55,3,96,62.0,21.084254480535943,149.66,0.0,0.0,0.0,1,0.581
ITM10927,Pharma,387,6.87,6,69,47.0,6.245586471661408,63.54,323.46,41137.6428,132230.448,1,0.623
ITM10928,Electronics,38,45.66,3,31,155.0,17.92161630845555,330.69,0.0,0.0,0.0,1,0.586
ITM10929,Automotive,233,49.9,3,72,163.0,13.419843054503282,288.02,0.0,0.0,0.0,1,0.539
ITM10930,Apparel,216,9.85,6,99,63.0,4.230881158222244,141.84,74.16,11254.521599999998,9203.256000000001,1,0.735
ITM10931,Electronics,398,2.88,9,84,54.0,28.0308,102.92,295.08,17737.2588,35542.386,1,0.772
ITM10932,Apparel,469,14.48,7,83,107.0,5.614416569644615,249.2,219.8,38544.128000000004,144408.6,1,0.607
ITM10933,Groceries,497,41.91,4,34,195.0,27.504399999999997,379.57,117.43,21005.8784,71150.837,1,0.602
ITM10934,Automotive,66,15.4,9,57,171.0,32.0775,463.25,0.0,0.0,0.0,1,0.736
ITM10935,Electronics,186,3.79,8,52,57.0,26.939495571001327,140.61,45.389999999999986,2032.1102999999996,5798.572499999998,1,0.721
ITM10936,Electronics,471,3.57,7,47,33.0,7.703501804861215,50.64,420.36,74063.2284,277710.83400000003,1,0.259
ITM10937,Electronics,308,21.94,2,50,51.0,7.514211631635085,274.44,33.56,5979.3852,6614.676000000001,1,0.563
ITM10938,Electronics,160,46.66,6,54,301.0,20.872347047229734,379.2,0.0,0.0,0.0,1,0.658
ITM10939,Electronics,103,15.01,6,97,116.0,26.271757287246693,266.44,0.0,0.0,0.0,1,0.544
ITM10940,Apparel,201,21.93,3,49,72.0,6.3822608157298,316.39,0.0,0.0,0.0,1,0.415
ITM10941,Automotive,410,5.99,3,26,20.0,1.6525496755014657,40.72,369.28,73416.55679999999,191397.82399999996,1,0.553
ITM10942,Groceries,98,25.19,8,97,219.0,17.587442704384284,270.04,0.0,0.0,0.0,1,0.834
ITM10943,Groceries,234,35.13,2,66,82.0,11.841280868428044,120.47,113.53,12638.159599999999,45582.295000000006,1,0.555
ITM10944,Groceries,33,14.29,3,11,49.0,6.410753051514306,126.78,0.0,0.0,0.0,1,0.707
ITM10945,Groceries,234,15.54,5,71,97.0,19.053758843073457,157.18,76.82,13889.056,43180.522,1,0.678
ITM10946,Apparel,422,42.26,3,97,137.0,10.599111711836988,238.81,183.19,17276.6489,66864.35,1,0.516
ITM10947,Pharma,147,1.51,3,18,18.0,13.733257648132872,244.43,0.0,0.0,0.0,1,0.584
ITM10948,Automotive,329,32.19,5,77,175.0,13.977660927351184,197.28,131.72,3312.758,27404.345999999998,1,0.677
ITM10949,Electronics,496,20.3,2,90,56.0,15.051687076371207,87.39,408.61,65283.6197,34302.8095,1,0.534
ITM10950,Pharma,267,15.62,5,26,81.0,3.3472819589183103,254.65,12.349999999999994,1273.9024999999995,3290.6574999999984,1,0.708
ITM10951,Groceries,423,33.22,6,59,208.0,8.542350528982055,368.88,54.120000000000005,596.9436000000001,26865.168000000005,1,0.651
ITM10952,Pharma,48,41.9,5,49,226.0,16.957109703970783,373.48,0.0,0.0,0.0,1,0.673
ITM10953,Automotive,299,28.36,4,67,126.0,12.7652,285.61,13.389999999999986,626.7858999999994,7331.024999999992,1,0.675
ITM10954,Electronics,357,2.52,6,84,32.0,17.00411284542654,257.19,99.81,15254.9604,11293.5015,1,0.722
ITM10955,Electronics,338,23.61,3,94,94.0,23.192679928589538,271.07,66.93,6737.843100000001,43484.42100000001,1,0.603
ITM10956,Automotive,221,23.68,8,30,231.0,41.50264257225075,373.52,0.0,0.0,0.0,1,0.685
ITM10957,Automotive,380,27.65,6,27,177.0,11.524114392872017,210.71,169.29,9952.559099999999,30895.425,1,0.54
ITM10958,Groceries,76,33.88,2,64,87.0,19.657922070376614,379.68,0.0,0.0,0.0,1,0.681
ITM10959,Electronics,411,1.95,2,38,15.0,11.306213167104184,94.41,316.59000000000003,4346.7807,57777.675,1,0.668
ITM10960,Pharma,237,25.6,5,33,139.0,11.402828651260178,401.06,0.0,0.0,0.0,1,0.721
ITM10961,Apparel,81,29.83,6,83,219.0,39.72998878102031,338.9,0.0,0.0,0.0,1,0.724
ITM10962,Apparel,176,17.82,3,26,77.0,23.762524644279697,285.34000000000003,0.0,0.0,0.0,1,0.687
ITM10963,Automotive,221,33.75,2,27,91.0,23.147494035532226,232.7,0.0,0.0,0.0,1,0.539
ITM10964,Groceries,36,12.18,7,51,94.0,9.13974790407263,206.70999999999998,0.0,0.0,0.0,1,0.534
ITM10965,Apparel,341,16.55,3,93,55.0,5.3280480917030015,243.15,97.85,4381.723,27143.59,1,0.823
ITM10966,Electronics,25,48.18,7,54,360.0,22.97993758738261,525.47,0.0,0.0,0.0,1,0.546
ITM10967,Automotive,77,18.06,4,91,94.0,21.6153,171.41,0.0,0.0,0.0,1,0.538
ITM10968,Pharma,344,17.98,7,26,135.0,9.270315731273666,242.51,101.49000000000001,10863.4896,15558.417000000001,0,0.852
ITM10969,Automotive,431,30.19,9,82,314.0,42.78645,333.97,97.02999999999997,6594.158799999997,45686.57549999999,1,0.49
ITM10970,Pharma,337,48.58,2,23,110.0,12.911416271075765,176.14,160.86,17232.931800000002,81612.32100000001,1,0.532
ITM10971,Automotive,188,49.17,5,58,262.0,16.18466002114348,369.39,0.0,0.0,0.0,1,0.464
ITM10972,Automotive,472,29.4,4,38,138.0,20.4638,429.92,42.079999999999984,5948.849599999998,26264.23199999999,1,0.558
ITM10973,Automotive,101,1.05,6,13,33.0,26.312051393515482,195.86,0.0,0.0,0.0,1,0.643
ITM10974,Pharma,493,45.13,3,91,138.0,2.592793456390231,351.23,141.76999999999998,10262.7303,18628.577999999998,0,0.749
ITM10975,Pharma,487,28.94,2,29,81.0,23.263813101037414,286.34000000000003,200.65999999999997,29151.884799999996,93015.94299999998,1,0.665
ITM10976,Automotive,444,18.93,4,56,89.0,13.0284,383.46,60.54000000000002,8117.203200000004,34029.53400000001,1,0.404
ITM10977,Apparel,452,41.63,4,18,170.0,3.5532000000000004,341.14,110.86000000000001,13149.104600000002,25087.618000000002,1,0.706
ITM10978,Groceries,238,20.59,9,86,228.0,42.441,407.78999999999996,0.0,0.0,0.0,1,0.577
ITM10979,Groceries,196,2.67,2,88,28.0,23.10096640933015,125.02,70.98,8140.6962,40675.089,1,0.473
ITM10980,Groceries,223,41.23,6,36,281.0,33.282931778014984,472.57,0.0,0.0,0.0,1,0.456
ITM10981,Pharma,90,27.75,6,24,201.0,34.61263728488483,430.74,0.0,0.0,0.0,1,0.654
ITM10982,Pharma,406,17.57,5,28,112.0,23.725240258267146,151.94,254.06,7987.6464000000005,23182.975,1,0.548
ITM10983,Apparel,285,13.29,8,99,149.0,43.084581863121294,298.24,0.0,0.0,0.0,1,0.644
ITM10984,Groceries,117,30.1,7,61,214.0,3.6558991616290513,346.35,0.0,0.0,0.0,1,0.706
ITM10985,Groceries,364,11.19,6,35,98.0,31.34881467711339,140.94,223.06,7940.936000000001,12212.534999999998,1,0.782
ITM10986,Automotive,310,16.87,9,98,186.0,33.90345,294.97,15.029999999999973,1329.2531999999976,9984.428999999982,1,0.532
ITM10987,Pharma,227,32.19,5,35,165.0,3.5679818682975397,330.2,0.0,0.0,0.0,1,0.754
ITM10988,Groceries,21,44.2,7,35,334.0,24.677319340996096,532.46,0.0,0.0,0.0,1,0.724
ITM10989,Apparel,143,27.11,4,55,126.0,17.7331,219.78,0.0,0.0,0.0,1,0.617
ITM10990,Apparel,299,38.2,2,58,93.0,16.447515862433452,241.13,57.870000000000005,5484.3399,27248.089500000006,1,0.563
ITM10991,Groceries,93,38.39,6,91,235.0,4.996469177329127,457.88,0.0,0.0,0.0,1,0.596
ITM10992,Pharma,185,33.55,5,62,198.0,29.97840435734531,330.45,0.0,0.0,0.0,1,0.499
ITM10993,Apparel,41,13.05,4,12,58.0,5.9878,340.82,0.0,0.0,0.0,1,0.501
ITM10994,Automotive,173,43.47,6,75,279.0,18.051759608414912,297.9,0.0,0.0,0.0,1,0.618
ITM10995,Apparel,446,22.38,3,51,92.0,25.27261314085862,177.47,268.53,31998.034799999998,17642.421,1,0.763
ITM10996,Electronics,458,3.17,8,28,52.0,27.12560607580963,100.68,357.32,4931.0160000000005,202153.79,1,0.488
ITM10997,Electronics,314,12.99,4,26,65.0,13.5219,231.97,82.03,16286.2362,49103.158,1,0.717
ITM10998,Pharma,238,38.51,9,42,351.0,4.7376,412.44,0.0,0.0,0.0,1,0.647
ITM10999,Groceries,176,4.39,9,85,74.0,34.00215,299.13,0.0,0.0,0.0,1,0.742
ITM11000,Pharma,249,8.22,6,58,89.0,39.77028288728909,365.32,0.0,0.0,0.0,1,0.593
ITM11001,Pharma,39,35.02,9,65,360.0,45.2046,430.09000000000003,0.0,0.0,0.0,1,0.594
ITM11002,Pharma,494,44.74,4,72,203.0,24.049899999999997,475.96,18.04000000000002,2131.2456000000025,6584.600000000008,1,0.61
ITM11003,Pharma,60,32.05,2,12,68.0,3.4895719651556125,261.21000000000004,0.0,0.0,0.0,1,0.505
ITM11004,Automotive,457,11.89,2,58,30.0,6.444076228987364,96.89,360.11,23918.5062,36803.242000000006,1,0.598
ITM11005,Automotive,167,3.62,8,64,40.0,10.608298774073061,263.6,0.0,0.0,0.0,1,0.501
ITM11006,Apparel,127,31.14,2,35,71.0,9.026359483202517,107.35,19.650000000000006,1605.6015000000004,3657.847500000001,1,0.592
ITM11007,Electronics,422,3.32,7,81,35.0,11.925194884361431,245.72,176.28,25803.8664,14155.284,1,0.605
ITM11008,Pharma,103,31.02,3,61,101.0,8.034810491231264,360.77,0.0,0.0,0.0,0,0.759
ITM11009,Apparel,386,12.05,2,16,39.0,14.795785132259798,324.61,61.389999999999986,11271.203999999998,7394.425499999999,1,0.534
ITM11010,Electronics,341,45.33,9,55,425.0,17.42055,450.81,0.0,0.0,0.0,1,0.62
ITM11011,Groceries,433,24.28,3,55,93.0,19.745119398664063,120.96000000000001,312.03999999999996,12050.984799999998,55808.354,1,0.756
ITM11012,Automotive,328,11.97,2,25,46.0,22.100622445985543,325.82,2.180000000000007,410.51580000000126,151.18300000000048,1,0.641
ITM11013,Electronics,309,42.8,7,33,328.0,28.594354157027226,566.98,0.0,0.0,0.0,1,0.809
ITM11014,Groceries,425,13.45,9,70,159.0,37.7034,393.53999999999996,31.460000000000036,4508.532600000005,19520.930000000022,1,0.386
ITM11015,Electronics,342,16.02,4,63,89.0,25.1356,314.36,27.639999999999986,4689.402399999997,8070.8799999999965,1,0.669
ITM11016,Automotive,153,41.88,6,71,266.0,14.667054681837113,484.03,0.0,0.0,0.0,1,0.523
ITM11017,Automotive,226,16.13,6,10,99.0,2.5788228012021297,286.83000000000004,0.0,0.0,0.0,0,0.726
ITM11018,Apparel,302,21.1,2,58,45.0,2.3729089363058162,290.69,11.310000000000002,737.0727000000002,5366.595000000001,1,0.566
ITM11019,Pharma,285,18.04,6,34,121.0,12.813525793473083,140.91,144.09,14505.5403,8940.784500000002,1,0.668
ITM11020,Electronics,92,6.7,2,19,30.0,16.400988236231377,254.69,0.0,0.0,0.0,1,0.555
ITM11021,Electronics,371,2.91,2,89,27.0,21.193333735045083,206.05,164.95,17502.8445,115596.95999999998,1,0.579
ITM11022,Groceries,67,36.5,9,25,376.0,47.425349999999995,649.1600000000001,0.0,0.0,0.0,1,0.64
ITM11023,Automotive,345,32.61,8,67,264.0,3.4895719651556125,545.55,0.0,0.0,0.0,1,0.498
ITM11024,Electronics,252,14.84,5,81,111.0,36.4522683658027,190.99,61.00999999999999,1256.1958999999997,39415.5105,1,0.399
ITM11025,Automotive,462,15.48,5,38,90.0,13.09486128983427,328.94,133.06,10469.160800000001,44681.548,1,0.53
ITM11026,Electronics,119,47.31,8,15,418.0,39.59500989796568,705.53,0.0,0.0,0.0,1,0.422
ITM11027,Apparel,78,49.4,5,25,255.0,8.12911332880161,342.33,0.0,0.0,0.0,1,0.658
ITM11028,Pharma,277,24.2,3,29,76.0,3.1341459362958837,332.81,0.0,0.0,0.0,1,0.621
ITM11029,Electronics,432,40.32,5,89,217.0,15.04437715601746,397.09000000000003,34.90999999999997,871.7026999999991,24337.506499999974,1,0.429
ITM11030,Automotive,471,37.1,2,80,94.0,20.146462145498404,218.55,252.45,40179.941999999995,53443.66499999999,1,0.578
ITM11031,Apparel,84,15.57,7,87,120.0,11.315878357423255,368.85,0.0,0.0,0.0,1,0.581
ITM11032,Electronics,102,3.87,7,52,36.0,8.530431377134454,298.39,0.0,0.0,0.0,1,0.703
ITM11033,Groceries,173,7.99,4,35,62.0,30.070600000000002,153.97,19.03,2285.1224,12919.467,1,0.589
ITM11034,Pharma,492,42.08,9,99,425.0,46.43835,665.39,0.0,0.0,0.0,1,0.545
ITM11035,Electronics,285,36.83,5,87,186.0,2.280565730252036,210.4,74.6,5309.282,50373.649999999994,0,0.625
ITM11036,Apparel,328,33.55,7,80,267.0,32.25025331865628,398.12,0.0,0.0,0.0,1,0.611
ITM11037,Groceries,98,7.4,5,42,50.0,12.653461471075811,80.24,17.760000000000005,2245.0416000000005,12899.976000000004,1,0.559
ITM11038,Apparel,334,32.36,9,35,311.0,20.036099999999998,406.21,0.0,0.0,0.0,1,0.523
ITM11039,Apparel,169,38.84,4,54,172.0,16.3184,457.61,0.0,0.0,0.0,1,0.429
ITM11040,Groceries,454,43.17,7,93,322.0,19.802787125490696,545.0699999999999,0.0,0.0,0.0,1,0.721
ITM11041,Apparel,67,1.65,2,72,16.0,12.539195261459167,245.12,0.0,0.0,0.0,1,0.7
ITM11042,Groceries,424,34.54,3,76,121.0,17.18081817805834,170.0,254.0,49667.159999999996,176149.0,1,0.455
ITM11043,Electronics,398,1.94,8,61,38.0,22.89159209142082,215.82,182.18,36275.6816,27263.236999999997,1,0.568
ITM11044,Groceries,267,35.64,8,77,318.0,33.31378036068558,440.76,0.0,0.0,0.0,1,0.822
ITM11045,Groceries,297,32.15,8,35,291.0,34.10475000612085,513.91,0.0,0.0,0.0,1,0.647
ITM11046,Pharma,375,8.27,5,84,59.0,17.214592931579883,114.55,260.45,49782.41299999999,42778.9125,1,0.603
ITM11047,Groceries,117,38.54,7,11,278.0,8.051682677397316,369.76,0.0,0.0,0.0,1,0.4
ITM11048,Groceries,433,4.35,9,23,72.0,32.52165,342.59,90.41000000000003,13468.377700000003,53129.436500000025,1,0.666
ITM11049,Electronics,44,41.49,9,39,412.0,38.690400000000004,471.24,0.0,0.0,0.0,1,0.719
ITM11050,Pharma,303,13.83,7,58,125.0,28.55083154796021,318.4,0.0,0.0,0.0,1,0.499
ITM11051,Automotive,468,34.75,4,21,159.0,20.0361,260.39,207.61,32036.299100000004,79566.53250000002,1,0.631
ITM11052,Electronics,388,46.26,2,99,99.0,6.234701911078028,132.75,255.25,44242.482500000006,166767.58750000002,1,0.561
ITM11053,Electronics,320,17.65,6,53,133.0,26.714992456203312,207.87,112.13,16765.6776,69985.9395,1,0.62
ITM11054,Automotive,87,25.64,7,42,195.0,16.016320136660607,457.13,0.0,0.0,0.0,1,0.752
ITM11055,Groceries,26,23.69,3,22,97.0,26.326825864885418,371.06,0.0,0.0,0.0,1,0.48
ITM11056,Apparel,324,8.72,4,87,57.0,22.0759,188.75,135.25,18760.5275,29619.749999999996,1,0.453
ITM11057,Pharma,156,29.93,7,97,223.0,13.666099247041931,413.06,0.0,0.0,0.0,1,0.626
ITM11058,Apparel,183,37.41,7,35,284.0,21.717781924439247,444.94,0.0,0.0,0.0,1,0.651
ITM11059,Automotive,102,45.93,4,30,212.0,28.0966,303.11,0.0,0.0,0.0,1,0.52
ITM11060,Electronics,404,42.69,4,37,183.0,12.1401,292.99,111.00999999999999,19456.7227,53079.4315,1,0.477
ITM11061,Electronics,157,25.99,5,57,150.0,20.194041708199478,312.78,0.0,0.0,0.0,1,0.607
ITM11062,Pharma,439,36.23,7,49,284.0,30.29173591064071,495.65,0.0,0.0,0.0,1,0.45
ITM11063,Electronics,92,40.24,6,75,272.0,30.905579508156773,383.46,0.0,0.0,0.0,1,0.642
ITM11064,Electronics,256,25.18,3,82,82.0,6.125830693669227,294.69,0.0,0.0,0.0,1,0.566
ITM11065,Pharma,65,6.66,2,96,27.0,13.655858290308963,315.68,0.0,0.0,0.0,1,0.703
ITM11066,Pharma,125,22.46,2,88,66.0,21.33291661365131,83.12,41.879999999999995,2278.2719999999995,3362.964,1,0.445
ITM11067,Automotive,435,42.28,6,86,293.0,39.085283080719776,350.51,84.49000000000001,1078.9373,37006.62,1,0.564
ITM11068,Electronics,307,30.24,9,32,305.0,33.21255,580.72,0.0,0.0,0.0,1,0.712
ITM11069,Electronics,281,36.5,4,90,178.0,32.3736,208.76,72.24000000000001,10544.872800000001,7646.604,1,0.554
ITM11070,Automotive,195,10.08,4,57,60.0,19.4768,291.86,0.0,0.0,0.0,1,0.574
ITM11071,Groceries,185,48.25,9,11,457.0,23.1945,647.95,0.0,0.0,0.0,1,0.53
ITM11072,Groceries,164,20.8,4,93,102.0,18.884600000000002,125.83,38.17,2127.2141,16857.7805,1,0.468
ITM11073,Groceries,349,33.03,9,29,305.0,7.896000000000001,315.21,33.79000000000002,6039.286700000003,22446.697000000015,1,0.577
ITM11074,Automotive,389,1.92,7,68,32.0,18.80176711694941,187.58,201.42,34640.211599999995,64696.10399999999,1,0.499
ITM11075,Electronics,302,7.24,9,55,89.0,23.934749999999998,133.03,168.97,12224.9795,120881.13799999999,1,0.544
ITM11076,Automotive,73,39.32,4,12,185.0,28.1624,447.94,0.0,0.0,0.0,1,0.699
ITM11077,Automotive,197,48.43,4,64,219.0,25.3659,368.41999999999996,0.0,0.0,0.0,1,0.519
ITM11078,Groceries,438,16.68,7,21,144.0,27.027540230614775,221.99,216.01,30096.673300000002,53613.682,1,0.542
ITM11079,Apparel,263,2.82,9,49,44.0,18.753,102.78,160.22,29808.931,17544.089999999997,1,0.572
ITM11080,Electronics,360,18.68,7,75,141.0,9.923154867278853,393.37,0.0,0.0,0.0,1,0.535
ITM11081,Groceries,146,1.86,6,87,26.0,15.311760382137644,244.43,0.0,0.0,0.0,1,0.701
ITM11082,Apparel,428,10.43,5,25,78.0,25.60118948799059,296.21000000000004,131.78999999999996,18206.788499999995,79851.56099999997,1,0.593
ITM11083,Apparel,431,37.87,7,92,278.0,13.056782720103756,312.74,118.25999999999999,20796.020999999997,28920.483,1,0.538
ITM11084,Pharma,386,46.92,3,43,154.0,12.99245951773566,345.11,40.889999999999986,8124.025199999997,21491.783999999992,1,0.326
ITM11085,Electronics,290,5.29,4,53,35.0,13.7193,297.15,0.0,0.0,0.0,1,0.764
ITM11086,Apparel,151,28.34,5,15,170.0,28.580638264610187,402.11,0.0,0.0,0.0,1,0.582
ITM11087,Groceries,112,13.44,2,86,48.0,20.7047936599233,92.27000000000001,19.72999999999999,1458.4415999999992,12602.537499999993,0,0.638
ITM11088,Pharma,398,7.81,6,73,76.0,28.76999187591126,361.29,36.70999999999998,6028.516199999996,14605.073499999991,1,0.595
ITM11089,Electronics,92,11.73,9,31,124.0,18.50625,154.22,0.0,0.0,0.0,1,0.518
ITM11090,Automotive,430,29.31,5,27,164.0,16.993893022200652,335.5,94.5,16970.31,28628.775,1,0.545
ITM11091,Groceries,429,4.19,7,21,37.0,8.09520528646433,321.05,107.94999999999999,8128.634999999998,75651.35999999999,1,0.525
ITM11092,Apparel,422,22.28,4,61,96.0,6.909000000000001,344.45,77.55000000000001,3494.4030000000007,35948.302500000005,1,0.635
ITM11093,Apparel,267,7.63,4,60,37.0,6.7774,244.44,22.560000000000002,318.99840000000006,8810.808,0,0.664
ITM11094,Groceries,367,14.36,4,80,63.0,5.7246,321.34,45.660000000000025,2673.3930000000014,11332.812000000007,1,0.637
ITM11095,Apparel,292,10.35,5,57,60.0,8.12911332880161,265.25,26.75,2133.58,16305.4625,1,0.636
ITM11096,Pharma,62,44.27,4,28,185.0,7.994700000000001,210.94,0.0,0.0,0.0,1,0.419
ITM11097,Electronics,396,35.69,7,15,257.0,6.789527014453953,368.75,27.25,2816.56,8852.1625,0,0.693
ITM11098,Pharma,60,43.55,9,93,424.0,32.4723,557.87,0.0,0.0,0.0,1,0.609
ITM11099,Apparel,189,19.79,5,36,135.0,36.4522683658027,303.45,0.0,0.0,0.0,0,0.772
ITM11100,Automotive,453,16.36,4,62,95.0,29.1165,171.6,281.4,50134.223999999995,155093.61,1,0.534
ITM11101,Electronics,231,19.65,2,57,41.0,2.1635346183964796,306.54,0.0,0.0,0.0,1,0.527
ITM11102,Electronics,187,1.91,2,16,14.0,10.51524352166891,90.32,96.68,3055.088,21172.920000000002,0,0.73
ITM11103,Groceries,58,36.51,3,68,134.0,24.674276189383956,334.7,0.0,0.0,0.0,1,0.329
ITM11104,Groceries,388,18.14,4,78,78.0,5.8562,342.22,45.77999999999997,4431.961799999997,13701.953999999992,1,0.678
ITM11105,Automotive,264,16.35,4,20,94.0,28.129500000000004,316.52,0.0,0.0,0.0,1,0.656
ITM11106,Electronics,170,30.31,5,24,174.0,22.548174074911255,223.44,0.0,0.0,0.0,1,0.417
ITM11107,Automotive,130,22.38,5,73,146.0,34.39240254492989,431.9,0.0,0.0,0.0,1,0.561
ITM11108,Groceries,499,49.06,8,12,434.0,41.03736631023,470.65999999999997,28.340000000000032,5023.265000000006,2482.5840000000026,1,0.691
ITM11109,Groceries,455,18.46,9,78,200.0,34.199549999999995,268.02,186.98000000000002,30384.250000000004,110561.27400000002,1,0.654
ITM11110,Electronics,66,31.08,4,32,147.0,22.2075,197.38,0.0,0.0,0.0,1,0.572
ITM11111,Pharma,82,16.27,3,62,56.0,7.2085356534805305,259.40999999999997,0.0,0.0,0.0,1,0.736
ITM11112,Apparel,244,49.54,9,46,454.0,7.9453499999999995,698.15,0.0,0.0,0.0,1,0.612
ITM11113,Groceries,385,22.81,4,18,106.0,14.640500000000001,185.01999999999998,199.98000000000002,4189.581,20437.956000000006,1,0.561
ITM11114,Groceries,88,32.07,9,24,300.0,11.20245,593.98,0.0,0.0,0.0,1,0.569
ITM11115,Pharma,318,7.21,7,12,57.0,6.39782353285084,107.38,210.62,26818.2446,113008.16100000001,1,0.446
ITM11116,Pharma,451,36.92,5,79,197.0,12.395978243466711,298.6,152.39999999999998,20145.755999999998,48950.88,1,0.77
ITM11117,Automotive,309,14.19,4,26,85.0,28.5243,237.19,71.81,4368.2023,30928.567,1,0.504
ITM11118,Automotive,315,22.98,9,35,210.0,3.2571000000000003,454.57,0.0,0.0,0.0,1,0.646
ITM11119,Apparel,222,44.27,5,30,233.0,12.064928379397866,352.2,0.0,0.0,0.0,1,0.814
ITM11120,Apparel,80,48.56,4,81,209.0,14.9037,271.17,0.0,0.0,0.0,1,0.505
ITM11121,Electronics,453,21.8,6,30,152.0,21.55734685379905,296.83000000000004,156.16999999999996,15554.531999999996,78662.82899999997,1,0.546
ITM11122,Automotive,470,41.91,5,20,218.0,8.165896647031483,366.18,103.82,1242.7254,22736.579999999998,1,0.56
ITM11123,Groceries,337,3.61,9,47,80.0,47.6721,94.7,242.3,9883.417,171572.63,1,0.547
ITM11124,Automotive,333,42.53,3,81,145.0,17.09534147070482,161.06,171.94,5061.9136,43303.08899999999,1,0.511
ITM11125,Groceries,180,31.85,6,97,213.0,22.00058202275567,303.52,0.0,0.0,0.0,1,0.576
ITM11126,Pharma,350,24.95,7,44,177.0,2.524311325886726,401.95,0.0,0.0,0.0,1,0.632
ITM11127,Automotive,35,44.61,4,23,195.0,16.8119,311.14,0.0,0.0,0.0,1,0.531
ITM11128,Pharma,357,42.42,8,23,379.0,39.36237176695531,450.25,0.0,0.0,0.0,1,0.643
ITM11129,Apparel,113,15.55,7,19,120.0,11.27235574835624,162.76,0.0,0.0,0.0,1,0.509
ITM11130,Apparel,323,39.78,5,21,213.0,14.124794200270673,304.35,18.649999999999977,301.0109999999996,816.869999999999,1,0.679
ITM11131,Electronics,157,5.88,6,47,38.0,2.820587438814829,187.62,0.0,0.0,0.0,1,0.464
ITM11132,Automotive,357,41.32,7,43,332.0,42.56511166753825,369.08,0.0,0.0,0.0,1,0.439
ITM11133,Pharma,57,34.1,3,50,106.0,3.2196226436494073,120.33,0.0,0.0,0.0,1,0.525
ITM11134,Groceries,146,5.31,8,19,84.0,42.014446460473565,130.92000000000002,15.079999999999984,1114.1103999999987,4403.359999999995,1,0.643
ITM11135,Apparel,294,34.47,5,26,185.0,12.763811425765427,409.01,0.0,0.0,0.0,1,0.715
ITM11136,Apparel,183,29.45,6,26,201.0,24.49881661142023,346.23,0.0,0.0,0.0,1,0.671
ITM11137,Groceries,462,30.13,7,76,241.0,30.2482133015737,380.1,81.89999999999998,8883.692999999997,28398.824999999993,1,0.491
ITM11138,Pharma,338,15.25,6,71,99.0,7.414115553456123,114.73,223.26999999999998,2728.3594,130389.68,1,0.475
ITM11139,Pharma,96,14.06,6,10,103.0,19.018818158865706,319.16999999999996,0.0,0.0,0.0,1,0.621
ITM11140,Automotive,193,38.36,7,21,284.0,15.624616655057494,352.55,0.0,0.0,0.0,1,0.857
ITM11141,Automotive,406,13.58,2,13,30.0,2.4194365625078915,66.35,339.65,17454.6135,211992.54749999996,1,0.706
ITM11142,Electronics,477,22.87,4,51,119.0,27.7018,373.19,103.81,19318.0029,69339.8895,0,0.752
ITM11143,Apparel,377,35.04,9,22,320.0,4.589550000000001,470.83000000000004,0.0,0.0,0.0,1,0.556
ITM11144,Automotive,340,4.9,5,94,49.0,24.681606532243805,276.19,63.81,10645.422300000002,36100.5075,1,0.524
ITM11145,Pharma,395,30.13,5,95,163.0,12.800594743995296,411.35,0.0,0.0,0.0,1,0.497
ITM11146,Groceries,110,29.88,8,13,250.0,10.840936905083435,539.74,0.0,0.0,0.0,1,0.856
ITM11147,Pharma,257,34.53,8,91,308.0,31.824896322219182,498.87,0.0,0.0,0.0,1,0.524
ITM11148,Apparel,283,19.13,8,78,181.0,27.7304652164366,210.8,72.19999999999999,6436.629999999999,20291.809999999998,1,0.497
ITM11149,Pharma,198,23.0,5,28,128.0,12.83737806222517,299.73,0.0,0.0,0.0,1,0.54
ITM11150,Electronics,228,17.17,6,11,125.0,21.63793506633662,282.76,0.0,0.0,0.0,1,0.478
ITM11151,Apparel,92,40.6,8,21,338.0,13.213845841389253,364.69,0.0,0.0,0.0,1,0.361
ITM11152,Groceries,409,7.4,7,90,90.0,37.90819249736791,188.82999999999998,220.17000000000002,39822.1479,75540.327,1,0.665
ITM11153,Electronics,126,48.18,4,83,204.0,11.4492,333.53,0.0,0.0,0.0,1,0.692
ITM11154,Apparel,364,32.11,3,15,104.0,8.063302727015772,160.68,203.32,24323.171599999998,79406.626,1,0.677
ITM11155,Groceries,314,44.46,5,17,250.0,28.10245512762186,262.54,51.45999999999998,1642.6031999999993,12584.542999999996,1,0.639
ITM11156,Electronics,388,21.89,7,60,156.0,2.916014807489839,385.52,2.480000000000018,242.42000000000178,443.54800000000324,1,0.689
ITM11157,Electronics,463,17.28,4,20,79.0,10.0345,335.97,127.02999999999997,13894.541399999996,41729.354999999996,1,0.574
ITM11158,Apparel,303,45.14,4,72,194.0,13.390300000000002,270.44,32.56,2275.9440000000004,2020.3480000000002,1,0.659
ITM11159,Automotive,372,5.84,2,66,32.0,20.658266033721226,43.1,328.9,33547.799999999996,108043.65,1,0.391
ITM11160,Electronics,201,6.74,9,21,108.0,47.03055,376.08,0.0,0.0,0.0,1,0.825
ITM11161,Electronics,56,15.67,7,82,142.0,31.815027227986146,190.85,0.0,0.0,0.0,1,0.448
ITM11162,Groceries,156,48.03,5,11,259.0,19.053758843073457,385.94,0.0,0.0,0.0,1,0.727
ITM11163,Pharma,357,32.02,8,17,287.0,30.661705667167315,403.13,0.0,0.0,0.0,1,0.616
ITM11164,Apparel,75,28.16,6,20,187.0,17.85028907707099,244.64,0.0,0.0,0.0,1,0.664
ITM11165,Apparel,206,35.56,8,62,300.0,15.540227151492994,483.65999999999997,0.0,0.0,0.0,1,0.66
ITM11166,Automotive,360,21.46,4,19,117.0,31.3537,393.38,0.0,0.0,0.0,1,0.517
ITM11167,Automotive,277,38.15,4,94,158.0,5.264,316.98,0.0,0.0,0.0,1,0.612
ITM11168,Apparel,464,20.27,3,93,72.0,10.798557362328545,364.14,99.86000000000001,16443.946200000002,12028.137000000002,1,0.574
ITM11169,Automotive,77,41.49,8,17,374.0,42.06097408667564,439.32,0.0,0.0,0.0,1,0.606
ITM11170,Groceries,382,14.1,9,45,163.0,36.37095,419.07,0.0,0.0,0.0,1,0.71
ITM11171,Apparel,142,14.6,9,85,135.0,3.8493000000000004,219.5,0.0,0.0,0.0,1,0.561
ITM11172,Automotive,207,26.6,2,23,55.0,1.6749945432746938,137.66,69.34,4855.1868,3796.365,1,0.74
ITM11173,Apparel,249,22.11,9,63,226.0,26.698349999999998,270.13,0.0,0.0,0.0,1,0.694
ITM11174,Pharma,187,32.76,4,94,148.0,16.779,408.45,0.0,0.0,0.0,1,0.427
ITM11175,Electronics,439,18.85,4,95,91.0,15.4959,311.27,127.73000000000002,9791.7818,71797.03300000001,1,0.412
ITM11176,Apparel,133,12.3,9,30,127.0,16.630950000000002,236.07999999999998,0.0,0.0,0.0,1,0.741
ITM11177,Electronics,271,24.02,6,59,184.0,39.77028288728909,295.33,0.0,0.0,0.0,1,0.611
ITM11178,Automotive,126,28.49,6,48,183.0,12.41058473078525,437.99,0.0,0.0,0.0,1,0.496
ITM11179,Electronics,56,7.99,9,29,97.0,25.464600000000004,376.0,0.0,0.0,0.0,1,0.548
ITM11180,Apparel,354,28.28,3,97,97.0,12.394122566260991,281.7,72.30000000000001,8455.485000000002,21375.495000000006,1,0.692
ITM11181,Pharma,111,16.64,7,96,126.0,9.226793122206654,253.98000000000002,0.0,0.0,0.0,1,0.753
ITM11182,Automotive,37,20.23,3,16,68.0,6.895121059850943,93.41,0.0,0.0,0.0,1,0.758
ITM11183,Apparel,373,14.69,3,18,70.0,26.26984139331641,116.7,256.3,24456.146,149679.2,1,0.586
ITM11184,Automotive,82,46.64,9,10,462.0,42.68775,513.12,0.0,0.0,0.0,1,0.579
ITM11185,Groceries,169,34.48,6,35,217.0,9.630291398239203,307.27,0.0,0.0,0.0,1,0.511
ITM11186,Electronics,158,13.86,8,47,152.0,41.03736631023,236.54000000000002,0.0,0.0,0.0,1,0.721
ITM11187,Groceries,205,32.61,8,47,272.0,11.585378924316633,439.44,0.0,0.0,0.0,1,0.494
ITM11188,Apparel,204,42.58,9,70,415.0,31.830750000000002,698.79,0.0,0.0,0.0,1,0.665
ITM11189,Pharma,224,20.68,8,53,171.0,5.909008527663504,430.88,0.0,0.0,0.0,1,0.646
ITM11190,Automotive,279,41.67,7,95,330.0,38.56103163337309,487.65999999999997,0.0,0.0,0.0,1,0.691
ITM11191,Electronics,233,8.57,6,53,55.0,3.989116520609544,70.02,162.98000000000002,18310.803,91016.18100000001,1,0.516
ITM11192,Automotive,275,41.32,9,83,400.0,28.47495,429.84,0.0,0.0,0.0,1,0.644
ITM11193,Apparel,154,27.47,2,71,73.0,18.401676162920594,332.5,0.0,0.0,0.0,1,0.441
ITM11194,Automotive,80,11.93,5,15,66.0,5.922114235009318,158.25,0.0,0.0,0.0,1,0.464
ITM11195,Electronics,382,20.95,5,26,121.0,15.963960111764248,223.25,158.75,20899.4375,57943.75,1,0.593
ITM11196,Apparel,329,49.41,9,60,449.0,4.4415000000000004,499.54,0.0,0.0,0.0,1,0.593
ITM11197,Automotive,107,39.39,9,47,389.0,34.49565,463.7,0.0,0.0,0.0,1,0.488
ITM11198,Pharma,343,29.18,2,33,66.0,7.9562240805547955,147.68,195.32,31979.743599999998,122621.89600000001,1,0.528
ITM11199,Apparel,495,6.64,8,60,80.0,27.032550823405476,209.51,285.49,24717.7242,204239.54599999997,1,0.302
ITM11200,Apparel,226,21.47,5,19,142.0,34.429185863159766,332.71000000000004,0.0,0.0,0.0,0,0.76
ITM11201,Pharma,148,13.89,7,81,112.0,14.84120969185127,224.42000000000002,0.0,0.0,0.0,1,0.605
ITM11202,Groceries,330,4.48,9,30,45.0,4.7376,185.46,144.54,25508.419199999997,57505.238999999994,1,0.567
ITM11203,Electronics,22,27.57,6,79,193.0,27.88352153799803,255.75,0.0,0.0,0.0,1,0.683
ITM11204,Groceries,481,44.57,5,94,252.0,29.316304629207618,278.35,202.64999999999998,17561.648999999998,127223.66999999998,1,0.598
ITM11205,Automotive,441,34.1,7,66,280.0,41.781704704332014,390.99,50.00999999999999,8136.126899999998,21721.843499999995,1,0.546
ITM11206,Pharma,261,13.23,6,48,87.0,8.058821253756655,115.12,145.88,19114.6564,36739.878,1,0.712
ITM11207,Groceries,140,29.11,9,97,283.0,20.87505,379.92,0.0,0.0,0.0,1,0.733
ITM11208,Apparel,404,47.22,7,42,368.0,37.08126292509466,620.9,0.0,0.0,0.0,1,0.577
ITM11209,Automotive,121,36.42,2,68,92.0,19.00653530354757,208.41,0.0,0.0,0.0,1,0.544
ITM11210,Automotive,57,34.78,9,27,345.0,31.781399999999998,411.05,0.0,0.0,0.0,1,0.639
ITM11211,Groceries,360,48.44,3,65,154.0,8.718624150059458,425.6,0.0,0.0,0.0,1,0.722
ITM11212,Groceries,432,40.14,2,66,88.0,7.4444201923319735,283.40999999999997,148.59000000000003,20484.617400000006,69963.60150000002,1,0.598
ITM11213,Pharma,152,7.69,5,85,45.0,6.1795974626184185,341.59,0.0,0.0,0.0,1,0.58
ITM11214,Electronics,221,18.03,6,57,145.0,37.312342404893315,242.07,0.0,0.0,0.0,1,0.59
ITM11215,Groceries,367,48.29,7,51,347.0,9.313838340340679,415.11,0.0,0.0,0.0,1,0.646
ITM11216,Groceries,40,25.0,5,36,147.0,21.849291028543696,243.4,0.0,0.0,0.0,1,0.704
ITM11217,Apparel,261,6.47,5,83,55.0,22.253907529072283,300.62,0.0,0.0,0.0,1,0.559
ITM11218,Automotive,474,23.47,9,61,231.0,19.78935,284.94,189.06,29729.685,62106.21,1,0.599
ITM11219,Electronics,470,35.15,3,51,116.0,10.969510777035593,195.91,274.09000000000003,14839.232600000001,51021.85350000001,1,0.712
ITM11220,Apparel,128,49.88,8,41,431.0,31.87142394842126,644.47,0.0,0.0,0.0,1,0.487
ITM11221,Pharma,322,16.87,5,35,100.0,15.412210338316179,324.02,0.0,0.0,0.0,0,0.806
ITM11222,Pharma,103,26.19,3,34,87.0,8.319732849076345,375.06,0.0,0.0,0.0,1,0.32
ITM11223,Groceries,102,44.1,6,84,282.0,17.286171589308026,576.24,0.0,0.0,0.0,1,0.437
ITM11224,Groceries,310,18.41,6,32,143.0,32.920284821595935,345.41999999999996,0.0,0.0,0.0,1,0.568
ITM11225,Pharma,471,6.35,7,66,87.0,42.12988557686812,202.20999999999998,268.79,47962.8876,121654.35399999999,1,0.659
ITM11226,Groceries,88,47.5,8,61,410.0,30.42906753615694,551.37,0.0,0.0,0.0,1,0.442
ITM11227,Electronics,148,24.93,3,96,97.0,22.594342977114866,234.39,0.0,0.0,0.0,1,0.535
ITM11228,Groceries,215,25.64,2,40,64.0,12.934680084176803,186.34,28.659999999999997,3640.6797999999994,17260.484999999997,1,0.65
ITM11229,Automotive,159,31.44,6,73,215.0,25.94940443709643,323.09000000000003,0.0,0.0,0.0,1,0.585
ITM11230,Groceries,463,1.17,9,80,59.0,48.80715,117.69,345.31,40539.394,136121.20200000002,1,0.67
ITM11231,Apparel,302,46.63,8,42,395.0,21.68187381016687,511.19,0.0,0.0,0.0,1,0.871
ITM11232,Electronics,331,18.71,7,94,136.0,4.9180548245724145,427.08,0.0,0.0,0.0,1,0.695
ITM11233,Apparel,253,20.45,2,11,63.0,22.30999676389488,328.83,0.0,0.0,0.0,1,0.618
ITM11234,Apparel,42,9.53,6,27,90.0,32.35616733383297,279.02,0.0,0.0,0.0,1,0.716
ITM11235,Automotive,172,19.53,6,56,134.0,17.245877483039244,199.91,0.0,0.0,0.0,1,0.427
ITM11236,Electronics,296,40.39,7,42,326.0,42.7827247128733,590.81,0.0,0.0,0.0,1,0.702
ITM11237,Electronics,80,40.2,7,93,298.0,16.45154622733073,398.44,0.0,0.0,0.0,1,0.629
ITM11238,Electronics,338,46.85,4,44,201.0,13.2916,369.26,0.0,0.0,0.0,1,0.548
ITM11239,Electronics,397,20.76,9,60,218.0,31.04115,492.42,0.0,0.0,0.0,1,0.652
ITM11240,Electronics,71,35.73,5,27,190.0,11.439611969490048,297.06,0.0,0.0,0.0,1,0.48
ITM11241,Automotive,363,25.85,5,97,156.0,26.263289216128282,430.87,0.0,0.0,0.0,1,0.711
ITM11242,Groceries,172,40.4,2,81,85.0,4.536443554702296,163.19,8.810000000000002,1441.4041000000004,6174.048000000001,1,0.528
ITM11243,Apparel,256,35.91,5,39,185.0,5.627847689170347,464.32,0.0,0.0,0.0,1,0.585
ITM11244,Electronics,330,19.03,2,53,51.0,12.981207710378877,165.01,164.99,7587.8901000000005,116829.419,1,0.487
ITM11245,Groceries,321,17.5,8,62,167.0,26.892967944799253,285.63,35.370000000000005,2328.0534000000002,14588.3565,1,0.466
ITM11246,Groceries,51,13.37,6,19,86.0,6.084410046586275,256.37,0.0,0.0,0.0,1,0.6
ITM11247,Apparel,74,29.25,4,96,149.0,31.7814,259.64,0.0,0.0,0.0,1,0.544
ITM11248,Automotive,371,48.23,4,61,212.0,19.5755,352.49,18.50999999999999,1008.2396999999995,8512.748999999996,1,0.539
ITM11249,Pharma,408,10.8,9,58,107.0,9.52455,262.38,145.62,12797.0856,77069.385,1,0.483
ITM11250,Pharma,55,5.67,9,20,68.0,17.0751,220.4,0.0,0.0,0.0,1,0.528
ITM11251,Groceries,129,6.85,6,75,74.0,32.63822607771445,362.72,0.0,0.0,0.0,1,0.633
ITM11252,Apparel,196,39.37,7,67,299.0,23.806867159655845,390.72,0.0,0.0,0.0,1,0.542
ITM11253,Pharma,381,18.16,9,99,175.0,11.30115,267.53,113.47000000000003,22019.988200000007,40174.05350000001,1,0.646
ITM11254,Groceries,333,11.99,9,45,115.0,7.303800000000001,368.0,0.0,0.0,0.0,1,0.694
ITM11255,Automotive,314,18.29,3,42,68.0,13.077936225089184,191.68,122.32,7778.3288,66523.732,1,0.517
ITM11256,Pharma,355,32.62,3,56,108.0,10.570619476052478,139.23,215.77,13811.437700000002,63792.40050000001,1,0.672
ITM11257,Groceries,116,27.79,5,22,164.0,24.75517316870355,313.56,0.0,0.0,0.0,1,0.542
ITM11258,Groceries,388,37.44,7,49,303.0,40.43250382325462,472.57,0.0,0.0,0.0,1,0.494
ITM11259,Electronics,232,17.61,2,98,42.0,6.6301867337956635,231.13,0.8700000000000045,136.9641000000007,384.235500000002,1,0.536
ITM11260,Automotive,336,23.15,8,77,225.0,40.106813786188496,303.18,32.81999999999999,530.3711999999999,5630.270999999999,1,0.717
ITM11261,Electronics,156,6.0,4,51,54.0,30.3996,346.25,0.0,0.0,0.0,1,0.672
ITM11262,Apparel,25,4.58,5,28,56.0,33.36246963449349,279.74,0.0,0.0,0.0,1,0.667
ITM11263,Electronics,128,23.65,9,91,260.0,47.079899999999995,478.84000000000003,0.0,0.0,0.0,1,0.527
ITM11264,Electronics,54,15.78,6,28,129.0,34.249990328465785,392.13,0.0,0.0,0.0,1,0.813
ITM11265,Pharma,58,31.03,7,67,244.0,26.722881967145682,261.58,0.0,0.0,0.0,1,0.842
ITM11266,Groceries,169,3.11,9,32,50.0,21.664649999999998,237.81,0.0,0.0,0.0,1,0.761
ITM11267,Automotive,444,6.97,4,63,45.0,17.0093,292.16999999999996,151.83000000000004,15687.075600000004,16625.385000000006,1,0.756
ITM11268,Electronics,137,43.39,2,89,107.0,20.448891715811886,126.97,10.030000000000001,416.8468000000001,4027.045000000001,1,0.478
ITM11269,Automotive,280,28.75,2,74,65.0,7.816641201948571,294.28,0.0,0.0,0.0,1,0.621
ITM11270,Electronics,445,35.89,3,21,113.0,5.726939392686114,410.01,34.99000000000001,6611.360500000002,20434.160000000007,1,0.605
ITM11271,Apparel,106,42.26,5,33,218.0,6.768130554296365,400.09000000000003,0.0,0.0,0.0,1,0.64
ITM11272,Electronics,484,23.73,9,43,255.0,41.25659999999999,388.15999999999997,95.84000000000003,3958.192000000001,27635.46400000001,1,0.593
ITM11273,Pharma,95,38.29,6,62,261.0,31.147344145769477,402.55,0.0,0.0,0.0,1,0.646
ITM11274,Groceries,490,26.7,4,17,124.0,17.2067,331.05,158.95,5577.5555,107911.155,1,0.487
ITM11275,Apparel,483,11.91,9,27,123.0,15.34785,298.28999999999996,184.71000000000004,11367.053400000003,56632.08600000001,1,0.805
ITM11276,Electronics,470,17.55,8,66,173.0,32.29017258423993,411.4,58.60000000000002,5650.212000000002,12405.620000000004,1,0.748
ITM11277,Automotive,433,25.03,2,14,52.0,2.023951739790255,184.27,248.73,47059.71599999999,98957.2305,1,0.587
ITM11278,Apparel,332,16.53,9,35,178.0,29.116500000000002,309.02,22.980000000000018,1031.1126000000008,5535.882000000005,1,0.617
ITM11279,Apparel,402,17.44,4,39,84.0,14.1141,310.33000000000004,91.66999999999996,16994.70129999999,20075.729999999992,1,0.612
ITM11280,Electronics,233,17.53,6,63,145.0,39.447930037138825,342.2,0.0,0.0,0.0,1,0.414
ITM11281,Apparel,476,7.02,4,22,46.0,17.5028,281.65,194.35000000000002,26727.012000000006,126978.57250000002,1,0.542
ITM11282,Automotive,304,5.15,5,92,47.0,21.150407982176137,314.28,0.0,0.0,0.0,1,0.654
ITM11283,Apparel,258,3.28,3,38,31.0,20.713855415337335,117.39,140.61,2241.3234,81089.78700000001,1,0.602
ITM11284,Automotive,184,6.44,4,12,43.0,16.779,144.36,39.639999999999986,1141.2355999999995,6655.555999999998,1,0.553
ITM11285,Electronics,106,17.84,7,99,136.0,11.44644618462429,298.82,0.0,0.0,0.0,1,0.595
ITM11286,Groceries,160,30.1,9,67,299.0,27.636,578.8299999999999,0.0,0.0,0.0,1,0.513
ITM11287,Apparel,179,10.22,3,85,58.0,26.982147287929106,310.06,0.0,0.0,0.0,1,0.72
ITM11288,Groceries,65,44.51,6,11,285.0,17.689112651995856,430.85,0.0,0.0,0.0,1,0.599
ITM11289,Automotive,391,40.61,3,84,142.0,19.830596106017587,318.2,72.80000000000001,7469.280000000001,39592.280000000006,1,0.489
ITM11290,Apparel,131,26.51,4,37,138.0,32.2091,354.57,0.0,0.0,0.0,1,0.393
ITM11291,Pharma,426,36.49,4,91,174.0,27.570200000000003,335.58000000000004,90.41999999999996,17687.960399999993,43234.32299999998,1,0.343
ITM11292,Groceries,64,18.95,7,86,162.0,29.421283729300463,200.55,0.0,0.0,0.0,1,0.816
ITM11293,Apparel,420,2.8,2,95,23.0,17.424596012677025,135.29000000000002,284.71,45747.2028,24940.595999999998,1,0.603
ITM11294,Groceries,266,45.31,9,85,454.0,46.389,477.81,0.0,0.0,0.0,1,0.751
ITM11295,Apparel,123,7.26,7,11,93.0,41.86874992246604,297.26,0.0,0.0,0.0,0,0.827
ITM11296,Electronics,104,47.45,4,16,222.0,31.9459,329.77,0.0,0.0,0.0,1,0.448
ITM11297,Groceries,469,29.02,8,35,262.0,29.96379127413619,486.13,0.0,0.0,0.0,1,0.499
ITM11298,Pharma,153,15.97,3,99,60.0,11.824277850570834,194.62,0.0,0.0,0.0,1,0.692
ITM11299,Pharma,127,25.28,7,97,185.0,7.659979195794203,208.22,0.0,0.0,0.0,1,0.699
ITM11300,Automotive,37,25.58,7,85,197.0,18.105405371877207,317.09000000000003,0.0,0.0,0.0,1,0.65
ITM11301,Apparel,113,2.14,9,25,66.0,46.685100000000006,139.42000000000002,0.0,0.0,0.0,1,0.594
ITM11302,Groceries,169,18.42,8,32,189.0,41.64222545085697,261.14,0.0,0.0,0.0,1,0.812
ITM11303,Automotive,265,37.25,8,49,323.0,25.45061153253493,442.51,0.0,0.0,0.0,1,0.841
ITM11304,Groceries,308,25.99,8,69,234.0,26.055470673161903,527.71,0.0,0.0,0.0,1,0.59
ITM11305,Apparel,433,12.97,9,82,134.0,16.92705,422.42,10.579999999999984,1943.863399999997,7375.846999999989,1,0.548
ITM11306,Pharma,228,17.42,2,41,46.0,11.213157914700036,289.0,0.0,0.0,0.0,1,0.785
ITM11307,Electronics,145,43.29,4,24,197.0,23.9841,278.19,0.0,0.0,0.0,1,0.573
ITM11308,Pharma,254,26.75,4,22,121.0,14.212800000000001,352.53999999999996,0.0,0.0,0.0,1,0.738
ITM11309,Automotive,435,26.89,6,14,171.0,9.227350335551371,185.46,249.54,43751.8482,43719.407999999996,1,0.637
ITM11310,Electronics,445,48.11,9,84,461.0,27.833399999999997,487.34,0.0,0.0,0.0,1,0.555
ITM11311,Automotive,481,16.72,2,83,40.0,6.141646658673878,292.36,188.64,24921.2304,106034.54399999998,1,0.625
ITM11312,Apparel,141,24.5,6,61,186.0,39.32704771833247,359.63,0.0,0.0,0.0,1,0.59
ITM11313,Electronics,157,40.77,6,86,262.0,16.96381873915776,380.26,0.0,0.0,0.0,1,0.566
ITM11314,Automotive,134,38.19,6,50,266.0,36.828813129667914,490.73,0.0,0.0,0.0,1,0.696
ITM11315,Apparel,439,14.02,9,62,139.0,13.028400000000001,182.17000000000002,256.83,16917.3921,25310.5965,1,0.586
ITM11316,Pharma,181,8.4,5,59,50.0,8.460163192870453,143.14,37.860000000000014,6715.985400000002,7047.639000000002,1,0.565
ITM11317,Apparel,220,35.33,6,24,238.0,25.627051586946166,459.01,0.0,0.0,0.0,1,0.544
ITM11318,Groceries,253,13.63,7,16,130.0,34.382861162939896,200.07999999999998,52.920000000000016,5492.566800000002,14293.692000000003,1,0.603
ITM11319,Apparel,47,46.21,3,49,155.0,16.75343464129072,339.19,0.0,0.0,0.0,1,0.492
ITM11320,Apparel,30,7.33,7,37,63.0,11.664059229959356,202.82,0.0,0.0,0.0,1,0.671
ITM11321,Groceries,225,16.6,7,41,120.0,3.7429443797630766,188.69,36.31,1721.4571,21337.571500000002,1,0.721
ITM11322,Automotive,186,3.68,4,24,36.0,20.9573,303.63,0.0,0.0,0.0,1,0.561
ITM11323,Automotive,266,35.46,5,94,184.0,6.400297371997648,320.3,0.0,0.0,0.0,1,0.42
ITM11324,Apparel,66,44.67,9,79,421.0,18.5556,604.66,0.0,0.0,0.0,1,0.492
ITM11325,Groceries,265,32.16,6,74,221.0,27.88352153799803,304.38,0.0,0.0,0.0,1,0.577
ITM11326,Groceries,146,46.95,4,13,193.0,4.7047,303.57,0.0,0.0,0.0,1,0.526
ITM11327,Pharma,166,7.3,2,20,19.0,3.9781120402773977,43.21,122.78999999999999,17334.2643,31821.028499999997,1,0.65
ITM11328,Automotive,137,5.3,2,35,13.0,2.5357556280130784,163.13,0.0,0.0,0.0,1,0.628
ITM11329,Electronics,418,42.08,9,70,428.0,49.1526,538.01,0.0,0.0,0.0,1,0.389
ITM11330,Automotive,401,42.92,4,46,185.0,13.752199999999998,290.53,110.47000000000003,8510.608800000004,34273.317500000005,1,0.75
ITM11331,Automotive,431,41.72,3,32,151.0,25.956426799686813,419.08,11.920000000000016,2045.3528000000028,1522.7800000000018,1,0.705
ITM11332,Pharma,171,40.15,9,94,378.0,16.23615,592.12,0.0,0.0,0.0,1,0.544
ITM11333,Electronics,91,18.75,4,49,100.0,25.2014,242.61,0.0,0.0,0.0,1,0.501
ITM11334,Pharma,382,11.66,4,86,55.0,8.4882,121.65,260.35,27420.062,11403.33,0,0.846
ITM11335,Electronics,156,46.51,5,32,252.0,19.23767543422282,544.24,0.0,0.0,0.0,1,0.509
ITM11336,Apparel,194,16.04,9,25,185.0,41.10855,216.68,0.0,0.0,0.0,1,0.598
ITM11337,Electronics,308,20.52,2,70,60.0,19.215909621456905,109.47,198.53,39598.7938,42753.4355,1,0.542
ITM11338,Pharma,465,35.28,2,77,89.0,18.727369546335122,177.39,287.61,15108.153300000002,43040.836500000005,1,0.707
ITM11339,Automotive,38,15.37,6,89,126.0,33.56499052189647,412.81,0.0,0.0,0.0,1,0.744
ITM11340,Electronics,214,41.14,7,40,299.0,10.92417487582014,389.88,0.0,0.0,0.0,1,0.608
ITM11341,Electronics,349,4.43,9,62,65.0,25.0698,217.51,131.49,24752.9925,53753.11200000001,1,0.609
ITM11342,Groceries,443,39.77,4,34,176.0,16.8119,406.74,36.25999999999999,2499.4017999999996,25940.40399999999,1,0.397
ITM11343,Automotive,194,30.49,9,53,319.0,44.217600000000004,598.46,0.0,0.0,0.0,1,0.677
ITM11344,Apparel,468,29.08,4,21,127.0,10.922799999999999,312.48,155.51999999999998,19102.521599999996,108988.41599999998,1,0.436
ITM11345,Pharma,432,23.46,3,99,97.0,26.640240458515006,218.44,213.56,25998.7944,84185.352,1,0.639
ITM11346,Apparel,453,14.58,9,18,155.0,23.5893,450.8,2.1999999999999886,264.0439999999986,305.1399999999984,1,0.669
ITM11347,Automotive,373,23.74,8,21,222.0,31.917951574623334,239.59,133.41,15865.1172,18503.967,1,0.581
ITM11348,Electronics,160,23.05,8,78,199.0,14.190925991632822,450.33000000000004,0.0,0.0,0.0,1,0.528
ITM11349,Electronics,265,29.6,2,63,69.0,10.236077764456462,159.45,105.55000000000001,9767.597000000002,64723.26,1,0.572
ITM11350,Automotive,404,14.8,3,63,65.0,20.628378707983813,312.06,91.94,11285.635,51008.312,1,0.618
ITM11351,Electronics,437,4.8,5,37,44.0,19.75264188944102,101.03,335.97,46209.3138,165549.21750000003,1,0.602
ITM11352,Electronics,112,8.11,6,65,86.0,37.63469525504358,196.57999999999998,0.0,0.0,0.0,1,0.701
ITM11353,Electronics,451,35.26,3,78,127.0,21.369176838381023,153.23,297.77,42664.4856,33692.6755,1,0.6
ITM11354,Pharma,258,2.1,2,86,18.0,13.632594477207927,85.89,172.11,31912.6362,6282.015,0,0.775
ITM11355,Pharma,224,42.97,5,67,248.0,32.81071986104542,432.81,0.0,0.0,0.0,1,0.74
ITM11356,Groceries,67,35.03,4,87,163.0,22.437800000000003,393.84000000000003,0.0,0.0,0.0,1,0.609
ITM11357,Apparel,452,38.64,5,84,218.0,24.460906622864577,492.26,0.0,0.0,0.0,1,0.399
ITM11358,Automotive,264,41.96,7,51,306.0,12.360420975031555,350.71,0.0,0.0,0.0,1,0.695
ITM11359,Automotive,339,7.01,9,47,84.0,20.97375,134.77,204.23,15100.766199999998,120015.7595,1,0.632
ITM11360,Automotive,336,41.3,3,77,144.0,19.916072813371112,426.24,0.0,0.0,0.0,1,0.597
ITM11361,Groceries,432,25.73,2,62,72.0,20.867640351630563,304.13,127.87,11959.6811,26603.353499999997,1,0.644
ITM11362,Pharma,314,44.39,3,42,143.0,9.97228252457781,309.53,4.470000000000027,49.9299000000003,864.7215000000053,1,0.554
ITM11363,Groceries,147,44.44,4,80,186.0,8.3895,334.25,0.0,0.0,0.0,1,0.628
ITM11364,Automotive,363,2.18,8,65,46.0,28.567962488073942,101.74000000000001,261.26,13224.981199999998,44819.153,1,0.718
ITM11365,Apparel,301,19.76,4,81,83.0,3.7506,203.0,98.0,7483.28,28973.700000000004,1,0.455
ITM11366,Electronics,36,26.79,2,60,71.0,16.959319750656277,189.06,0.0,0.0,0.0,1,0.795
ITM11367,Pharma,90,34.24,7,83,271.0,31.249233310114988,469.02,0.0,0.0,0.0,1,0.758
ITM11368,Pharma,288,15.02,6,52,106.0,15.59381912601913,289.68,0.0,0.0,0.0,1,0.736
ITM11369,Groceries,344,13.35,9,24,164.0,44.3163,191.32,152.68,26306.764000000003,45697.123999999996,1,0.576
ITM11370,Pharma,301,19.68,9,47,203.0,26.00745,459.06,0.0,0.0,0.0,1,0.444
ITM11371,Automotive,324,25.55,5,24,152.0,24.387339986404832,433.89,0.0,0.0,0.0,1,0.417
ITM11372,Automotive,470,47.61,5,14,247.0,9.159046239238014,483.26,0.0,0.0,0.0,1,0.508
ITM11373,Groceries,26,38.34,4,92,168.0,14.6734,229.73,0.0,0.0,0.0,1,0.428
ITM11374,Automotive,333,22.04,3,63,91.0,24.759752896737478,150.93,182.07,22030.469999999998,92373.21449999999,1,0.36
ITM11375,Apparel,324,3.66,8,60,41.0,11.72496180292286,261.57,62.43000000000001,2319.8988,9570.519,1,0.615
ITM11376,Groceries,122,9.26,3,19,40.0,11.99523126527788,177.85,0.0,0.0,0.0,1,0.666
ITM11377,Apparel,328,23.34,7,21,179.0,15.319958391588406,414.85,0.0,0.0,0.0,1,0.745
ITM11378,Electronics,212,40.88,6,13,253.0,7.817056616143955,284.89,0.0,0.0,0.0,1,0.641
ITM11379,Apparel,260,19.65,9,27,193.0,16.03875,410.77,0.0,0.0,0.0,1,0.628
ITM11380,Electronics,81,27.39,3,89,90.0,7.721395897601677,222.99,0.0,0.0,0.0,1,0.537
ITM11381,Electronics,36,44.7,9,45,448.0,45.74745,466.99,0.0,0.0,0.0,1,0.829
ITM11382,Apparel,190,45.78,5,34,257.0,27.73462194532314,425.1,0.0,0.0,0.0,1,0.35
ITM11383,Groceries,44,11.57,9,96,121.0,17.2725,333.72,0.0,0.0,0.0,1,0.523
ITM11384,Automotive,270,3.14,8,85,61.0,36.05891030660799,224.19,45.81,7435.4211000000005,29261.1375,1,0.685
ITM11385,Automotive,272,15.97,9,45,147.0,3.50385,192.64,79.36000000000001,7149.542400000001,20276.480000000003,1,0.524
ITM11386,Electronics,406,35.09,3,76,121.0,15.670729681479415,367.61,38.389999999999986,4844.817999999998,21298.771999999994,1,0.638
ITM11387,Electronics,226,47.6,8,18,394.0,13.39995634619755,495.95,0.0,0.0,0.0,1,0.628
ITM11388,Groceries,48,4.77,9,70,51.0,7.84665,328.22,0.0,0.0,0.0,1,0.688
ITM11389,Pharma,136,2.4,6,62,50.0,35.86175457921712,322.99,0.0,0.0,0.0,1,0.498
ITM11390,Apparel,435,44.32,5,27,230.0,8.791213056939299,298.11,136.89,11097.672299999998,68951.49299999999,1,0.593
ITM11391,Electronics,301,37.66,9,52,380.0,41.00985000000001,528.15,0.0,0.0,0.0,1,0.503
ITM11392,Automotive,399,49.62,8,44,418.0,20.611738407519148,467.84000000000003,0.0,0.0,0.0,1,0.708
ITM11393,Groceries,163,20.44,3,72,63.0,1.8235030902085139,269.55,0.0,0.0,0.0,1,0.557
ITM11394,Apparel,44,21.39,5,87,134.0,27.440355399484172,391.06,0.0,0.0,0.0,1,0.705
ITM11395,Groceries,329,9.44,4,13,58.0,20.2993,256.03,72.97000000000003,6989.796300000003,19975.537500000006,1,0.697
ITM11396,Apparel,175,6.68,4,50,39.0,12.4033,124.54,50.459999999999994,6988.2054,2394.3269999999998,1,0.688
ITM11397,Apparel,92,29.36,7,54,219.0,13.796667074242967,251.13,0.0,0.0,0.0,1,0.657
ITM11398,Electronics,139,18.85,4,59,79.0,3.948,109.09,29.909999999999997,1831.6883999999998,16812.411,1,0.44
ITM11399,Groceries,331,4.94,3,88,42.0,26.896670580575577,229.17,101.83000000000001,2179.1620000000003,16725.577500000003,1,0.489
ITM11400,Groceries,340,44.46,6,37,288.0,20.912641153498523,574.47,0.0,0.0,0.0,1,0.832
ITM11401,Automotive,112,10.72,5,51,58.0,4.818614688113172,269.63,0.0,0.0,0.0,1,0.645
ITM11402,Automotive,105,37.68,8,89,342.0,40.71167292681548,563.88,0.0,0.0,0.0,1,0.734
ITM11403,Electronics,355,14.83,2,85,37.0,7.328101126826786,142.5,212.5,40353.75,125651.25,1,0.502
ITM11404,Electronics,444,40.83,4,78,171.0,7.994700000000001,350.95,93.05000000000001,15906.897500000001,50265.61000000001,1,0.575
ITM11405,Pharma,383,6.8,4,10,38.0,10.4293,139.81,243.19,29807.7983,138472.386,1,0.642
ITM11406,Automotive,454,38.05,2,48,90.0,13.632594477207927,361.48,92.51999999999998,7978.924799999998,61461.03599999999,1,0.493
ITM11407,Apparel,137,5.81,8,99,52.0,5.58331514424898,100.43,36.56999999999999,2202.2453999999993,16418.101499999997,1,0.603
ITM11408,Groceries,252,22.9,8,26,207.0,23.636034110654016,400.28999999999996,0.0,0.0,0.0,1,0.513
ITM11409,Electronics,218,36.97,2,97,95.0,20.96069560403471,316.95,0.0,0.0,0.0,1,0.614
ITM11410,Groceries,225,9.49,8,44,87.0,10.654826400275137,299.56,0.0,0.0,0.0,1,0.598
ITM11411,Groceries,432,15.0,3,55,55.0,10.39966606134543,139.62,292.38,54476.241599999994,186757.72499999998,1,0.582
ITM11412,Pharma,358,43.37,8,51,367.0,19.820768762083876,517.95,0.0,0.0,0.0,1,0.456
ITM11413,Automotive,166,44.37,5,48,244.0,22.327474165532028,446.37,0.0,0.0,0.0,1,0.679
ITM11414,Electronics,469,3.2,8,99,69.0,42.944998984515074,348.97,120.02999999999997,10386.195899999997,81488.36699999998,1,0.515
ITM11415,Groceries,444,9.24,9,58,104.0,20.97375,258.9,185.10000000000002,17238.363,94586.10000000002,1,0.682
ITM11416,Electronics,448,6.76,9,71,67.0,5.7246,164.15,283.85,4990.083,35225.785,1,0.736
ITM11417,Apparel,290,9.8,4,47,52.0,12.5349,174.09,115.91,20135.8852,66422.2255,1,0.615
ITM11418,Pharma,406,48.54,6,32,301.0,9.307938548088936,467.98,0.0,0.0,0.0,1,0.697
ITM11419,Apparel,158,28.03,3,31,103.0,19.061305739835873,396.14,0.0,0.0,0.0,1,0.455
ITM11420,Electronics,200,23.94,3,13,74.0,2.2223943911916266,266.22,0.0,0.0,0.0,1,0.404
ITM11421,Electronics,449,49.24,8,58,409.0,15.21453376807847,463.87,0.0,0.0,0.0,1,0.743
ITM11422,Automotive,49,28.29,6,68,193.0,22.887052360668903,447.51,0.0,0.0,0.0,1,0.516
ITM11423,Groceries,76,33.39,6,82,213.0,12.612055262129164,275.62,0.0,0.0,0.0,1,0.662
ITM11424,Groceries,251,17.31,7,77,146.0,24.938454995398175,167.24,83.75999999999999,3491.1168,42189.91199999999,1,0.445
ITM11425,Apparel,165,19.72,6,80,125.0,6.4067628967365415,164.06,0.9399999999999977,37.32739999999991,284.7729999999993,1,0.673
ITM11426,Pharma,454,30.13,8,96,285.0,44.015134387162796,522.98,0.0,0.0,0.0,1,0.617
ITM11427,Groceries,403,4.42,8,11,51.0,15.168006141876393,322.55,80.44999999999999,7099.712499999999,29951.534999999993,1,0.508
ITM11428,Automotive,67,13.54,2,58,49.0,21.565554744661686,136.78,0.0,0.0,0.0,1,0.704
ITM11429,Apparel,213,10.64,4,97,54.0,11.844000000000001,208.45,4.550000000000011,469.3780000000012,1743.7875000000045,1,0.576
ITM11430,Apparel,243,1.78,9,40,55.0,39.134550000000004,238.19,4.810000000000002,382.87600000000015,2914.3790000000013,1,0.334
ITM11431,Automotive,155,27.31,7,49,204.0,12.360420975031555,335.41999999999996,0.0,0.0,0.0,1,0.581
ITM11432,Pharma,41,28.49,8,57,260.0,31.917951574623334,288.94,0.0,0.0,0.0,1,0.692
ITM11433,Automotive,25,19.81,2,60,48.0,8.328445090171394,74.43,0.0,0.0,0.0,1,0.659
ITM11434,Pharma,223,14.17,7,52,122.0,23.241073241784683,259.7,0.0,0.0,0.0,1,0.643
ITM11435,Automotive,258,32.95,4,64,155.0,22.701,396.38,0.0,0.0,0.0,1,0.648
ITM11436,Automotive,204,7.6,7,97,80.0,26.505268921810625,114.53999999999999,89.46000000000001,7614.835200000001,60081.336,1,0.359
ITM11437,Electronics,379,26.41,2,58,67.0,13.888496421319338,136.65,242.35,25577.619000000002,137994.09000000003,1,0.544
ITM11438,Apparel,311,38.64,5,99,197.0,4.119731641745613,285.23,25.769999999999982,1171.761899999999,14109.07499999999,1,0.573
ITM11439,Automotive,354,9.05,9,89,96.0,14.163450000000001,268.15,85.85000000000002,12025.868000000004,9087.222500000002,1,0.614
ITM11440,Automotive,239,37.91,8,66,331.0,27.590882337830372,353.53,0.0,0.0,0.0,1,0.529
ITM11441,Groceries,135,38.28,9,86,348.0,3.3064500000000008,607.4100000000001,0.0,0.0,0.0,1,0.696
ITM11442,Apparel,332,3.94,4,24,25.0,9.4752,171.51,160.49,21030.6096,29875.2135,0,0.783
ITM11443,Groceries,68,1.92,3,36,13.0,7.635919190248154,163.72,0.0,0.0,0.0,0,0.668
ITM11444,Apparel,192,48.72,4,77,204.0,9.442300000000001,308.69,0.0,0.0,0.0,1,0.642
ITM11445,Groceries,101,10.48,4,89,60.0,18.391099999999998,131.48000000000002,0.0,0.0,0.0,1,0.492
ITM11446,Automotive,341,41.28,4,73,185.0,19.8387,300.46,40.54000000000002,4805.206200000002,24415.21500000001,1,0.511
ITM11447,Automotive,352,28.53,5,39,176.0,33.61995286210259,450.89,0.0,0.0,0.0,1,0.644
ITM11448,Electronics,64,13.96,8,45,131.0,19.402020126265207,168.32999999999998,0.0,0.0,0.0,1,0.486
ITM11449,Groceries,354,7.37,2,76,36.0,21.635346183964796,63.61,290.39,54587.5122,180186.995,1,0.664
ITM11450,Pharma,39,25.34,8,95,234.0,31.126981929188062,277.19,0.0,0.0,0.0,1,0.546
ITM11451,Electronics,467,20.96,3,95,89.0,26.127380214393863,324.32,142.68,23389.532400000004,13540.332,1,0.669
ITM11452,Groceries,240,35.25,2,58,90.0,19.588130631073504,114.03999999999999,125.96000000000001,21149.943600000002,50113.186,1,0.466
ITM11453,Groceries,142,45.3,7,85,348.0,30.596394174109804,454.62,0.0,0.0,0.0,1,0.587
ITM11454,Electronics,253,40.46,7,64,300.0,16.886772318000858,433.21000000000004,0.0,0.0,0.0,1,0.708
ITM11455,Automotive,240,14.45,7,94,113.0,12.142807929696492,270.06,0.0,0.0,0.0,1,0.637
ITM11456,Groceries,342,44.07,2,65,94.0,6.071855219370765,104.93,237.07,29157.239299999997,45861.1915,0,0.588
ITM11457,Automotive,358,41.84,6,77,290.0,38.48087148668803,441.15999999999997,0.0,0.0,0.0,1,0.49
ITM11458,Electronics,22,46.53,5,53,268.0,35.34876881890655,334.53,0.0,0.0,0.0,1,0.661
ITM11459,Automotive,201,23.47,6,40,171.0,29.77734453263084,209.38,0.0,0.0,0.0,1,0.581
ITM11460,Apparel,225,38.66,8,67,351.0,41.4095873198466,515.66,0.0,0.0,0.0,1,0.686
ITM11461,Pharma,339,29.99,7,96,250.0,40.17136816885255,475.8,0.0,0.0,0.0,1,0.672
ITM11462,Groceries,59,16.21,5,62,101.0,19.71585857121115,382.08,0.0,0.0,0.0,1,0.73
ITM11463,Pharma,78,49.73,2,93,115.0,15.074950889472246,389.67,0.0,0.0,0.0,1,0.627
ITM11464,Automotive,458,2.88,7,88,40.0,19.49812886202161,165.70999999999998,292.29,47988.17220000001,170697.36000000002,1,0.515
ITM11465,Groceries,81,8.95,2,32,28.0,10.422188269264764,242.18,0.0,0.0,0.0,0,0.678
ITM11466,Automotive,151,44.73,5,37,227.0,3.200148685998824,438.73,0.0,0.0,0.0,1,0.501
ITM11467,Apparel,79,3.97,2,25,19.0,10.747881652679286,148.51,0.0,0.0,0.0,1,0.575
ITM11468,Electronics,391,44.45,2,46,105.0,16.052031039715818,143.48,247.52,12640.8464,102993.072,1,0.711
ITM11469,Groceries,350,36.05,3,30,121.0,12.849998338813121,241.78,108.22,7495.3172,59250.45,1,0.484
ITM11470,Apparel,141,2.8,8,88,63.0,40.89778343162377,360.78,0.0,0.0,0.0,1,0.634
ITM11471,Apparel,498,22.04,6,26,147.0,14.74764289437468,317.96000000000004,180.03999999999996,11099.465999999997,130114.90799999998,1,0.656
ITM11472,Groceries,126,37.97,9,46,350.0,8.6856,459.0,0.0,0.0,0.0,1,0.562
ITM11473,Automotive,115,29.57,6,86,211.0,33.081461246671076,436.71000000000004,0.0,0.0,0.0,1,0.622
ITM11474,Apparel,366,46.86,6,28,309.0,27.80293332546046,518.03,0.0,0.0,0.0,1,0.593
ITM11475,Pharma,433,43.51,4,39,183.0,9.212,360.85,72.14999999999998,12134.908499999996,2896.8224999999993,1,0.612
ITM11476,Apparel,254,17.3,3,54,68.0,15.955652039324496,262.86,0.0,0.0,0.0,1,0.5
ITM11477,Automotive,405,5.15,9,27,68.0,21.319200000000002,247.63,157.37,20602.8804,31592.027500000004,1,0.642
ITM11478,Automotive,81,47.27,7,87,372.0,40.998297741125796,659.3199999999999,0.0,0.0,0.0,1,0.55
ITM11479,Pharma,275,26.35,7,71,212.0,27.288675885016847,369.65,0.0,0.0,0.0,1,0.545
ITM11480,Apparel,68,4.65,7,45,41.0,8.704521813402504,222.16,0.0,0.0,0.0,1,0.461
ITM11481,Automotive,412,41.01,6,93,267.0,21.234994003648787,413.78,0.0,0.0,0.0,1,0.625
ITM11482,Groceries,367,43.56,8,61,389.0,40.43250716960303,573.06,0.0,0.0,0.0,1,0.585
ITM11483,Electronics,178,32.33,6,28,222.0,27.722345112922895,490.34,0.0,0.0,0.0,1,0.565
ITM11484,Electronics,143,22.93,9,53,248.0,41.9475,356.53,0.0,0.0,0.0,1,0.631
ITM11485,Electronics,336,33.45,8,16,281.0,13.39995634619755,434.81,0.0,0.0,0.0,1,0.57
ITM11486,Apparel,226,35.63,3,53,132.0,25.472058791350175,272.1,0.0,0.0,0.0,0,0.726
ITM11487,Pharma,67,44.76,8,77,394.0,35.73321692319347,519.41,0.0,0.0,0.0,1,0.506
ITM11488,Automotive,428,47.84,9,43,467.0,36.6177,715.1,0.0,0.0,0.0,1,0.478
ITM11489,Groceries,439,26.2,2,75,61.0,8.81698516529318,138.26,300.74,11175.498399999999,93304.58499999999,1,0.715
ITM11490,Groceries,155,40.13,6,78,277.0,35.982636898023465,431.98,0.0,0.0,0.0,1,0.732
ITM11491,Apparel,220,48.26,7,64,366.0,28.55083154796021,644.14,0.0,0.0,0.0,1,0.667
ITM11492,Electronics,269,8.41,2,19,37.0,19.98361545379114,93.75999999999999,175.24,23247.3384,56926.71400000001,1,0.566
ITM11493,Apparel,333,1.9,6,51,27.0,15.835583763631828,38.35,294.65,7840.6365,66679.295,1,0.64
ITM11494,Pharma,376,43.58,5,50,225.0,6.91526382721585,311.90999999999997,64.09000000000003,12131.596100000006,25966.063500000015,1,0.7
ITM11495,Pharma,387,10.57,4,86,54.0,12.041400000000001,331.47,55.52999999999997,8851.481999999996,13782.545999999993,0,0.555
ITM11496,Automotive,448,3.08,6,78,38.0,19.462053327822325,73.41,374.59000000000003,18047.7462,41017.605,1,0.85
ITM11497,Automotive,337,8.84,5,19,65.0,20.48830825403845,114.75,222.25,29132.530000000002,37315.775,0,0.624
ITM11498,Pharma,314,19.82,9,19,205.0,26.402249999999995,307.9,6.100000000000023,940.8640000000036,4096.760000000016,1,0.474
ITM11499,Pharma,499,11.74,3,69,51.0,16.21208216138507,284.21000000000004,214.78999999999996,10694.394099999998,101917.855,1,0.51
ITM11500,Pharma,333,15.96,5,60,111.0,31.265820495390813,338.87,0.0,0.0,0.0,1,0.59
ITM11501,Apparel,228,48.79,3,30,152.0,6.0403539863157025,187.25,40.75,3131.23,11899.0,1,0.653
ITM11502,Pharma,374,35.52,6,17,227.0,14.102937194074148,507.81,0.0,0.0,0.0,1,0.494
ITM11503,Groceries,230,35.9,3,74,133.0,25.472058791350175,212.26,17.74000000000001,2084.272600000001,8935.638000000004,0,0.79
ITM11504,Electronics,211,5.64,5,87,50.0,21.407891209785237,141.38,69.62,6306.1796,30747.673,1,0.604
ITM11505,Pharma,63,36.87,8,94,323.0,28.102686226053198,445.06,0.0,0.0,0.0,1,0.424
ITM11506,Electronics,48,37.23,4,39,166.0,16.5816,360.0,0.0,0.0,0.0,1,0.66
ITM11507,Apparel,78,33.33,2,94,80.0,13.306901093793401,241.18,0.0,0.0,0.0,1,0.409
ITM11508,Electronics,90,12.19,2,58,30.0,5.536787518046904,309.3,0.0,0.0,0.0,1,0.71
ITM11509,Apparel,111,21.73,4,18,106.0,18.753,279.74,0.0,0.0,0.0,1,0.396
ITM11510,Groceries,284,42.47,7,26,341.0,43.39204123981148,599.54,0.0,0.0,0.0,1,0.649
ITM11511,Apparel,402,33.84,2,78,81.0,13.679122103409998,113.68,288.32,4365.1648000000005,45251.824,1,0.645
ITM11512,Apparel,239,36.91,9,67,337.0,4.5402000000000005,595.21,0.0,0.0,0.0,1,0.563
ITM11513,Automotive,409,29.78,6,66,211.0,32.517343758908105,278.34000000000003,130.65999999999997,19450.047599999998,53890.71699999998,1,0.588
ITM11514,Pharma,432,23.03,7,71,180.0,18.584154071614343,295.14,136.86,10969.329000000002,16984.326000000005,1,0.473
ITM11515,Pharma,461,38.19,6,61,237.0,7.897644828681522,339.77,121.23000000000002,8915.254200000001,70355.83050000001,1,0.689
ITM11516,Groceries,420,4.33,5,70,54.0,31.96470354175837,161.81,258.19,46192.772899999996,150782.96000000002,1,0.545
ITM11517,Groceries,419,33.98,9,49,318.0,11.7453,594.4200000000001,0.0,0.0,0.0,1,0.557
ITM11518,Pharma,234,49.86,5,47,283.0,34.024569362631176,421.06,0.0,0.0,0.0,1,0.698
ITM11519,Automotive,498,39.23,7,52,295.0,20.455626261495883,382.71,115.29000000000002,20574.653400000003,83320.08300000001,1,0.592
ITM11520,Pharma,406,15.24,7,72,140.0,32.90309245466146,235.38,170.62,4304.7426000000005,36120.254,0,0.647
ITM11521,Automotive,296,14.61,9,28,160.0,28.1295,402.97,0.0,0.0,0.0,0,0.788
ITM11522,Groceries,83,33.69,9,59,318.0,14.508899999999999,484.34000000000003,0.0,0.0,0.0,1,0.572
ITM11523,Electronics,365,44.9,7,42,344.0,29.943555038104613,484.35,0.0,0.0,0.0,1,0.377
ITM11524,Groceries,311,29.32,7,22,247.0,41.781704704332014,525.78,0.0,0.0,0.0,1,0.563
ITM11525,Groceries,264,26.84,3,87,103.0,22.25243614770077,382.7,0.0,0.0,0.0,1,0.485
ITM11526,Apparel,489,8.86,8,71,100.0,29.033238750094696,329.27,159.73000000000002,23028.274100000002,39644.98600000001,1,0.553
ITM11527,Apparel,81,36.06,7,52,296.0,43.13090558540941,456.22,0.0,0.0,0.0,1,0.605
ITM11528,Apparel,445,35.41,9,58,334.0,14.9037,377.82,67.18,8578.886,3187.6910000000007,1,0.676
ITM11529,Apparel,351,48.38,8,45,392.0,5.071511256026157,607.31,0.0,0.0,0.0,1,0.763
ITM11530,Automotive,189,15.71,7,19,113.0,3.525331334428014,359.38,0.0,0.0,0.0,1,0.65
ITM11531,Pharma,464,38.07,5,15,217.0,26.66790571665687,474.09,0.0,0.0,0.0,0,0.69
ITM11532,Electronics,288,22.27,6,66,167.0,33.80675515950917,345.74,0.0,0.0,0.0,1,0.52
ITM11533,Groceries,286,28.37,8,10,257.0,30.38253990995487,445.88,0.0,0.0,0.0,1,0.519
ITM11534,Automotive,73,41.01,5,80,239.0,33.4728195891831,454.69,0.0,0.0,0.0,1,0.605
ITM11535,Electronics,35,11.88,2,67,40.0,16.587098741039675,303.44,0.0,0.0,0.0,1,0.785
ITM11536,Automotive,27,17.8,9,30,180.0,19.8387,203.17000000000002,0.0,0.0,0.0,1,0.565
ITM11537,Automotive,123,38.89,3,89,123.0,6.325276344160783,296.33000000000004,0.0,0.0,0.0,1,0.639
ITM11538,Groceries,78,28.95,3,65,113.0,26.44079480802345,230.04000000000002,0.0,0.0,0.0,1,0.817
ITM11539,Pharma,332,5.53,6,96,39.0,5.963527727779925,290.62,41.379999999999995,1903.4799999999998,2265.555,1,0.747
ITM11540,Apparel,59,22.08,7,29,179.0,24.63379673192909,227.81,0.0,0.0,0.0,1,0.645
ITM11541,Pharma,256,29.75,5,63,162.0,12.800594743995296,435.81,0.0,0.0,0.0,1,0.638
ITM11542,Groceries,462,45.57,2,34,98.0,7.165254435119524,143.96,318.03999999999996,20345.018799999998,228686.66199999998,0,0.538
ITM11543,Groceries,405,10.24,5,37,76.0,24.4241233046347,111.9,293.1,38044.380000000005,12837.78,1,0.67
ITM11544,Groceries,113,40.49,9,14,378.0,13.3245,488.48,0.0,0.0,0.0,1,0.652
ITM11545,Electronics,241,7.4,9,30,112.0,45.451350000000005,410.47,0.0,0.0,0.0,1,0.544
ITM11546,Pharma,223,12.87,7,27,109.0,18.97585755321746,302.8,0.0,0.0,0.0,0,0.775
ITM11547,Pharma,157,12.92,7,56,121.0,30.20469069250669,138.67000000000002,18.329999999999984,1472.9987999999987,12243.52349999999,1,0.535
ITM11548,Automotive,319,44.0,9,79,433.0,36.56835,515.29,0.0,0.0,0.0,1,0.735
ITM11549,Automotive,414,10.75,4,66,66.0,22.9971,119.25999999999999,294.74,43500.6766,24743.423,1,0.743
ITM11550,Automotive,226,39.56,9,28,401.0,44.8098,411.29,0.0,0.0,0.0,1,0.656
ITM11551,Groceries,355,23.63,5,74,128.0,9.931495922065318,287.33000000000004,67.66999999999996,862.1157999999995,15807.711999999992,1,0.568
ITM11552,Pharma,100,49.96,6,12,305.0,5.318822027479393,425.52,0.0,0.0,0.0,1,0.568
ITM11553,Groceries,237,42.12,5,51,214.0,3.7886817776767687,401.85,0.0,0.0,0.0,1,0.824
ITM11554,Electronics,21,37.25,3,30,137.0,25.1871364335051,209.75,0.0,0.0,0.0,1,0.484
ITM11555,Automotive,197,43.67,2,49,110.0,22.68221777351148,361.01,0.0,0.0,0.0,1,0.672
ITM11556,Groceries,415,32.07,8,76,272.0,15.679810030099219,393.12,21.879999999999995,2439.1823999999997,6708.407999999998,1,0.701
ITM11557,Groceries,390,42.34,6,34,283.0,28.568521344567344,433.03999999999996,0.0,0.0,0.0,1,0.648
ITM11558,Electronics,365,13.8,4,64,57.0,1.9082,279.41999999999996,85.58000000000004,6830.139800000004,34672.737000000016,1,0.517
ITM11559,Apparel,298,5.79,2,93,17.0,5.327413200137569,75.19,222.81,20244.5166,43915.851,1,0.69
ITM11560,Pharma,165,31.18,2,61,79.0,16.400988236231377,165.07999999999998,0.0,0.0,0.0,1,0.553
ITM11561,Apparel,337,22.3,8,53,184.0,5.257621760834455,238.88,98.12,3816.868,64106.702000000005,1,0.476
ITM11562,Automotive,243,21.9,3,94,80.0,14.103656713331477,312.74,0.0,0.0,0.0,1,0.631
ITM11563,Groceries,388,26.81,3,65,100.0,19.346228097680953,138.28,249.72,41218.7832,22786.95,1,0.69
ITM11564,Electronics,403,18.71,3,64,78.0,22.166959440347245,229.81,173.19,7734.665399999999,34135.749,1,0.665
ITM11565,Electronics,81,31.68,6,96,209.0,19.381465115284755,436.47,0.0,0.0,0.0,1,0.628
ITM11566,Pharma,313,2.5,5,79,36.0,23.872373531186632,193.25,119.75,16022.550000000001,68185.65,1,0.593
ITM11567,Apparel,258,48.52,2,86,110.0,13.097526775884065,267.52,0.0,0.0,0.0,1,0.683
ITM11568,Pharma,214,46.31,5,96,235.0,3.6783318229871544,263.47,0.0,0.0,0.0,1,0.577
ITM11569,Groceries,185,46.83,5,82,262.0,27.808188581782886,499.03,0.0,0.0,0.0,1,0.714
ITM11570,Pharma,470,18.89,3,90,63.0,6.097338457884719,248.16,221.84,31392.5784,157084.904,1,0.494
ITM11571,Electronics,241,27.06,5,75,138.0,2.9426654583897234,341.58000000000004,0.0,0.0,0.0,1,0.784
ITM11572,Electronics,80,47.75,2,28,107.0,11.143366475396922,339.08000000000004,0.0,0.0,0.0,1,0.61
ITM11573,Automotive,148,45.21,2,92,111.0,20.286045024104627,283.58000000000004,0.0,0.0,0.0,1,0.691
ITM11574,Automotive,497,39.72,7,16,286.0,8.399863549933416,443.5,53.5,8733.875,22261.35,1,0.619
ITM11575,Groceries,192,20.96,4,72,86.0,2.0398,288.32,0.0,0.0,0.0,1,0.685
ITM11576,Apparel,499,28.65,6,51,178.0,6.205292365392625,449.0,50.0,5982.5,4380.0,1,0.601
ITM11577,Pharma,175,39.85,5,51,214.0,14.52941070079926,409.15999999999997,0.0,0.0,0.0,1,0.448
ITM11578,Groceries,424,14.38,6,68,110.0,24.21675786753875,348.61,75.38999999999999,3274.1876999999995,26967.002999999993,1,0.508
ITM11579,Automotive,397,31.7,6,29,200.0,9.388526760626503,349.28,47.72000000000003,3428.6820000000016,12366.638000000008,1,0.563
ITM11580,Pharma,129,41.57,6,82,282.0,32.71881429025202,462.98,0.0,0.0,0.0,1,0.827
ITM11581,Automotive,288,35.67,8,26,321.0,35.64016167078932,383.24,0.0,0.0,0.0,1,0.513
ITM11582,Pharma,430,24.49,9,36,255.0,35.08785,406.66999999999996,23.33000000000004,1751.616400000003,936.6995000000016,1,0.657
ITM11583,Apparel,375,29.65,7,56,230.0,22.327098451377424,283.18,91.82,10010.2164,3351.4300000000003,1,0.651
ITM11584,Groceries,410,49.45,6,11,313.0,15.996760188706961,458.44,0.0,0.0,0.0,1,0.598
ITM11585,Pharma,297,30.5,9,72,295.0,20.08545,323.84,0.0,0.0,0.0,1,0.594
ITM11586,Electronics,93,39.5,9,71,382.0,26.056800000000003,559.1,0.0,0.0,0.0,1,0.811
ITM11587,Electronics,456,36.6,7,28,262.0,5.35328091524254,355.15,100.85000000000002,10236.275000000001,51534.35000000001,1,0.739
ITM11588,Pharma,482,35.37,2,26,87.0,16.238141544524115,341.08000000000004,140.91999999999996,16611.649599999993,56579.37999999999,1,0.607
ITM11589,Pharma,226,36.1,8,78,307.0,17.866608461596734,426.12,0.0,0.0,0.0,1,0.685
ITM11590,Pharma,407,23.27,5,48,126.0,9.710796012686089,402.15,4.850000000000023,103.8385000000005,2974.020000000014,1,0.516
ITM11591,Electronics,499,24.23,7,91,183.0,13.666099247041931,330.14,168.86,19491.509800000003,91218.172,1,0.38
ITM11592,Electronics,298,23.93,4,80,103.0,7.2709,359.17,0.0,0.0,0.0,1,0.521
ITM11593,Pharma,394,2.63,9,90,68.0,44.7111,164.20999999999998,229.79000000000002,8139.161800000001,114906.48950000003,1,0.434
ITM11594,Automotive,345,12.81,6,48,85.0,8.50205642271327,225.96,119.03999999999999,5896.0512,61698.431999999986,1,0.709
ITM11595,Automotive,491,8.57,9,45,121.0,43.872150000000005,314.76,176.24,31360.1456,99707.78000000001,1,0.531
ITM11596,Apparel,359,44.44,8,49,383.0,27.63740996403245,468.01,0.0,0.0,0.0,1,0.536
ITM11597,Groceries,376,14.47,4,54,87.0,28.7546,287.63,88.37,1443.0820999999999,42576.666000000005,1,0.467
ITM11598,Automotive,359,7.78,2,13,27.0,11.631906550518707,120.69,238.31,33599.3269,110468.6005,1,0.548
ITM11599,Electronics,223,6.87,2,34,35.0,21.658609997065835,185.44,37.56,4330.668000000001,11378.802,1,0.685
ITM11600,Automotive,180,35.3,3,78,113.0,7.151551181911515,129.78,50.22,9469.9854,24929.208,1,0.605
ITM11601,Apparel,47,1.3,6,39,31.0,23.24969931708795,63.67,0.0,0.0,0.0,1,0.585
ITM11602,Apparel,411,24.09,3,85,77.0,4.843680083366365,152.86,258.14,31007.7768,124371.852,1,0.692
ITM11603,Groceries,276,6.82,8,77,77.0,22.100622445985543,320.88,0.0,0.0,0.0,1,0.601
ITM11604,Automotive,184,42.63,4,97,190.0,19.4439,391.51,0.0,0.0,0.0,1,0.865
ITM11605,Electronics,82,47.96,9,38,462.0,30.84375,731.1,0.0,0.0,0.0,1,0.489
ITM11606,Electronics,41,47.98,5,82,255.0,14.602977337259004,527.37,0.0,0.0,0.0,1,0.43
ITM11607,Pharma,89,22.66,3,77,71.0,3.504545001494488,189.65,0.0,0.0,0.0,1,0.657
ITM11608,Electronics,400,32.58,2,60,81.0,15.65654621699818,197.57999999999998,202.42000000000002,32202.997800000005,17731.992000000002,1,0.693
ITM11609,Groceries,424,30.39,6,33,203.0,20.7111706221546,455.37,0.0,0.0,0.0,1,0.527
ITM11610,Groceries,115,18.15,9,23,172.0,8.883000000000001,305.66999999999996,0.0,0.0,0.0,1,0.653
ITM11611,Electronics,182,22.76,4,78,122.0,30.8931,380.59,0.0,0.0,0.0,1,0.674
ITM11612,Electronics,98,4.15,7,27,71.0,41.69465948619799,227.72,0.0,0.0,0.0,1,0.506
ITM11613,Pharma,24,39.99,8,51,360.0,40.19986903859266,493.16999999999996,0.0,0.0,0.0,1,0.477
ITM11614,Electronics,335,12.8,8,66,142.0,39.64153752416775,232.93,102.07,12852.6544,37628.1055,1,0.633
ITM11615,Pharma,139,23.57,2,92,50.0,3.3499890865493875,96.68,42.31999999999999,8247.3216,1699.1479999999997,1,0.658
ITM11616,Pharma,321,24.55,7,21,215.0,43.261473412610435,377.51,0.0,0.0,0.0,1,0.666
ITM11617,Electronics,197,28.47,8,91,248.0,20.006879266892177,352.32,0.0,0.0,0.0,1,0.492
ITM11618,Apparel,195,41.08,5,26,213.0,7.540580237123666,295.34000000000003,0.0,0.0,0.0,1,0.542
ITM11619,Apparel,409,34.9,9,39,355.0,40.51635,414.2,0.0,0.0,0.0,1,0.551
ITM11620,Pharma,236,33.49,6,97,212.0,10.637644054958786,334.7,0.0,0.0,0.0,1,0.495
ITM11621,Electronics,75,26.81,9,84,268.0,27.1425,439.2,0.0,0.0,0.0,1,0.702
ITM11622,Apparel,385,5.7,5,32,35.0,6.326730735537906,287.74,97.25999999999999,5902.709399999999,48279.863999999994,1,0.65
ITM11623,Electronics,206,20.7,8,90,189.0,23.310340727239492,436.86,0.0,0.0,0.0,1,0.671
ITM11624,Electronics,251,47.91,5,10,261.0,21.334324573325496,518.97,0.0,0.0,0.0,1,0.627
ITM11625,Electronics,274,49.78,9,88,471.0,23.391900000000003,648.11,0.0,0.0,0.0,1,0.397
ITM11626,Automotive,432,36.79,8,41,300.0,5.39720463944068,472.27,0.0,0.0,0.0,1,0.629
ITM11627,Electronics,474,12.15,6,18,93.0,20.590288303348256,365.49,108.50999999999999,19050.0156,29704.6125,1,0.449
ITM11628,Automotive,123,5.99,6,24,56.0,19.945582603047725,149.68,0.0,0.0,0.0,1,0.579
ITM11629,Pharma,96,21.32,7,37,162.0,13.013260111036745,214.18,0.0,0.0,0.0,1,0.565
ITM11630,Apparel,249,42.97,5,33,249.0,34.06135268086105,283.0,0.0,0.0,0.0,1,0.516
ITM11631,Apparel,421,36.37,4,69,160.0,14.706299999999999,425.5,0.0,0.0,0.0,1,0.392
ITM11632,Apparel,277,44.31,7,44,348.0,37.90819249736791,465.81,0.0,0.0,0.0,1,0.815
ITM11633,Apparel,283,31.17,6,95,193.0,6.205292365392625,347.63,0.0,0.0,0.0,1,0.547
ITM11634,Apparel,350,7.39,2,36,23.0,8.212126024666206,265.89,84.11000000000001,9755.077800000003,6754.033000000001,1,0.71
ITM11635,Apparel,201,6.63,8,92,63.0,10.143022512052314,181.22,19.78,1513.9612000000002,4981.593,1,0.765
ITM11636,Apparel,400,3.35,7,85,43.0,19.06290277135148,304.71,95.29000000000002,12600.196700000002,14955.765500000001,1,0.806
ITM11637,Pharma,275,28.79,3,29,91.0,4.444788782383253,194.29000000000002,80.70999999999998,9112.158999999998,37707.71199999999,0,0.63
ITM11638,Electronics,57,12.9,4,74,67.0,15.430100000000001,289.39,0.0,0.0,0.0,1,0.581
ITM11639,Groceries,195,36.98,8,94,314.0,17.959663714000882,517.54,0.0,0.0,0.0,1,0.773
ITM11640,Automotive,46,34.63,7,58,254.0,11.40292357555728,322.39,0.0,0.0,0.0,1,0.66
ITM11641,Groceries,295,16.59,6,10,126.0,26.59411013739696,172.1,122.9,24272.75,5383.0199999999995,0,0.895
ITM11642,Groceries,159,9.66,9,19,134.0,47.03055,176.35,0.0,0.0,0.0,1,0.562
ITM11643,Electronics,318,6.02,6,56,46.0,9.95264424838947,244.77,73.22999999999999,11150.7321,11760.738,1,0.803
ITM11644,Electronics,464,37.13,4,68,172.0,23.8854,185.75,278.25,5793.165,99530.025,1,0.54
ITM11645,Electronics,306,23.07,3,71,91.0,21.511638017303564,292.6,13.399999999999977,1098.531999999998,4597.539999999993,1,0.514
ITM11646,Apparel,110,16.85,7,95,141.0,22.762324542047548,377.77,0.0,0.0,0.0,1,0.447
ITM11647,Pharma,499,42.98,9,27,431.0,44.56305,528.73,0.0,0.0,0.0,1,0.644
ITM11648,Apparel,80,30.09,7,55,253.0,42.12988557686812,479.25,0.0,0.0,0.0,1,0.728
ITM11649,Pharma,477,26.38,5,41,146.0,14.492627382569388,203.96,273.03999999999996,29463.746399999996,22921.708,1,0.774
ITM11650,Pharma,470,37.43,2,36,90.0,15.540227151492994,378.54,91.45999999999998,14189.104399999995,44733.085999999996,1,0.603
ITM11651,Groceries,384,40.96,6,27,273.0,27.359698156503846,350.3,33.69999999999999,2342.823999999999,13038.529999999995,1,0.631
ITM11652,Groceries,366,34.62,7,48,261.0,18.84528972601642,412.63,0.0,0.0,0.0,1,0.505
ITM11653,Pharma,182,22.56,7,58,173.0,15.276435782521395,467.34,0.0,0.0,0.0,1,0.692
ITM11654,Pharma,370,19.59,8,91,200.0,43.596385751344116,473.07,0.0,0.0,0.0,1,0.507
ITM11655,Apparel,162,38.81,8,53,348.0,37.22210096165986,549.24,0.0,0.0,0.0,1,0.707
ITM11656,Apparel,419,26.38,7,81,192.0,6.920094841654991,309.07,109.93,13161.9189,29692.093,1,0.434
ITM11657,Groceries,272,35.51,3,63,111.0,4.672726668659317,324.03,0.0,0.0,0.0,1,0.71
ITM11658,Electronics,288,44.63,2,43,111.0,21.542290931560647,254.48,33.52000000000001,6143.880800000002,23246.120000000006,1,0.616
ITM11659,Pharma,388,45.88,7,80,327.0,5.52737135151059,368.56,19.439999999999998,3520.0007999999993,2980.152,1,0.805
ITM11660,Apparel,310,14.61,4,45,82.0,23.1616,322.83000000000004,0.0,0.0,0.0,1,0.519
ITM11661,Groceries,478,10.21,6,27,72.0,10.67793816122757,334.77,143.23000000000002,25237.126,29799.001500000002,1,0.691
ITM11662,Apparel,206,13.8,5,47,72.0,3.0530154130793377,200.21,5.789999999999992,128.30639999999983,1923.1484999999975,1,0.6
ITM11663,Pharma,424,37.82,8,68,308.0,4.978456003622007,511.06,0.0,0.0,0.0,0,0.447
ITM11664,Pharma,457,19.13,4,18,90.0,13.324499999999999,108.81,348.19,24028.591900000003,36855.9115,1,0.783
ITM11665,Automotive,478,9.5,6,82,62.0,4.996469177329127,129.2,348.8,40938.656,225342.24,1,0.473
ITM11666,Electronics,433,5.82,9,81,83.0,30.448949999999996,258.38,174.62,10693.7288,121098.97,1,0.436
ITM11667,Automotive,323,17.04,8,60,167.0,30.940871424379765,256.48,66.51999999999998,13111.757199999998,34720.11399999999,1,0.648
ITM11668,Groceries,310,7.67,3,44,35.0,11.53935549272575,318.87,0.0,0.0,0.0,1,0.643
ITM11669,Apparel,105,8.66,8,91,104.0,35.17488540876857,356.74,0.0,0.0,0.0,1,0.483
ITM11670,Groceries,185,34.51,2,14,81.0,12.004127560135307,280.95,0.0,0.0,0.0,1,0.496
ITM11671,Pharma,434,1.97,2,23,15.0,10.678090213376173,314.66,119.33999999999997,15152.599799999996,85375.83599999998,1,0.689
ITM11672,Automotive,481,6.76,6,39,58.0,17.608524439458293,138.54000000000002,342.46,51492.2856,211246.45099999997,1,0.662
ITM11673,Automotive,427,42.37,4,13,185.0,15.133999999999999,461.55,0.0,0.0,0.0,1,0.621
ITM11674,Automotive,133,42.4,5,48,248.0,35.64303536474552,346.33,0.0,0.0,0.0,1,0.434
ITM11675,Groceries,452,17.13,3,93,71.0,19.859088341802096,254.01,197.99,10792.4349,73711.67700000001,1,0.522
ITM11676,Pharma,499,5.31,6,73,46.0,14.062643087805364,181.97,317.03,25489.212,89101.2815,1,0.68
ITM11677,Apparel,375,35.54,9,34,357.0,36.86445,495.53,0.0,0.0,0.0,1,0.615
ITM11678,Apparel,435,18.65,3,37,66.0,10.371173825560923,297.13,137.87,26417.2707,78503.178,0,0.539
ITM11679,Groceries,202,3.23,2,85,10.0,3.9315844140753233,120.79,81.21,7127.801699999999,38830.561499999996,1,0.375
ITM11680,Automotive,226,8.73,7,75,83.0,21.84834975164028,240.18,0.0,0.0,0.0,1,0.32
ITM11681,Electronics,275,7.72,7,87,87.0,33.20775071813055,158.4,116.6,15175.49,18725.96,1,0.72
ITM11682,Groceries,254,29.87,5,31,164.0,15.04437715601746,395.40999999999997,0.0,0.0,0.0,1,0.816
ITM11683,Groceries,461,45.01,3,40,160.0,24.959198547229033,330.06,130.94,7531.6688,32977.238999999994,1,0.727
ITM11684,Pharma,374,39.86,6,32,256.0,16.842936420351407,339.97,34.02999999999997,4964.296399999996,5837.846499999995,1,0.542
ITM11685,Apparel,22,27.78,5,57,153.0,14.05122756381093,240.12,0.0,0.0,0.0,1,0.608
ITM11686,Groceries,227,21.69,8,29,220.0,46.434570949670686,315.13,0.0,0.0,0.0,1,0.529
ITM11687,Groceries,216,31.32,8,47,274.0,23.636034110654016,486.78999999999996,0.0,0.0,0.0,1,0.438
ITM11688,Automotive,360,22.75,9,64,245.0,40.22025,427.58000000000004,0.0,0.0,0.0,1,0.803
ITM11689,Automotive,144,13.06,4,77,79.0,26.8135,327.45,0.0,0.0,0.0,1,0.575
ITM11690,Electronics,157,34.28,7,88,280.0,40.476026432321646,455.74,0.0,0.0,0.0,1,0.485
ITM11691,Pharma,358,43.79,6,97,268.0,5.278527921210609,366.93,0.0,0.0,0.0,1,0.496
ITM11692,Electronics,44,19.27,3,98,67.0,8.775608621628473,356.23,0.0,0.0,0.0,1,0.55
ITM11693,Automotive,87,42.24,5,10,240.0,28.65420490106993,506.97,0.0,0.0,0.0,1,0.609
ITM11694,Apparel,80,22.12,6,16,156.0,23.531758060969434,246.86,0.0,0.0,0.0,1,0.64
ITM11695,Automotive,48,20.67,5,66,125.0,21.407891209785237,399.68,0.0,0.0,0.0,1,0.538
ITM11696,Pharma,402,2.39,5,21,20.0,7.6509301918132815,238.84,163.16,19972.4156,72059.614,1,0.651
ITM11697,Automotive,38,35.07,5,14,187.0,11.660311878869278,317.26,0.0,0.0,0.0,1,0.547
ITM11698,Pharma,190,40.57,3,59,137.0,15.528268502556879,282.39,0.0,0.0,0.0,1,0.354
ITM11699,Pharma,469,33.51,6,51,214.0,12.612055262129164,353.45,115.55000000000001,4662.442500000001,8013.392500000001,1,0.895
ITM11700,Pharma,93,8.42,2,21,23.0,5.8159532752593535,264.09000000000003,0.0,0.0,0.0,1,0.665
ITM11701,Pharma,80,6.06,2,27,15.0,3.094087142437976,75.9,4.099999999999994,481.2579999999993,2139.9949999999967,1,0.47
ITM11702,Pharma,446,29.07,3,75,93.0,5.6414626853325895,120.01,325.99,16710.2474,172530.2075,1,0.611
ITM11703,Apparel,172,20.67,8,83,202.0,36.29154843761837,356.55,0.0,0.0,0.0,1,0.727
ITM11704,Electronics,295,22.03,3,88,87.0,20.884808830044385,181.22,113.78,13517.064,54819.204000000005,1,0.625
ITM11705,Groceries,67,48.42,7,26,343.0,4.091125252299177,516.54,0.0,0.0,0.0,1,0.688
ITM11706,Electronics,230,36.47,5,77,191.0,8.938346329858785,484.68,0.0,0.0,0.0,1,0.544
ITM11707,Pharma,362,21.18,6,80,151.0,23.451169848431867,355.72,6.279999999999973,612.1743999999974,3254.923999999986,1,0.528
ITM11708,Apparel,427,1.94,6,71,26.0,14.344701831686846,314.17,112.82999999999998,9623.2707,18532.327499999996,1,0.643
ITM11709,Automotive,158,2.67,4,50,38.0,27.3728,260.3,0.0,0.0,0.0,1,0.621
ITM11710,Apparel,129,34.56,4,43,164.0,26.1884,196.02,0.0,0.0,0.0,1,0.546
ITM11711,Pharma,202,42.05,9,79,423.0,44.26695,690.9,0.0,0.0,0.0,1,0.461
ITM11712,Apparel,47,35.68,2,54,85.0,13.609330664106887,152.69,0.0,0.0,0.0,1,0.592
ITM11713,Apparel,216,20.89,4,67,96.0,12.6336,356.79,0.0,0.0,0.0,1,0.533
ITM11714,Pharma,210,2.53,4,60,31.0,20.595399999999998,258.23,0.0,0.0,0.0,1,0.548
ITM11715,Apparel,334,48.4,2,43,100.0,3.1406147686400514,353.2,0.0,0.0,0.0,1,0.564
ITM11716,Groceries,408,49.33,7,53,348.0,2.5678339349537382,431.54,0.0,0.0,0.0,1,0.63
ITM11717,Groceries,70,27.92,8,24,226.0,3.070823329336939,470.15,0.0,0.0,0.0,1,0.737
ITM11718,Apparel,168,4.46,2,87,19.0,10.16628632515335,206.0,0.0,0.0,0.0,1,0.513
ITM11719,Automotive,287,27.51,8,79,233.0,12.422876195953979,266.74,20.25999999999999,3770.9937999999984,2218.469999999999,1,0.634
ITM11720,Pharma,69,44.72,9,59,412.0,9.82065,679.85,0.0,0.0,0.0,1,0.662
ITM11721,Groceries,407,34.32,4,41,158.0,20.8915,422.28,0.0,0.0,0.0,1,0.653
ITM11722,Automotive,265,36.28,6,76,258.0,40.09263573743935,433.88,0.0,0.0,0.0,1,0.562
ITM11723,Apparel,132,5.16,4,12,28.0,7.2051,169.26,0.0,0.0,0.0,0,0.538
ITM11724,Automotive,189,6.22,5,95,52.0,20.92970807279691,178.16,10.840000000000003,346.5548000000001,1068.2820000000004,1,0.744
ITM11725,Electronics,487,7.24,9,95,73.0,8.093399999999999,257.78999999999996,229.21000000000004,8324.907200000001,58563.155,0,0.71
ITM11726,Groceries,185,45.31,8,83,406.0,43.64291337754619,660.09,0.0,0.0,0.0,1,0.591
ITM11727,Apparel,428,26.77,8,60,229.0,15.21453376807847,403.12,24.879999999999995,2909.4671999999996,8173.079999999998,1,0.733
ITM11728,Pharma,33,39.79,5,76,231.0,32.51645331520644,278.6,0.0,0.0,0.0,1,0.638
ITM11729,Apparel,222,6.65,5,85,45.0,11.733878515329023,143.79000000000002,78.20999999999998,2666.9609999999993,19697.188499999993,1,0.702
ITM11730,Pharma,307,46.45,7,57,361.0,35.51444899868221,564.79,0.0,0.0,0.0,1,0.425
ITM11731,Apparel,414,41.24,3,26,131.0,7.094566710342499,328.58000000000004,85.41999999999996,14531.650399999993,34919.69599999998,1,0.549
ITM11732,Automotive,208,12.01,5,16,72.0,12.064928379397866,232.48,0.0,0.0,0.0,1,0.595
ITM11733,Automotive,421,43.83,8,22,361.0,10.840936905083435,440.74,0.0,0.0,0.0,1,0.617
ITM11734,Automotive,174,13.91,6,75,96.0,12.128525986903766,184.47,0.0,0.0,0.0,1,0.432
ITM11735,Electronics,74,11.06,8,13,128.0,39.22278888834908,278.43,0.0,0.0,0.0,1,0.636
ITM11736,Pharma,201,13.95,8,19,142.0,30.568650414763166,266.4,0.0,0.0,0.0,1,0.69
ITM11737,Automotive,229,45.59,7,97,338.0,18.97585755321746,439.62,0.0,0.0,0.0,1,0.39
ITM11738,Electronics,395,45.86,3,26,165.0,27.72294541832632,415.53999999999996,0.0,0.0,0.0,1,0.576
ITM11739,Pharma,490,17.12,3,61,65.0,14.018180005977952,221.17,268.83000000000004,5857.805700000001,82423.278,1,0.705
ITM11740,Apparel,94,35.57,5,15,214.0,35.71660200120527,369.89,0.0,0.0,0.0,1,0.629
ITM11741,Electronics,296,34.11,9,92,319.0,11.695950000000002,453.14,0.0,0.0,0.0,1,0.502
ITM11742,Groceries,447,40.52,4,78,192.0,29.9061,399.46000000000004,47.539999999999964,5779.437799999995,29845.61199999998,1,0.467
ITM11743,Electronics,152,15.53,8,83,127.0,2.931240450730715,187.94,0.0,0.0,0.0,0,0.835
ITM11744,Electronics,362,26.0,2,18,65.0,13.213845841389253,348.64,13.360000000000014,900.5976000000009,7022.016000000007,1,0.537
ITM11745,Pharma,444,33.72,4,86,150.0,14.8708,190.34,253.66,6349.1098,14813.744,1,0.67
ITM11746,Apparel,78,2.29,4,92,27.0,18.0621,242.99,0.0,0.0,0.0,1,0.558
ITM11747,Groceries,364,19.46,3,30,75.0,16.411527811876624,289.25,74.75,8354.06,42835.4875,1,0.708
ITM11748,Automotive,201,35.1,3,33,117.0,11.966739029493374,160.04,40.96000000000001,4921.344000000001,24518.656000000003,1,0.506
ITM11749,Automotive,477,13.38,7,13,137.0,43.435563848878495,434.98,42.01999999999998,5330.236999999997,18864.87899999999,1,0.608
ITM11750,Electronics,425,47.93,7,33,378.0,42.56511166753825,397.95,27.05000000000001,4850.065000000002,11946.632500000005,1,0.608
ITM11751,Pharma,358,2.48,3,68,35.0,27.466515296265744,150.76,207.24,4445.298,114976.75200000002,1,0.529
ITM11752,Pharma,340,47.95,6,12,327.0,39.488224143407614,460.18,0.0,0.0,0.0,0,0.479
ITM11753,Automotive,83,11.62,6,77,102.0,32.35616733383297,344.81,0.0,0.0,0.0,1,0.718
ITM11754,Groceries,346,3.39,2,49,30.0,23.007911156926003,48.65,297.35,7377.2535,34730.48,1,0.653
ITM11755,Apparel,279,15.33,3,57,72.0,25.586027734488212,243.54,35.46000000000001,4782.844800000001,21873.501000000004,1,0.604
ITM11756,Groceries,212,39.53,5,63,214.0,16.368576612292838,283.15999999999997,0.0,0.0,0.0,1,0.7
ITM11757,Apparel,162,37.87,7,44,300.0,34.643996817341964,476.05,0.0,0.0,0.0,1,0.639
ITM11758,Automotive,123,11.23,3,65,60.0,26.09888797860936,257.44,0.0,0.0,0.0,1,0.529
ITM11759,Apparel,479,10.64,6,98,93.0,29.29381525740544,112.9,366.1,40512.626000000004,160351.8,1,0.419
ITM11760,Pharma,425,32.49,3,49,110.0,12.87849057459763,139.56,285.44,16526.976,104185.6,0,0.668
ITM11761,Electronics,233,23.45,6,86,145.0,4.55323400837251,179.72,53.28,10482.84,33643.656,1,0.56
ITM11762,Electronics,261,39.82,3,77,143.0,23.335141107512076,400.16,0.0,0.0,0.0,1,0.496
ITM11763,Automotive,450,2.18,8,55,62.0,44.43388302298147,340.73,109.26999999999998,18622.886099999996,5184.861499999999,1,0.749
ITM11764,Pharma,228,30.91,5,87,169.0,14.492627382569388,305.94,0.0,0.0,0.0,1,0.451
ITM11765,Groceries,112,36.8,9,22,341.0,9.5739,604.69,0.0,0.0,0.0,1,0.79
ITM11766,Pharma,449,49.68,2,36,108.0,8.37497271637347,256.1,192.89999999999998,22202.789999999997,79561.60499999998,0,0.664
ITM11767,Electronics,161,34.26,8,15,302.0,28.056158599851123,428.33,0.0,0.0,0.0,1,0.674
ITM11768,Electronics,453,12.36,5,26,75.0,12.910944698684911,239.06,213.94,31201.0096,128845.36499999999,1,0.464
ITM11769,Pharma,423,6.3,6,45,63.0,25.385286949333466,302.15,120.85000000000002,7312.633500000001,71458.60500000001,1,0.552
ITM11770,Pharma,453,32.4,7,90,269.0,42.17340818593513,343.89,109.11000000000001,10411.276200000002,37037.389500000005,0,0.715
ITM11771,Electronics,131,26.64,7,11,216.0,29.900032429037598,313.5,0.0,0.0,0.0,1,0.883
ITM11772,Groceries,436,45.06,4,86,193.0,12.995500000000002,449.17,0.0,0.0,0.0,1,0.623
ITM11773,Automotive,394,36.6,5,61,218.0,34.53953581784938,493.63,0.0,0.0,0.0,1,0.655
ITM11774,Automotive,78,25.98,3,75,95.0,16.724942405506212,140.67000000000002,0.0,0.0,0.0,1,0.81
ITM11775,Pharma,62,20.78,2,61,46.0,4.001375853378436,260.43,0.0,0.0,0.0,1,0.567
ITM11776,Automotive,226,20.81,3,52,77.0,14.929931551082207,89.78999999999999,136.21,18941.3626,36293.154500000004,1,0.672
ITM11777,Electronics,287,12.09,3,99,55.0,19.11829021140489,136.39,150.61,9926.705100000001,102798.85550000002,1,0.369
ITM11778,Electronics,315,1.85,5,31,40.0,31.11868722247133,69.9,245.1,23012.439,95723.80500000001,1,0.613
ITM11779,Pharma,137,29.17,9,64,309.0,46.389,468.46000000000004,0.0,0.0,0.0,1,0.354
ITM11780,Pharma,39,11.41,2,76,31.0,8.18886221156517,140.57999999999998,0.0,0.0,0.0,1,0.593
ITM11781,Pharma,241,11.21,4,69,51.0,6.5142,100.9,140.1,5794.536,58806.97499999999,1,0.653
ITM11782,Groceries,185,7.14,8,67,63.0,5.58331514424898,73.09,111.91,9163.190799999998,57186.009999999995,1,0.703
ITM11783,Automotive,150,10.29,3,21,52.0,21.397669074165528,174.63,0.0,0.0,0.0,1,0.564
ITM11784,Pharma,175,2.56,2,97,24.0,18.727369546335122,119.4,55.599999999999994,8139.283999999999,26788.079999999998,1,0.469
ITM11785,Apparel,203,34.04,4,78,151.0,14.4431,174.54,28.460000000000008,1083.4722000000004,16724.519000000004,1,0.604
ITM11786,Apparel,109,20.67,8,93,185.0,19.820768762083876,442.01,0.0,0.0,0.0,1,0.707
ITM11787,Electronics,113,28.51,3,48,113.0,27.267069645774185,242.13,0.0,0.0,0.0,1,0.607
ITM11788,Automotive,32,32.21,2,22,86.0,21.425971866055463,320.69,0.0,0.0,0.0,1,0.745
ITM11789,Pharma,480,48.65,8,50,402.0,12.655514326964354,534.39,0.0,0.0,0.0,1,0.617
ITM11790,Apparel,341,4.35,5,66,51.0,29.13238803805826,80.58,260.42,29703.505200000003,24713.858000000004,1,0.647
ITM11791,Automotive,312,21.48,9,62,225.0,31.6827,349.34000000000003,0.0,0.0,0.0,0,0.612
ITM11792,Electronics,452,13.05,7,21,100.0,8.573953986201467,366.98,85.01999999999998,1256.5955999999996,26067.131999999994,1,0.527
ITM11793,Groceries,249,24.36,7,22,187.0,16.93029492706787,199.25,49.75,6204.322499999999,4539.6875,1,0.588
ITM11794,Automotive,341,46.1,3,83,145.0,6.239799636807258,414.64,0.0,0.0,0.0,1,0.733
ITM11795,Automotive,311,36.48,3,66,119.0,9.40243780888765,319.45,0.0,0.0,0.0,1,0.606
ITM11796,Groceries,457,33.44,8,49,297.0,29.54504263831752,595.73,0.0,0.0,0.0,1,0.443
ITM11797,Automotive,45,22.62,2,89,55.0,9.46837193212223,330.67,0.0,0.0,0.0,1,0.439
ITM11798,Electronics,94,33.88,7,54,256.0,18.45358624441331,518.0,0.0,0.0,0.0,1,0.726
ITM11799,Electronics,475,2.59,3,44,24.0,16.04112874667802,44.879999999999995,430.12,65180.3848,273169.212,1,0.506
ITM11800,Groceries,383,29.73,4,12,123.0,4.3757,214.26999999999998,168.73000000000002,29512.564300000002,53580.211500000005,1,0.649
ITM11801,Pharma,443,28.14,3,14,106.0,21.42616130995004,224.68,218.32,30130.343199999996,78889.932,1,0.565
ITM11802,Apparel,318,17.99,7,99,145.0,18.80176711694941,357.95,0.0,0.0,0.0,1,0.356
ITM11803,Pharma,169,10.87,6,20,86.0,20.388817772004334,284.11,0.0,0.0,0.0,1,0.839
ITM11804,Automotive,167,40.57,9,80,413.0,48.1656,472.79,0.0,0.0,0.0,1,0.656
ITM11805,Apparel,27,3.64,7,65,42.0,16.40802361826372,265.68,0.0,0.0,0.0,1,0.655
ITM11806,Groceries,48,4.41,4,19,40.0,21.9114,95.13,0.0,0.0,0.0,1,0.503
ITM11807,Groceries,315,22.59,2,43,55.0,9.840592941738828,197.37,117.63,18830.2104,12880.484999999999,1,0.69
ITM11808,Apparel,493,13.38,4,76,83.0,29.61,260.83000000000004,232.16999999999996,16929.836399999997,25422.614999999994,1,0.76
ITM11809,Electronics,433,37.53,6,81,260.0,34.41116675354092,522.5,0.0,0.0,0.0,1,0.568
ITM11810,Apparel,228,32.08,6,40,204.0,11.282349755259316,397.08000000000004,0.0,0.0,0.0,1,0.705
ITM11811,Automotive,147,38.85,3,84,137.0,20.14401069964718,423.9,0.0,0.0,0.0,1,0.673
ITM11812,Electronics,359,16.91,3,80,54.0,3.1911304078649,352.4,6.600000000000023,1135.662000000004,1156.320000000004,1,0.64
ITM11813,Groceries,135,37.29,7,75,303.0,41.99931774966708,460.56,0.0,0.0,0.0,1,0.673
ITM11814,Apparel,458,43.25,5,79,230.0,14.05122756381093,254.93,203.07,4280.7155999999995,8894.465999999999,1,0.644
ITM11815,Pharma,163,17.92,9,50,203.0,41.45400000000001,221.21,0.0,0.0,0.0,1,0.586
ITM11816,Pharma,449,17.65,4,72,82.0,11.6137,340.14,108.86000000000001,8000.1214,68739.64700000001,1,0.434
ITM11817,Automotive,337,45.1,7,41,344.0,28.333218502625147,498.96000000000004,0.0,0.0,0.0,1,0.512
ITM11818,Pharma,254,3.44,5,29,53.0,36.1947851381936,169.37,84.63,14328.7053,50968.417499999996,1,0.56
ITM11819,Apparel,26,18.16,7,66,166.0,38.43046380617205,258.49,0.0,0.0,0.0,1,0.504
ITM11820,Apparel,483,6.81,9,59,71.0,9.9687,162.72,320.28,35583.10799999999,123916.33200000001,1,0.504
ITM11821,Pharma,64,2.42,9,89,50.0,28.1295,81.12,0.0,0.0,0.0,1,0.551
ITM11822,Apparel,462,6.53,6,34,55.0,15.352054488406429,152.87,309.13,28053.5475,71084.44350000001,1,0.628
ITM11823,Automotive,258,22.13,3,21,80.0,13.191905168227217,276.99,0.0,0.0,0.0,1,0.516
ITM11824,Electronics,459,34.66,3,80,114.0,10.485142768698955,235.70999999999998,223.29000000000002,42974.39340000001,13855.144500000002,1,0.65
ITM11825,Automotive,451,15.17,9,48,155.0,18.21015,439.87,11.129999999999995,985.5614999999996,7434.283499999997,1,0.569
ITM11826,Automotive,174,42.63,7,26,323.0,24.590274122862073,526.77,0.0,0.0,0.0,1,0.648
ITM11827,Apparel,200,22.44,9,54,213.0,11.4492,473.55,0.0,0.0,0.0,1,0.719
ITM11828,Electronics,234,48.44,3,20,161.0,15.984144275109006,204.11,29.889999999999986,4971.603699999998,12655.425999999994,1,0.701
ITM11829,Apparel,107,47.75,2,79,103.0,7.328101126826786,243.65,0.0,0.0,0.0,1,0.49
ITM11830,Groceries,275,38.89,7,32,286.0,14.14484794677907,308.02,0.0,0.0,0.0,1,0.49
ITM11831,Apparel,92,46.69,6,79,310.0,30.301167914125024,579.55,0.0,0.0,0.0,1,0.623
ITM11832,Apparel,438,35.65,8,47,289.0,3.629154843761837,341.59000000000003,96.40999999999997,3649.118499999999,11964.480999999996,1,0.845
ITM11833,Apparel,198,44.88,7,11,332.0,17.93131493560916,575.5699999999999,0.0,0.0,0.0,1,0.541
ITM11834,Electronics,231,12.59,7,95,107.0,19.01938016228447,384.91,0.0,0.0,0.0,1,0.437
ITM11835,Apparel,312,17.93,3,93,68.0,14.559532485883604,206.15,105.85,3586.198,42885.1275,1,0.446
ITM11836,Electronics,253,37.89,6,98,255.0,27.641756900385328,377.90999999999997,0.0,0.0,0.0,1,0.664
ITM11837,Pharma,484,21.8,7,88,170.0,17.45256623587202,354.03,129.97000000000003,17417.279700000003,90608.58550000002,1,0.474
ITM11838,Groceries,258,42.03,3,81,133.0,7.180043417696024,357.7,0.0,0.0,0.0,1,0.511
ITM11839,Electronics,242,44.0,9,46,440.0,43.97085,637.23,0.0,0.0,0.0,1,0.703
ITM11840,Pharma,138,15.69,4,58,95.0,32.3078,105.33,32.67,1433.5596,1311.7005000000001,1,0.529
ITM11841,Electronics,332,41.35,6,61,251.0,2.7802933325460457,488.91999999999996,0.0,0.0,0.0,1,0.563
ITM11842,Electronics,283,8.56,5,42,64.0,20.92970807279691,116.74000000000001,166.26,18940.3392,86779.40699999999,1,0.564
ITM11843,Groceries,226,17.38,2,31,43.0,8.72392991288903,183.41,42.59,7514.153700000001,4974.512000000001,1,0.713
ITM11844,Automotive,114,26.38,5,14,143.0,11.513178605949792,234.88,0.0,0.0,0.0,1,0.592
ITM11845,Automotive,392,12.1,8,27,114.0,17.168694068565614,393.09,0.0,0.0,0.0,1,0.783
ITM11846,Electronics,241,29.38,9,47,297.0,32.42295,452.61,0.0,0.0,0.0,1,0.693
ITM11847,Apparel,385,29.36,6,46,185.0,9.307938548088936,346.43,38.56999999999999,5302.989299999999,2111.7074999999995,1,0.658
ITM11848,Pharma,295,11.14,7,73,118.0,39.91023251445048,150.07999999999998,144.92000000000002,7883.648000000001,17984.572000000004,1,0.543
ITM11849,Apparel,399,39.99,3,19,134.0,14.046672241762458,404.23,0.0,0.0,0.0,1,0.609
ITM11850,Apparel,250,31.95,8,88,272.0,16.703417806544863,351.32,0.0,0.0,0.0,1,0.606
ITM11851,Electronics,328,16.57,6,51,131.0,31.308520570844603,261.05,66.94999999999999,10762.212499999998,25169.852499999994,0,0.687
ITM11852,Electronics,138,12.38,2,57,26.0,1.5354116646684695,321.74,0.0,0.0,0.0,1,0.439
ITM11853,Electronics,287,44.06,6,53,283.0,18.535288883640305,326.03,0.0,0.0,0.0,1,0.429
ITM11854,Electronics,452,41.95,8,91,354.0,18.052718966405035,572.37,0.0,0.0,0.0,1,0.583
ITM11855,Automotive,292,12.26,3,96,47.0,10.570619476052478,132.44,159.56,27595.902,16307.032000000003,1,0.482
ITM11856,Electronics,83,2.74,5,25,27.0,13.60982774505247,158.74,0.0,0.0,0.0,1,0.7
ITM11857,Automotive,317,40.42,4,63,164.0,2.632,295.28,21.720000000000027,561.6792000000007,12684.480000000016,1,0.574
ITM11858,Automotive,369,31.16,5,44,163.0,7.17274705482495,443.35,0.0,0.0,0.0,1,0.708
ITM11859,Electronics,432,5.94,3,37,23.0,5.271063620133986,36.01,395.99,50916.39420000001,39024.81450000001,1,0.725
ITM11860,Groceries,422,29.78,8,11,284.0,46.015822313852006,400.49,21.50999999999999,2499.677099999999,10756.075499999997,1,0.542
ITM11861,Pharma,30,23.16,3,22,72.0,2.02294874070007,329.2,0.0,0.0,0.0,1,0.531
ITM11862,Apparel,117,38.95,9,50,361.0,10.314149999999998,635.05,0.0,0.0,0.0,1,0.755
ITM11863,Automotive,453,11.25,2,89,45.0,22.68221777351148,145.28,307.72,41403.72600000001,142643.60600000003,1,0.561
ITM11864,Pharma,90,23.2,6,68,165.0,26.07028675590278,245.17000000000002,0.0,0.0,0.0,1,0.49
ITM11865,Groceries,383,8.66,9,78,102.0,23.5893,245.77,137.23,21174.589,52593.3975,0,0.575
ITM11866,Apparel,77,47.92,6,62,293.0,5.036763283597909,519.29,0.0,0.0,0.0,1,0.618
ITM11867,Apparel,309,39.16,5,54,221.0,25.23335630569188,275.67,33.329999999999984,1991.800799999999,18978.10199999999,1,0.519
ITM11868,Automotive,270,37.1,8,29,305.0,8.421500342575545,542.5,0.0,0.0,0.0,1,0.644
ITM11869,Electronics,295,34.82,4,33,162.0,22.6352,320.68,0.0,0.0,0.0,1,0.667
ITM11870,Groceries,69,21.74,4,70,119.0,32.242000000000004,169.82999999999998,0.0,0.0,0.0,1,0.54
ITM11871,Automotive,377,46.24,2,67,105.0,12.911416271075765,309.81,67.19,7314.3034,8338.279,1,0.709
ITM11872,Groceries,235,4.57,3,36,21.0,7.2085356534805305,213.18,21.819999999999993,506.44219999999984,11150.019999999995,1,0.664
ITM11873,Electronics,413,40.36,2,35,96.0,14.981895637068096,286.49,126.50999999999999,5710.6614,4617.615,1,0.579
ITM11874,Electronics,435,11.55,6,16,91.0,21.63793506633662,319.89,115.11000000000001,21118.080600000005,30250.908000000003,1,0.426
ITM11875,Automotive,71,16.88,7,51,142.0,24.19857064125896,204.55,0.0,0.0,0.0,1,0.6
ITM11876,Electronics,290,26.45,7,56,207.0,21.93539496977431,419.27,0.0,0.0,0.0,1,0.581
ITM11877,Pharma,103,39.35,7,62,305.0,30.03060025623864,572.3199999999999,0.0,0.0,0.0,1,0.535
ITM11878,Apparel,406,42.09,3,68,143.0,16.895895820213262,306.78999999999996,99.21000000000004,11459.747100000004,52144.77600000001,1,0.513
ITM11879,Automotive,312,29.6,2,47,82.0,22.984647343824967,232.95,79.05000000000001,4319.292,17023.417500000003,1,0.676
ITM11880,Groceries,145,20.75,9,78,228.0,41.20725,469.36,0.0,0.0,0.0,1,0.75
ITM11881,Pharma,315,47.38,8,96,393.0,14.004815486824523,445.40999999999997,0.0,0.0,0.0,1,0.668
ITM11882,Automotive,91,13.08,5,62,93.0,27.18287217187507,201.85,0.0,0.0,0.0,1,0.621
ITM11883,Electronics,315,40.35,6,24,252.0,10.234702992270952,509.6,0.0,0.0,0.0,1,0.471
ITM11884,Electronics,255,30.99,7,35,251.0,34.51342899014093,405.93,0.0,0.0,0.0,0,0.689
ITM11885,Electronics,75,19.47,8,57,165.0,8.840248978394216,418.73,0.0,0.0,0.0,1,0.869
ITM11886,Electronics,426,1.07,4,28,21.0,16.45,104.04,321.96,26915.855999999996,146894.25,1,0.753
ITM11887,Groceries,379,22.88,9,18,245.0,39.529349999999994,367.98,11.019999999999982,124.6361999999998,482.6759999999992,1,0.767
ITM11888,Pharma,414,14.56,2,73,36.0,7.351364939927823,284.85,129.14999999999998,13644.697499999998,68824.03499999999,1,0.466
ITM11889,Apparel,129,6.11,6,63,71.0,34.04851979712187,128.41,0.5900000000000034,100.95490000000059,118.44250000000069,1,0.442
ITM11890,Groceries,211,4.68,6,60,55.0,26.67469834993453,324.49,0.0,0.0,0.0,0,0.754
ITM11891,Groceries,411,18.03,4,48,86.0,14.0812,185.86,225.14,28248.315799999997,67384.40199999999,1,0.576
ITM11892,Apparel,112,31.12,9,13,302.0,22.306199999999997,594.0799999999999,0.0,0.0,0.0,1,0.408
ITM11893,Apparel,369,42.04,4,12,199.0,30.597,449.03999999999996,0.0,0.0,0.0,1,0.739
ITM11894,Electronics,75,9.99,4,73,48.0,8.4553,190.12,0.0,0.0,0.0,1,0.646
ITM11895,Groceries,79,21.81,7,38,184.0,30.857529828511876,409.25,0.0,0.0,0.0,1,0.452
ITM11896,Automotive,157,20.21,9,20,218.0,35.6307,389.03,0.0,0.0,0.0,1,0.549
ITM11897,Apparel,58,26.16,7,67,223.0,40.30193599605359,480.44,0.0,0.0,0.0,1,0.353
ITM11898,Apparel,47,40.67,2,84,98.0,16.93605593755524,258.25,0.0,0.0,0.0,1,0.602
ITM11899,Pharma,68,28.13,4,36,132.0,19.9045,428.52,0.0,0.0,0.0,1,0.569
ITM11900,Automotive,439,42.49,5,30,246.0,33.36246963449349,294.72,144.27999999999997,28079.773599999997,101638.04599999997,1,0.495
ITM11901,Automotive,144,26.41,6,48,192.0,33.76646105324039,398.18,0.0,0.0,0.0,1,0.538
ITM11902,Apparel,32,30.59,9,55,311.0,36.07485,392.24,0.0,0.0,0.0,1,0.648
ITM11903,Electronics,499,22.43,4,75,92.0,2.6649000000000003,157.45999999999998,341.54,61139.0754,218158.67500000002,1,0.567
ITM11904,Pharma,55,41.33,9,45,392.0,19.986749999999997,520.39,0.0,0.0,0.0,1,0.848
ITM11905,Automotive,120,46.27,6,84,304.0,26.19116907470913,420.56,0.0,0.0,0.0,1,0.577
ITM11906,Apparel,301,32.32,3,91,113.0,15.556760738341385,136.44,164.56,19192.6328,41444.435999999994,1,0.519
ITM11907,Automotive,105,41.22,8,74,346.0,16.424252049332413,480.03999999999996,0.0,0.0,0.0,1,0.577
ITM11908,Pharma,23,3.89,3,72,17.0,5.3280480917030015,303.06,0.0,0.0,0.0,1,0.65
ITM11909,Pharma,242,45.4,4,44,201.0,18.9175,346.39,0.0,0.0,0.0,1,0.6
ITM11910,Groceries,357,10.26,6,40,75.0,12.974702218548215,172.53,184.47,14578.6641,134663.1,1,0.425
ITM11911,Apparel,467,13.57,8,37,121.0,12.60898670076228,406.23,60.76999999999998,10095.720099999997,29057.175499999994,1,0.518
ITM11912,Pharma,185,3.61,3,10,23.0,12.223169151553945,179.66,5.340000000000003,1033.5570000000007,3430.416000000002,0,0.58
ITM11913,Groceries,402,48.3,4,34,219.0,26.1884,312.26,89.74000000000001,4767.886200000001,55028.56800000001,1,0.503
ITM11914,Groceries,363,42.75,6,52,277.0,20.670876515885823,514.0699999999999,0.0,0.0,0.0,1,0.47
ITM11915,Automotive,402,45.75,4,93,191.0,8.4224,265.85,136.14999999999998,12397.818999999998,8448.1075,1,0.529
ITM11916,Automotive,395,42.51,7,76,305.0,7.007140059789015,386.85,8.149999999999977,1446.380499999996,3212.7299999999914,1,0.653
ITM11917,Groceries,490,24.5,6,72,168.0,21.114111684842435,272.06,217.94,8403.7664,57274.632,1,0.663
ITM11918,Automotive,297,46.28,3,60,162.0,22.936249806528966,286.48,10.519999999999982,1875.715999999997,1190.337999999998,1,0.74
ITM11919,Pharma,149,48.5,4,11,216.0,22.043,395.03,0.0,0.0,0.0,1,0.549
ITM11920,Electronics,50,25.63,9,91,244.0,13.373850000000001,403.43,0.0,0.0,0.0,1,0.652
ITM11921,Pharma,394,9.61,3,73,42.0,13.248889639796234,267.68,126.32,13149.911999999998,24897.672000000002,1,0.72
ITM11922,Groceries,30,33.27,4,83,161.0,28.359799999999996,378.98,0.0,0.0,0.0,1,0.661
ITM11923,Groceries,495,48.8,9,78,450.0,10.807649999999999,473.21,21.79000000000002,1847.7920000000017,6919.414500000006,1,0.618
ITM11924,Pharma,321,43.74,9,18,421.0,27.389249999999997,469.83,0.0,0.0,0.0,1,0.749
ITM11925,Automotive,115,43.23,2,11,95.0,9.026359483202517,167.41,0.0,0.0,0.0,1,0.471
ITM11926,Automotive,209,46.76,9,43,429.0,8.290799999999999,612.3199999999999,0.0,0.0,0.0,1,0.521
ITM11927,Groceries,472,44.8,3,69,137.0,2.763746871097279,406.63,65.37,12592.223100000001,46288.497,1,0.508
ITM11928,Apparel,211,39.04,3,70,134.0,16.46851228344564,238.22,0.0,0.0,0.0,1,0.733
ITM11929,Automotive,285,36.2,5,40,184.0,2.574832276091008,473.49,0.0,0.0,0.0,1,0.576
ITM11930,Pharma,443,13.97,8,19,119.0,6.886088677907075,179.13,263.87,43414.5311,83791.9185,1,0.649
ITM11931,Automotive,147,31.45,7,85,237.0,16.538591445464753,515.1700000000001,0.0,0.0,0.0,1,0.443
ITM11932,Pharma,257,26.55,3,45,82.0,2.592793456390231,324.28999999999996,0.0,0.0,0.0,1,0.525
ITM11933,Groceries,427,43.24,6,94,277.0,17.326465695576807,399.82,27.180000000000007,3809.277000000001,9325.458000000002,1,0.605
ITM11934,Automotive,374,25.09,8,58,209.0,8.09580695916102,278.83,95.17000000000002,16515.8018,20147.489,1,0.698
ITM11935,Pharma,447,7.26,9,79,84.0,18.8517,207.47,239.53,21313.3794,8742.845000000001,1,0.533
ITM11936,Groceries,131,1.24,4,58,31.0,26.3858,102.98,28.019999999999996,3112.1813999999995,3170.4629999999997,0,0.837
ITM11937,Apparel,335,34.22,2,12,83.0,15.005159450169133,255.73,79.27000000000001,15479.052900000002,41664.312000000005,1,0.493
ITM11938,Pharma,465,27.95,6,83,187.0,19.05911226513449,363.7,101.30000000000001,1830.4910000000002,51764.299999999996,1,0.712
ITM11939,Apparel,362,17.22,8,14,144.0,6.3742847896842525,376.77,0.0,0.0,0.0,1,0.637
ITM11940,Apparel,164,9.28,6,99,81.0,25.707639799483733,244.08,0.0,0.0,0.0,1,0.6
ITM11941,Electronics,84,23.87,6,70,152.0,8.300585891369355,262.09000000000003,0.0,0.0,0.0,1,0.55
ITM11942,Automotive,266,5.91,6,94,40.0,4.956175071060343,314.36,0.0,0.0,0.0,1,0.501
ITM11943,Pharma,242,17.47,8,99,171.0,31.685313443612955,203.62,38.379999999999995,793.6983999999999,23814.789999999997,0,0.494
ITM11944,Apparel,498,19.58,2,35,60.0,21.309652800550275,304.55,193.45,33455.242999999995,127802.7425,1,0.597
ITM11945,Electronics,332,23.82,9,81,238.0,24.0828,366.78,0.0,0.0,0.0,1,0.653
ITM11946,Groceries,458,23.86,5,14,123.0,3.2737153224585676,185.52,272.48,4395.1024,141226.384,1,0.514
ITM11947,Pharma,125,13.59,7,24,134.0,38.56103163337309,178.9,0.0,0.0,0.0,1,0.327
ITM11948,Apparel,200,42.66,9,25,390.0,5.6259,464.02,0.0,0.0,0.0,1,0.6
ITM11949,Automotive,203,18.42,3,10,80.0,24.90221407566002,125.37,77.63,6226.702299999999,21817.9115,1,0.623
ITM11950,Electronics,245,12.25,8,25,118.0,19.63465825727558,261.09000000000003,0.0,0.0,0.0,1,0.413
ITM11951,Apparel,284,9.61,6,46,74.0,15.996760188706961,185.41,98.59,6049.4824,50739.343499999995,1,0.546
ITM11952,Automotive,297,16.81,9,12,179.0,27.932100000000002,292.40999999999997,4.590000000000032,196.72740000000135,1424.04750000001,1,0.503
ITM11953,Apparel,416,4.31,3,61,40.0,27.3240541173432,95.49000000000001,320.51,21233.7875,35095.844999999994,1,0.744
ITM11954,Pharma,108,2.61,8,56,63.0,42.06097408667564,264.33000000000004,0.0,0.0,0.0,1,0.567
ITM11955,Pharma,195,30.65,3,22,106.0,14.16064118490049,292.26,0.0,0.0,0.0,1,0.564
ITM11956,Pharma,37,31.34,6,89,217.0,28.649109557104907,511.86,0.0,0.0,0.0,1,0.511
ITM11957,Electronics,390,26.95,5,64,157.0,22.106774256152796,215.62,174.38,20102.5264,33097.324,1,0.618
ITM11958,Pharma,479,38.35,8,30,340.0,32.98808697727105,591.86,0.0,0.0,0.0,1,0.67
ITM11959,Automotive,443,2.92,3,75,33.0,23.87649358741773,52.82,390.18,38748.7758,21362.355,1,0.586
ITM11960,Apparel,420,46.86,4,63,190.0,2.7306999999999997,221.26,198.74,14249.658000000001,140727.79400000002,1,0.462
ITM11961,Groceries,418,5.66,3,36,27.0,10.228712646638382,224.93,193.07,7195.718900000001,8456.465999999999,1,0.581
ITM11962,Automotive,125,34.03,7,47,280.0,41.825227313399026,407.88,0.0,0.0,0.0,1,0.571
ITM11963,Automotive,290,7.54,6,99,84.0,38.35998916788168,160.85,129.15,17614.7685,11784.9375,1,0.665
ITM11964,Pharma,482,44.12,2,67,90.0,1.4190925991632823,100.8,381.2,56958.903999999995,178096.63999999998,1,0.679
ITM11965,Electronics,338,26.02,3,71,85.0,6.866628824066436,287.31,50.69,5025.4066,13876.387499999999,1,0.529
ITM11966,Apparel,186,5.03,5,55,62.0,36.56261832049231,199.85,0.0,0.0,0.0,1,0.6
ITM11967,Electronics,32,31.22,4,98,142.0,17.042199999999998,201.53,0.0,0.0,0.0,1,0.631
ITM11968,Apparel,356,1.45,4,20,25.0,19.5426,316.94,39.06,6773.3946000000005,12831.210000000001,1,0.577
ITM11969,Apparel,51,39.03,2,81,83.0,4.838873125015783,194.74,0.0,0.0,0.0,1,0.648
ITM11970,Electronics,412,32.88,9,17,340.0,44.415,437.89,0.0,0.0,0.0,1,0.659
ITM11971,Automotive,59,11.42,7,80,92.0,11.75110444809338,249.99,0.0,0.0,0.0,1,0.682
ITM11972,Apparel,167,19.36,2,73,44.0,5.350677013238605,134.39,32.610000000000014,4085.0547000000015,15592.471500000007,1,0.507
ITM11973,Electronics,237,1.38,7,30,21.0,11.620536620892342,110.1,126.9,12659.544000000002,48171.24,1,0.599
ITM11974,Apparel,238,34.99,3,81,131.0,26.326825864885418,421.22,0.0,0.0,0.0,1,0.759
ITM11975,Groceries,488,16.81,6,72,130.0,28.931168300986393,215.73000000000002,272.27,40990.2485,112297.76149999998,1,0.56
ITM11976,Automotive,101,29.01,5,94,174.0,28.6909882192998,359.59000000000003,0.0,0.0,0.0,1,0.736
ITM11977,Pharma,352,47.88,4,73,205.0,13.4232,225.86,126.13999999999999,13726.554799999998,49263.977,1,0.502
ITM11978,Apparel,227,15.67,2,29,53.0,21.2631251743482,107.75999999999999,119.24000000000001,3114.5488000000005,83998.618,1,0.583
ITM11979,Groceries,220,49.52,5,17,277.0,29.426654583897236,293.4,0.0,0.0,0.0,1,0.696
ITM11980,Pharma,466,32.0,7,67,257.0,33.20775071813055,422.0,44.0,2939.6400000000003,23608.199999999997,1,0.641
ITM11981,Pharma,351,12.86,6,55,116.0,39.16587129325735,268.57,82.43,4137.161700000001,45732.164000000004,1,0.427
ITM11982,Apparel,447,22.4,4,40,103.0,13.0942,208.97,238.03,45458.969399999994,75586.4265,1,0.623
ITM11983,Electronics,57,37.28,4,18,170.0,20.727,383.08000000000004,0.0,0.0,0.0,1,0.706
ITM11984,Apparel,230,22.88,7,24,200.0,39.77966468724944,391.48,0.0,0.0,0.0,1,0.557
ITM11985,Groceries,463,4.36,6,35,58.0,32.2755791212954,242.1,220.9,36545.696,51602.240000000005,1,0.594
ITM11986,Pharma,346,9.26,4,19,56.0,19.246499999999997,163.51,182.49,29999.5311,101911.5405,1,0.613
ITM11987,Apparel,268,39.77,6,38,244.0,4.915880964791559,348.87,0.0,0.0,0.0,1,0.688
ITM11988,Electronics,246,32.77,4,89,153.0,22.043,416.3,0.0,0.0,0.0,0,0.694
ITM11989,Apparel,67,28.92,3,45,102.0,15.670729681479415,269.75,0.0,0.0,0.0,1,0.711
ITM11990,Automotive,37,9.21,7,93,74.0,9.792587040077816,162.95,0.0,0.0,0.0,1,0.532
ITM11991,Electronics,419,42.05,6,46,288.0,35.78116636667955,455.53,0.0,0.0,0.0,1,0.599
ITM11992,Groceries,458,48.08,5,95,254.0,13.8305276544317,341.36,116.63999999999999,6705.633599999999,54494.20799999999,1,0.48
ITM11993,Pharma,314,3.0,9,80,48.0,20.628299999999996,111.74000000000001,202.26,14071.228199999998,93757.623,1,0.628
ITM11994,Apparel,215,4.82,3,32,34.0,19.631150455526033,125.83,89.17,9852.3933,55655.455500000004,1,0.758
ITM11995,Electronics,206,44.35,8,50,379.0,23.915199867866463,571.38,0.0,0.0,0.0,1,0.687
ITM11996,Automotive,364,40.96,5,89,210.0,4.965747961032659,369.59000000000003,0.0,0.0,0.0,1,0.546
ITM11997,Electronics,243,31.28,7,37,237.0,18.19245059001123,294.71,0.0,0.0,0.0,1,0.567
ITM11998,Automotive,337,47.3,4,57,194.0,4.606,467.29,0.0,0.0,0.0,0,0.768
ITM11999,Groceries,416,32.68,8,47,272.0,10.747881652679286,426.51,0.0,0.0,0.0,1,0.551
ITM12000,Pharma,384,11.58,5,40,60.0,2.096649139102678,300.18,83.82,9554.6418,40996.362,1,0.578
ITM12001,Groceries,356,36.7,3,23,116.0,6.325276344160783,221.9,134.1,10184.895,45030.78,1,0.668
ITM12002,Apparel,248,32.64,8,82,278.0,16.93605593755524,565.69,0.0,0.0,0.0,1,0.603
ITM12003,Electronics,409,49.3,8,97,421.0,26.10199829936398,649.11,0.0,0.0,0.0,1,0.573
ITM12004,Automotive,486,11.48,6,86,106.0,37.19146008608696,247.81,238.19,4623.2679,111282.368,0,0.543
ITM12005,Automotive,96,30.3,2,99,74.0,13.097526775884065,345.66,0.0,0.0,0.0,0,0.848
ITM12006,Electronics,207,39.23,5,38,223.0,26.483989125507513,441.07,0.0,0.0,0.0,1,0.593
ITM12007,Electronics,365,17.61,2,60,44.0,9.072887109404592,178.85,186.15,31552.425,131812.815,1,0.564
ITM12008,Apparel,289,19.6,7,58,170.0,33.251273327197566,462.5,0.0,0.0,0.0,1,0.624
ITM12009,Groceries,114,44.51,5,52,246.0,23.504540348887915,342.58,0.0,0.0,0.0,1,0.577
ITM12010,Automotive,329,20.81,5,81,122.0,17.913475977947442,206.41,122.59,9549.761,6711.8025,1,0.668
ITM12011,Apparel,151,31.61,6,96,199.0,9.428820866895286,468.45,0.0,0.0,0.0,1,0.534
ITM12012,Groceries,58,44.57,4,14,189.0,11.1202,404.14,0.0,0.0,0.0,1,0.791
ITM12013,Apparel,91,11.28,3,51,52.0,18.23503090208514,162.2,0.0,0.0,0.0,0,0.735
ITM12014,Automotive,300,49.11,3,16,160.0,12.963967281951154,237.22,62.78,4491.2812,25206.170000000002,1,0.609
ITM12015,Electronics,352,35.4,3,51,132.0,25.500551027134687,193.63,158.37,11421.644400000001,43931.838,1,0.756
ITM12016,Electronics,179,25.31,9,45,241.0,13.47255,341.90999999999997,0.0,0.0,0.0,1,0.489
ITM12017,Groceries,206,22.12,7,36,160.0,5.17919047897449,206.41,0.0,0.0,0.0,1,0.318
ITM12018,Pharma,210,47.76,8,67,410.0,28.381851983265644,462.15,0.0,0.0,0.0,1,0.7
ITM12019,Groceries,441,11.08,4,55,74.0,29.3468,309.22,131.77999999999997,13591.789199999997,81288.49299999999,1,0.664
ITM12020,Pharma,139,16.27,2,75,42.0,9.235733801111854,70.49,68.51,1676.4397000000001,8752.1525,1,0.653
ITM12021,Apparel,239,16.08,3,34,67.0,18.947336796697844,204.39,34.610000000000014,5787.830300000002,6695.304500000002,1,0.569
ITM12022,Apparel,72,15.16,9,82,150.0,13.3245,277.45,0.0,0.0,0.0,1,0.764
ITM12023,Automotive,241,23.96,2,36,61.0,13.516275411702738,349.46,0.0,0.0,0.0,1,0.68
ITM12024,Pharma,470,49.47,4,10,224.0,26.2213,369.01,100.99000000000001,12461.156100000002,6635.043000000001,1,0.72
ITM12025,Automotive,431,44.55,7,96,350.0,38.03876032456894,406.65,24.350000000000023,2870.6215000000025,5865.915000000005,1,0.693
ITM12026,Electronics,150,17.07,4,83,73.0,4.9350000000000005,108.64,41.36,1692.4512,27475.448,1,0.63
ITM12027,Pharma,256,21.72,6,51,146.0,15.674407338556694,368.40999999999997,0.0,0.0,0.0,1,0.634
ITM12028,Groceries,265,33.8,8,61,301.0,30.615178040965237,353.84000000000003,0.0,0.0,0.0,1,0.581
ITM12029,Electronics,245,1.84,3,34,8.0,2.364855570114166,290.02,0.0,0.0,0.0,1,0.552
ITM12030,Electronics,227,41.19,7,63,319.0,30.726962001310838,491.16999999999996,0.0,0.0,0.0,1,0.824
ITM12031,Groceries,425,44.11,6,76,287.0,22.242346660368366,413.49,11.509999999999991,1942.4275999999984,3066.8394999999973,0,0.696
ITM12032,Electronics,115,43.0,3,15,138.0,9.231484394180603,346.46000000000004,0.0,0.0,0.0,1,0.668
ITM12033,Pharma,441,19.38,4,67,105.0,27.1096,172.69,268.31,15961.761900000001,13710.641,1,0.725
ITM12034,Automotive,219,23.64,4,79,105.0,10.725399999999999,225.85,0.0,0.0,0.0,1,0.601
ITM12035,Electronics,266,1.61,9,62,63.0,48.955200000000005,82.69,183.31,33633.718799999995,32115.912,0,0.641
ITM12036,Pharma,91,20.57,5,75,133.0,30.383020857873895,397.53,0.0,0.0,0.0,1,0.765
ITM12037,Apparel,337,23.56,5,67,144.0,26.59433908019713,277.32,59.68000000000001,9395.422400000001,5881.464000000001,1,0.653
ITM12038,Pharma,204,45.44,4,91,185.0,3.5532000000000004,415.06,0.0,0.0,0.0,1,0.613
ITM12039,Automotive,25,44.81,4,96,209.0,29.9061,484.89,0.0,0.0,0.0,1,0.583
ITM12040,Pharma,225,48.34,2,11,115.0,18.634314293930966,314.31,0.0,0.0,0.0,1,0.552
ITM12041,Groceries,51,44.37,9,85,413.0,13.225800000000003,531.97,0.0,0.0,0.0,1,0.675
ITM12042,Automotive,118,1.4,8,31,31.0,19.681185883477657,220.66,0.0,0.0,0.0,1,0.653
ITM12043,Apparel,413,32.43,2,46,72.0,7.095462995816411,186.5,226.5,19993.155,149637.225,1,0.47
ITM12044,Groceries,406,4.34,8,29,81.0,45.82971180904371,255.52,150.48,11764.5264,10435.787999999999,1,0.694
ITM12045,Pharma,275,14.36,6,33,121.0,34.6932254974224,256.33000000000004,18.66999999999996,1139.0566999999974,7359.713999999984,1,0.535
ITM12046,Automotive,206,29.34,5,93,181.0,34.35561922670002,234.46,0.0,0.0,0.0,1,0.558
ITM12047,Apparel,95,35.33,5,74,206.0,29.389871265667367,442.23,0.0,0.0,0.0,1,0.603
ITM12048,Groceries,196,33.08,9,74,322.0,23.8854,475.96000000000004,0.0,0.0,0.0,1,0.571
ITM12049,Apparel,334,3.4,4,90,22.0,8.060500000000001,87.14,246.86,8669.7232,68478.964,1,0.688
ITM12050,Pharma,306,6.08,4,10,32.0,8.1592,300.63,5.3700000000000045,377.5110000000003,2842.0725000000025,1,0.545
ITM12051,Apparel,368,7.3,6,12,52.0,7.817056616143955,309.43,58.56999999999999,4827.9250999999995,25867.440499999997,1,0.546
ITM12052,Electronics,274,5.48,7,55,63.0,24.764364559130126,235.06,38.94,3205.5407999999998,10801.956,0,0.777
ITM12053,Groceries,344,9.73,7,64,108.0,40.214890777919564,399.39,0.0,0.0,0.0,1,0.678
ITM12054,Apparel,209,34.74,9,84,362.0,48.955200000000005,640.88,0.0,0.0,0.0,1,0.442
ITM12055,Pharma,327,41.71,7,97,306.0,14.057802728645042,576.13,0.0,0.0,0.0,1,0.662
ITM12056,Pharma,364,21.03,5,95,131.0,26.18972257966854,179.65,184.35,31133.028,117080.685,1,0.373
ITM12057,Apparel,146,34.95,2,73,84.0,14.353772683340084,179.44,0.0,0.0,0.0,1,0.471
ITM12058,Pharma,444,10.8,7,54,98.0,22.37062106044443,226.96,217.04,8175.8968,105362.068,1,0.51
ITM12059,Automotive,306,48.69,3,35,166.0,19.431704805034478,417.25,0.0,0.0,0.0,1,0.736
ITM12060,Automotive,273,18.15,9,86,183.0,19.88805,445.66,0.0,0.0,0.0,1,0.537
ITM12061,Automotive,232,42.45,6,74,293.0,38.158518636537764,520.9300000000001,0.0,0.0,0.0,1,0.636
ITM12062,Electronics,269,47.32,7,33,363.0,31.336278528249014,510.0,0.0,0.0,0.0,1,0.707
ITM12063,Apparel,103,43.37,3,83,152.0,21.82505261093315,208.95,0.0,0.0,0.0,1,0.445
ITM12064,Electronics,402,4.29,7,44,42.0,12.186330538763505,62.21,339.79,47754.0866,78134.7105,1,0.527
ITM12065,Pharma,425,32.87,2,33,71.0,4.885400751217857,283.8,141.2,12571.035999999998,11338.359999999999,1,0.591
ITM12066,Electronics,407,6.88,2,37,24.0,9.8871205679409,322.3,84.69999999999999,5471.619999999999,33388.74,1,0.391
ITM12067,Pharma,32,1.28,7,89,43.0,33.86058985413574,153.19,0.0,0.0,0.0,1,0.733
ITM12068,Pharma,64,3.54,9,25,78.0,46.487700000000004,252.93,0.0,0.0,0.0,1,0.625
ITM12069,Groceries,146,45.89,9,68,436.0,22.5036,681.0699999999999,0.0,0.0,0.0,1,0.686
ITM12070,Automotive,445,45.51,3,90,159.0,22.366405090838803,223.07999999999998,221.92000000000002,21004.728000000003,102871.01600000002,1,0.482
ITM12071,Pharma,133,12.07,6,63,92.0,20.026170815585285,342.57,0.0,0.0,0.0,1,0.667
ITM12072,Groceries,452,27.81,3,88,93.0,9.40243780888765,284.35,167.64999999999998,8855.273,106474.51499999998,1,0.481
ITM12073,Automotive,295,47.8,6,25,317.0,30.301167914125024,492.26,0.0,0.0,0.0,1,0.644
ITM12074,Pharma,224,25.34,7,24,213.0,35.166268126146115,444.06,0.0,0.0,0.0,1,0.622
ITM12075,Pharma,356,20.29,6,20,132.0,9.791467823314337,211.88,144.12,8693.3184,96264.954,1,0.447
ITM12076,Electronics,457,24.68,4,74,110.0,11.186,298.28999999999996,158.71000000000004,12412.709100000002,24330.243000000002,1,0.545
ITM12077,Electronics,439,39.72,5,88,218.0,19.1273254795332,297.71,141.29000000000002,23136.237500000003,71683.4815,1,0.584
ITM12078,Automotive,404,24.39,8,99,206.0,10.561771147870987,268.07,135.93,4458.504,34730.115,1,0.633
ITM12079,Pharma,418,39.38,5,77,231.0,34.282052590240276,421.77,0.0,0.0,0.0,1,0.44
ITM12080,Apparel,480,22.15,2,52,59.0,14.2374536178349,147.09,332.90999999999997,11065.928399999999,181053.1035,1,0.517
ITM12081,Electronics,292,13.35,4,78,59.0,5.4285,276.16999999999996,15.830000000000041,1487.2285000000038,2773.416000000007,1,0.712
ITM12082,Automotive,427,17.0,5,22,93.0,8.276246601721096,252.2,174.8,3314.2080000000005,119947.76000000001,1,0.427
ITM12083,Pharma,77,4.81,7,19,75.0,41.65113687713098,286.53999999999996,0.0,0.0,0.0,1,0.52
ITM12084,Pharma,347,25.37,6,84,182.0,30.26087380785624,450.57,0.0,0.0,0.0,1,0.497
ITM12085,Apparel,238,8.26,6,91,80.0,30.13999148904989,130.09,107.91,14945.535,18905.832,1,0.686
ITM12086,Automotive,128,40.77,3,50,126.0,3.3905760583564555,155.35,0.0,0.0,0.0,0,0.641
ITM12087,Pharma,298,21.61,3,59,91.0,25.671504441841737,216.98000000000002,81.01999999999998,13567.609199999997,40514.05099999999,1,0.53
ITM12088,Electronics,193,38.49,9,96,370.0,23.2932,587.85,0.0,0.0,0.0,1,0.593
ITM12089,Apparel,347,47.77,6,80,314.0,27.279109943966276,580.98,0.0,0.0,0.0,0,0.652
ITM12090,Automotive,283,42.62,9,68,431.0,47.4747,451.09,0.0,0.0,0.0,1,0.806
ITM12091,Apparel,334,47.62,7,48,340.0,6.310778314716815,579.96,0.0,0.0,0.0,1,0.628
ITM12092,Electronics,493,28.83,6,12,193.0,20.469405984541904,224.87,268.13,9223.671999999999,56763.121,1,0.728
ITM12093,Automotive,130,9.1,3,85,30.0,2.763746871097279,208.37,0.0,0.0,0.0,1,0.562
ITM12094,Apparel,206,46.83,5,16,253.0,19.31124207068256,362.79,0.0,0.0,0.0,1,0.386
ITM12095,Groceries,288,43.56,9,58,406.0,14.3115,421.12,0.0,0.0,0.0,1,0.371
ITM12096,Electronics,442,43.36,9,35,435.0,45.2046,473.15999999999997,0.0,0.0,0.0,1,0.682
ITM12097,Electronics,248,34.97,2,42,80.0,9.980175820345051,192.57999999999998,55.420000000000016,6126.126800000002,14766.659000000003,1,0.71
ITM12098,Electronics,175,31.62,3,57,113.0,18.576937731499232,399.59,0.0,0.0,0.0,1,0.575
ITM12099,Groceries,492,1.72,7,88,50.0,37.734102061099854,104.9,387.1,67870.243,220414.74000000002,1,0.591
ITM12100,Groceries,208,37.65,9,11,387.0,48.609750000000005,475.87,0.0,0.0,0.0,1,0.551
ITM12101,Pharma,291,5.49,5,80,47.0,19.458375343602047,345.3,0.0,0.0,0.0,1,0.667
ITM12102,Apparel,394,13.73,5,41,86.0,17.766342705027956,235.38,158.62,4360.4637999999995,81633.783,1,0.621
ITM12103,Pharma,21,28.02,5,13,145.0,4.487564824044328,231.05,0.0,0.0,0.0,1,0.624
ITM12104,Apparel,265,23.13,4,29,95.0,2.0398,283.62,0.0,0.0,0.0,1,0.39
ITM12105,Groceries,229,1.77,4,45,28.0,20.6612,164.45,64.55000000000001,4183.485500000001,26388.040000000008,1,0.475
ITM12106,Groceries,420,41.38,8,41,336.0,5.211094134632382,594.9100000000001,0.0,0.0,0.0,1,0.56
ITM12107,Pharma,305,44.06,5,37,235.0,15.117943792477204,247.31,57.69,8892.9135,5264.2125,1,0.686
ITM12108,Automotive,378,34.41,9,86,312.0,2.61555,611.0699999999999,0.0,0.0,0.0,1,0.593
ITM12109,Pharma,32,27.51,7,10,220.0,27.593334148485933,249.23,0.0,0.0,0.0,1,0.687
ITM12110,Apparel,115,48.08,6,69,307.0,18.29352424602761,472.77,0.0,0.0,0.0,1,0.569
ITM12111,Pharma,240,6.88,7,65,56.0,7.44236615045914,268.25,0.0,0.0,0.0,1,0.576
ITM12112,Electronics,257,37.16,4,44,160.0,10.922799999999999,329.45,0.0,0.0,0.0,1,0.576
ITM12113,Apparel,113,7.29,3,39,39.0,16.838911348644245,136.22,0.0,0.0,0.0,1,0.569
ITM12114,Apparel,357,19.71,9,63,211.0,33.261900000000004,469.08,0.0,0.0,0.0,1,0.55
ITM12115,Automotive,288,29.69,8,45,260.0,22.752009212814592,394.82,0.0,0.0,0.0,1,0.486
ITM12116,Groceries,190,37.12,4,64,175.0,26.780600000000003,272.2,0.0,0.0,0.0,1,0.564
ITM12117,Apparel,488,1.18,6,98,13.0,6.326174684198975,245.82,242.18,48237.4124,30938.494999999995,1,0.705
ITM12118,Groceries,113,13.77,2,89,31.0,3.024295703134864,83.3,29.700000000000003,4628.745,15285.105000000001,1,0.723
ITM12119,Pharma,168,27.37,8,67,223.0,4.280541610590885,292.45,0.0,0.0,0.0,1,0.519
ITM12120,Electronics,131,27.11,4,92,127.0,18.391099999999998,210.3,0.0,0.0,0.0,1,0.712
ITM12121,Automotive,74,32.24,7,74,257.0,31.379801137316026,393.12,0.0,0.0,0.0,1,0.733
ITM12122,Groceries,356,15.89,8,78,135.0,8.09580695916102,150.9,205.1,32875.479,125767.31999999999,0,0.596
ITM12123,Apparel,443,27.49,9,60,280.0,32.42295,577.61,0.0,0.0,0.0,1,0.767
ITM12124,Groceries,486,10.3,7,31,94.0,21.891872360707296,278.03999999999996,207.96000000000004,21850.357200000002,81218.77800000002,1,0.644
ITM12125,Apparel,135,10.16,5,97,87.0,36.341918411113085,378.51,0.0,0.0,0.0,1,0.57
ITM12126,Groceries,162,29.25,5,62,173.0,26.925388944265972,417.15999999999997,0.0,0.0,0.0,1,0.68
ITM12127,Apparel,220,34.59,5,45,198.0,24.82873980516329,246.95,0.0,0.0,0.0,1,0.451
ITM12128,Pharma,199,6.9,8,77,83.0,27.5443547116283,153.63,45.370000000000005,5845.470800000001,9936.03,1,0.481
ITM12129,Apparel,221,7.02,2,45,37.0,23.194021661734308,56.989999999999995,164.01,16105.782,42503.19149999999,1,0.642
ITM12130,Apparel,383,28.7,6,61,212.0,39.528518249676395,463.8,0.0,0.0,0.0,1,0.644
ITM12131,Electronics,498,14.23,9,62,156.0,27.68535,338.1,159.89999999999998,23270.246999999996,14590.874999999998,1,0.701
ITM12132,Apparel,72,20.23,8,91,184.0,22.42631582940007,256.37,0.0,0.0,0.0,1,0.531
ITM12133,Electronics,490,20.64,3,59,76.0,13.932703298624427,367.32,122.68,7246.707600000001,82391.888,1,0.537
ITM12134,Automotive,403,9.75,9,89,110.0,22.552950000000003,333.65,69.35000000000002,2945.294500000001,14428.267500000005,1,0.574
ITM12135,Electronics,199,1.06,7,50,32.0,24.155048032191946,246.6,0.0,0.0,0.0,0,0.607
ITM12136,Pharma,433,42.8,7,27,313.0,13.49200881077388,400.43,32.56999999999999,3439.0662999999995,6419.547,1,0.71
ITM12137,Electronics,436,36.04,8,31,332.0,43.27069236792959,432.88,3.1200000000000045,469.87200000000064,1890.4080000000026,1,0.567
ITM12138,Automotive,332,34.84,8,75,303.0,24.008255120270615,506.71000000000004,0.0,0.0,0.0,0,0.687
ITM12139,Pharma,327,27.78,6,30,201.0,34.249990328465785,383.13,0.0,0.0,0.0,1,0.601
ITM12140,Groceries,156,35.35,2,53,82.0,11.678434176720781,279.71000000000004,0.0,0.0,0.0,1,0.447
ITM12141,Groceries,201,46.85,8,56,409.0,34.05822237991878,673.86,0.0,0.0,0.0,1,0.7
ITM12142,Electronics,386,33.62,5,48,182.0,13.60982774505247,238.52,147.48,20567.5608,11842.644,1,0.643
ITM12143,Electronics,20,13.99,6,38,110.0,25.94940443709643,153.74,0.0,0.0,0.0,1,0.448
ITM12144,Automotive,63,28.96,3,63,102.0,14.9014393152977,275.74,0.0,0.0,0.0,1,0.784
ITM12145,Automotive,246,22.67,5,99,128.0,14.676543973718745,283.05,0.0,0.0,0.0,0,0.726
ITM12146,Apparel,350,28.26,3,94,110.0,25.27261314085862,236.82999999999998,113.17000000000002,15912.833700000005,17348.961000000003,1,0.74
ITM12147,Automotive,117,26.36,4,26,111.0,5.1653,383.37,0.0,0.0,0.0,1,0.345
ITM12148,Apparel,227,43.08,3,89,144.0,14.61651695745262,315.93,0.0,0.0,0.0,1,0.536
ITM12149,Pharma,284,32.94,5,69,173.0,8.644079784019812,347.5,0.0,0.0,0.0,1,0.535
ITM12150,Electronics,307,10.25,4,40,70.0,28.557199999999998,186.26,120.74000000000001,1916.1438,30849.07,0,0.747
ITM12151,Pharma,290,4.09,5,82,31.0,10.703945604892619,140.78,149.22,15120.462599999999,107296.64099999999,1,0.555
ITM12152,Automotive,159,21.79,7,87,181.0,28.37674111169216,477.41,0.0,0.0,0.0,1,0.669
ITM12153,Pharma,256,1.76,5,58,16.0,7.614146873583409,206.69,49.31,6555.764499999999,2879.704,1,0.685
ITM12154,Pharma,481,16.6,4,11,81.0,14.311499999999999,330.28,150.72000000000003,29179.392000000003,66015.36000000002,1,0.581
ITM12155,Pharma,460,19.03,3,57,83.0,25.75698114919526,222.76,237.24,40382.9928,70140.00600000001,1,0.676
ITM12156,Automotive,411,19.4,7,23,145.0,9.052702685938604,210.64,200.36,22047.614400000002,117741.554,1,0.51
ITM12157,Pharma,91,48.99,2,68,114.0,15.819392908705442,218.2,0.0,0.0,0.0,1,0.496
ITM12158,Apparel,174,15.89,2,67,37.0,5.676370396653129,147.38,26.620000000000005,285.36640000000006,4372.335000000001,0,0.708
ITM12159,Automotive,209,14.0,9,67,148.0,21.96075,321.82,0.0,0.0,0.0,1,0.578
ITM12160,Pharma,287,7.34,2,60,28.0,13.1207905889851,82.84,204.16,38439.2448,11922.944,1,0.782
ITM12161,Automotive,340,26.04,2,93,66.0,13.911760234420376,188.24,151.76,9422.7784,52068.85599999999,1,0.635
ITM12162,Groceries,126,8.53,6,11,76.0,25.062934099183195,115.17,10.829999999999998,1421.5457999999996,5771.306999999999,1,0.627
ITM12163,Apparel,251,31.2,2,50,78.0,15.307589020482618,231.99,19.00999999999999,2824.1255999999985,6175.3984999999975,1,0.582
ITM12164,Pharma,61,8.6,4,92,45.0,10.1332,329.75,0.0,0.0,0.0,1,0.631
ITM12165,Groceries,209,29.26,8,91,254.0,20.053406893094248,362.29,0.0,0.0,0.0,1,0.831
ITM12166,Groceries,390,41.49,2,25,85.0,1.9774241135881803,109.42,280.58,6955.578199999999,176148.12399999998,1,0.477
ITM12167,Automotive,158,3.08,5,13,44.0,28.6909882192998,230.54,0.0,0.0,0.0,1,0.638
ITM12168,Groceries,122,21.57,8,21,212.0,39.31584414075323,406.07,0.0,0.0,0.0,1,0.776
ITM12169,Apparel,190,23.59,2,38,53.0,5.5600513311479425,202.08,0.0,0.0,0.0,1,0.736
ITM12170,Apparel,370,39.76,8,16,329.0,11.213157914700036,454.09000000000003,0.0,0.0,0.0,1,0.453
ITM12171,Electronics,292,23.93,3,23,74.0,2.564301220605723,342.87,0.0,0.0,0.0,1,0.572
ITM12172,Apparel,435,28.81,4,21,147.0,31.978800000000003,429.15,5.850000000000023,723.3525000000028,2156.6025000000086,1,0.629
ITM12173,Groceries,240,39.77,4,14,186.0,26.8793,391.22,0.0,0.0,0.0,1,0.711
ITM12174,Apparel,232,28.43,9,90,275.0,19.394550000000002,430.36,0.0,0.0,0.0,1,0.701
ITM12175,Automotive,360,18.56,8,41,172.0,23.636034110654016,201.59,158.41,22194.825100000002,69383.57999999999,1,0.604
ITM12176,Electronics,443,5.21,9,83,63.0,16.13745,160.3,282.7,20998.956,184702.045,1,0.52
ITM12177,Groceries,426,36.77,7,52,284.0,26.853449794346723,376.68,49.31999999999999,9270.6804,2520.252,1,0.74
ITM12178,Electronics,75,43.69,6,90,292.0,29.45499168248057,318.89,0.0,0.0,0.0,1,0.715
ITM12179,Groceries,409,48.53,5,78,260.0,17.472076159188983,514.58,0.0,0.0,0.0,0,0.756
ITM12180,Automotive,361,46.4,8,54,412.0,40.94431105782585,673.44,0.0,0.0,0.0,1,0.453
ITM12181,Electronics,453,40.07,4,18,178.0,17.7989,452.59,0.410000000000025,38.59330000000235,88.29350000000538,0,0.718
ITM12182,Pharma,121,32.53,9,58,302.0,9.22845,527.12,0.0,0.0,0.0,1,0.493
ITM12183,Groceries,440,39.29,3,42,136.0,18.26352313786965,352.05,87.94999999999999,16535.479499999998,22150.207499999997,1,0.683
ITM12184,Pharma,211,22.17,2,27,56.0,11.376004606407296,204.57,6.430000000000007,80.2464000000001,2159.1940000000022,1,0.65
ITM12185,Electronics,329,30.14,4,18,151.0,30.8931,409.65,0.0,0.0,0.0,1,0.616
ITM12186,Pharma,219,18.09,3,71,66.0,12.023723501062388,223.94,0.0,0.0,0.0,1,0.529
ITM12187,Pharma,252,17.01,2,66,44.0,10.073231072749202,62.6,189.4,8676.414,32491.57,1,0.678
ITM12188,Electronics,452,38.08,6,38,255.0,26.916462987547227,434.62,17.379999999999995,2867.0047999999992,10974.600999999997,1,0.517
ITM12189,Automotive,246,23.24,4,87,111.0,18.1279,234.23000000000002,11.769999999999982,2040.3294999999969,4167.168499999993,0,0.838
ITM12190,Pharma,390,11.4,9,34,123.0,20.036099999999998,284.18,105.82,15293.1064,65275.066999999995,1,0.678
ITM12191,Pharma,158,10.89,4,24,76.0,32.571000000000005,213.8,0.0,0.0,0.0,1,0.778
ITM12192,Automotive,363,43.1,8,15,360.0,15.679810030099219,514.0699999999999,0.0,0.0,0.0,1,0.662
ITM12193,Pharma,324,34.21,8,51,288.0,14.609674627451497,329.49,0.0,0.0,0.0,1,0.48
ITM12194,Pharma,168,27.76,3,38,108.0,24.816737368306494,122.21000000000001,45.78999999999999,2059.1762999999996,17883.284499999998,1,0.405
ITM12195,Pharma,134,20.65,9,88,188.0,2.61555,296.65,0.0,0.0,0.0,1,0.616
ITM12196,Apparel,469,22.11,7,13,165.0,10.488948785150017,248.82,220.18,38066.9202,109297.35200000001,1,0.626
ITM12197,Automotive,82,3.81,8,91,59.0,28.428379609467722,141.51999999999998,0.0,0.0,0.0,1,0.669
ITM12198,Pharma,123,23.29,5,66,124.0,7.503796918893794,405.76,0.0,0.0,0.0,1,0.662
ITM12199,Automotive,358,39.98,6,58,280.0,39.77028288728909,527.51,0.0,0.0,0.0,1,0.66
ITM12200,Groceries,378,20.01,5,53,118.0,18.06060925086693,131.88,246.12,27932.1588,31441.829999999998,1,0.649
ITM12201,Groceries,175,19.8,4,89,99.0,20.2993,111.53,63.47,4574.282899999999,42394.7865,1,0.442
ITM12202,Pharma,292,1.77,5,84,16.0,7.430230282434052,251.3,40.69999999999999,7086.276999999998,14409.834999999994,0,0.836
ITM12203,Automotive,25,23.43,2,23,54.0,7.56073925783716,349.61,0.0,0.0,0.0,1,0.506
ITM12204,Automotive,166,2.24,6,12,39.0,25.546463374408596,183.91,0.0,0.0,0.0,1,0.594
ITM12205,Automotive,203,28.95,5,71,166.0,21.040058027486523,301.61,0.0,0.0,0.0,1,0.652
ITM12206,Apparel,47,25.83,2,73,70.0,18.494731415324743,159.99,0.0,0.0,0.0,1,0.618
ITM12207,Groceries,469,42.16,3,54,135.0,8.718624150059458,338.32,130.68,1681.8516,33388.74,0,0.718
ITM12208,Automotive,57,29.51,5,91,172.0,24.681606532243805,318.78,0.0,0.0,0.0,1,0.601
ITM12209,Automotive,138,16.85,6,67,114.0,13.135878643623347,172.57999999999998,0.0,0.0,0.0,1,0.544
ITM12210,Apparel,312,26.3,2,29,67.0,14.121134552329712,216.6,95.4,17491.59,18106.920000000002,0,0.659
ITM12211,Apparel,390,35.29,5,67,199.0,22.989573893669714,318.15,71.85000000000002,10694.872500000003,17046.412500000006,1,0.592
ITM12212,Automotive,263,5.6,3,98,22.0,4.729711140228332,290.04,0.0,0.0,0.0,1,0.479
ITM12213,Electronics,87,31.43,5,66,178.0,21.00327470925665,411.76,0.0,0.0,0.0,1,0.556
ITM12214,Automotive,233,45.91,2,86,93.0,1.4190925991632823,306.36,0.0,0.0,0.0,1,0.421
ITM12215,Automotive,237,15.66,5,77,98.0,19.34802538891243,202.88,34.120000000000005,2583.2252000000003,1618.9940000000004,1,0.481
ITM12216,Apparel,196,31.7,6,87,219.0,28.729697769642474,269.49,0.0,0.0,0.0,1,0.493
ITM12217,Apparel,318,41.25,4,61,169.0,3.9151,429.76,0.0,0.0,0.0,1,0.749
ITM12218,Automotive,183,26.08,9,46,281.0,46.487700000000004,390.4,0.0,0.0,0.0,1,0.649
ITM12219,Automotive,77,36.18,9,17,350.0,23.9841,531.96,0.0,0.0,0.0,1,0.658
ITM12220,Automotive,288,16.24,2,53,54.0,21.891248128076207,235.34,52.66,9977.4902,16914.391999999996,1,0.508
ITM12221,Apparel,327,16.0,2,14,36.0,3.536099591357687,315.14,11.860000000000014,1606.199800000002,7445.708000000008,0,0.624
ITM12222,Automotive,77,33.71,2,78,90.0,22.147150072187618,149.8,0.0,0.0,0.0,1,0.49
ITM12223,Automotive,307,35.57,2,40,75.0,3.582627217559762,308.78,0.0,0.0,0.0,1,0.433
ITM12224,Pharma,484,46.91,5,54,253.0,17.95025929617731,397.15,86.85000000000002,3401.0460000000007,55475.437500000015,1,0.633
ITM12225,Electronics,124,12.02,6,18,110.0,37.91675399892506,170.68,0.0,0.0,0.0,0,0.854
ITM12226,Groceries,247,23.94,9,41,229.0,13.373850000000001,481.34000000000003,0.0,0.0,0.0,1,0.475
ITM12227,Electronics,266,13.28,3,42,42.0,2.364855570114166,289.84000000000003,0.0,0.0,0.0,1,0.402
ITM12228,Pharma,207,4.92,9,76,84.0,39.628049999999995,105.65,101.35,9271.498,5918.84,1,0.74
ITM12229,Groceries,102,20.76,6,39,149.0,24.8211694615705,364.74,0.0,0.0,0.0,1,0.51
ITM12230,Automotive,205,19.33,2,85,51.0,12.515931448358128,105.52000000000001,99.47999999999999,10574.723999999998,66084.564,1,0.6
ITM12231,Pharma,271,14.25,7,38,103.0,3.6123765525620386,290.0,0.0,0.0,0.0,1,0.568
ITM12232,Automotive,374,15.55,5,12,102.0,24.681606532243805,298.7,75.30000000000001,5695.692000000001,41501.59500000001,0,0.641
ITM12233,Apparel,257,18.66,7,99,140.0,9.270315731273666,342.91999999999996,0.0,0.0,0.0,1,0.483
ITM12234,Pharma,379,49.45,5,66,282.0,34.39240254492989,326.83,52.170000000000016,4326.458100000002,26087.60850000001,1,0.745
ITM12235,Apparel,203,39.36,2,39,95.0,16.30793298382723,278.51,0.0,0.0,0.0,1,0.82
ITM12236,Pharma,303,4.5,5,18,49.0,26.55755576196725,87.96000000000001,215.04,42201.6,17267.712,1,0.601
ITM12237,Pharma,404,43.75,2,35,94.0,6.30449335038114,320.21000000000004,83.78999999999996,14209.108199999995,48933.35999999998,0,0.707
ITM12238,Apparel,445,32.03,6,11,228.0,35.74087226041076,256.49,188.51,37358.9118,125227.19299999998,1,0.326
ITM12239,Groceries,229,44.64,8,71,383.0,26.10199829936398,612.77,0.0,0.0,0.0,1,0.711
ITM12240,Electronics,323,17.74,4,12,99.0,28.425600000000003,365.21,0.0,0.0,0.0,1,0.626
ITM12241,Automotive,315,23.76,5,55,130.0,11.292478696570562,226.57999999999998,88.42000000000002,7715.529200000002,28077.771000000004,1,0.611
ITM12242,Pharma,116,44.92,2,77,108.0,17.866608461596734,343.7,0.0,0.0,0.0,1,0.476
ITM12243,Automotive,466,14.36,7,34,126.0,25.93947500393946,257.08000000000004,208.91999999999996,10082.479199999998,9913.253999999997,1,0.762
ITM12244,Apparel,479,45.86,2,60,94.0,2.2333260576995917,335.34000000000003,143.65999999999997,23599.028199999997,67642.31099999999,0,0.804
ITM12245,Automotive,475,41.6,7,22,310.0,18.932334944150444,519.01,0.0,0.0,0.0,1,0.613
ITM12246,Apparel,491,49.05,9,53,453.0,11.10375,546.85,0.0,0.0,0.0,1,0.625
ITM12247,Automotive,227,16.89,5,44,99.0,14.382277427879774,165.18,61.81999999999999,10272.629399999998,43323.456,1,0.453
ITM12248,Electronics,389,12.55,3,64,49.0,11.795785614786324,324.28,64.72000000000003,9834.851200000005,45828.23200000002,1,0.279
ITM12249,Electronics,407,17.21,7,96,142.0,21.804827142573274,395.3,11.699999999999989,1231.3079999999989,7985.834999999993,0,0.649
ITM12250,Electronics,441,47.78,2,18,110.0,14.423564122643198,311.37,129.63,17866.9029,46368.651,1,0.515
ITM12251,Electronics,430,17.32,5,11,108.0,21.775724392083955,219.32,210.68,9535.3768,63825.505999999994,0,0.641
ITM12252,Electronics,156,28.7,2,70,59.0,2.023951739790255,217.03,0.0,0.0,0.0,1,0.46
ITM12253,Electronics,386,20.78,3,50,84.0,21.739575903579624,255.78,130.22,1500.1344,33746.513,1,0.614
ITM12254,Apparel,419,20.41,4,53,113.0,31.3208,147.96,271.03999999999996,45618.742399999996,22753.807999999997,1,0.711
ITM12255,Pharma,203,10.48,8,73,102.0,17.72702558299051,393.95,0.0,0.0,0.0,1,0.49
ITM12256,Automotive,95,27.32,8,40,229.0,10.282605390658537,265.63,0.0,0.0,0.0,1,0.472
ITM12257,Electronics,306,42.62,3,56,144.0,16.04112874667802,363.28999999999996,0.0,0.0,0.0,1,0.636
ITM12258,Apparel,491,3.42,6,11,50.0,29.011756513523963,202.91,288.09000000000003,26587.826100000006,13669.8705,1,0.762
ITM12259,Apparel,394,44.57,5,91,248.0,25.564406169760723,478.36,0.0,0.0,0.0,1,0.586
ITM12260,Apparel,161,33.61,3,86,119.0,18.007093015809076,204.67000000000002,0.0,0.0,0.0,1,0.711
ITM12261,Pharma,256,31.22,4,78,131.0,6.2181,255.57999999999998,0.4200000000000159,17.501400000000665,133.37100000000504,1,0.673
ITM12262,Automotive,44,31.67,2,67,83.0,19.657922070376614,245.4,0.0,0.0,0.0,1,0.759
ITM12263,Pharma,309,15.52,5,53,94.0,16.69962647636168,139.01,169.99,14267.260700000003,82521.64550000001,1,0.58
ITM12264,Groceries,86,21.34,9,83,205.0,12.831,462.03,0.0,0.0,0.0,1,0.642
ITM12265,Apparel,269,40.17,7,65,287.0,5.744984396845653,584.55,0.0,0.0,0.0,1,0.762
ITM12266,Groceries,427,16.01,3,52,61.0,12.707537159890583,192.1,234.9,5038.605,91740.195,1,0.564
ITM12267,Electronics,137,24.03,9,98,248.0,31.43595,367.28,0.0,0.0,0.0,1,0.605
ITM12268,Electronics,92,1.96,9,43,51.0,33.6567,233.28,0.0,0.0,0.0,1,0.597
ITM12269,Pharma,301,36.94,4,39,180.0,31.7485,389.71000000000004,0.0,0.0,0.0,1,0.574
ITM12270,Automotive,423,21.47,9,80,203.0,9.623249999999999,464.89,0.0,0.0,0.0,1,0.621
ITM12271,Groceries,467,26.74,3,79,108.0,28.093344483524916,226.14,240.86,7721.971600000001,159124.159,1,0.45
ITM12272,Automotive,379,6.62,6,64,67.0,27.07763941262236,298.8,80.19999999999999,14512.991999999998,49764.09999999999,1,0.694
ITM12273,Pharma,29,49.59,8,76,419.0,22.42631582940007,498.62,0.0,0.0,0.0,1,0.587
ITM12274,Electronics,230,15.82,8,22,168.0,41.59569782465489,375.33000000000004,0.0,0.0,0.0,1,0.609
ITM12275,Automotive,342,32.11,5,12,187.0,26.116155943208792,332.36,9.639999999999986,247.26599999999965,6122.363999999991,0,0.614
ITM12276,Automotive,171,29.48,2,35,68.0,8.863512791495255,269.89,0.0,0.0,0.0,1,0.562
ITM12277,Electronics,24,39.47,4,66,187.0,29.281000000000002,307.14,0.0,0.0,0.0,1,0.59
ITM12278,Groceries,214,15.4,3,33,66.0,19.460197040818986,161.36,52.639999999999986,9459.934399999998,21134.959999999995,1,0.541
ITM12279,Electronics,461,38.04,5,62,216.0,26.263289216128282,366.94,94.06,1043.1254,21629.097,1,0.636
ITM12280,Automotive,302,19.74,3,79,85.0,25.699996677626242,354.58,0.0,0.0,0.0,1,0.711
ITM12281,Groceries,483,21.15,5,52,123.0,17.508859477418852,328.71000000000004,154.28999999999996,17635.346999999994,56879.00849999999,1,0.605
ITM12282,Groceries,132,33.96,8,69,303.0,31.359620060198438,490.38,0.0,0.0,0.0,1,0.712
ITM12283,Electronics,290,39.43,9,67,392.0,37.35795,610.76,0.0,0.0,0.0,1,0.859
ITM12284,Automotive,182,33.68,6,58,221.0,19.381465115284755,442.44,0.0,0.0,0.0,1,0.55
ITM12285,Pharma,479,45.09,3,51,139.0,3.675498416201536,234.48000000000002,244.51999999999998,48896.664399999994,156187.15,0,0.615
ITM12286,Automotive,124,14.97,6,85,121.0,31.550285208457304,198.49,0.0,0.0,0.0,1,0.535
ITM12287,Apparel,200,45.13,7,75,320.0,4.134647861366188,477.65,0.0,0.0,0.0,1,0.609
ITM12288,Pharma,63,7.41,7,20,84.0,31.858549837053165,136.87,0.0,0.0,0.0,1,0.455
ITM12289,Groceries,301,33.32,9,99,345.0,45.15525,492.66999999999996,0.0,0.0,0.0,1,0.61
ITM12290,Pharma,194,27.83,8,27,240.0,17.680497956788432,450.98,0.0,0.0,0.0,1,0.445
ITM12291,Groceries,181,25.24,4,94,106.0,4.8363,118.15,62.849999999999994,4452.294,32804.557499999995,1,0.561
ITM12292,Groceries,490,16.23,6,61,108.0,10.919702798840268,150.23,339.77,54030.2254,55807.2225,1,0.539
ITM12293,Pharma,370,25.68,5,55,150.0,21.48145784624498,439.02,0.0,0.0,0.0,1,0.754
ITM12294,Groceries,453,8.93,4,53,67.0,31.123400000000004,346.1,106.89999999999998,16490.393999999997,72964.59499999999,1,0.372
ITM12295,Groceries,359,19.1,3,31,73.0,15.300330616280812,204.2,154.8,25484.724000000002,21470.760000000002,1,0.563
ITM12296,Apparel,159,5.84,3,62,22.0,4.473281018167761,203.11,0.0,0.0,0.0,1,0.503
ITM12297,Automotive,490,29.02,5,68,169.0,23.762023576497015,224.03,265.97,48653.892100000005,83487.98300000001,1,0.611
ITM12298,Automotive,151,5.69,2,39,29.0,17.35480457337391,134.99,16.00999999999999,1599.2388999999991,11044.498499999994,1,0.405
ITM12299,Apparel,106,8.86,9,17,101.0,20.9244,340.95,0.0,0.0,0.0,1,0.783
ITM12300,Pharma,195,5.19,2,66,27.0,17.0989026292625,285.23,0.0,0.0,0.0,1,0.689
ITM12301,Electronics,202,19.68,9,82,195.0,17.71665,322.53,0.0,0.0,0.0,0,0.837
ITM12302,Electronics,387,42.26,3,29,150.0,22.793788627606425,250.20999999999998,136.79000000000002,27195.219900000004,54921.185000000005,1,0.517
ITM12303,Electronics,148,45.44,9,34,427.0,18.4569,634.69,0.0,0.0,0.0,1,0.647
ITM12304,Apparel,265,4.52,8,28,50.0,13.632594477207927,268.19,0.0,0.0,0.0,1,0.551
ITM12305,Apparel,108,32.09,8,14,298.0,41.176949188836225,593.3,0.0,0.0,0.0,1,0.584
ITM12306,Groceries,85,34.53,5,84,194.0,21.00327470925665,406.23,0.0,0.0,0.0,1,0.564
ITM12307,Electronics,177,27.15,2,88,62.0,7.467684005433011,141.65,35.349999999999994,4196.044999999999,8773.869999999999,0,0.736
ITM12308,Pharma,406,33.68,6,81,240.0,37.795871680118715,267.4,138.60000000000002,17977.806000000004,17706.15,1,0.626
ITM12309,Pharma,397,12.45,3,92,57.0,20.115518463862667,141.70999999999998,255.29000000000002,43072.5288,70817.44600000001,1,0.642
ITM12310,Electronics,168,24.99,7,96,186.0,11.315878357423255,261.73,0.0,0.0,0.0,1,0.527
ITM12311,Electronics,492,20.15,6,36,146.0,25.546463374408596,182.92000000000002,309.08,18408.804799999998,39484.969999999994,1,0.751
ITM12312,Electronics,359,5.4,5,49,59.0,32.25897008759734,197.87,161.13,13705.7178,44697.462,1,0.675
ITM12313,Apparel,452,31.65,7,35,252.0,30.944575046645898,345.56,106.44,18049.0308,40404.624,1,0.711
ITM12314,Apparel,135,25.27,6,36,163.0,11.403232074065668,441.28,0.0,0.0,0.0,1,0.714
ITM12315,Apparel,233,14.48,2,71,44.0,15.49369952529092,171.13,61.870000000000005,2575.0294,13775.355500000001,1,0.827
ITM12316,Automotive,488,24.21,9,92,249.0,31.485300000000002,513.22,0.0,0.0,0.0,1,0.499
ITM12317,Pharma,465,38.99,8,59,351.0,38.617929747722116,449.95,15.050000000000011,2412.665500000002,3955.1400000000026,1,0.734
ITM12318,Pharma,391,40.28,2,51,86.0,5.094775069127194,337.13,53.870000000000005,2300.2490000000003,34409.4625,1,0.498
ITM12319,Groceries,313,32.83,7,38,261.0,31.118665482913954,402.81,0.0,0.0,0.0,0,0.637
ITM12320,Apparel,272,23.92,9,48,219.0,3.7506,238.38,33.620000000000005,3935.8934000000004,11535.022,1,0.772
ITM12321,Automotive,162,29.21,9,69,298.0,35.08785,449.22,0.0,0.0,0.0,1,0.623
ITM12322,Automotive,269,19.87,9,50,226.0,47.4747,301.76,0.0,0.0,0.0,1,0.434
ITM12323,Pharma,385,7.2,4,42,36.0,7.106400000000001,135.16,249.84,9256.572,124020.57600000002,1,0.409
ITM12324,Apparel,455,19.9,8,92,175.0,16.098558665917892,383.46000000000004,71.53999999999996,6130.977999999997,5744.6619999999975,1,0.604
ITM12325,Groceries,482,26.99,3,92,98.0,17.20931041384285,261.56,220.44,15128.797199999999,16092.12,1,0.721
ITM12326,Apparel,321,30.34,7,25,245.0,32.46786636399134,512.7,0.0,0.0,0.0,1,0.556
ITM12327,Electronics,44,46.85,5,32,248.0,13.86731097266157,529.4300000000001,0.0,0.0,0.0,1,0.797
ITM12328,Apparel,296,39.09,3,16,137.0,19.403212569249966,347.38,0.0,0.0,0.0,1,0.628
ITM12329,Electronics,491,8.45,6,35,87.0,36.42587206698008,347.43,143.57,23585.6796,67599.9345,1,0.55
ITM12330,Electronics,396,9.53,8,21,111.0,34.43044338953538,177.57,218.43,2483.5490999999997,32688.049499999997,0,0.718
ITM12331,Groceries,397,5.92,5,81,56.0,26.66790571665687,88.99000000000001,308.01,34099.787099999994,174256.6575,1,0.53
ITM12332,Pharma,408,37.17,5,14,201.0,15.191510428936947,307.56,100.44,10866.6036,64156.049999999996,1,0.669
ITM12333,Apparel,89,35.6,2,78,93.0,21.309652800550275,197.45999999999998,0.0,0.0,0.0,1,0.551
ITM12334,Electronics,132,49.33,6,58,309.0,12.612055262129164,511.88,0.0,0.0,0.0,1,0.45
ITM12335,Apparel,382,26.58,2,35,59.0,5.6996342097541675,312.7,69.30000000000001,822.5910000000001,6323.625000000001,1,0.582
ITM12336,Pharma,131,41.49,2,14,92.0,9.212469988010817,188.1,0.0,0.0,0.0,1,0.404
ITM12337,Pharma,383,29.25,9,31,296.0,32.9658,429.18,0.0,0.0,0.0,1,0.34
ITM12338,Automotive,322,43.83,8,88,391.0,40.43250716960303,431.44,0.0,0.0,0.0,1,0.459
ITM12339,Pharma,490,36.33,4,22,151.0,5.7575,280.69,209.31,9000.33,41255.001000000004,1,0.572
ITM12340,Groceries,471,32.5,2,37,84.0,19.146118182153796,156.18,314.82,28582.507800000003,90778.347,1,0.656
ITM12341,Electronics,110,28.69,3,42,109.0,23.4206178148656,229.91,0.0,0.0,0.0,1,0.507
ITM12342,Automotive,37,36.43,5,32,205.0,22.364257483761897,292.24,0.0,0.0,0.0,1,0.795
ITM12343,Groceries,168,21.56,8,27,208.0,35.96585505420385,452.53,0.0,0.0,0.0,1,0.637
ITM12344,Apparel,495,5.73,2,39,17.0,5.187830321531344,28.18,466.82,46546.6222,320331.88399999996,1,0.567
ITM12345,Electronics,246,2.96,7,35,30.0,9.183270513139641,138.23000000000002,107.76999999999998,1604.6952999999999,38942.68949999999,1,0.499
ITM12346,Pharma,233,24.47,3,25,98.0,24.788245132521983,389.08,0.0,0.0,0.0,1,0.409
ITM12347,Electronics,379,30.37,6,86,203.0,21.073817578573657,409.90999999999997,0.0,0.0,0.0,1,0.576
ITM12348,Apparel,170,4.86,5,48,35.0,10.446462377283519,268.93,0.0,0.0,0.0,1,0.594
ITM12349,Automotive,211,15.06,8,42,153.0,32.75544884626068,412.36,0.0,0.0,0.0,1,0.559
ITM12350,Automotive,470,16.78,7,35,156.0,39.03978033311023,270.93,199.07,12682.7497,88645.871,1,0.593
ITM12351,Automotive,59,28.58,8,57,259.0,30.289484657550712,288.12,0.0,0.0,0.0,1,0.519
ITM12352,Pharma,261,14.65,8,74,135.0,17.680497956788432,264.1,0.0,0.0,0.0,1,0.674
ITM12353,Groceries,157,5.69,7,47,62.0,22.153008015109368,261.28,0.0,0.0,0.0,1,0.846
ITM12354,Groceries,364,9.08,6,11,85.0,30.82499129561921,202.53,161.47,23190.3214,63651.47400000001,1,0.604
ITM12355,Electronics,199,9.52,7,15,72.0,4.961577433639427,212.01,0.0,0.0,0.0,1,0.548
ITM12356,Pharma,219,42.29,3,55,134.0,7.2940123608340555,383.4,0.0,0.0,0.0,1,0.383
ITM12357,Automotive,222,14.93,9,59,159.0,24.132150000000003,179.51,42.49000000000001,6038.2539000000015,22953.098000000005,1,0.522
ITM12358,Automotive,80,36.02,8,47,317.0,29.033238750094696,424.07,0.0,0.0,0.0,1,0.563
ITM12359,Apparel,211,28.82,6,97,188.0,14.98940753198738,339.64,0.0,0.0,0.0,1,0.499
ITM12360,Apparel,24,48.87,8,27,406.0,15.49369952529092,502.76,0.0,0.0,0.0,1,0.575
ITM12361,Automotive,397,14.37,7,36,104.0,3.873512206964114,243.29,153.71,22669.1508,46005.403,1,0.661
ITM12362,Automotive,256,8.76,6,50,56.0,3.263822607771446,182.51,73.49000000000001,5214.115500000001,19849.649,1,0.596
ITM12363,Pharma,200,3.55,6,81,34.0,12.692643474666733,311.93,0.0,0.0,0.0,1,0.587
ITM12364,Groceries,330,12.81,2,83,39.0,12.888152457974728,192.01,137.99,23128.503900000003,21153.867000000002,1,0.634
ITM12365,Apparel,56,34.52,2,26,83.0,13.469747785500664,231.13,0.0,0.0,0.0,1,0.775
ITM12366,Groceries,75,5.18,9,71,72.0,25.612650000000002,155.8,0.0,0.0,0.0,1,0.477
ITM12367,Pharma,462,12.99,2,38,36.0,10.212813951355425,59.43,402.57,56907.29520000001,287998.578,1,0.505
ITM12368,Automotive,256,42.91,7,67,313.0,12.62155662943363,409.85,0.0,0.0,0.0,1,0.686
ITM12369,Groceries,377,29.56,5,79,164.0,15.853610157074632,181.89,195.11,25996.456400000003,8545.818,1,0.713
ITM12370,Automotive,368,4.41,3,87,18.0,5.185586912780462,267.76,100.24000000000001,9757.361600000002,48661.50800000001,1,0.523
ITM12371,Automotive,216,3.34,7,31,30.0,6.920094841654991,99.24,116.76,13822.0488,56681.14200000001,1,0.533
ITM12372,Electronics,92,4.0,8,15,48.0,15.586754777695068,322.25,0.0,0.0,0.0,1,0.398
ITM12373,Groceries,78,47.15,2,35,117.0,23.170757848633265,383.89,0.0,0.0,0.0,1,0.75
ITM12374,Groceries,259,42.64,6,48,270.0,14.505878256761982,472.76,0.0,0.0,0.0,1,0.556
ITM12375,Automotive,21,42.4,7,21,338.0,40.91125252299177,598.14,0.0,0.0,0.0,1,0.444
ITM12376,Pharma,468,46.29,6,23,295.0,17.04440695169533,559.6,0.0,0.0,0.0,1,0.583
ITM12377,Electronics,379,25.76,9,31,255.0,23.04645,490.14,0.0,0.0,0.0,1,0.357
ITM12378,Automotive,207,13.12,8,60,143.0,37.54779434507439,300.3,0.0,0.0,0.0,1,0.548
ITM12379,Apparel,326,20.67,6,32,130.0,5.600880771360876,415.51,0.0,0.0,0.0,1,0.589
ITM12380,Apparel,49,36.22,6,57,226.0,8.98558569793867,473.14,0.0,0.0,0.0,1,0.813
ITM12381,Electronics,286,43.93,9,80,443.0,48.11625,489.83,0.0,0.0,0.0,1,0.777
ITM12382,Pharma,495,22.32,4,59,107.0,17.4699,238.77,256.23,9941.724,75754.39950000001,1,0.538
ITM12383,Automotive,127,27.23,5,98,140.0,3.3840652771481823,306.51,0.0,0.0,0.0,1,0.627
ITM12384,Groceries,351,46.66,3,22,143.0,2.706762399528263,306.53,44.47000000000003,2530.3430000000017,31164.576000000015,1,0.425
ITM12385,Electronics,442,6.27,3,94,45.0,25.98491903547132,165.07,276.93,29163.498300000003,116241.3675,1,0.646
ITM12386,Pharma,109,43.25,2,19,107.0,20.472155528912925,271.18,0.0,0.0,0.0,1,0.582
ITM12387,Groceries,224,8.81,4,64,51.0,15.956499999999998,87.97,136.03,9960.1166,46671.893,1,0.481
ITM12388,Apparel,398,24.71,7,18,182.0,8.922134858737566,382.02,15.980000000000018,969.8262000000011,3091.3310000000038,1,0.81
ITM12389,Apparel,475,11.7,9,88,147.0,41.404650000000004,301.35,173.64999999999998,17422.3045,22817.609999999997,1,0.722
ITM12390,Groceries,466,30.54,7,61,229.0,15.581094045990481,467.41999999999996,0.0,0.0,0.0,1,0.498
ITM12391,Electronics,467,28.37,3,11,98.0,12.7645216314596,309.08000000000004,157.91999999999996,11504.471999999996,74356.63199999998,0,0.654
ITM12392,Apparel,464,19.62,5,34,124.0,25.67475612445034,166.7,297.3,8954.676000000001,113940.225,1,0.582
ITM12393,Automotive,400,43.3,6,22,275.0,15.553525019750344,386.71,13.29000000000002,1356.244500000002,4365.765000000007,1,0.564
ITM12394,Groceries,457,33.33,8,60,297.0,30.103374152742415,520.51,0.0,0.0,0.0,1,0.485
ITM12395,Groceries,239,36.34,2,67,93.0,20.728057473024336,200.7,38.30000000000001,5696.742000000002,3774.4650000000015,0,0.715
ITM12396,Apparel,397,8.38,5,43,72.0,29.720921129736208,246.4,150.6,22124.645999999997,36829.23,1,0.769
ITM12397,Electronics,113,44.28,3,44,145.0,11.767293379001817,433.77,0.0,0.0,0.0,1,0.47
ITM12398,Automotive,476,9.18,4,12,47.0,10.659600000000001,80.18,395.82,57235.572,229714.137,1,0.551
ITM12399,Electronics,122,11.92,2,68,31.0,7.467684005433011,96.18,25.819999999999993,2541.9789999999994,18377.384999999995,1,0.6
ITM12400,Pharma,242,7.27,9,79,84.0,18.80235,233.38,8.620000000000005,332.30100000000016,4247.505000000003,1,0.607
ITM12401,Pharma,205,22.58,3,57,83.0,14.78747037215967,307.15,0.0,0.0,0.0,1,0.643
ITM12402,Apparel,488,44.5,7,73,331.0,19.411083643887583,436.73,51.26999999999998,1805.7293999999993,12350.942999999996,1,0.605
ITM12403,Apparel,203,13.37,2,28,31.0,4.094431105782585,75.06,127.94,4062.095,11674.525,1,0.818
ITM12404,Apparel,181,19.31,9,76,184.0,10.11675,285.57,0.0,0.0,0.0,1,0.517
ITM12405,Pharma,266,42.46,3,91,138.0,10.71308065497502,334.89,0.0,0.0,0.0,1,0.775
ITM12406,Electronics,50,31.27,7,82,244.0,25.41720369513531,483.84000000000003,0.0,0.0,0.0,1,0.482
ITM12407,Electronics,71,37.83,8,85,331.0,28.52143486187187,624.3299999999999,0.0,0.0,0.0,1,0.556
ITM12408,Apparel,364,11.49,7,14,103.0,22.28357584231041,333.78999999999996,30.210000000000036,3390.166200000004,21722.500500000027,1,0.505
ITM12409,Automotive,95,36.11,6,76,247.0,30.301167914125024,399.76,0.0,0.0,0.0,1,0.65
ITM12410,Electronics,404,12.15,9,20,146.0,37.0125,240.86,163.14,7101.4842,43468.653,1,0.511
ITM12411,Pharma,458,49.38,9,77,467.0,22.5036,745.98,0.0,0.0,0.0,1,0.392
ITM12412,Groceries,297,28.43,4,78,119.0,5.5272,283.91999999999996,13.080000000000041,2469.504000000008,4058.0700000000124,1,0.586
ITM12413,Groceries,59,35.09,9,10,343.0,27.3399,552.75,0.0,0.0,0.0,1,0.443
ITM12414,Groceries,120,6.8,6,72,57.0,16.60117178273871,204.01,0.0,0.0,0.0,1,0.772
ITM12415,Automotive,130,13.28,3,38,45.0,5.157094676995953,125.21,4.790000000000006,495.8129000000007,2482.6570000000033,1,0.618
ITM12416,Apparel,404,7.85,8,91,109.0,45.73665655663955,277.61,126.38999999999999,12577.068899999998,11071.764,1,0.589
ITM12417,Pharma,340,20.12,5,21,115.0,14.750110610178488,368.57,0.0,0.0,0.0,1,0.843
ITM12418,Automotive,268,14.92,8,86,149.0,30.010318900338266,270.15999999999997,0.0,0.0,0.0,1,0.392
ITM12419,Pharma,210,36.91,8,50,319.0,24.008255120270615,522.9300000000001,0.0,0.0,0.0,1,0.71
ITM12420,Pharma,201,6.33,9,11,66.0,9.179100000000002,88.28,112.72,7772.044,20571.4,1,0.773
ITM12421,Apparel,445,37.85,8,46,308.0,4.792345498813708,589.6,0.0,0.0,0.0,0,0.575
ITM12422,Groceries,424,3.24,9,54,61.0,31.781399999999998,352.28,71.72000000000003,7629.573600000002,49737.82000000002,1,0.437
ITM12423,Apparel,354,10.9,6,89,77.0,11.483820286603233,199.03,154.97,27500.9762,30544.587000000003,1,0.562
ITM12424,Automotive,228,39.81,5,57,209.0,10.336112422593903,363.53,0.0,0.0,0.0,1,0.62
ITM12425,Automotive,41,37.4,7,33,304.0,41.738182095265,360.57,0.0,0.0,0.0,1,0.643
ITM12426,Automotive,185,24.34,9,31,243.0,24.132150000000003,309.9,0.0,0.0,0.0,1,0.593
ITM12427,Apparel,118,3.45,3,20,13.0,2.2223943911916266,197.6,0.0,0.0,0.0,1,0.487
ITM12428,Pharma,227,30.88,4,67,136.0,12.271700000000001,327.83000000000004,0.0,0.0,0.0,1,0.565
ITM12429,Pharma,27,20.93,5,55,127.0,22.253907529072283,236.07,0.0,0.0,0.0,1,0.492
ITM12430,Electronics,209,16.51,3,38,60.0,10.314189353991907,178.47,30.53,3388.83,3900.2075,1,0.695
ITM12431,Automotive,194,32.38,9,44,295.0,3.7506,451.81,0.0,0.0,0.0,1,0.668
ITM12432,Pharma,292,22.39,5,24,129.0,17.361726204499366,411.54,0.0,0.0,0.0,1,0.603
ITM12433,Electronics,36,5.53,9,69,57.0,7.45185,110.4,0.0,0.0,0.0,1,0.64
ITM12434,Pharma,109,45.88,6,51,301.0,25.707639799483733,470.94,0.0,0.0,0.0,1,0.456
ITM12435,Automotive,160,39.15,3,52,136.0,18.20653866630063,162.87,0.0,0.0,0.0,1,0.68
ITM12436,Groceries,164,3.76,6,89,26.0,3.465293139115362,168.92,0.0,0.0,0.0,1,0.421
ITM12437,Automotive,185,26.73,2,83,61.0,7.584003070938197,186.19,0.0,0.0,0.0,1,0.555
ITM12438,Apparel,356,5.09,3,58,28.0,12.622060452537058,85.62,270.38,44869.560999999994,14803.304999999998,1,0.74
ITM12439,Pharma,97,42.03,5,73,231.0,21.076841345716396,288.56,0.0,0.0,0.0,1,0.627
ITM12440,Pharma,448,31.04,2,41,70.0,7.700322136443385,210.53,237.47,39032.9439,169886.038,1,0.599
ITM12441,Apparel,281,9.45,6,73,70.0,13.014996324816998,116.71000000000001,164.29,17056.587799999998,62964.1425,1,0.422
ITM12442,Apparel,182,2.02,6,11,52.0,39.64940056848275,147.49,34.50999999999999,5968.849599999999,8817.304999999997,1,0.567
ITM12443,Groceries,385,2.55,5,33,16.0,3.310498640688439,46.65,338.35,60909.76700000001,74098.65000000001,1,0.639
ITM12444,Pharma,33,25.86,2,96,75.0,23.031174970027045,171.22,0.0,0.0,0.0,1,0.678
ITM12445,Pharma,258,36.98,8,75,300.0,4.420124489197108,464.77,0.0,0.0,0.0,1,0.5
ITM12446,Groceries,91,6.92,7,47,63.0,14.101325337712057,288.72,0.0,0.0,0.0,0,0.772
ITM12447,Electronics,464,11.84,4,40,64.0,17.075100000000003,314.82,149.18,9059.7014,57717.742000000006,1,0.66
ITM12448,Groceries,162,17.04,5,35,92.0,6.841697190756108,199.97,0.0,0.0,0.0,1,0.742
ITM12449,Automotive,329,11.69,6,38,77.0,7.172350915843423,359.25,0.0,0.0,0.0,1,0.541
ITM12450,Pharma,302,20.18,3,76,69.0,8.348225084860854,148.78,153.22,16314.865600000001,49773.517,1,0.682
ITM12451,Apparel,288,28.42,2,87,80.0,22.68221777351148,113.37,174.63,11609.4024,43343.166000000005,1,0.527
ITM12452,Automotive,260,34.56,9,34,331.0,20.28285,609.25,0.0,0.0,0.0,1,0.708
ITM12453,Pharma,434,48.22,7,57,363.0,25.59129413140336,529.55,0.0,0.0,0.0,1,0.689
ITM12454,Groceries,264,46.61,4,74,210.0,23.6551,321.9,0.0,0.0,0.0,1,0.552
ITM12455,Automotive,182,28.94,3,62,108.0,21.511638017303564,378.45,0.0,0.0,0.0,1,0.458
ITM12456,Pharma,79,36.97,2,76,90.0,16.37772442313034,324.97,0.0,0.0,0.0,1,0.691
ITM12457,Electronics,25,47.59,7,99,349.0,16.103365354794633,600.41,0.0,0.0,0.0,1,0.351
ITM12458,Electronics,216,5.09,5,27,31.0,5.738197643859961,125.78,90.22,10483.564,50712.662000000004,1,0.491
ITM12459,Apparel,489,1.28,9,18,27.0,15.6933,290.31,198.69,11446.5309,17405.244,0,0.74
ITM12460,Pharma,77,2.46,7,47,28.0,10.88065226675313,226.43,0.0,0.0,0.0,1,0.504
ITM12461,Electronics,324,28.6,5,96,150.0,6.584213963147006,374.02,0.0,0.0,0.0,1,0.581
ITM12462,Groceries,426,38.38,9,30,349.0,3.60255,449.6,0.0,0.0,0.0,1,0.724
ITM12463,Pharma,236,18.99,9,74,217.0,46.33965,298.05,0.0,0.0,0.0,0,0.593
ITM12464,Groceries,437,27.72,8,30,265.0,43.03805423691922,393.37,43.629999999999995,6485.599499999999,16880.447,1,0.744
ITM12465,Groceries,45,26.3,2,36,55.0,2.279853683901667,231.81,0.0,0.0,0.0,1,0.396
ITM12466,Electronics,322,5.64,9,79,61.0,10.5609,264.14,57.860000000000014,10888.673400000003,2745.457000000001,1,0.774
ITM12467,Pharma,24,16.76,7,53,125.0,7.964637459263291,279.40999999999997,0.0,0.0,0.0,1,0.693
ITM12468,Automotive,493,1.95,9,37,33.0,15.64395,245.67,247.33,26961.443300000003,79442.39600000001,1,0.603
ITM12469,Electronics,39,6.42,4,54,34.0,8.0276,249.42,0.0,0.0,0.0,0,0.574
ITM12470,Electronics,409,40.78,7,26,327.0,41.30295600459488,530.16,0.0,0.0,0.0,1,0.626
ITM12471,Pharma,217,41.64,2,49,86.0,3.024295703134864,168.82,48.18000000000001,9157.572600000001,5803.281000000001,1,0.568
ITM12472,Pharma,78,40.3,3,12,128.0,7.151551181911515,267.44,0.0,0.0,0.0,1,0.636
ITM12473,Groceries,467,36.61,3,85,113.0,3.61851394463252,345.07,121.93,23026.4805,48509.85050000001,0,0.619
ITM12474,Pharma,261,39.87,7,85,322.0,42.69567949473928,589.22,0.0,0.0,0.0,1,0.665
ITM12475,Groceries,165,33.88,7,75,277.0,40.12784555978555,432.34000000000003,0.0,0.0,0.0,1,0.406
ITM12476,Electronics,407,33.82,5,55,196.0,26.888605626036096,492.17,0.0,0.0,0.0,1,0.596
ITM12477,Apparel,292,33.7,2,95,78.0,10.585034960972024,138.67000000000002,153.32999999999998,12166.735499999997,19028.253,1,0.533
ITM12478,Automotive,268,26.19,5,96,139.0,8.496946511100326,214.07,53.93000000000001,10572.4372,16534.938000000002,1,0.518
ITM12479,Electronics,33,18.8,4,39,84.0,8.554,227.62,0.0,0.0,0.0,1,0.405
ITM12480,Pharma,481,36.78,8,78,316.0,21.914511941177246,473.53,7.470000000000027,228.95550000000082,2372.0985000000087,1,0.615
ITM12481,Automotive,32,15.63,3,18,69.0,22.223943911916262,202.1,0.0,0.0,0.0,1,0.54
ITM12482,Apparel,410,27.6,9,94,263.0,14.854349999999998,397.82,12.180000000000007,968.9190000000006,3601.017000000002,1,0.689
ITM12483,Apparel,403,22.23,9,20,217.0,17.025750000000002,368.3,34.69999999999999,4440.905999999999,7979.264999999998,1,0.623
ITM12484,Groceries,63,14.55,6,78,112.0,24.982345886645632,214.85,0.0,0.0,0.0,1,0.511
ITM12485,Automotive,394,48.76,6,75,304.0,11.121173330184183,351.97,42.02999999999997,5016.280499999996,7670.474999999995,1,0.527
ITM12486,Groceries,418,13.68,2,97,41.0,14.074606926127636,328.27,89.73000000000002,11768.986800000002,17685.783000000007,1,0.706
ITM12487,Electronics,38,16.16,9,40,166.0,20.628299999999996,406.55,0.0,0.0,0.0,1,0.569
ITM12488,Automotive,82,8.92,2,42,20.0,1.9308964873861052,266.32,0.0,0.0,0.0,1,0.635
ITM12489,Electronics,258,41.33,6,48,265.0,17.44734801438316,380.84000000000003,0.0,0.0,0.0,1,0.607
ITM12490,Groceries,438,29.74,2,55,81.0,21.495763305358572,208.13,229.87,22233.0264,72156.193,1,0.629
ITM12491,Automotive,356,31.04,3,46,102.0,9.345453337318634,383.39,0.0,0.0,0.0,1,0.488
ITM12492,Groceries,438,41.21,4,69,177.0,11.7453,469.14,0.0,0.0,0.0,1,0.744
ITM12493,Automotive,422,17.8,4,40,75.0,3.7177,358.36,63.639999999999986,7593.524799999998,27642.033999999996,1,0.445
ITM12494,Groceries,423,10.49,9,20,126.0,31.2879,322.35,100.64999999999998,7090.792499999999,16899.135,1,0.564
ITM12495,Apparel,119,10.72,5,96,85.0,31.523303722999913,165.39,0.0,0.0,0.0,1,0.543
ITM12496,Groceries,182,36.9,3,11,122.0,10.969510777035593,307.44,0.0,0.0,0.0,1,0.525
ITM12497,Apparel,435,31.09,8,36,262.0,12.934680084176803,442.84000000000003,0.0,0.0,0.0,1,0.564
ITM12498,Groceries,141,11.11,2,11,45.0,22.30999676389488,318.39,0.0,0.0,0.0,1,0.589
ITM12499,Automotive,451,8.11,2,30,34.0,17.63397033058636,134.38,316.62,49038.1056,132901.245,1,0.726
ITM12500,Automotive,63,6.91,9,67,91.0,29.067149999999998,159.2,0.0,0.0,0.0,1,0.466
ITM12501,Automotive,379,31.76,8,14,270.0,15.819392908705442,357.08,21.920000000000016,2175.7792000000018,5840.5840000000035,1,0.697
ITM12502,Pharma,427,1.01,5,61,15.0,9.5636627397666,95.51,331.49,48506.93170000001,111314.342,1,0.67
ITM12503,Electronics,336,1.9,5,54,36.0,26.851822307806227,234.03,101.97,9753.4305,45035.0505,1,0.576
ITM12504,Automotive,400,20.09,2,94,53.0,12.702041953166429,298.61,101.38999999999999,17414.746399999996,33306.615,1,0.604
ITM12505,Apparel,164,34.88,2,29,82.0,12.678778140065393,198.75,0.0,0.0,0.0,1,0.707
ITM12506,Automotive,346,35.06,8,70,286.0,5.58331514424898,347.15999999999997,0.0,0.0,0.0,1,0.707
ITM12507,Pharma,382,22.08,9,47,225.0,26.500950000000003,334.5,47.5,5368.925,11269.375,1,0.588
ITM12508,Apparel,69,34.86,3,29,128.0,23.70554017271068,296.5,0.0,0.0,0.0,1,0.668
ITM12509,Pharma,84,26.53,8,34,256.0,44.154717265769015,458.7,0.0,0.0,0.0,1,0.74
ITM12510,Apparel,374,48.87,5,11,250.0,5.5542810527106035,419.44,0.0,0.0,0.0,1,0.617
ITM12511,Groceries,307,8.96,8,41,102.0,30.24295703134864,186.45,120.55000000000001,17795.591000000004,83601.425,1,0.513
ITM12512,Electronics,183,30.43,8,35,271.0,27.451299459224153,547.23,0.0,0.0,0.0,1,0.627
ITM12513,Electronics,160,25.07,8,79,242.0,41.688753077059054,378.97,0.0,0.0,0.0,1,0.599
ITM12514,Pharma,473,10.53,3,50,53.0,21.768068139364136,196.1,276.9,38264.810999999994,172827.13499999998,1,0.606
ITM12515,Electronics,333,37.75,7,76,306.0,42.0863629678011,596.54,0.0,0.0,0.0,1,0.719
ITM12516,Pharma,147,14.5,2,10,51.0,22.379788203197993,312.83,0.0,0.0,0.0,1,0.601
ITM12517,Pharma,417,19.7,6,60,129.0,10.637644054958786,372.82,44.18000000000001,7760.658800000001,3225.140000000001,1,0.738
ITM12518,Pharma,440,19.37,9,14,211.0,36.46965,273.98,166.01999999999998,30748.564199999997,25450.865999999998,1,0.595
ITM12519,Electronics,387,12.97,8,22,130.0,25.776304915949456,383.05,3.9499999999999886,509.86599999999856,230.67999999999935,1,0.753
ITM12520,Pharma,482,22.1,9,28,211.0,12.5349,353.03999999999996,128.96000000000004,21164.915200000007,51306.73600000002,1,0.466
ITM12521,Electronics,258,24.19,6,21,155.0,9.469114973164071,225.72,32.28,6374.0088000000005,22268.358,1,0.431
ITM12522,Pharma,343,37.47,7,57,268.0,5.52737135151059,565.36,0.0,0.0,0.0,1,0.519
ITM12523,Automotive,315,38.49,2,34,96.0,18.750633359436158,155.9,159.1,29062.797,76654.38,1,0.625
ITM12524,Pharma,206,8.77,5,66,57.0,13.168427926294012,334.36,0.0,0.0,0.0,1,0.612
ITM12525,Apparel,227,30.05,6,44,215.0,34.814107816228756,225.15,1.8499999999999943,264.7164999999992,1181.6874999999964,0,0.587
ITM12526,Pharma,239,44.91,9,85,435.0,30.9918,572.0,0.0,0.0,0.0,1,0.497
ITM12527,Groceries,419,6.33,9,14,91.0,34.051500000000004,109.67,309.33,49461.867,68872.32449999999,1,0.649
ITM12528,Pharma,209,24.17,9,31,234.0,16.13745,508.61,0.0,0.0,0.0,1,0.596
ITM12529,Apparel,407,37.77,5,86,207.0,17.80312602325783,253.51,153.49,13233.9078,99162.2145,1,0.557
ITM12530,Apparel,448,30.96,6,66,204.0,17.809994970802208,409.2,38.80000000000001,5098.3200000000015,20251.660000000007,1,0.543
ITM12531,Electronics,365,5.93,9,56,67.0,13.521900000000002,260.05,104.94999999999999,18165.7955,11108.957499999999,1,0.466
ITM12532,Automotive,303,20.43,5,63,133.0,30.934770631321967,368.93,0.0,0.0,0.0,1,0.443
ITM12533,Pharma,371,25.85,8,12,237.0,29.82420839552997,463.59000000000003,0.0,0.0,0.0,1,0.573
ITM12534,Electronics,256,49.8,9,62,452.0,4.2441,471.41,0.0,0.0,0.0,1,0.562
ITM12535,Automotive,213,9.75,6,93,92.0,33.403814096821336,214.64,0.0,0.0,0.0,1,0.739
ITM12536,Pharma,306,49.14,5,40,251.0,5.5542810527106035,354.53,0.0,0.0,0.0,1,0.453
ITM12537,Groceries,278,19.43,7,78,155.0,18.888812335083433,447.14,0.0,0.0,0.0,1,0.416
ITM12538,Pharma,265,10.82,3,97,49.0,16.895895820213262,283.72,0.0,0.0,0.0,0,0.694
ITM12539,Apparel,155,21.29,5,42,109.0,2.096649139102678,324.31,0.0,0.0,0.0,1,0.645
ITM12540,Apparel,299,31.09,3,81,112.0,19.089797975620378,250.23,48.77000000000001,4274.6905000000015,20293.197000000004,1,0.499
ITM12541,Groceries,290,11.46,3,97,54.0,19.289243626111936,322.38,0.0,0.0,0.0,1,0.674
ITM12542,Electronics,190,15.28,2,59,46.0,15.586754777695068,60.88,129.12,3761.2656,85303.12800000001,0,0.613
ITM12543,Automotive,178,42.87,8,93,352.0,9.53816337142534,428.25,0.0,0.0,0.0,1,0.768
ITM12544,Pharma,220,49.95,7,25,362.0,12.75212445663467,573.55,0.0,0.0,0.0,1,0.724
ITM12545,Apparel,64,16.59,3,85,58.0,8.120287198584789,215.43,0.0,0.0,0.0,0,0.669
ITM12546,Electronics,469,8.29,4,86,65.0,31.6498,229.8,239.2,23922.392,88181.07999999999,1,0.736
ITM12547,Groceries,283,39.87,8,48,324.0,5.304149387036531,454.74,0.0,0.0,0.0,1,0.567
ITM12548,Apparel,90,30.42,3,98,104.0,13.02095175352017,162.27,0.0,0.0,0.0,1,0.554
ITM12549,Groceries,383,5.92,5,55,62.0,32.29575340582721,120.2,262.8,13076.928,71941.50000000001,1,0.616
ITM12550,Pharma,390,47.39,3,97,164.0,22.25243614770077,259.4,130.60000000000002,23613.786000000004,39565.270000000004,1,0.554
ITM12551,Automotive,122,4.82,5,56,55.0,30.566937449023257,200.81,0.0,0.0,0.0,1,0.516
ITM12552,Apparel,144,31.64,9,53,333.0,48.066900000000004,582.0,0.0,0.0,0.0,1,0.615
ITM12553,Apparel,332,21.77,5,18,124.0,15.375427020086303,263.58000000000004,68.41999999999996,2156.5983999999985,7491.989999999994,1,0.829
ITM12554,Pharma,483,28.27,4,96,124.0,11.3176,394.36,88.63999999999999,3127.2191999999995,18118.016,1,0.644
ITM12555,Electronics,305,11.45,3,59,37.0,2.2508866269761345,81.95,223.05,9662.526,27680.505,1,0.519
ITM12556,Automotive,477,34.72,3,86,110.0,5.49900150641005,198.81,278.19,45033.3972,78185.2995,1,0.594
ITM12557,Apparel,249,48.03,6,69,312.0,23.531758060969434,342.45,0.0,0.0,0.0,1,0.404
ITM12558,Automotive,165,23.46,8,24,197.0,9.305525240414966,354.90999999999997,0.0,0.0,0.0,1,0.668
ITM12559,Apparel,389,26.62,6,45,190.0,30.180285595318672,226.11,162.89,22884.4161,98100.50249999999,1,0.483
ITM12560,Automotive,216,12.75,2,72,27.0,1.9774241135881803,267.75,0.0,0.0,0.0,1,0.519
ITM12561,Groceries,392,44.7,5,78,234.0,10.924645514271848,255.53,136.47,16208.5419,64755.015,1,0.433
ITM12562,Apparel,240,48.59,4,95,218.0,23.3919,365.86,0.0,0.0,0.0,1,0.673
ITM12563,Automotive,442,39.53,6,89,249.0,11.806173136753502,380.98,61.01999999999998,1244.8079999999995,8686.196999999998,1,0.644
ITM12564,Electronics,79,27.6,3,50,104.0,21.141238952104956,172.65,0.0,0.0,0.0,1,0.747
ITM12565,Groceries,117,47.88,2,83,119.0,23.170757848633265,299.19,0.0,0.0,0.0,1,0.54
ITM12566,Groceries,190,8.54,4,33,61.0,26.5503,182.97,7.030000000000001,1302.6590000000003,3900.244000000001,1,0.545
ITM12567,Electronics,401,24.45,7,91,187.0,16.320978400129693,254.41,146.59,16708.3282,98984.8975,1,0.554
ITM12568,Automotive,192,27.34,3,58,108.0,25.813965620764275,357.7,0.0,0.0,0.0,1,0.507
ITM12569,Pharma,170,25.1,3,27,78.0,2.8207313426662948,279.6,0.0,0.0,0.0,1,0.634
ITM12570,Electronics,472,40.32,9,16,399.0,36.46965,412.52,59.48000000000002,8030.989600000003,21493.098000000005,1,0.528
ITM12571,Automotive,369,33.85,7,13,240.0,3.133627852824901,395.53999999999996,0.0,0.0,0.0,1,0.528
ITM12572,Electronics,409,7.21,5,99,44.0,7.945196737652254,132.68,276.32,55241.8944,72616.89600000001,1,0.525
ITM12573,Electronics,459,17.98,5,78,126.0,36.341918411113085,401.38,57.620000000000005,5014.0924,35963.523,1,0.346
ITM12574,Apparel,141,17.61,6,69,121.0,15.835583763631828,341.41999999999996,0.0,0.0,0.0,1,0.731
ITM12575,Automotive,127,28.72,6,64,206.0,33.403814096821336,393.37,0.0,0.0,0.0,1,0.586
ITM12576,Pharma,23,15.28,3,25,57.0,11.596339964294769,92.83,0.0,0.0,0.0,1,0.704
ITM12577,Apparel,112,6.75,8,99,93.0,39.455427019359455,372.89,0.0,0.0,0.0,0,0.79
ITM12578,Electronics,426,33.03,3,91,127.0,27.551992003619265,178.82,247.18,30116.411200000002,104656.01199999999,1,0.566
ITM12579,Electronics,25,42.7,6,38,275.0,18.69646530871544,415.72,0.0,0.0,0.0,1,0.799
ITM12580,Electronics,307,46.65,7,32,352.0,25.286635867934272,559.5,0.0,0.0,0.0,1,0.69
ITM12581,Automotive,125,48.66,6,23,318.0,26.07028675590278,471.48,0.0,0.0,0.0,1,0.63
ITM12582,Automotive,165,39.27,3,88,145.0,26.725717165868534,410.92,0.0,0.0,0.0,1,0.508
ITM12583,Apparel,290,7.85,4,58,41.0,9.6726,293.25,0.0,0.0,0.0,0,0.685
ITM12584,Pharma,443,42.8,3,42,146.0,17.978600780024564,195.26,247.74,32951.8974,11755.263,1,0.583
ITM12585,Apparel,397,20.6,4,34,94.0,11.7782,283.11,113.88999999999999,6878.955999999999,36581.46799999999,1,0.447
ITM12586,Groceries,115,36.77,4,30,156.0,8.4224,181.14,0.0,0.0,0.0,1,0.494
ITM12587,Electronics,476,27.03,3,26,85.0,3.732482887770552,303.97,172.02999999999997,24533.1983,57767.67399999999,0,0.727
ITM12588,Electronics,248,41.6,8,32,363.0,29.777680769327894,586.45,0.0,0.0,0.0,1,0.619
ITM12589,Electronics,221,21.85,8,66,216.0,41.31653206744245,325.9,0.0,0.0,0.0,1,0.682
ITM12590,Apparel,231,4.03,2,90,17.0,8.933304230798367,255.11,0.0,0.0,0.0,1,0.651
ITM12591,Apparel,25,28.28,6,67,193.0,23.169111104550385,392.28,0.0,0.0,0.0,1,0.455
ITM12592,Electronics,131,9.39,8,23,106.0,30.708233293369386,262.16999999999996,0.0,0.0,0.0,1,0.754
ITM12593,Apparel,395,48.31,5,29,258.0,16.331793294062965,400.03,0.0,0.0,0.0,1,0.607
ITM12594,Automotive,398,26.82,3,39,106.0,25.870950092333292,147.65,250.35,39314.964,10965.33,1,0.625
ITM12595,Automotive,466,28.12,4,28,125.0,12.995500000000002,289.02,176.98000000000002,4612.098800000001,65243.67700000001,1,0.567
ITM12596,Apparel,342,45.46,3,62,141.0,4.815187847581857,196.27,145.73,23324.0865,95744.60999999999,1,0.628
ITM12597,Electronics,125,31.6,6,65,197.0,7.534997872262473,397.25,0.0,0.0,0.0,1,0.533
ITM12598,Apparel,158,15.83,7,86,150.0,38.99625772404322,332.47,0.0,0.0,0.0,1,0.69
ITM12599,Apparel,318,15.51,8,91,170.0,46.015822313852006,264.25,53.75,5806.075,8043.687499999999,1,0.63
ITM12600,Apparel,420,25.58,8,32,220.0,15.074950889472246,301.63,118.37,11600.26,20738.424,1,0.51
ITM12601,Groceries,115,43.46,8,71,356.0,8.654138473585919,504.06,0.0,0.0,0.0,1,0.609
ITM12602,Automotive,407,39.94,4,42,176.0,16.7132,334.62,72.38,8830.359999999999,39892.236999999994,1,0.531
ITM12603,Pharma,466,48.17,5,27,267.0,26.631122398427,508.4,0.0,0.0,0.0,1,0.667
ITM12604,Pharma,471,4.52,9,82,72.0,31.1892,170.15,300.85,54462.8755,91142.5075,0,0.874
ITM12605,Groceries,356,14.15,5,42,106.0,35.09128559129745,232.99,123.00999999999999,8527.053199999998,68245.948,1,0.369
ITM12606,Apparel,316,4.93,8,41,78.0,38.47834686911588,187.56,128.44,7965.848800000001,67976.87,1,0.625
ITM12607,Groceries,486,37.8,5,70,221.0,32.22218676936747,345.29,140.70999999999998,14623.9903,61630.97999999999,1,0.604
ITM12608,Groceries,408,7.9,7,63,80.0,24.590274122862073,254.46,153.54,28174.59,66690.09899999999,1,0.402
ITM12609,Electronics,435,5.89,8,26,64.0,16.79647305894901,235.67,199.33,28827.104600000002,19643.971500000003,1,0.737
ITM12610,Automotive,233,28.52,2,28,74.0,16.680153993443827,188.79000000000002,44.20999999999998,6132.811199999997,6938.7594999999965,1,0.779
ITM12611,Pharma,473,21.16,4,79,100.0,15.3643,284.71000000000004,188.28999999999996,27857.505499999992,76972.95199999999,1,0.487
ITM12612,Apparel,310,36.04,7,43,266.0,14.057802728645042,454.65,0.0,0.0,0.0,1,0.522
ITM12613,Pharma,41,24.86,9,93,233.0,9.623249999999999,395.8,0.0,0.0,0.0,1,0.789
ITM12614,Pharma,212,21.84,4,34,105.0,18.1279,246.18,0.0,0.0,0.0,1,0.363
ITM12615,Automotive,487,21.85,9,77,227.0,30.350250000000003,259.6,227.39999999999998,9932.831999999999,111221.34,1,0.458
ITM12616,Pharma,169,43.72,8,83,377.0,27.451299459224153,543.97,0.0,0.0,0.0,1,0.66
ITM12617,Pharma,387,20.37,7,83,150.0,7.007140059789015,366.68,20.319999999999993,3488.5375999999987,2150.871999999999,1,0.678
ITM12618,Groceries,266,17.34,8,97,166.0,27.497827085426223,238.44,27.560000000000002,4016.8700000000003,12272.468,1,0.738
ITM12619,Automotive,286,17.59,9,94,169.0,10.363500000000002,404.57,0.0,0.0,0.0,0,0.622
ITM12620,Electronics,480,10.63,9,20,129.0,33.60735,309.06,170.94,2341.8779999999997,36811.929,1,0.619
ITM12621,Apparel,270,43.17,7,25,322.0,19.933354952691733,400.88,0.0,0.0,0.0,1,0.612
ITM12622,Pharma,22,8.18,8,99,105.0,39.82764802897606,162.26,0.0,0.0,0.0,1,0.7
ITM12623,Apparel,412,45.52,2,70,109.0,18.35514853671852,190.17000000000002,221.82999999999998,12438.0081,29148.461999999996,1,0.606
ITM12624,Electronics,335,14.89,4,89,84.0,24.2802,314.13,20.870000000000005,3104.6212000000005,7769.901000000002,0,0.77
ITM12625,Apparel,95,45.07,7,16,347.0,31.162188091980962,429.65,0.0,0.0,0.0,1,0.598
ITM12626,Electronics,106,39.75,2,25,93.0,13.539539224803775,301.13,0.0,0.0,0.0,1,0.579
ITM12627,Groceries,289,29.52,3,25,92.0,3.0771614647268675,260.28999999999996,28.710000000000036,3713.925600000005,17919.34650000002,1,0.62
ITM12628,Pharma,244,33.8,8,49,302.0,31.31309243399636,470.59000000000003,0.0,0.0,0.0,1,0.553
ITM12629,Electronics,37,16.97,6,21,122.0,19.90528849677894,379.25,0.0,0.0,0.0,1,0.623
ITM12630,Apparel,132,29.14,7,44,226.0,21.58721409723821,489.67,0.0,0.0,0.0,1,0.587
ITM12631,Pharma,270,15.33,5,30,92.0,15.081160474247332,257.7,12.300000000000011,1260.996000000001,4354.815000000003,1,0.493
ITM12632,Groceries,252,20.71,2,59,63.0,21.70513762326791,91.93,160.07,30411.6993,41482.1405,0,0.697
ITM12633,Pharma,348,38.47,2,52,84.0,6.676714359997739,140.74,207.26,22624.5016,108179.357,1,0.557
ITM12634,Electronics,298,12.95,7,26,106.0,15.276435782521395,391.11,0.0,0.0,0.0,1,0.67
ITM12635,Groceries,221,42.1,9,41,427.0,47.622749999999996,476.06,0.0,0.0,0.0,1,0.578
ITM12636,Apparel,102,19.42,2,50,58.0,19.07632674285068,310.25,0.0,0.0,0.0,1,0.64
ITM12637,Groceries,144,27.08,3,15,83.0,1.795010854424006,249.72,0.0,0.0,0.0,1,0.551
ITM12638,Groceries,194,47.16,2,97,116.0,21.193333735045083,159.06,34.94,1523.7333999999998,13390.755,1,0.494
ITM12639,Automotive,88,34.38,6,36,217.0,10.67793816122757,493.66,0.0,0.0,0.0,1,0.567
ITM12640,Groceries,66,32.63,6,29,225.0,29.05205061979274,504.15,0.0,0.0,0.0,1,0.621
ITM12641,Groceries,391,35.87,9,34,351.0,28.37625,539.45,0.0,0.0,0.0,1,0.48
ITM12642,Pharma,275,45.99,8,75,394.0,26.055470673161903,516.77,0.0,0.0,0.0,1,0.507
ITM12643,Apparel,234,13.18,8,18,139.0,34.05822237991878,325.16999999999996,0.0,0.0,0.0,1,0.406
ITM12644,Pharma,49,31.05,9,62,292.0,12.18945,484.05,0.0,0.0,0.0,1,0.718
ITM12645,Pharma,300,20.62,5,70,110.0,7.39344696420418,300.41999999999996,0.0,0.0,0.0,1,0.442
ITM12646,Electronics,431,1.58,3,47,24.0,19.061305739835873,246.69,184.31,16364.884900000001,127818.98499999999,1,0.319
ITM12647,Pharma,256,7.14,6,12,56.0,13.135878643623347,85.47,170.53,12001.901399999999,120129.8585,1,0.525
ITM12648,Automotive,267,16.92,9,93,200.0,48.11625,239.73,27.27000000000001,4567.997700000002,6967.485000000002,1,0.563
ITM12649,Automotive,387,28.68,7,79,222.0,20.847329743098996,314.01,72.99000000000001,772.2342000000001,20513.839500000002,1,0.538
ITM12650,Electronics,44,44.19,4,64,182.0,5.1324000000000005,293.40999999999997,0.0,0.0,0.0,1,0.525
ITM12651,Apparel,93,39.76,4,10,182.0,23.0958,377.03,0.0,0.0,0.0,1,0.465
ITM12652,Apparel,225,28.11,4,79,124.0,11.218900000000001,183.84,41.16,5578.0032,24037.44,1,0.487
ITM12653,Pharma,333,4.62,8,54,46.0,8.886776604596292,212.9,120.1,13080.090999999999,86357.905,1,0.42
ITM12654,Pharma,113,15.01,7,56,125.0,19.672219298289658,188.75,0.0,0.0,0.0,1,0.64
ITM12655,Pharma,394,18.97,2,88,60.0,22.472843455602145,173.09,220.91,36227.0309,120948.225,1,0.611
ITM12656,Apparel,146,31.46,7,35,239.0,19.19347059855252,520.29,0.0,0.0,0.0,1,0.562
ITM12657,Groceries,444,4.18,2,23,17.0,8.840248978394216,286.75,157.25,2607.205,29846.05,1,0.629
ITM12658,Automotive,44,26.98,4,63,123.0,15.528799999999999,409.4,0.0,0.0,0.0,1,0.695
ITM12659,Groceries,353,45.17,5,80,228.0,2.280565730252036,409.51,0.0,0.0,0.0,1,0.466
ITM12660,Groceries,374,35.57,5,55,184.0,6.473864008457391,339.38,34.620000000000005,4126.704000000001,19080.813000000002,1,0.692
ITM12661,Apparel,135,40.06,9,40,403.0,42.29295,659.19,0.0,0.0,0.0,1,0.68
ITM12662,Groceries,67,34.4,2,97,92.0,22.775273025915627,125.1,0.0,0.0,0.0,1,0.399
ITM12663,Electronics,245,11.12,4,68,51.0,6.58,344.75,0.0,0.0,0.0,1,0.655
ITM12664,Pharma,285,6.41,7,38,69.0,24.329138468459995,213.09,71.91,7184.5280999999995,13386.046499999999,1,0.647
ITM12665,Electronics,118,41.65,5,26,244.0,35.60625204651566,449.98,0.0,0.0,0.0,1,0.57
ITM12666,Automotive,478,35.08,2,23,75.0,4.629498807106446,296.26,181.74,19675.172400000003,52404.729,1,0.69
ITM12667,Pharma,30,29.18,9,45,274.0,11.20245,466.36,0.0,0.0,0.0,1,0.685
ITM12668,Groceries,104,10.27,7,67,112.0,40.476026432321646,380.54,0.0,0.0,0.0,1,0.515
ITM12669,Automotive,424,30.56,4,33,146.0,23.688000000000002,239.57,184.43,8336.236,15482.898500000001,1,0.696
ITM12670,Pharma,233,2.53,3,72,13.0,5.527493742194558,177.37,55.629999999999995,8319.4665,31878.7715,1,0.541
ITM12671,Groceries,192,6.82,4,34,41.0,13.9496,175.79,16.210000000000008,1985.0766000000008,8638.309000000003,1,0.691
ITM12672,Electronics,410,16.28,8,68,135.0,4.792345498813708,349.2,60.80000000000001,7288.704000000001,25520.8,1,0.477
ITM12673,Pharma,228,22.74,4,41,106.0,15.166900000000002,230.57999999999998,0.0,0.0,0.0,1,0.705
ITM12674,Groceries,467,6.91,9,91,101.0,38.937149999999995,369.93,97.07,11371.7505,28698.7455,1,0.56
ITM12675,Electronics,401,6.88,7,27,73.0,25.06902282259921,225.22,175.78,17038.3554,42345.402,1,0.615
ITM12676,Automotive,83,36.57,9,46,362.0,32.817750000000004,527.44,0.0,0.0,0.0,1,0.637
ITM12677,Automotive,277,28.92,7,35,218.0,15.668139264124507,371.08000000000004,0.0,0.0,0.0,1,0.752
ITM12678,Automotive,351,27.15,6,18,171.0,8.179703572563005,361.56,0.0,0.0,0.0,1,0.668
ITM12679,Automotive,140,23.17,6,73,142.0,2.4982345886645634,300.02,0.0,0.0,0.0,1,0.494
ITM12680,Apparel,317,48.85,7,81,378.0,36.12376552562039,659.85,0.0,0.0,0.0,1,0.696
ITM12681,Pharma,485,3.44,7,29,53.0,28.507308938893196,101.03,383.97,6750.192599999999,70074.52500000001,1,0.703
ITM12682,Pharma,73,9.85,3,63,37.0,7.635919190248154,50.89,22.11,3726.4193999999998,1210.5225,0,0.775
ITM12683,Apparel,350,32.73,3,95,111.0,12.7645216314596,272.32,77.68,6346.456000000001,55005.208000000006,1,0.485
ITM12684,Groceries,291,7.68,4,92,57.0,26.6819,288.74,2.259999999999991,53.81059999999978,816.6509999999968,0,0.587
ITM12685,Groceries,260,29.88,9,39,297.0,27.734699999999997,494.98,0.0,0.0,0.0,1,0.691
ITM12686,Automotive,262,28.82,8,62,246.0,15.586754777695068,535.19,0.0,0.0,0.0,1,0.62
ITM12687,Electronics,37,48.58,9,72,452.0,15.0024,514.86,0.0,0.0,0.0,1,0.597
ITM12688,Groceries,206,44.29,5,20,231.0,9.453312785076985,442.25,0.0,0.0,0.0,1,0.629
ITM12689,Electronics,365,47.33,9,40,467.0,41.10855,713.6,0.0,0.0,0.0,1,0.655
ITM12690,Pharma,163,6.57,8,58,81.0,28.056158599851123,355.5,0.0,0.0,0.0,1,0.49
ITM12691,Electronics,281,43.54,3,96,151.0,20.628378707983813,314.28,0.0,0.0,0.0,1,0.7
ITM12692,Pharma,460,7.33,4,28,58.0,28.5243,173.3,286.7,33099.515,137085.605,1,0.552
ITM12693,Apparel,383,32.01,8,21,302.0,45.969294687649935,589.05,0.0,0.0,0.0,1,0.622
ITM12694,Apparel,450,36.28,9,24,341.0,14.163450000000001,580.53,0.0,0.0,0.0,0,0.779
ITM12695,Automotive,258,8.88,2,40,23.0,5.1645665084303065,169.54,88.46000000000001,17033.857600000003,42942.90700000001,1,0.577
ITM12696,Groceries,323,32.0,6,52,212.0,19.70381796543502,410.84000000000003,0.0,0.0,0.0,0,0.567
ITM12697,Automotive,317,3.57,8,46,32.0,3.8617929747722104,122.79,194.20999999999998,35926.9079,129013.703,1,0.485
ITM12698,Pharma,95,15.37,5,88,106.0,29.500221220356977,294.3,0.0,0.0,0.0,1,0.769
ITM12699,Automotive,207,46.14,4,38,214.0,29.281000000000002,380.61,0.0,0.0,0.0,1,0.371
ITM12700,Electronics,352,9.41,8,35,108.0,32.66239359385653,129.38,222.62,37763.0306,134885.45799999998,1,0.56
ITM12701,Pharma,407,4.2,7,11,43.0,13.274395765438816,304.07,102.93,18699.2931,18033.336000000003,1,0.589
ITM12702,Apparel,265,22.74,9,93,213.0,8.24145,365.15999999999997,0.0,0.0,0.0,1,0.579
ITM12703,Groceries,149,42.68,2,24,95.0,9.607954810728453,244.12,0.0,0.0,0.0,1,0.563
ITM12704,Pharma,493,4.76,6,13,62.0,33.92763747831552,154.19,338.81,50428.4804,116245.711,1,0.653
ITM12705,Pharma,334,18.42,2,95,46.0,8.840248978394216,112.95,221.05,3227.33,71001.26,0,0.684
ITM12706,Electronics,430,45.09,4,59,183.0,2.7306999999999997,277.5,152.5,10650.6,99635.87500000001,1,0.544
ITM12707,Groceries,302,6.79,9,47,76.0,15.34785,274.49,27.50999999999999,949.0949999999997,12651.848999999997,1,0.571
ITM12708,Apparel,98,16.22,3,32,77.0,28.207313426662953,115.32,0.0,0.0,0.0,1,0.73
ITM12709,Pharma,91,39.14,6,68,263.0,27.923815644266806,369.53,0.0,0.0,0.0,1,0.603
ITM12710,Pharma,282,27.62,9,99,293.0,44.7111,586.8299999999999,0.0,0.0,0.0,1,0.628
ITM12711,Electronics,210,41.78,2,84,102.0,18.28535709741541,190.74,19.25999999999999,1082.0267999999994,9420.065999999995,1,0.427
ITM12712,Automotive,386,6.47,3,37,35.0,16.04112874667802,325.33,60.670000000000016,11638.326100000004,42296.09050000001,1,0.441
ITM12713,Apparel,394,46.11,5,75,238.0,7.025613781905465,278.4,115.60000000000002,8007.612000000001,42615.94000000001,1,0.708
ITM12714,Groceries,449,46.81,4,17,200.0,12.5349,440.26,8.740000000000009,352.6590000000004,4753.249000000004,1,0.719
ITM12715,Pharma,82,8.61,4,38,54.0,19.9045,191.52,0.0,0.0,0.0,1,0.565
ITM12716,Pharma,399,2.66,6,20,51.0,35.33793119772293,117.5,281.5,47128.729999999996,50346.275,0,0.697
ITM12717,Apparel,31,49.5,2,27,106.0,7.095462995816411,344.35,0.0,0.0,0.0,1,0.673
ITM12718,Automotive,160,24.63,5,64,129.0,6.069247507928804,141.02,18.97999999999999,1194.0317999999993,6373.483999999997,1,0.534
ITM12719,Pharma,273,29.03,7,59,228.0,25.286635867934272,338.67,0.0,0.0,0.0,1,0.48
ITM12720,Apparel,62,31.18,6,23,196.0,8.784115166594756,381.40999999999997,0.0,0.0,0.0,1,0.684
ITM12721,Electronics,36,39.69,9,83,388.0,31.0905,464.98,0.0,0.0,0.0,1,0.334
ITM12722,Automotive,82,40.79,7,18,299.0,13.056782720103756,405.43,0.0,0.0,0.0,1,0.746
ITM12723,Groceries,272,10.5,6,20,74.0,10.839114586302701,110.52000000000001,161.48,26841.205599999998,48330.96399999999,1,0.474
ITM12724,Pharma,484,12.6,2,72,35.0,9.980175820345051,292.43,191.57,26072.677,75516.894,1,0.719
ITM12725,Apparel,395,43.96,5,85,242.0,22.584957393141124,374.43,20.569999999999993,1851.9170999999994,14490.536499999995,1,0.447
ITM12726,Electronics,311,41.16,2,76,96.0,13.213845841389253,148.14,162.86,10569.614000000001,63010.53400000001,0,0.755
ITM12727,Groceries,488,31.26,4,62,134.0,9.2778,201.74,286.26,25130.7654,164041.293,1,0.605
ITM12728,Apparel,27,49.74,7,48,387.0,39.03978033311023,476.8,0.0,0.0,0.0,1,0.501
ITM12729,Apparel,344,37.02,3,87,115.0,4.387804310814237,191.55,152.45,20815.522999999997,65660.215,1,0.481
ITM12730,Groceries,109,11.58,8,65,97.0,4.04790347958051,252.96,0.0,0.0,0.0,1,0.722
ITM12731,Electronics,227,42.49,9,37,413.0,30.74505,685.51,0.0,0.0,0.0,1,0.591
ITM12732,Electronics,311,21.32,4,84,91.0,5.4943,154.34,156.66,29943.992399999996,32021.304,0,0.638
ITM12733,Automotive,303,2.77,4,48,29.0,17.437,170.5,132.5,24239.55,8221.625,1,0.892
ITM12734,Pharma,137,16.75,7,34,159.0,41.52056904992994,361.53999999999996,0.0,0.0,0.0,1,0.724
ITM12735,Groceries,368,38.41,9,30,381.0,35.2359,444.3,0.0,0.0,0.0,1,0.573
ITM12736,Groceries,194,48.05,6,19,314.0,25.667345693214948,368.65999999999997,0.0,0.0,0.0,1,0.699
ITM12737,Groceries,95,14.53,4,52,78.0,19.6084,133.06,0.0,0.0,0.0,1,0.651
ITM12738,Electronics,120,13.08,8,24,115.0,10.282605390658537,380.78,0.0,0.0,0.0,1,0.475
ITM12739,Pharma,433,28.62,5,92,160.0,16.957109703970783,376.27,56.73000000000002,2726.443800000001,8696.709000000003,1,0.703
ITM12740,Automotive,170,40.77,4,57,175.0,12.3375,282.55,0.0,0.0,0.0,1,0.577
ITM12741,Apparel,419,37.58,5,95,223.0,35.12806890952733,494.74,0.0,0.0,0.0,1,0.581
ITM12742,Apparel,289,28.44,2,30,63.0,6.513867668290476,349.53,0.0,0.0,0.0,0,0.674
ITM12743,Groceries,477,31.94,9,69,312.0,24.5763,437.5,39.5,6121.315,10380.599999999999,1,0.73
ITM12744,Pharma,90,12.86,6,59,115.0,37.91675399892506,273.03,0.0,0.0,0.0,1,0.747
ITM12745,Electronics,199,22.2,5,32,140.0,29.426654583897236,253.84,0.0,0.0,0.0,0,0.576
ITM12746,Pharma,143,13.51,4,22,86.0,31.7814,161.99,0.0,0.0,0.0,0,0.753
ITM12747,Pharma,400,44.34,6,78,291.0,25.3046987367959,527.2,0.0,0.0,0.0,1,0.584
ITM12748,Electronics,312,6.52,8,13,69.0,17.07563881616146,267.23,44.76999999999998,7019.488299999996,20753.133499999993,1,0.544
ITM12749,Groceries,304,34.31,6,87,240.0,33.64557873443403,356.4,0.0,0.0,0.0,1,0.638
ITM12750,Pharma,214,13.75,5,81,81.0,12.028145061167995,95.17,118.83,4338.4833,45107.868,1,0.499
ITM12751,Apparel,418,24.3,9,18,229.0,10.21545,460.47,0.0,0.0,0.0,1,0.565
ITM12752,Electronics,247,15.67,5,44,105.0,26.520772443737382,253.44,0.0,0.0,0.0,1,0.772
ITM12753,Automotive,450,16.84,3,30,69.0,18.719398910421777,100.19,349.81,64288.0818,132787.87600000002,1,0.531
ITM12754,Groceries,449,13.76,3,67,66.0,25.215628669289604,112.11,336.89,29474.5061,119275.9045,1,0.659
ITM12755,Electronics,455,37.89,6,27,266.0,38.84351844310708,458.23,0.0,0.0,0.0,1,0.39
ITM12756,Automotive,294,18.92,7,81,170.0,37.60353423389882,338.44,0.0,0.0,0.0,0,0.683
ITM12757,Automotive,480,36.59,9,90,335.0,5.28045,414.74,65.25999999999999,4632.154799999999,31918.665999999997,1,0.566
ITM12758,Pharma,125,23.35,7,52,193.0,29.638896774635523,243.56,0.0,0.0,0.0,1,0.437
ITM12759,Pharma,40,27.82,3,15,106.0,22.651327448683883,372.57,0.0,0.0,0.0,1,0.533
ITM12760,Pharma,83,27.62,4,95,143.0,32.3407,192.11,0.0,0.0,0.0,1,0.541
ITM12761,Electronics,184,48.82,2,87,107.0,9.445108119021189,141.85,42.150000000000006,3114.8850000000007,14153.970000000003,1,0.609
ITM12762,Electronics,46,18.99,6,76,122.0,8.50205642271327,311.78,0.0,0.0,0.0,1,0.571
ITM12763,Groceries,330,11.18,2,21,42.0,20.006879266892177,125.24,204.76,6214.466,127800.95399999998,1,0.582
ITM12764,Pharma,304,45.68,3,21,147.0,10.029266996146827,347.40999999999997,0.0,0.0,0.0,1,0.449
ITM12765,Automotive,167,9.57,5,75,71.0,22.732090666060614,222.84,0.0,0.0,0.0,1,0.645
ITM12766,Apparel,300,41.89,8,11,355.0,19.54160300487143,426.26,0.0,0.0,0.0,1,0.63
ITM12767,Groceries,345,8.36,6,24,68.0,17.407053908114378,98.2,246.8,6372.376,168453.34,1,0.489
ITM12768,Electronics,338,33.28,3,32,121.0,21.255207895242993,151.49,186.51,31697.374499999998,80329.85699999999,1,0.417
ITM12769,Groceries,183,8.38,9,38,95.0,19.394550000000002,274.9,0.0,0.0,0.0,0,0.61
ITM12770,Groceries,405,46.23,4,90,208.0,23.2932,437.89,0.0,0.0,0.0,1,0.561
ITM12771,Groceries,425,28.69,8,16,232.0,2.977768076932789,442.0,0.0,0.0,0.0,1,0.545
ITM12772,Groceries,243,17.13,6,37,117.0,14.425290044224413,298.93,0.0,0.0,0.0,1,0.564
ITM12773,Apparel,291,7.88,6,23,62.0,14.223819512880496,133.17000000000002,157.82999999999998,11357.446799999998,33988.69049999999,1,0.441
ITM12774,Pharma,165,19.19,9,53,210.0,37.555350000000004,469.92,0.0,0.0,0.0,1,0.523
ITM12775,Automotive,472,35.55,7,39,264.0,15.18939056438737,456.37,15.629999999999995,2772.1367999999993,10097.761499999997,1,0.656
ITM12776,Groceries,457,19.86,5,90,123.0,23.982723485876242,334.32,122.68,21575.731600000003,66271.736,1,0.566
ITM12777,Groceries,375,13.06,6,41,107.0,28.367050813223425,181.91,193.09,16561.3293,70477.85,1,0.607
ITM12778,Groceries,49,29.29,5,79,171.0,24.865523123393164,256.83,0.0,0.0,0.0,1,0.451
ITM12779,Pharma,64,21.47,3,97,82.0,17.750662893748505,355.19,0.0,0.0,0.0,1,0.668
ITM12780,Electronics,294,9.12,4,15,51.0,14.5747,199.06,94.94,15957.515200000002,63415.173,1,0.431
ITM12781,Electronics,490,8.55,8,36,87.0,18.843688611840303,257.61,232.39,24440.456299999998,50893.409999999996,1,0.479
ITM12782,Apparel,53,35.67,8,91,313.0,27.265188954415855,355.12,0.0,0.0,0.0,1,0.671
ITM12783,Electronics,160,48.76,4,97,199.0,3.6519000000000004,323.43,0.0,0.0,0.0,1,0.602
ITM12784,Groceries,446,12.42,6,33,110.0,35.53940172906685,377.24,68.75999999999999,7042.399199999999,19826.945999999996,1,0.569
ITM12785,Groceries,337,38.88,6,43,267.0,33.60528462816525,538.04,0.0,0.0,0.0,1,0.515
ITM12786,Groceries,393,5.29,3,49,27.0,10.798557362328545,248.74,144.26,8427.6692,5792.039,1,0.675
ITM12787,Apparel,240,19.7,7,56,163.0,25.59129413140336,331.23,0.0,0.0,0.0,1,0.507
ITM12788,Groceries,375,25.83,7,88,222.0,40.737162086723714,501.94,0.0,0.0,0.0,0,0.641
ITM12789,Electronics,41,14.17,7,84,113.0,13.404963592639856,375.83,0.0,0.0,0.0,1,0.647
ITM12790,Pharma,199,26.95,5,95,163.0,27.771405263553017,418.44,0.0,0.0,0.0,1,0.516
ITM12791,Pharma,455,44.25,7,33,315.0,5.614416569644615,580.72,0.0,0.0,0.0,1,0.576
ITM12792,Automotive,386,47.28,4,74,207.0,17.996299999999998,348.44,37.56,5515.686,21386.664,1,0.538
ITM12793,Electronics,439,5.93,8,27,89.0,41.4095873198466,251.39,187.61,18852.9289,17119.412500000002,0,0.766
ITM12794,Groceries,348,14.32,8,53,141.0,26.706857439990955,273.96000000000004,74.03999999999996,1821.383999999999,51616.985999999975,1,0.596
ITM12795,Pharma,250,48.98,5,85,268.0,23.357407075968432,492.62,0.0,0.0,0.0,1,0.61
ITM12796,Electronics,422,14.25,3,66,69.0,25.98491903547132,250.66,171.34,12608.910600000001,113195.77100000001,1,0.591
ITM12797,Pharma,57,34.94,4,37,164.0,24.017,194.21,0.0,0.0,0.0,1,0.562
ITM12798,Groceries,89,13.42,8,80,140.0,33.0811422296752,189.61,0.0,0.0,0.0,1,0.514
ITM12799,Pharma,135,18.46,4,32,94.0,19.9703,159.76999999999998,0.0,0.0,0.0,1,0.55
ITM12800,Automotive,258,10.37,8,94,113.0,30.289484657550712,317.46000000000004,0.0,0.0,0.0,1,0.603
ITM12801,Automotive,354,42.96,2,43,105.0,18.93674386424446,146.84,207.16,5568.4608,75613.4,1,0.665
ITM12802,Pharma,460,44.25,3,20,161.0,27.922391068817873,327.84000000000003,132.15999999999997,16445.990399999995,84417.19999999998,1,0.536
ITM12803,Electronics,167,15.55,3,95,70.0,22.964742042313475,323.84000000000003,0.0,0.0,0.0,1,0.707
ITM12804,Electronics,28,41.36,9,44,408.0,35.6307,692.78,0.0,0.0,0.0,1,0.505
ITM12805,Electronics,307,18.55,2,51,41.0,4.164222545085697,175.19,131.81,16468.3414,84674.744,1,0.4
ITM12806,Pharma,407,5.85,5,37,60.0,30.383020857873895,224.69,182.31,17202.7716,56561.677500000005,1,0.51
ITM12807,Electronics,69,38.15,8,91,340.0,34.84919202535405,591.14,0.0,0.0,0.0,1,0.645
ITM12808,Groceries,357,30.23,9,87,311.0,38.5917,592.37,0.0,0.0,0.0,1,0.396
ITM12809,Automotive,24,14.44,8,91,128.0,12.562459074560206,251.06,0.0,0.0,0.0,1,0.616
ITM12810,Groceries,423,13.4,8,33,149.0,42.24708459148395,261.39,161.61,28882.9392,44830.614,1,0.626
ITM12811,Electronics,362,48.81,7,17,348.0,6.180210487515778,488.74,0.0,0.0,0.0,1,0.783
ITM12812,Groceries,145,43.26,7,62,315.0,12.665079238500642,398.6,0.0,0.0,0.0,1,0.65
ITM12813,Electronics,94,40.68,7,81,314.0,29.59537416556851,573.3,0.0,0.0,0.0,1,0.755
ITM12814,Pharma,184,7.27,7,13,81.0,30.03060025623864,183.28,0.7199999999999989,108.40319999999983,194.4719999999997,1,0.736
ITM12815,Groceries,297,38.0,7,14,281.0,15.145867955320355,421.34000000000003,0.0,0.0,0.0,1,0.621
ITM12816,Pharma,461,11.51,2,58,40.0,16.65689018034279,142.79000000000002,318.21,9578.121,109177.851,1,0.68
ITM12817,Pharma,343,48.89,3,39,159.0,11.938246793708865,203.49,139.51,5157.6847,13748.710500000001,1,0.867
ITM12818,Apparel,496,3.55,5,81,20.0,1.8391659114935772,205.93,290.07,22581.9495,189517.2345,1,0.434
ITM12819,Electronics,319,18.25,4,72,80.0,6.7116,260.40999999999997,58.59000000000003,1341.1251000000007,22882.324500000013,1,0.546
ITM12820,Automotive,309,22.0,7,56,193.0,38.64807685150712,288.52,20.480000000000018,1135.6160000000011,11063.29600000001,1,0.649
ITM12821,Electronics,96,41.39,2,35,89.0,6.0951190324718025,108.11,0.0,0.0,0.0,1,0.583
ITM12822,Automotive,317,38.54,9,66,355.0,7.74795,636.6600000000001,0.0,0.0,0.0,1,0.442
ITM12823,Electronics,156,19.37,9,46,209.0,34.4463,322.11,0.0,0.0,0.0,1,0.684
ITM12824,Pharma,125,28.71,8,16,252.0,21.821456688773097,418.24,0.0,0.0,0.0,1,0.45
ITM12825,Groceries,114,41.94,5,49,239.0,29.684137811506336,290.69,0.0,0.0,0.0,1,0.548
ITM12826,Groceries,154,1.89,9,48,60.0,42.8358,142.84,11.159999999999997,495.2807999999999,1547.8919999999994,1,0.7
ITM12827,Apparel,87,40.31,5,71,233.0,31.412953768310295,369.22,0.0,0.0,0.0,1,0.769
ITM12828,Automotive,166,47.4,5,87,250.0,12.763811425765427,423.05,0.0,0.0,0.0,1,0.606
ITM12829,Automotive,497,2.57,2,62,17.0,12.32982094354983,274.66,222.33999999999997,29875.8258,25157.770999999997,1,0.692
ITM12830,Automotive,178,3.23,4,13,35.0,21.9772,129.22,48.78,4722.3918,20297.357999999997,1,0.559
ITM12831,Pharma,403,17.88,7,91,141.0,15.494048827856457,403.82,0.0,0.0,0.0,1,0.709
ITM12832,Automotive,182,5.3,5,34,30.0,3.2737153224585676,172.95,9.050000000000011,871.8770000000011,1618.5925000000018,0,0.751
ITM12833,Groceries,460,24.48,2,16,61.0,12.120446625640492,196.48,263.52,41765.2848,117345.45599999999,1,0.641
ITM12834,Pharma,360,36.71,8,37,297.0,2.8847128245286395,421.96,0.0,0.0,0.0,1,0.776
ITM12835,Electronics,208,28.78,3,78,113.0,27.153100702636152,379.99,0.0,0.0,0.0,1,0.689
ITM12836,Automotive,434,10.63,8,76,123.0,37.54779434507439,205.79000000000002,228.20999999999998,31175.7681,64971.386999999995,0,0.805
ITM12837,Automotive,358,33.09,2,29,72.0,5.39720463944068,330.64,27.360000000000014,1528.6032000000007,16877.016000000007,1,0.415
ITM12838,Electronics,114,34.56,2,92,77.0,7.514211631635085,112.84,1.1599999999999966,127.25199999999963,110.08399999999969,1,0.731
ITM12839,Automotive,200,46.69,2,20,116.0,22.89159209142082,403.05,0.0,0.0,0.0,1,0.603
ITM12840,Electronics,307,8.19,5,76,56.0,14.897243883097973,211.87,95.13,7812.0756,20486.245499999997,0,0.65
ITM12841,Pharma,341,34.92,2,96,88.0,18.494731415324743,387.68,0.0,0.0,0.0,1,0.579
ITM12842,Groceries,206,45.66,3,16,150.0,13.505319761856807,336.3,0.0,0.0,0.0,1,0.822
ITM12843,Electronics,391,25.58,5,32,160.0,32.03827017821811,204.1,186.9,14550.164999999999,106420.86,1,0.595
ITM12844,Apparel,157,18.73,8,70,183.0,33.453363239291804,210.66,0.0,0.0,0.0,1,0.715
ITM12845,Electronics,149,9.37,3,80,30.0,2.051440976484578,96.09,52.91,9787.8209,33989.384,1,0.64
ITM12846,Automotive,213,43.47,9,43,408.0,16.2855,540.13,0.0,0.0,0.0,1,0.469
ITM12847,Pharma,335,20.32,6,28,145.0,23.3705816358943,371.68,0.0,0.0,0.0,0,0.765
ITM12848,Pharma,491,46.32,8,67,414.0,43.27069236792959,424.21,66.79000000000002,13351.321000000005,39492.92700000001,1,0.578
ITM12849,Electronics,292,42.54,2,18,88.0,3.4197805258524996,172.63,119.37,7611.0312,50976.9585,1,0.568
ITM12850,Groceries,371,19.46,7,57,163.0,27.027540230614775,343.4,27.600000000000023,1257.180000000001,17125.800000000014,1,0.607
ITM12851,Apparel,163,29.12,7,91,219.0,14.66711925558322,315.39,0.0,0.0,0.0,1,0.766
ITM12852,Pharma,35,2.33,5,50,45.0,32.92106981573503,158.51,0.0,0.0,0.0,1,0.516
ITM12853,Automotive,321,13.9,7,57,131.0,33.81706724506872,228.22,92.78,7183.0276,55538.108,1,0.505
ITM12854,Automotive,442,35.8,8,54,305.0,18.657578107032005,591.4200000000001,0.0,0.0,0.0,0,0.654
ITM12855,Groceries,264,34.22,5,34,179.0,7.687713510043151,208.09,55.91,2512.0362999999998,34284.011999999995,0,0.552
ITM12856,Pharma,434,18.32,8,87,149.0,2.8381851983265647,422.18,11.819999999999993,1264.267199999999,5392.874999999997,1,0.599
ITM12857,Electronics,126,40.62,2,34,96.0,14.888840384663947,199.74,0.0,0.0,0.0,1,0.523
ITM12858,Automotive,107,12.56,4,28,65.0,14.344400000000002,146.5,0.0,0.0,0.0,1,0.627
ITM12859,Groceries,148,23.6,4,48,106.0,11.4821,372.15,0.0,0.0,0.0,1,0.478
ITM12860,Pharma,414,24.15,3,88,101.0,28.093344483524916,194.25,219.75,29890.395,12833.400000000001,1,0.783
ITM12861,Pharma,394,17.7,2,89,47.0,11.469059858811445,343.37,50.629999999999995,3443.8525999999997,36590.30099999999,1,0.509
ITM12862,Pharma,360,47.78,7,36,368.0,33.16422810906354,536.95,0.0,0.0,0.0,1,0.569
ITM12863,Pharma,23,35.14,2,83,75.0,5.094775069127194,223.15,0.0,0.0,0.0,1,0.478
ITM12864,Pharma,346,27.42,6,72,167.0,2.5385286949333468,460.18,0.0,0.0,0.0,1,0.827
ITM12865,Automotive,429,26.02,4,77,119.0,14.706299999999999,194.76,234.24,38942.4,57283.39200000001,1,0.575
ITM12866,Groceries,386,8.81,7,28,91.0,29.68241938370254,364.6,21.399999999999977,1967.301999999998,10076.18999999999,1,0.712
ITM12867,Pharma,325,19.24,8,37,179.0,24.706169513301734,360.53999999999996,0.0,0.0,0.0,1,0.644
ITM12868,Apparel,415,33.97,8,94,313.0,41.688753077059054,541.94,0.0,0.0,0.0,1,0.746
ITM12869,Apparel,114,46.3,4,87,200.0,15.1998,378.78999999999996,0.0,0.0,0.0,1,0.61
ITM12870,Groceries,228,41.01,2,42,90.0,8.026015519857909,279.40999999999997,0.0,0.0,0.0,1,0.727
ITM12871,Electronics,244,15.72,7,19,150.0,40.04080034165151,204.93,39.06999999999999,3394.4015999999992,16114.421499999997,1,0.667
ITM12872,Electronics,478,22.26,3,92,79.0,12.422614802045503,132.98,345.02,64435.93519999999,35261.044,0,0.778
ITM12873,Electronics,367,5.06,8,39,55.0,14.2374536178349,180.18,186.82,12750.465,89327.983,1,0.606
ITM12874,Apparel,499,6.01,2,31,15.0,3.3267252734483503,125.45,373.55,63589.4165,54538.3,1,0.82
ITM12875,Electronics,340,24.04,3,12,95.0,22.907757570744455,311.5,28.5,3969.48,11858.849999999999,1,0.577
ITM12876,Automotive,66,26.98,9,91,284.0,41.1579,503.6,0.0,0.0,0.0,1,0.709
ITM12877,Pharma,495,13.94,7,84,101.0,3.5688539434950264,274.5,220.5,14433.929999999998,69214.95,1,0.489
ITM12878,Apparel,200,32.5,4,57,143.0,12.863900000000001,269.58,0.0,0.0,0.0,1,0.715
ITM12879,Groceries,125,35.47,9,11,357.0,37.6047,563.27,0.0,0.0,0.0,1,0.433
ITM12880,Groceries,218,15.66,6,85,132.0,38.23910684907533,341.33000000000004,0.0,0.0,0.0,1,0.633
ITM12881,Pharma,405,38.16,9,63,364.0,20.18415,608.64,0.0,0.0,0.0,1,0.484
ITM12882,Apparel,125,11.07,5,15,88.0,32.29575340582721,333.4,0.0,0.0,0.0,1,0.448
ITM12883,Electronics,299,27.67,4,49,125.0,13.9496,155.17000000000002,143.82999999999998,28659.565799999997,77696.96599999999,1,0.618
ITM12884,Electronics,279,40.41,3,11,128.0,6.296784108376275,246.47,32.53,4910.403499999999,18522.582,1,0.596
ITM12885,Automotive,127,27.31,2,82,56.0,1.232982094354983,187.78,0.0,0.0,0.0,1,0.6
ITM12886,Automotive,38,45.49,9,11,427.0,17.9634,682.61,0.0,0.0,0.0,1,0.377
ITM12887,Electronics,429,3.87,8,83,50.0,19.07632674285068,205.52,223.48,21004.885199999997,103594.154,1,0.593
ITM12888,Groceries,478,29.83,7,64,250.0,41.25943339552787,401.75,76.25,14526.387499999999,19203.5625,1,0.705
ITM12889,Groceries,315,28.53,9,81,269.0,12.1401,439.59000000000003,0.0,0.0,0.0,1,0.697
ITM12890,Automotive,325,33.36,4,69,147.0,13.5877,193.89,131.11,9454.342100000002,56947.628500000006,1,0.463
ITM12891,Pharma,190,41.84,8,15,338.0,3.4430443389535377,511.94,0.0,0.0,0.0,1,0.454
ITM12892,Electronics,350,36.57,8,28,329.0,36.05891030660799,498.95,0.0,0.0,0.0,1,0.601
ITM12893,Automotive,214,39.72,6,36,275.0,37.03028366101183,503.78,0.0,0.0,0.0,1,0.675
ITM12894,Automotive,31,15.15,7,10,118.0,12.012240102495454,311.9,0.0,0.0,0.0,1,0.61
ITM12895,Electronics,214,19.99,9,42,203.0,22.6023,489.96,0.0,0.0,0.0,0,0.513
ITM12896,Electronics,302,31.71,3,49,100.0,4.729711140228332,133.23,168.77,31956.5995,31416.535500000005,1,0.654
ITM12897,Groceries,388,28.12,7,41,218.0,21.06494278843406,451.78,0.0,0.0,0.0,1,0.641
ITM12898,Pharma,201,48.09,9,78,442.0,8.73495,669.94,0.0,0.0,0.0,1,0.485
ITM12899,Pharma,469,10.15,7,26,95.0,23.806867159655845,183.11,285.89,39066.8685,84523.37849999999,1,0.697
ITM12900,Electronics,324,18.21,2,17,54.0,17.401332199575986,266.58000000000004,57.41999999999996,2451.259799999998,37515.356999999975,1,0.495
ITM12901,Apparel,163,29.07,5,66,167.0,21.187191300406006,368.2,0.0,0.0,0.0,1,0.555
ITM12902,Automotive,405,43.53,9,51,406.0,13.966050000000001,502.62,0.0,0.0,0.0,1,0.737
ITM12903,Automotive,335,46.54,8,18,390.0,17.959663714000882,609.9,0.0,0.0,0.0,1,0.844
ITM12904,Electronics,201,17.47,3,96,71.0,18.719398910421777,350.89,0.0,0.0,0.0,1,0.517
ITM12905,Apparel,49,4.29,9,44,69.0,30.103499999999997,167.51,0.0,0.0,0.0,1,0.554
ITM12906,Groceries,103,21.66,9,80,204.0,8.883000000000001,498.22,0.0,0.0,0.0,1,0.605
ITM12907,Electronics,185,20.32,2,88,60.0,19.84403257518491,135.04000000000002,49.95999999999998,7287.665199999998,11305.947999999995,0,0.841
ITM12908,Electronics,303,49.34,8,62,418.0,23.310340727239492,467.05,0.0,0.0,0.0,1,0.489
ITM12909,Automotive,300,22.12,5,63,118.0,7.503796918893794,150.34,149.66,5315.9232,24035.395999999997,1,0.611
ITM12910,Electronics,115,15.98,2,93,36.0,3.8850567878732485,107.97,7.030000000000001,272.764,4977.943,1,0.587
ITM12911,Electronics,400,18.9,5,34,130.0,35.569468728285784,239.32999999999998,160.67000000000002,9314.039900000002,38705.403000000006,1,0.677
ITM12912,Electronics,285,20.45,5,76,114.0,11.660311878869278,336.62,0.0,0.0,0.0,1,0.559
ITM12913,Automotive,463,41.26,5,71,240.0,33.58316954387272,270.88,192.12,36203.0928,16128.474000000002,1,0.616
ITM12914,Groceries,317,4.97,2,64,20.0,10.236077764456462,177.11,139.89,19310.415599999997,34210.0995,1,0.679
ITM12915,Groceries,315,16.51,7,55,134.0,18.14892798094422,294.44,20.560000000000002,1202.3488,3752.2000000000003,1,0.496
ITM12916,Electronics,244,48.35,9,33,470.0,35.3346,546.1,0.0,0.0,0.0,1,0.552
ITM12917,Automotive,352,8.5,5,55,45.0,2.1702157755624207,68.18,283.82,39734.799999999996,41437.72,1,0.624
ITM12918,Groceries,380,37.39,7,31,278.0,16.146887963861644,353.28,26.720000000000027,3441.8032000000035,11995.944000000014,1,0.479
ITM12919,Groceries,393,18.46,9,20,183.0,16.680300000000003,259.81,133.19,18433.496,40836.054,1,0.578
ITM12920,Groceries,61,29.51,8,57,277.0,40.71167292681548,486.53,0.0,0.0,0.0,1,0.622
ITM12921,Automotive,322,5.88,9,17,80.0,27.29055,157.8,164.2,17769.724,82707.54,1,0.539
ITM12922,Automotive,440,16.01,8,48,147.0,18.424939976021633,255.68,184.32,14509.670399999999,108988.41600000001,1,0.501
ITM12923,Electronics,265,25.54,3,44,85.0,8.633147442705933,108.75,156.25,25837.500000000004,99804.6875,1,0.609
ITM12924,Pharma,227,12.35,6,58,99.0,24.619698930226583,289.94,0.0,0.0,0.0,1,0.551
ITM12925,Groceries,256,27.55,7,55,201.0,8.443386159000429,348.5,0.0,0.0,0.0,1,0.522
ITM12926,Pharma,41,11.77,9,47,120.0,14.0154,230.04000000000002,0.0,0.0,0.0,1,0.644
ITM12927,Automotive,204,32.85,8,17,278.0,15.307589020482618,491.84000000000003,0.0,0.0,0.0,1,0.722
ITM12928,Automotive,487,45.31,6,63,297.0,25.3046987367959,504.82,0.0,0.0,0.0,1,0.652
ITM12929,Automotive,261,5.19,5,46,41.0,14.897243883097973,146.09,114.91,4135.6109,29359.504999999997,1,0.696
ITM12930,Pharma,382,11.61,6,49,91.0,21.35587632245514,306.73,75.26999999999998,1078.6190999999997,31045.111499999988,1,0.685
ITM12931,Automotive,302,42.38,6,43,281.0,26.916462987547227,391.98,0.0,0.0,0.0,1,0.73
ITM12932,Electronics,60,31.95,5,88,195.0,35.23841886421694,269.38,0.0,0.0,0.0,1,0.754
ITM12933,Automotive,355,4.86,7,26,68.0,33.81706724506872,286.75,68.25,2716.35,37865.1,1,0.749
ITM12934,Apparel,181,24.83,9,42,245.0,21.46725,466.13,0.0,0.0,0.0,1,0.553
ITM12935,Pharma,179,11.28,5,56,84.0,27.99210517293225,345.07,0.0,0.0,0.0,0,0.744
ITM12936,Apparel,493,10.76,3,61,59.0,27.124608466851644,214.27,278.73,37444.588200000006,66128.6925,1,0.798
ITM12937,Automotive,108,47.09,4,89,206.0,17.2396,283.39,0.0,0.0,0.0,1,0.768
ITM12938,Electronics,341,38.32,9,18,367.0,21.714000000000002,619.7,0.0,0.0,0.0,1,0.611
ITM12939,Groceries,31,35.12,2,42,73.0,2.8847128245286395,133.65,0.0,0.0,0.0,1,0.625
ITM12940,Automotive,443,12.71,5,69,97.0,33.03141977042465,379.2,63.80000000000001,6697.086000000001,8616.190000000002,1,0.745
ITM12941,Electronics,92,6.81,5,86,44.0,10.446462377283519,142.93,0.0,0.0,0.0,1,0.612
ITM12942,Pharma,95,43.67,6,30,266.0,4.472645795834944,281.44,0.0,0.0,0.0,1,0.615
ITM12943,Apparel,365,1.29,3,67,20.0,15.955652039324496,84.16,280.84000000000003,46936.78920000001,88155.676,1,0.666
ITM12944,Apparel,220,20.02,8,94,200.0,39.7345927765719,330.28999999999996,0.0,0.0,0.0,0,0.697
ITM12945,Apparel,29,14.6,8,78,137.0,20.286045024104627,163.0,0.0,0.0,0.0,1,0.551
ITM12946,Pharma,371,28.95,6,19,206.0,31.993520377413923,334.76,36.24000000000001,2632.8360000000007,14550.360000000004,1,0.719
ITM12947,Electronics,245,13.27,7,15,130.0,36.776604661625576,198.84,46.16,5993.4144,20049.595999999998,1,0.458
ITM12948,Pharma,195,16.25,9,22,170.0,23.786700000000003,185.5,9.5,1009.7550000000001,4056.9749999999995,1,0.548
ITM12949,Apparel,295,42.65,5,74,236.0,22.474607438451514,332.71,0.0,0.0,0.0,1,0.525
ITM12950,Automotive,58,30.56,9,29,303.0,27.487950000000005,378.63,0.0,0.0,0.0,1,0.411
ITM12951,Groceries,79,8.14,9,66,120.0,46.487700000000004,251.73,0.0,0.0,0.0,1,0.836
ITM12952,Pharma,85,36.6,5,55,210.0,27.18287217187507,440.11,0.0,0.0,0.0,1,0.802
ITM12953,Pharma,340,11.17,6,17,104.0,37.43322472369966,261.83000000000004,78.16999999999996,10086.275099999995,18260.51199999999,1,0.708
ITM12954,Electronics,454,22.22,9,19,213.0,12.781649999999999,445.74,8.259999999999991,1225.1231999999986,5336.372999999994,1,0.551
ITM12955,Electronics,143,32.68,5,82,176.0,12.690244789305682,283.64,0.0,0.0,0.0,1,0.614
ITM12956,Pharma,183,14.32,7,76,105.0,5.092145260840464,118.82,64.18,8356.877800000002,40057.94700000001,1,0.472
ITM12957,Apparel,427,19.82,9,20,204.0,25.90875,481.43,0.0,0.0,0.0,1,0.541
ITM12958,Groceries,430,36.97,4,21,177.0,28.952,278.27,151.73000000000002,4969.1575,101901.86800000002,1,0.543
ITM12959,Electronics,405,46.96,2,19,102.0,8.398236529474506,264.78999999999996,140.21000000000004,5698.134400000002,14841.228500000001,1,0.509
ITM12960,Apparel,178,26.93,2,34,58.0,4.001375853378436,204.07,0.0,0.0,0.0,1,0.573
ITM12961,Automotive,76,1.49,2,58,6.0,2.6753385066193025,185.09,0.0,0.0,0.0,1,0.522
ITM12962,Electronics,97,17.58,4,58,86.0,15.6275,352.64,0.0,0.0,0.0,1,0.459
ITM12963,Apparel,213,20.53,5,98,110.0,7.5773635553535374,371.5,0.0,0.0,0.0,1,0.482
ITM12964,Apparel,304,17.62,6,20,121.0,15.271466275868862,415.5,0.0,0.0,0.0,1,0.727
ITM12965,Groceries,34,22.38,8,71,218.0,38.57140212152003,381.23,0.0,0.0,0.0,1,0.434
ITM12966,Groceries,31,32.0,3,45,108.0,11.824277850570834,385.51,0.0,0.0,0.0,1,0.743
ITM12967,Automotive,120,6.94,5,48,58.0,23.1367071665892,207.91,0.0,0.0,0.0,1,0.588
ITM12968,Apparel,175,14.36,4,62,75.0,17.3383,97.88,77.12,2676.8352000000004,12385.472,1,0.591
ITM12969,Apparel,359,25.87,9,99,269.0,36.17355,321.4,37.60000000000002,4460.112000000003,4254.440000000003,1,0.629
ITM12970,Groceries,144,16.46,7,87,124.0,8.617476595268478,230.86,0.0,0.0,0.0,1,0.566
ITM12971,Electronics,378,49.56,4,65,229.0,30.3996,449.38,0.0,0.0,0.0,0,0.775
ITM12972,Electronics,299,22.14,9,10,232.0,32.62035,265.6,33.39999999999998,759.5159999999994,2438.1999999999985,1,0.75
ITM12973,Pharma,424,43.62,8,65,363.0,14.283981244036971,477.85,0.0,0.0,0.0,1,0.613
ITM12974,Groceries,413,44.93,2,13,94.0,3.8850567878732485,388.88,24.120000000000005,3231.3564000000006,15670.764000000003,0,0.542
ITM12975,Pharma,129,41.96,5,39,217.0,7.062397100135336,454.85,0.0,0.0,0.0,1,0.604
ITM12976,Groceries,353,3.3,8,21,63.0,36.942935204447416,238.88,114.12,10920.1428,50401.098000000005,1,0.617
ITM12977,Automotive,376,47.44,2,44,109.0,14.167662178531787,136.91,239.09,3304.2238,166681.5935,1,0.499
ITM12978,Apparel,165,7.31,3,86,34.0,11.738801143217309,48.24,116.75999999999999,16551.897599999997,45600.618,1,0.682
ITM12979,Automotive,235,2.69,9,61,42.0,18.0621,82.52000000000001,152.48,27113.993599999998,20592.424,1,0.605
ITM12980,Groceries,417,21.3,9,40,234.0,42.58905,338.87,78.13,15282.228,24239.8325,1,0.637
ITM12981,Apparel,181,10.54,7,96,112.0,38.343418588038034,297.85,0.0,0.0,0.0,1,0.378
ITM12982,Electronics,147,10.03,2,77,34.0,14.004815486824523,101.27,45.730000000000004,733.5092000000001,25871.7475,0,0.619
ITM12983,Electronics,333,15.1,3,61,61.0,15.613745209910403,85.83,247.17000000000002,33083.7045,112771.31250000001,1,0.458
ITM12984,Pharma,351,13.17,9,89,159.0,40.7631,195.35,155.65,16215.617000000002,9658.0825,1,0.739
ITM12985,Groceries,169,34.55,4,16,163.0,25.0698,296.77,0.0,0.0,0.0,1,0.812
ITM12986,Groceries,473,10.15,2,31,30.0,10.003439633446089,264.21000000000004,208.78999999999996,37876.59389999999,61728.763499999994,1,0.675
ITM12987,Electronics,55,27.61,2,84,58.0,3.001031890033827,306.12,0.0,0.0,0.0,1,0.547
ITM12988,Automotive,192,49.33,6,65,327.0,31.429402889650955,421.40999999999997,0.0,0.0,0.0,1,0.735
ITM12989,Apparel,439,22.19,7,67,164.0,9.13974790407263,366.4,72.60000000000002,8269.866000000002,4769.8200000000015,1,0.666
ITM12990,Automotive,41,32.45,7,73,230.0,2.8724921984228264,353.89,0.0,0.0,0.0,1,0.468
ITM12991,Automotive,225,48.5,8,21,428.0,39.59500989796568,720.03,0.0,0.0,0.0,1,0.572
ITM12992,Electronics,146,7.74,4,16,51.0,19.7071,178.44,0.0,0.0,0.0,1,0.542
ITM12993,Electronics,355,21.51,6,64,165.0,36.1438133230986,289.81,65.19,11056.223999999998,21176.9715,1,0.597
ITM12994,Electronics,464,42.66,8,71,365.0,23.729089363058165,520.45,0.0,0.0,0.0,1,0.667
ITM12995,Pharma,375,46.68,3,99,167.0,26.497779279592468,184.4,190.6,22567.04,60525.03,1,0.694
ITM12996,Automotive,459,30.46,8,82,262.0,17.959663714000882,393.2,65.80000000000001,2647.7920000000004,35304.990000000005,1,0.528
ITM12997,Groceries,236,8.03,3,86,45.0,21.027270008966926,295.33000000000004,0.0,0.0,0.0,1,0.67
ITM12998,Apparel,115,45.17,4,64,192.0,11.0544,379.5,0.0,0.0,0.0,1,0.484
ITM12999,Pharma,436,9.55,9,45,88.0,2.51685,379.13,56.870000000000005,5715.435,13492.407500000003,1,0.716
ITM13000,Groceries,448,18.29,7,98,146.0,17.887792326542144,250.43,197.57,20000.0111,94468.09550000001,1,0.737
ITM13001,Automotive,183,19.4,9,33,212.0,37.06185,268.84000000000003,0.0,0.0,0.0,1,0.719
ITM13002,Electronics,167,22.92,3,53,74.0,5.49900150641005,301.66999999999996,0.0,0.0,0.0,1,0.571
ITM13003,Automotive,37,39.72,4,26,176.0,17.437,198.66,0.0,0.0,0.0,1,0.515
ITM13004,Apparel,313,40.31,9,11,375.0,12.436200000000001,431.27,0.0,0.0,0.0,1,0.597
ITM13005,Pharma,214,36.26,8,22,296.0,5.629842770451055,453.02,0.0,0.0,0.0,1,0.753
ITM13006,Pharma,170,2.08,3,40,24.0,18.149554194731614,252.53,0.0,0.0,0.0,0,0.854
ITM13007,Apparel,499,28.68,5,37,178.0,35.09128559129745,362.28,136.72000000000003,17002.499200000002,8483.476000000002,1,0.708
ITM13008,Groceries,384,37.63,2,69,83.0,8.026015519857909,381.52,2.480000000000018,330.28640000000246,217.2480000000016,0,0.657
ITM13009,Groceries,142,22.79,8,36,210.0,28.009630973649045,409.93,0.0,0.0,0.0,1,0.595
ITM13010,Pharma,419,47.3,7,24,373.0,41.60761426806397,593.24,0.0,0.0,0.0,1,0.695
ITM13011,Pharma,206,41.37,9,88,405.0,32.9658,703.24,0.0,0.0,0.0,1,0.453
ITM13012,Electronics,472,32.27,8,42,290.0,32.05753445322956,471.81,0.18999999999999773,15.220899999999817,13.869999999999836,1,0.711
ITM13013,Groceries,471,4.06,5,29,28.0,8.09233001057174,245.24,225.76,13931.649599999999,150796.392,1,0.35
ITM13014,Apparel,168,32.96,4,51,149.0,17.042199999999998,245.51999999999998,0.0,0.0,0.0,1,0.674
ITM13015,Groceries,123,45.67,4,21,196.0,13.1271,361.65999999999997,0.0,0.0,0.0,1,0.669
ITM13016,Electronics,262,19.59,8,82,180.0,23.124230222431187,454.47,0.0,0.0,0.0,1,0.491
ITM13017,Pharma,481,42.07,5,32,240.0,29.83127108442582,497.46,0.0,0.0,0.0,1,0.658
ITM13018,Pharma,250,16.34,9,81,171.0,24.0828,269.82,0.0,0.0,0.0,1,0.645
ITM13019,Electronics,498,28.94,8,23,237.0,5.118038882228231,350.59000000000003,147.40999999999997,14429.964899999997,66717.76599999999,0,0.645
ITM13020,Apparel,225,32.77,2,34,87.0,21.170069921944048,342.45,0.0,0.0,0.0,1,0.667
ITM13021,Pharma,217,34.22,2,86,82.0,13.213845841389253,174.56,42.44,6851.513599999999,10223.796,1,0.557
ITM13022,Automotive,415,44.24,6,94,303.0,37.39293061743088,570.4100000000001,0.0,0.0,0.0,1,0.533
ITM13023,Pharma,419,12.5,3,40,54.0,16.92438805599777,288.39,130.61,14866.030200000001,32417.402000000006,1,0.608
ITM13024,Automotive,356,13.86,6,63,88.0,4.67411632717886,142.18,213.82,26342.624,146723.28399999999,1,0.473
ITM13025,Electronics,106,35.5,9,14,348.0,28.37625,566.73,0.0,0.0,0.0,1,0.713
ITM13026,Electronics,161,9.68,2,22,33.0,13.888496421319338,284.95,0.0,0.0,0.0,1,0.502
ITM13027,Pharma,336,23.75,5,37,128.0,9.342962830387371,179.86,156.14,29808.687399999995,21656.618,1,0.722
ITM13028,Groceries,218,1.98,3,52,20.0,14.16064118490049,162.63,55.370000000000005,10444.4431,26273.065000000002,1,0.612
ITM13029,Automotive,65,7.91,9,98,95.0,23.9841,355.16,0.0,0.0,0.0,1,0.794
ITM13030,Apparel,307,34.26,5,56,195.0,23.614890303577532,262.61,44.389999999999986,7944.034399999998,7453.080999999998,1,0.645
ITM13031,Pharma,34,37.63,9,80,353.0,14.65695,493.24,0.0,0.0,0.0,1,0.628
ITM13032,Apparel,63,6.65,6,47,64.0,24.297346080076316,251.7,0.0,0.0,0.0,1,0.722
ITM13033,Pharma,420,12.16,4,76,58.0,9.1791,96.2,323.8,7683.774,152461.23,1,0.411
ITM13034,Groceries,188,5.85,5,71,47.0,17.435292840959114,118.5,69.5,10548.710000000001,10908.025,1,0.675
ITM13035,Groceries,329,22.24,6,48,140.0,6.729115746886807,285.35,43.64999999999998,1841.156999999999,23739.05249999999,0,0.552
ITM13036,Groceries,63,7.18,6,46,47.0,3.4249990328465785,165.37,0.0,0.0,0.0,1,0.461
ITM13037,Groceries,117,22.43,6,95,149.0,14.304407725418061,253.19,0.0,0.0,0.0,1,0.64
ITM13038,Electronics,280,36.87,4,17,158.0,10.2319,175.65,104.35,9836.031,51037.58500000001,1,0.8
ITM13039,Electronics,128,34.49,4,90,152.0,14.3773,431.1,0.0,0.0,0.0,1,0.538
ITM13040,Automotive,302,14.74,8,61,163.0,44.85263165880014,425.71,0.0,0.0,0.0,1,0.557
ITM13041,Apparel,391,34.01,4,42,154.0,17.9634,277.86,113.13999999999999,18983.760599999998,29320.230999999996,1,0.532
ITM13042,Pharma,362,46.46,3,90,156.0,16.411527811876624,218.6,143.4,24707.820000000003,101018.13,0,0.589
ITM13043,Pharma,123,18.03,4,51,103.0,31.0905,133.02,0.0,0.0,0.0,1,0.585
ITM13044,Electronics,275,17.13,4,85,99.0,30.4325,144.72,130.28,22284.394,33762.062,0,0.814
ITM13045,Pharma,398,29.0,4,36,145.0,29.281000000000002,329.59000000000003,68.40999999999997,10444.154699999994,16479.968999999994,1,0.804
ITM13046,Electronics,225,13.03,9,17,124.0,7.05705,346.84000000000003,0.0,0.0,0.0,1,0.885
ITM13047,Automotive,354,32.93,5,32,189.0,24.01950680410612,244.36,109.63999999999999,13103.076399999998,56026.03999999999,1,0.482
ITM13048,Apparel,62,41.78,4,73,194.0,26.9122,236.71,0.0,0.0,0.0,1,0.598
ITM13049,Automotive,372,23.51,3,29,95.0,24.047447002124777,305.40999999999997,66.59000000000003,11545.374200000006,46666.27200000002,1,0.548
ITM13050,Groceries,264,34.3,9,25,338.0,29.560650000000003,497.94,0.0,0.0,0.0,1,0.675
ITM13051,Groceries,306,32.94,6,26,200.0,2.69970512000848,317.83,0.0,0.0,0.0,1,0.497
ITM13052,Groceries,374,2.89,5,89,50.0,35.86373527412476,270.24,103.75999999999999,15820.287199999999,56808.6,1,0.589
ITM13053,Automotive,292,9.99,2,28,32.0,11.608642737417671,174.15,117.85,6878.9045,75276.6875,1,0.489
ITM13054,Pharma,495,44.78,9,17,424.0,20.9244,568.89,0.0,0.0,0.0,0,0.782
ITM13055,Apparel,102,47.01,4,47,202.0,13.9825,216.56,0.0,0.0,0.0,1,0.608
ITM13056,Groceries,129,39.24,9,47,376.0,22.35555,477.64,0.0,0.0,0.0,1,0.353
ITM13057,Groceries,457,46.14,8,62,382.0,13.027735336580951,393.46,63.54000000000002,12204.763200000005,44760.75300000001,1,0.57
ITM13058,Groceries,209,16.0,8,99,145.0,16.79647305894901,422.92,0.0,0.0,0.0,1,0.658
ITM13059,Apparel,490,13.14,9,40,167.0,48.659099999999995,262.24,227.76,12376.4784,147144.348,0,0.682
ITM13060,Groceries,307,19.83,6,53,135.0,16.11764250751331,197.35,109.65,5046.093000000001,49627.590000000004,1,0.57
ITM13061,Apparel,443,3.71,6,69,44.0,22.1617584478308,80.36,362.64,50011.6824,226341.75599999996,0,0.623
ITM13062,Groceries,416,40.68,5,85,235.0,31.486520404770044,258.52,157.48000000000002,14401.546000000002,63803.02200000002,1,0.476
ITM13063,Automotive,270,49.22,8,26,419.0,25.636722037343233,685.94,0.0,0.0,0.0,1,0.521
ITM13064,Automotive,231,41.38,2,88,91.0,8.328445090171394,149.87,81.13,3233.0305,34646.56649999999,0,0.649
ITM13065,Apparel,310,28.19,7,82,221.0,23.850389768722863,410.07,0.0,0.0,0.0,1,0.46
ITM13066,Automotive,152,15.47,8,48,131.0,7.351364939927823,329.85,0.0,0.0,0.0,1,0.709
ITM13067,Apparel,220,10.69,9,51,105.0,8.5869,207.09,12.909999999999997,1628.3382999999994,7680.804499999997,1,0.544
ITM13068,Automotive,304,18.84,8,57,184.0,32.98808697727105,435.64,0.0,0.0,0.0,1,0.569
ITM13069,Automotive,345,33.68,3,21,127.0,26.26984139331641,199.07,145.93,18505.3833,42078.9155,1,0.565
ITM13070,Apparel,428,22.91,7,98,193.0,32.16320810052225,223.72,204.28,16703.975599999998,18640.55,1,0.557
ITM13071,Pharma,114,46.77,6,27,285.0,4.875586858522777,314.88,0.0,0.0,0.0,1,0.729
ITM13072,Automotive,297,42.86,7,88,319.0,18.84528972601642,416.12,0.0,0.0,0.0,1,0.413
ITM13073,Groceries,469,6.02,8,15,51.0,2.4194365625078915,195.34,273.65999999999997,37773.2898,84903.01499999998,1,0.461
ITM13074,Pharma,448,7.44,6,52,66.0,21.59764096006784,258.52,189.48000000000002,22142.632800000003,94749.47400000003,1,0.486
ITM13075,Apparel,344,34.14,7,44,249.0,10.184290521680929,470.33000000000004,0.0,0.0,0.0,1,0.665
ITM13076,Pharma,238,12.31,6,63,109.0,35.25734298518537,170.82,67.18,3756.0338,45363.295000000006,1,0.474
ITM13077,Electronics,108,39.76,6,71,245.0,6.003821834048708,453.34000000000003,0.0,0.0,0.0,1,0.571
ITM13078,Electronics,91,29.98,5,78,152.0,1.8759492297234486,214.94,0.0,0.0,0.0,1,0.658
ITM13079,Automotive,266,12.26,2,91,36.0,11.143366475396922,335.19,0.0,0.0,0.0,1,0.668
ITM13080,Automotive,148,24.46,6,25,155.0,7.978233041219088,443.13,0.0,0.0,0.0,1,0.513
ITM13081,Groceries,231,20.9,3,17,84.0,21.397669074165528,123.7,107.3,2775.851,33681.469999999994,1,0.488
ITM13082,Pharma,447,43.78,8,98,393.0,42.991526610717145,592.98,0.0,0.0,0.0,1,0.583
ITM13083,Electronics,362,2.58,8,99,25.0,4.187486358186735,296.95,65.05000000000001,9017.231000000002,47011.63500000001,1,0.694
ITM13084,Automotive,115,44.9,3,95,147.0,12.13769244420042,180.4,0.0,0.0,0.0,1,0.649
ITM13085,Pharma,94,32.95,4,40,165.0,32.801300000000005,210.95,0.0,0.0,0.0,1,0.717
ITM13086,Automotive,442,37.14,6,19,253.0,30.059403276512327,363.63,78.37,7902.047100000001,56351.948500000006,1,0.506
ITM13087,Automotive,73,1.13,9,65,57.0,47.1786,94.75999999999999,0.0,0.0,0.0,1,0.562
ITM13088,Electronics,363,31.78,6,85,199.0,8.300585891369355,465.82,0.0,0.0,0.0,1,0.769
ITM13089,Electronics,478,29.84,6,79,190.0,10.476467629883652,453.91,24.089999999999975,3832.959899999996,10375.56299999999,1,0.492
ITM13090,Automotive,432,27.32,9,29,256.0,9.72195,541.13,0.0,0.0,0.0,1,0.761
ITM13091,Apparel,73,39.51,7,14,291.0,14.66711925558322,360.45,0.0,0.0,0.0,1,0.661
ITM13092,Automotive,237,28.24,6,32,199.0,29.73705042636206,222.15,14.849999999999994,1428.2729999999995,3197.947499999999,1,0.748
ITM13093,Automotive,35,43.0,6,18,266.0,8.340879997638138,404.94,0.0,0.0,0.0,1,0.524
ITM13094,Groceries,118,12.4,3,67,53.0,15.613745209910403,318.36,0.0,0.0,0.0,1,0.462
ITM13095,Groceries,39,40.49,2,68,88.0,7.11872680891745,283.15,0.0,0.0,0.0,1,0.427
ITM13096,Groceries,65,9.79,2,89,39.0,19.495075378669355,338.51,0.0,0.0,0.0,1,0.591
ITM13097,Apparel,470,40.84,4,63,165.0,1.8424000000000003,437.65,32.35000000000002,3008.8735000000024,13224.68000000001,1,0.642
ITM13098,Apparel,212,47.08,3,55,149.0,7.464965775541104,272.9,0.0,0.0,0.0,1,0.598
ITM13099,Automotive,402,17.45,6,31,130.0,25.183816417989547,151.46,250.54,14631.536,152716.657,0,0.696
ITM13100,Groceries,77,26.96,2,73,57.0,3.303461460347313,68.5,8.5,103.36,3505.8249999999994,0,0.754
ITM13101,Apparel,456,33.26,5,17,184.0,18.13417588732667,380.82,75.18,9789.187800000002,14817.978000000003,1,0.593
ITM13102,Electronics,130,4.89,5,29,42.0,17.067459658660393,317.57,0.0,0.0,0.0,1,0.687
ITM13103,Automotive,148,25.21,5,60,158.0,31.633653677689527,296.83000000000004,0.0,0.0,0.0,1,0.556
ITM13104,Pharma,356,18.67,6,87,138.0,25.94940443709643,401.54,0.0,0.0,0.0,0,0.659
ITM13105,Automotive,213,43.75,6,48,289.0,26.513521924859393,463.35,0.0,0.0,0.0,1,0.545
ITM13106,Pharma,432,43.96,9,46,443.0,47.079899999999995,481.43,0.0,0.0,0.0,1,0.76
ITM13107,Groceries,359,35.34,4,59,174.0,32.3407,415.51,0.0,0.0,0.0,1,0.516
ITM13108,Pharma,345,33.13,8,43,296.0,31.22003718159221,448.85,0.0,0.0,0.0,1,0.702
ITM13109,Groceries,27,36.95,4,84,166.0,17.9634,190.81,0.0,0.0,0.0,1,0.651
ITM13110,Electronics,48,18.93,4,42,96.0,20.6612,342.24,0.0,0.0,0.0,1,0.55
ITM13111,Pharma,131,20.82,7,40,164.0,17.97483754467617,393.72,0.0,0.0,0.0,1,0.864
ITM13112,Automotive,454,28.13,5,63,177.0,36.341918411113085,319.61,134.39,8880.491199999999,29921.933499999996,1,0.59
ITM13113,Groceries,180,46.96,6,53,311.0,29.011756513523963,326.64,0.0,0.0,0.0,1,0.656
ITM13114,Automotive,150,36.48,5,43,194.0,11.991361742938121,304.61,0.0,0.0,0.0,1,0.344
ITM13115,Apparel,207,28.0,4,80,115.0,3.4545000000000003,251.14,0.0,0.0,0.0,1,0.489
ITM13116,Groceries,182,38.75,6,71,236.0,3.7070577767280617,293.94,0.0,0.0,0.0,1,0.507
ITM13117,Pharma,216,19.17,3,32,64.0,6.980597767204468,120.66,95.34,1363.362,6959.820000000001,1,0.73
ITM13118,Groceries,494,36.79,9,55,344.0,13.373850000000001,402.42,91.57999999999998,4671.495799999999,40112.039999999986,1,0.411
ITM13119,Automotive,383,21.12,2,65,53.0,10.329133016860613,170.47,212.53,15346.791299999999,155146.9,1,0.424
ITM13120,Electronics,223,14.7,2,16,35.0,5.909008527663504,282.09000000000003,0.0,0.0,0.0,1,0.413
ITM13121,Groceries,231,30.88,4,98,145.0,21.3521,375.21000000000004,0.0,0.0,0.0,1,0.571
ITM13122,Pharma,128,34.66,8,70,289.0,11.678434176720781,301.93,0.0,0.0,0.0,1,0.448
ITM13123,Apparel,295,23.51,5,12,126.0,8.386596556410712,138.8,156.2,8314.525999999998,86659.76,1,0.736
ITM13124,Electronics,92,28.71,3,47,100.0,14.189133420684998,132.53,0.0,0.0,0.0,1,0.631
ITM13125,Apparel,186,35.01,6,93,246.0,36.022931004292246,391.31,0.0,0.0,0.0,1,0.758
ITM13126,Groceries,279,38.62,8,43,332.0,23.031174970027045,599.78,0.0,0.0,0.0,1,0.693
ITM13127,Automotive,262,44.88,5,53,241.0,16.295009975833093,303.85,0.0,0.0,0.0,1,0.47
ITM13128,Automotive,294,18.37,4,39,93.0,19.7071,241.27,52.72999999999999,1808.6389999999994,11355.405499999997,1,0.539
ITM13129,Pharma,121,47.62,5,26,249.0,10.814295559582233,270.82,0.0,0.0,0.0,1,0.763
ITM13130,Automotive,494,32.23,4,68,142.0,12.699399999999999,157.89,336.11,19020.464900000003,197515.04150000002,0,0.511
ITM13131,Electronics,192,39.6,7,19,288.0,11.011220093954165,300.17,0.0,0.0,0.0,1,0.619
ITM13132,Automotive,190,35.29,2,93,84.0,13.795441168915186,307.64,0.0,0.0,0.0,1,0.444
ITM13133,Pharma,160,11.07,8,27,122.0,33.17419748207935,138.91,21.090000000000003,455.9658000000001,2155.3980000000006,1,0.699
ITM13134,Groceries,416,4.5,2,54,25.0,16.052031039715818,114.41,301.59000000000003,33379.9812,158515.704,1,0.462
ITM13135,Groceries,207,36.59,5,68,194.0,10.74072892312249,391.06,0.0,0.0,0.0,1,0.671
ITM13136,Automotive,460,26.04,3,71,101.0,22.537358505545853,290.40999999999997,169.59000000000003,1899.4080000000001,6190.035000000001,1,0.671
ITM13137,Apparel,105,35.41,6,68,224.0,11.806173136753502,249.99,0.0,0.0,0.0,1,0.73
ITM13138,Groceries,495,24.37,4,58,104.0,6.3496999999999995,188.43,306.57,33342.5532,142110.5235,1,0.459
ITM13139,Automotive,71,16.3,6,72,113.0,15.392348594675212,308.4,0.0,0.0,0.0,1,0.577
ITM13140,Pharma,130,14.97,2,96,44.0,14.377036496441123,167.75,0.0,0.0,0.0,1,0.635
ITM13141,Automotive,456,36.8,9,41,340.0,9.12975,485.09000000000003,0.0,0.0,0.0,0,0.878
ITM13142,Groceries,384,14.56,3,19,63.0,18.97582903248235,133.05,250.95,27634.614,119075.77500000001,1,0.32
ITM13143,Pharma,361,36.02,3,20,133.0,24.788245132521983,153.95,207.05,35320.6595,19649.045000000002,1,0.656
ITM13144,Automotive,62,19.81,6,79,132.0,13.216466856160915,242.11,0.0,0.0,0.0,1,0.569
ITM13145,Electronics,230,38.77,2,71,89.0,11.120102662295885,297.07,0.0,0.0,0.0,1,0.58
ITM13146,Pharma,475,8.0,9,56,85.0,13.176449999999999,317.28999999999996,157.71000000000004,21920.112900000007,43173.11250000001,1,0.748
ITM13147,Electronics,219,11.04,6,43,82.0,15.835583763631828,263.83000000000004,0.0,0.0,0.0,1,0.581
ITM13148,Apparel,317,34.61,5,26,176.0,2.6116155943208796,300.03,16.970000000000027,913.6648000000015,8114.205500000014,1,0.59
ITM13149,Pharma,365,28.45,3,63,113.0,27.238577409989677,292.11,72.88999999999999,1597.0198999999998,10641.939999999999,0,0.735
ITM13150,Electronics,259,10.99,3,85,46.0,12.679044924106075,260.45,0.0,0.0,0.0,1,0.596
ITM13151,Groceries,134,45.24,5,94,256.0,29.389871265667367,485.03,0.0,0.0,0.0,1,0.546
ITM13152,Groceries,45,14.52,2,49,33.0,4.327069236792959,70.4,0.0,0.0,0.0,0,0.936
ITM13153,Apparel,426,21.63,3,28,88.0,23.4206178148656,330.87,95.13,5226.4421999999995,44791.9605,1,0.734
ITM13154,Pharma,318,10.91,8,76,128.0,40.33945191719888,156.41,161.59,29793.9642,57800.743,1,0.757
ITM13155,Pharma,96,20.01,9,91,216.0,36.0255,478.43,0.0,0.0,0.0,1,0.498
ITM13156,Pharma,431,25.09,7,62,215.0,39.51852903284737,338.75,92.25,17240.602499999997,53537.287500000006,0,0.774
ITM13157,Apparel,156,15.47,7,73,117.0,9.096225295005615,285.61,0.0,0.0,0.0,1,0.425
ITM13158,Pharma,39,38.69,7,92,293.0,21.891872360707296,387.09000000000003,0.0,0.0,0.0,1,0.506
ITM13159,Groceries,459,20.3,4,56,102.0,21.0231,235.73,223.27,14883.1782,92902.647,0,0.737
ITM13160,Electronics,230,36.75,8,15,323.0,28.661017740478098,578.11,0.0,0.0,0.0,1,0.514
ITM13161,Groceries,259,11.15,4,25,73.0,28.557199999999998,168.75,90.25,17973.287500000002,4611.775000000001,1,0.596
ITM13162,Groceries,58,19.47,2,81,45.0,5.932272340764541,218.61,0.0,0.0,0.0,1,0.468
ITM13163,Electronics,454,1.39,5,27,15.0,7.981980055882124,212.65,241.35,32777.7435,13213.9125,0,0.844
ITM13164,Groceries,287,38.17,6,61,241.0,11.725584924215934,293.46,0.0,0.0,0.0,1,0.573
ITM13165,Apparel,226,31.67,8,57,295.0,41.735280703261125,530.5699999999999,0.0,0.0,0.0,1,0.532
ITM13166,Electronics,498,41.07,9,52,416.0,46.5864,715.73,0.0,0.0,0.0,1,0.6
ITM13167,Groceries,458,23.32,2,48,60.0,13.748913542713112,114.97,343.03,20389.703199999996,46326.201499999996,0,0.814
ITM13168,Automotive,481,40.19,6,58,262.0,21.19469989738,494.69,0.0,0.0,0.0,1,0.598
ITM13169,Groceries,286,32.73,2,21,80.0,14.539883188148384,132.65,153.35,15008.3645,13433.459999999997,1,0.635
ITM13170,Apparel,173,1.18,4,19,26.0,20.8915,311.57,0.0,0.0,0.0,1,0.592
ITM13171,Pharma,61,13.43,7,80,103.0,9.226793122206654,232.19,0.0,0.0,0.0,1,0.651
ITM13172,Groceries,430,25.2,5,64,152.0,25.821889397369823,446.18,0.0,0.0,0.0,0,0.648
ITM13173,Pharma,30,31.32,4,10,141.0,15.792,170.7,0.0,0.0,0.0,1,0.535
ITM13174,Automotive,313,4.21,5,58,41.0,19.936558480590378,280.38,32.620000000000005,3164.1400000000003,13096.930000000002,1,0.578
ITM13175,Groceries,117,35.55,8,45,288.0,3.6756824699639115,435.28,0.0,0.0,0.0,1,0.607
ITM13176,Electronics,446,27.63,6,30,197.0,31.26822646457582,290.95,155.05,11265.933,73571.225,1,0.548
ITM13177,Pharma,294,26.76,2,46,73.0,19.63465825727558,299.89,0.0,0.0,0.0,1,0.63
ITM13178,Automotive,467,15.31,3,33,64.0,18.178046430516126,258.25,208.75,2467.425,32763.3125,1,0.64
ITM13179,Electronics,409,30.15,3,64,112.0,21.682591432010614,383.84,25.160000000000025,1765.2256000000016,6979.384000000006,1,0.463
ITM13180,Electronics,449,2.35,5,34,32.0,20.12047507173973,114.15,334.85,46631.211,232218.475,1,0.494
ITM13181,Electronics,391,4.17,7,16,57.0,27.723901975686974,339.53,51.47000000000003,2003.727100000001,4696.637500000003,1,0.814
ITM13182,Electronics,249,36.96,7,90,277.0,18.49710885348032,473.14,0.0,0.0,0.0,1,0.505
ITM13183,Groceries,388,16.77,5,80,113.0,29.500221220356977,253.63,134.37,5656.977000000001,7847.2080000000005,1,0.71
ITM13184,Groceries,445,18.0,4,80,88.0,16.285500000000003,113.41,331.59000000000003,13064.646,95613.97650000002,1,0.589
ITM13185,Groceries,239,11.21,3,33,53.0,19.830596106017587,284.9,0.0,0.0,0.0,1,0.628
ITM13186,Automotive,84,22.84,4,20,112.0,21.056,370.94,0.0,0.0,0.0,1,0.394
ITM13187,Automotive,374,3.55,6,82,50.0,28.89087419471761,294.78,79.22000000000003,6448.5080000000025,26602.076000000012,1,0.77
ITM13188,Automotive,251,15.72,3,21,70.0,22.67981968446839,293.34000000000003,0.0,0.0,0.0,1,0.535
ITM13189,Apparel,347,26.83,6,44,183.0,21.63793506633662,474.13,0.0,0.0,0.0,1,0.661
ITM13190,Automotive,462,23.82,2,72,67.0,19.122854369052757,323.24,138.76,15406.522799999999,55712.14,1,0.573
ITM13191,Groceries,71,49.98,4,77,217.0,17.1738,496.08,0.0,0.0,0.0,1,0.635
ITM13192,Groceries,393,20.05,5,66,136.0,35.275202182446804,357.84000000000003,35.15999999999997,4051.4867999999965,24768.461999999974,1,0.591
ITM13193,Apparel,450,19.96,3,22,82.0,21.796560375148644,329.86,120.13999999999999,2316.2992,70600.271,1,0.467
ITM13194,Apparel,395,25.68,4,32,110.0,7.0077,203.86,191.14,23326.725599999998,23022.813,1,0.675
ITM13195,Automotive,282,10.32,5,92,82.0,30.824420676632357,285.98,0.0,0.0,0.0,1,0.726
ITM13196,Pharma,286,43.94,2,48,101.0,13.353428719995478,170.61,115.38999999999999,7338.803999999999,21058.675,1,0.6
ITM13197,Apparel,378,29.04,3,97,115.0,28.06485224774041,145.09,232.91,39930.0904,22103.159,1,0.718
ITM13198,Electronics,336,10.41,6,89,92.0,29.53557989501814,269.98,66.01999999999998,798.8419999999998,27229.94899999999,1,0.469
ITM13199,Groceries,343,39.88,2,21,83.0,3.024295703134864,320.03999999999996,22.960000000000036,565.5048000000008,12570.60000000002,1,0.545
ITM13200,Electronics,428,2.68,7,43,37.0,18.49710885348032,71.0,357.0,28217.280000000002,190245.30000000002,1,0.605
ITM13201,Groceries,415,49.15,5,80,266.0,19.899775162360505,328.57,86.43,17276.4927,35017.11450000001,1,0.509
ITM13202,Groceries,173,43.39,9,84,432.0,41.79945000000001,468.96,0.0,0.0,0.0,1,0.565
ITM13203,Apparel,377,29.4,3,40,109.0,21.169731187889468,302.90999999999997,74.09000000000003,2954.7092000000016,52463.12900000002,1,0.435
