category,stock_level,reorder_point,reorder_frequency_days,lead_time_days,daily_demand,demand_std_dev,item_popularity_score,storage_location_id,zone,picking_time_seconds,handling_cost_per_unit,unit_price,holding_cost_per_unit_day,stockout_count_last_month,order_fulfillment_rate,total_orders_last_month,turnover_ratio,layout_efficiency_score,forecasted_demand_next_7d,inventory_value,annual_holding_cost,lead_time_demand,safety_stock,optimized_reorder_point,reorder_point_gap,days_of_inventory,restock_month,restock_quarter,restock_dayofweek,Actual_Stockout_Risk,Predicted_Stockout_Risk,Stockout_Probability
Groceries,294,48,10,2,32.02,6.56,0.43,L22,B,16,1.0,159.61,1.24,3,0.91,418,7.73,0.83,251.79,46925.340000000004,133064.4,64.04,15.261061394280544,79.0,-31.0,9.181761112374732,1,1,3,1,1,0.999566837496235
Groceries,119,68,12,7,17.45,6.74,0.22,L30,D,133,1.2,120.76,0.94,3,0.79,605,3.88,0.22,126.56,14370.44,40828.9,122.14999999999999,29.33423851116644,151.0,-83.0,6.819483849886312,3,1,1,1,1,0.9996380150600224
Electronics,71,27,3,5,35.73,3.11,0.54,L62,D,82,2.22,94.59,1.85,1,0.95,644,2.03,0.34,107.06,6715.89,47942.75,178.64999999999998,11.439611969490048,190.0,-163.0,1.9871256090924825,10,4,0,1,1,0.9994560835270857
Groceries,265,74,7,6,32.16,6.92,0.12,L69,C,174,1.97,102.89,0.44,9,0.94,991,9.04,0.46,83.38,27265.85,42559.0,192.95999999999998,27.88352153799803,221.0,-147.0,8.240049495023339,12,4,2,1,1,0.9996109695044529
Automotive,472,39,11,7,35.55,3.49,0.55,L93,B,127,1.36,177.36,1.77,1,0.78,222,7.74,0.97,192.37,83713.92000000001,304935.60000000003,248.84999999999997,15.18939056438737,264.0,-225.0,13.277074169421264,10,4,4,1,1,0.9997322262045696
Apparel,220,64,11,7,48.26,6.56,0.82,L34,A,133,3.67,57.29,0.72,1,0.99,54,1.84,0.68,278.14,12603.8,57816.0,337.82,28.55083154796021,366.0,-302.0,4.55864060176874,10,4,1,1,1,0.9993743041696715
Groceries,425,70,8,9,13.45,7.64,0.46,L97,D,96,2.55,143.31,1.7,9,0.9,359,8.38,0.22,234.54,60906.75,263712.5,121.05,37.7034,159.0,-89.0,31.59851066182077,4,2,4,1,1,0.9998438829603429
Electronics,315,24,3,6,40.35,2.54,0.66,L47,C,63,3.11,77.08,0.91,9,0.74,640,7.47,0.47,257.6,24280.2,104627.25000000001,242.10000000000002,10.234702992270952,252.0,-228.0,7.806691256339746,7,3,3,1,1,0.9996228716595627
Pharma,482,26,4,2,35.37,6.98,0.72,L27,D,121,4.28,117.88,1.1,3,0.97,495,9.8,0.26,254.08,56818.159999999996,193523.00000000003,70.74,16.238141544524115,87.0,-61.0,13.627367440560718,9,3,6,1,1,0.9998105184177808
Automotive,171,35,6,2,29.48,3.81,0.3,L9,A,123,3.58,181.5,1.82,6,0.86,395,13.65,0.55,201.89,31036.5,113595.3,58.96,8.863512791495255,68.0,-33.0,5.800542544079289,5,2,6,1,1,0.999371607433526
Pharma,358,97,3,6,43.79,1.31,0.11,L13,C,29,3.27,76.03,0.77,4,0.86,837,2.66,0.23,98.93,27218.74,100615.90000000001,262.74,5.278527921210609,268.0,-171.0,8.175382320726598,6,2,3,1,1,0.9995400432104018
Electronics,139,59,5,4,18.85,1.2,0.41,L55,C,127,3.56,61.24,1.54,7,0.81,414,7.03,0.39,30.09,8512.36,78131.9,75.4,3.948,79.0,-20.0,7.3740049138458925,10,4,3,1,1,0.9994704190388317
Electronics,91,78,3,5,29.98,0.51,0.54,L23,C,89,2.85,44.58,0.83,1,0.76,467,3.34,0.82,62.94,4056.7799999999997,27568.45,149.9,1.8759492297234486,152.0,-74.0,3.0353568033570113,11,4,2,1,1,0.9990830253921529
Pharma,95,62,9,6,38.29,7.73,0.3,L71,B,15,4.67,157.76,1.16,1,0.97,305,7.64,0.43,141.55,14987.199999999999,40222.99999999999,229.74,31.147344145769477,261.0,-199.0,2.4810654875668456,9,3,6,1,1,0.9996385319873818
Groceries,288,58,6,9,43.56,2.9,0.21,L93,C,89,4.81,46.1,1.7,9,0.94,535,6.79,0.21,15.12,13276.800000000001,178704.0,392.04,14.3115,406.0,-348.0,6.61157009615312,9,3,0,1,1,0.9991225600727722
Pharma,58,67,12,7,31.03,6.14,0.61,L85,C,59,4.67,78.71,0.55,1,0.97,287,14.35,0.66,17.58,4565.179999999999,11643.5,217.21,26.722881967145682,244.0,-177.0,1.869158818267521,1,1,5,1,1,0.9992697938246312
Groceries,183,38,14,9,8.38,3.93,0.88,L69,B,39,2.43,57.39,1.98,0,0.79,639,11.08,0.51,179.9,10502.37,132254.09999999998,75.42,19.394550000000002,95.0,-57.0,21.837706224617396,9,3,1,0,0,0.004870523474383387
Automotive,172,56,12,6,19.53,4.28,0.34,L38,A,169,3.41,78.01,1.96,4,0.72,643,7.7,0.28,65.91,13417.720000000001,123048.8,117.18,17.245877483039244,134.0,-78.0,8.806963194727945,5,2,4,1,1,0.9996113529287199
Groceries,494,55,5,9,36.79,2.71,0.85,L58,D,52,1.8,51.01,1.2,8,0.88,273,2.03,0.44,58.42,25198.94,216371.99999999997,331.11,13.373850000000001,344.0,-289.0,13.427561472477265,11,4,5,1,1,0.9994260649716256
Groceries,360,65,6,3,48.44,3.06,0.63,L57,A,68,3.0,10.82,0.31,6,0.79,971,12.85,0.72,271.6,3895.2000000000003,40734.0,145.32,8.718624150059458,154.0,-89.0,7.43187433047328,9,3,3,1,1,0.9986031461894819
Electronics,186,52,14,8,3.79,5.79,0.28,L31,B,140,3.58,44.77,0.35,3,0.9,220,4.04,0.91,83.61,8327.220000000001,23761.499999999996,30.32,26.939495571001327,57.0,-5.0,49.07650420145008,6,2,2,1,1,0.9996685543405351
Pharma,490,22,14,4,36.33,1.75,0.56,L22,A,62,1.49,43.0,0.54,8,0.73,971,4.34,0.91,129.69,21070.0,96579.00000000001,145.32,5.7575,151.0,-129.0,13.487475543972598,10,4,4,1,1,0.9997966992990434
Pharma,361,63,7,6,43.61,9.59,0.23,L50,A,79,3.04,156.3,0.32,9,0.96,102,2.74,0.68,186.99,56424.3,42164.799999999996,261.65999999999997,38.64204791176316,300.0,-237.0,8.277917718919566,2,1,1,1,1,0.9994264241106634
Pharma,225,11,5,2,48.34,8.01,0.32,L77,A,104,4.38,48.76,1.83,5,0.99,567,3.35,0.96,199.31,10971.0,150288.75,96.68,18.634314293930966,115.0,-104.0,4.65453031331133,1,1,0,1,1,0.9989355136396509
Apparel,182,11,9,6,2.02,9.84,0.75,L16,C,107,4.12,172.96,0.7,6,0.98,830,7.27,0.32,95.49,31478.72,46501.0,12.120000000000001,39.64940056848275,52.0,-41.0,90.09896529754192,8,3,5,1,1,0.9998192665915867
Automotive,78,75,9,3,25.98,5.87,0.97,L9,D,83,1.31,178.5,0.46,1,0.96,490,6.46,0.99,45.67,13923.0,13096.2,77.94,16.724942405506212,95.0,-20.0,3.00230935325984,12,4,6,1,1,0.9992706145517305
Apparel,230,24,9,7,22.88,9.14,0.69,L20,C,143,0.87,176.56,1.0,4,0.93,960,5.2,0.41,191.48,40608.8,83950.0,160.16,39.77966468724944,200.0,-176.0,10.052447113092347,5,2,2,1,1,0.9998494453286403
Pharma,24,51,4,8,39.99,8.64,0.58,L23,C,36,1.13,139.87,1.94,3,0.75,119,9.83,0.25,133.17,3356.88,16994.4,319.92,40.19986903859266,360.0,-309.0,0.6001500225018749,6,2,5,1,1,0.9973193200521089
Electronics,446,30,8,6,27.63,7.76,0.79,L39,A,32,3.27,72.66,1.3,3,0.74,221,2.85,0.76,93.95,32406.359999999997,211627.00000000003,165.78,31.26822646457582,197.0,-167.0,16.1418741895811,4,2,5,1,1,0.9998549024419908
Automotive,433,14,10,2,25.03,0.87,0.17,L59,A,70,1.09,189.2,1.09,3,0.9,801,5.53,0.51,132.27,81923.59999999999,172269.05000000002,50.06,2.023951739790255,52.0,-38.0,17.29924021976667,4,2,5,1,1,0.9996784427444481
Apparel,277,44,7,7,44.31,8.71,0.41,L29,B,176,3.85,121.76,0.18,3,0.86,527,9.95,0.94,117.81,33727.520000000004,18198.9,310.17,37.90819249736791,348.0,-304.0,6.25141037572985,5,2,0,1,1,0.9993159120142835
Automotive,150,43,14,5,36.48,3.26,0.56,L9,B,21,3.35,12.69,1.78,7,0.76,106,3.87,0.29,110.61,1903.5,97455.0,182.39999999999998,11.991361742938121,194.0,-151.0,4.111841992548191,10,4,3,1,1,0.9991398329747107
Electronics,343,32,8,9,34.84,5.49,0.43,L1,A,146,4.85,141.43,0.43,9,0.96,285,5.17,0.77,163.04,48510.490000000005,53833.850000000006,313.56000000000006,27.09315,341.0,-309.0,9.845005457950474,2,1,2,1,1,0.9995960541619726
Automotive,147,84,10,3,38.85,7.07,0.48,L54,D,114,2.5,178.91,0.58,6,0.82,740,10.46,0.74,286.9,26299.77,31119.899999999998,116.55000000000001,20.14401069964718,137.0,-53.0,3.7837836863890946,8,3,3,1,1,0.9996097670050543
Automotive,355,98,13,5,33.24,8.1,0.11,L59,D,154,3.92,69.67,0.15,6,0.91,165,4.8,0.28,295.79,24732.850000000002,19436.25,166.20000000000002,29.794487766195946,196.0,-98.0,10.679903409148514,11,4,4,1,1,0.9994553557375186
Apparel,419,53,4,4,20.41,9.52,0.1,L81,A,48,3.29,168.31,0.23,8,0.8,943,13.34,0.78,34.96,70521.89,35175.05,81.64,31.3208,113.0,-60.0,20.52915137044824,9,3,0,1,1,0.9998028054397564
Groceries,180,97,3,6,31.85,5.46,0.47,L65,B,177,2.83,18.36,0.79,2,0.81,557,1.42,0.57,90.52,3304.7999999999997,51903.00000000001,191.10000000000002,22.00058202275567,213.0,-116.0,5.651491188336226,6,2,6,1,1,0.9995675630265287
Automotive,387,79,3,7,28.68,4.79,0.22,L98,C,114,3.44,10.58,0.77,6,0.88,968,4.25,0.51,92.01,4094.46,108766.35,200.76,20.847329743098996,222.0,-143.0,13.493723378879938,9,3,4,1,1,0.9994067184287483
Electronics,362,68,3,3,49.51,3.01,0.91,L88,D,75,2.81,110.47,1.92,4,0.79,149,10.5,0.86,210.01,39990.14,253689.59999999998,148.53,8.576162971136917,157.0,-89.0,7.311654063590102,4,2,3,1,1,0.999157097208841
Electronics,379,31,9,9,25.76,4.67,0.69,L78,A,106,4.33,10.38,1.46,9,0.82,562,2.77,0.41,235.14,3934.0200000000004,201969.1,231.84,23.04645,255.0,-224.0,14.712732348108215,2,1,5,1,1,0.999159274994255
Electronics,92,86,7,5,6.81,2.84,0.76,L58,C,173,4.55,165.95,0.41,8,0.79,175,13.73,0.36,98.93,15267.4,13767.8,34.05,10.446462377283519,44.0,42.0,13.50954280329768,1,1,5,1,1,0.9992839657220212
Apparel,256,60,3,9,41.16,9.41,0.64,L10,B,106,2.09,67.53,0.88,6,0.84,442,13.03,0.69,162.26,17287.68,82227.2,370.43999999999994,46.43835,417.0,-357.0,6.2196305583180145,2,1,5,1,1,0.9993720735153979
Apparel,284,46,4,6,9.61,3.97,0.56,L36,B,50,4.39,61.36,1.41,2,0.93,299,4.11,0.43,111.41,17426.24,146160.6,57.66,15.996760188706961,74.0,-28.0,29.55254635249258,9,3,1,1,1,0.9999163564242383
Electronics,72,26,7,4,29.98,4.3,0.26,L82,D,46,0.77,43.68,1.66,2,0.92,364,9.14,0.63,19.26,3144.96,43624.799999999996,119.92,14.147,134.0,-108.0,2.401600987271481,12,4,6,1,1,0.9993687987424184
Apparel,42,27,7,6,9.53,8.03,0.8,L92,B,150,3.2,154.2,0.16,2,0.98,949,5.07,0.54,189.02,6476.4,2452.7999999999997,57.17999999999999,32.35616733383297,90.0,-63.0,4.407134899566119,12,4,0,1,1,0.9993659373547306
Pharma,200,69,8,3,45.4,0.67,0.23,L36,A,47,2.03,60.92,0.16,4,0.83,987,10.3,0.89,78.57,12184.0,11680.0,136.2,1.9089797975620384,138.0,-69.0,4.405286246579599,7,3,1,1,1,0.9987845849807798
Apparel,469,83,6,7,14.48,1.29,0.32,L67,B,51,2.04,175.36,1.8,6,0.73,904,14.59,0.83,142.2,82243.84000000001,308133.0,101.36,5.614416569644615,107.0,-24.0,32.38950052558698,1,1,5,1,1,0.999819586188364
Groceries,169,16,7,4,34.55,7.62,0.36,L61,A,61,1.24,188.2,0.37,1,0.73,480,10.13,0.94,133.77,31805.8,22823.45,138.2,25.0698,163.0,-147.0,4.891461508206614,4,2,1,1,1,0.999485618680505
Pharma,169,20,4,6,10.87,5.06,0.7,L11,D,63,3.58,44.52,0.27,1,0.73,315,13.03,0.83,198.11,7523.88,16654.95,65.22,20.388817772004334,86.0,-66.0,15.547376674574366,7,3,1,1,1,0.9994779459584898
Groceries,311,22,11,7,29.32,9.6,0.82,L6,C,70,3.56,96.0,1.61,5,0.99,570,4.67,0.82,278.78,29856.0,182759.15000000002,205.24,41.781704704332014,247.0,-225.0,10.607093771927223,5,2,6,1,1,0.9997710706360801
Groceries,276,77,8,8,6.82,4.75,0.22,L15,C,176,1.78,36.4,1.25,1,0.83,732,6.0,0.5,243.88,10046.4,125925.0,54.56,22.100622445985543,77.0,0.0,40.46920227724306,8,3,2,1,1,0.9998402931645259
Groceries,98,42,11,5,7.4,3.44,0.56,L20,D,55,3.52,126.41,1.99,6,1.0,880,8.39,0.83,30.24,12388.18,71182.3,37.0,12.653461471075811,50.0,-8.0,13.243241453616019,6,2,3,1,1,0.9996858136694048
Groceries,102,30,8,9,16.94,3.73,0.94,L60,B,30,3.36,42.65,0.4,9,0.86,207,10.93,0.31,266.8,4350.3,14892.000000000002,152.46,18.40755,171.0,-141.0,6.021251120351173,4,2,6,1,1,0.9993012559466571
Pharma,39,92,7,7,38.69,5.03,0.49,L95,D,12,2.01,13.98,2.0,7,0.99,853,5.53,0.87,94.09,545.22,28470.0,270.83,21.891872360707296,293.0,-201.0,1.0080123802529755,8,3,5,1,1,0.9991011227070177
Pharma,194,27,11,8,27.83,3.8,0.7,L70,C,23,3.67,75.0,1.66,5,0.74,604,6.8,0.36,210.98,14550.0,117544.59999999999,222.64,17.680497956788432,240.0,-213.0,6.970894467448995,12,4,2,1,1,0.9994810587068971
Pharma,498,27,14,5,15.35,8.79,0.8,L66,B,128,1.77,103.65,1.46,2,0.87,602,8.01,0.39,20.46,51617.700000000004,265384.19999999995,76.75,32.33253672405708,109.0,-82.0,32.442994629120875,5,2,3,1,1,0.9998787914524593
Apparel,118,20,6,3,3.45,0.78,0.77,L91,C,12,1.47,39.32,2.0,7,0.75,177,14.06,0.45,184.6,4639.76,86140.0,10.350000000000001,2.2223943911916266,13.0,7.0,34.20288863684387,10,4,2,1,1,0.9975851767122161
Pharma,100,44,5,3,39.96,2.85,0.55,L42,D,89,4.69,198.74,0.5,3,0.77,838,5.86,0.63,45.38,19874.0,18250.0,119.88,8.120287198584789,128.0,-84.0,2.5025024398773166,11,4,6,1,1,0.9990881413783264
Apparel,102,50,12,2,19.42,8.2,0.67,L6,B,71,4.66,114.21,0.65,5,0.83,795,8.3,0.64,252.25,11649.42,24199.5,38.84,19.07632674285068,58.0,-8.0,5.252316928304998,8,3,6,1,1,0.9995007049357327
Apparel,397,86,9,6,46.54,4.51,0.59,L95,A,59,3.69,73.46,1.78,6,0.85,176,12.75,0.72,14.94,29163.62,257930.9,279.24,18.172641927221257,297.0,-211.0,8.530296335833771,5,2,1,1,1,0.9996447208291681
Electronics,143,53,3,9,22.93,8.5,0.72,L87,A,35,1.22,86.64,1.88,3,0.78,975,12.34,0.79,108.53,12389.52,98126.59999999999,206.37,41.9475,248.0,-195.0,6.236371293660214,10,4,0,1,1,0.9991401532000005
Pharma,32,10,11,7,27.51,6.34,0.27,L30,B,100,0.78,47.43,0.82,6,0.87,163,14.93,0.58,29.23,1517.76,9577.599999999999,192.57000000000002,27.593334148485933,220.0,-210.0,1.163213334670544,8,3,4,1,1,0.9989008125867335
Electronics,339,35,12,4,22.24,6.03,0.73,L55,A,142,1.46,73.06,1.64,1,0.73,438,14.04,0.77,286.96,24767.34,202925.39999999997,88.96,19.8387,109.0,-74.0,15.242805070017758,2,1,6,1,1,0.9998647663177218
Apparel,427,20,7,9,19.82,5.25,0.91,L16,C,12,2.59,13.7,0.89,9,0.97,900,7.98,0.55,277.43,5849.9,138710.95,178.38,25.90875,204.0,-184.0,21.543893968522,7,3,2,1,1,0.9994731057813374
Automotive,204,97,10,7,7.6,6.09,0.47,L80,B,79,2.48,85.12,1.84,9,0.8,952,7.72,0.3,34.54,17364.48,137006.4,53.199999999999996,26.505268921810625,80.0,17.0,26.842101731302403,12,4,2,1,1,0.9997928624313643
Automotive,22,61,12,9,16.75,9.21,0.16,L55,C,93,4.61,186.71,1.42,6,0.97,802,8.71,0.65,222.03,4107.62,11402.599999999999,150.75,45.451350000000005,196.0,-135.0,1.3134327574069995,11,4,2,1,1,0.9988820488954696
Apparel,384,79,14,5,7.47,8.36,0.15,L78,D,113,2.0,121.91,1.71,8,0.96,286,6.1,0.79,295.2,46813.44,239673.6,37.35,30.750854040172605,68.0,11.0,51.405615608351326,8,3,1,1,1,0.9998567120100812
Groceries,490,61,13,6,16.23,2.71,0.57,L33,A,63,3.74,159.02,0.45,8,0.72,350,3.42,0.77,42.23,77919.8,80482.5,97.38,10.919702798840268,108.0,-47.0,30.191002452803296,4,2,2,1,1,0.9998853537637754
Apparel,195,26,11,5,41.08,2.05,0.9,L54,C,146,2.69,25.21,1.67,6,0.83,668,11.48,0.55,82.34,4915.95,118862.24999999999,205.39999999999998,7.540580237123666,213.0,-187.0,4.746835327486969,9,3,2,1,1,0.999373148468754
Electronics,202,82,4,9,19.68,3.59,0.53,L84,D,30,4.15,182.11,0.35,0,0.95,68,8.72,0.83,127.53,36786.22,25805.499999999996,177.12,17.71665,195.0,-113.0,10.264227120720166,12,4,4,0,0,0.010049675112411708
Groceries,275,32,14,7,38.89,3.25,0.46,L51,B,62,3.45,138.31,1.4,5,0.78,569,4.17,0.59,22.02,38035.25,140525.0,272.23,14.14484794677907,286.0,-254.0,7.071226354558335,9,3,5,1,1,0.9997180844921074
Groceries,185,67,5,8,7.14,1.2,0.94,L28,A,26,2.59,81.88,1.4,2,0.8,52,12.41,0.79,10.09,15147.8,94535.0,57.12,5.58331514424898,63.0,4.0,25.91036051675623,7,3,1,1,1,0.9996994403922363
Groceries,71,77,12,4,49.98,5.22,0.74,L54,A,140,3.84,184.39,0.8,9,0.89,947,14.06,0.65,279.08,13091.689999999999,20732.0,199.92,17.1738,217.0,-140.0,1.4205681988681835,7,3,0,1,1,0.9995703336545472
Groceries,376,22,9,6,30.22,2.72,0.5,L57,D,157,1.56,126.13,1.11,1,0.94,912,10.99,0.24,126.45,47424.88,152336.4,181.32,10.959996905109051,192.0,-170.0,12.442090918527766,5,2,4,1,1,0.9998733270317006
Automotive,429,77,11,4,26.02,4.47,0.69,L37,C,92,1.73,166.25,0.67,8,1.0,204,7.35,0.52,75.76,71321.25,104911.95,104.08,14.706299999999999,119.0,-42.0,16.487316814476678,11,4,4,1,1,0.9998989550610216
Electronics,99,96,9,5,38.09,8.36,0.24,L65,C,128,4.3,156.57,0.95,3,0.94,238,12.23,0.66,103.43,15500.429999999998,34328.25,190.45000000000002,30.750854040172605,221.0,-125.0,2.5991073090284247,1,1,6,1,1,0.9995840949604906
Automotive,105,89,11,8,37.68,8.75,0.98,L39,A,48,4.32,62.68,0.74,3,0.94,282,14.08,0.46,221.88,6581.4,28360.5,301.44,40.71167292681548,342.0,-253.0,2.7866241298666634,1,1,1,1,1,0.9992266182266235
Automotive,158,13,6,5,3.08,7.8,0.13,L13,D,158,1.16,180.33,1.79,5,0.97,491,11.51,0.85,186.54,28492.140000000003,103229.3,15.4,28.6909882192998,44.0,-31.0,51.298684643284204,11,4,4,1,1,0.9997542905686615
Groceries,50,78,10,9,43.37,1.45,0.53,L67,A,170,1.84,62.82,0.98,9,0.76,293,7.35,0.54,254.33,3141.0,17885.0,390.33,7.15575,397.0,-319.0,1.1528706213310902,11,4,1,1,1,0.9982129352583795
Groceries,390,34,10,6,42.34,7.09,0.77,L57,C,125,3.0,109.96,0.6,2,0.79,917,3.01,0.75,150.04,42884.399999999994,85410.0,254.04000000000002,28.568521344567344,283.0,-249.0,9.211147633180264,5,2,2,1,1,0.9997873911524652
Pharma,139,92,7,2,23.57,1.44,0.32,L7,D,73,3.4,194.88,0.11,9,0.81,974,12.96,0.57,46.68,27088.32,5580.85,47.14,3.3499890865493875,50.0,42.0,5.897326860529195,9,3,0,1,1,0.9977970105401612
Electronics,146,16,4,4,7.74,5.99,0.24,L88,A,18,3.52,119.84,1.79,1,0.79,92,3.04,0.71,127.44,17496.64,95389.1,30.96,19.7071,51.0,-35.0,18.863046658521103,7,3,5,1,1,0.9997053099269197
Pharma,165,98,4,5,35.23,2.53,0.82,L28,D,58,2.89,18.51,1.46,8,0.97,674,12.92,0.98,95.12,3054.15,87928.5,176.14999999999998,9.306179512157499,185.0,-87.0,4.6835082406043655,8,3,6,1,1,0.9993570324584017
Pharma,466,27,11,5,48.17,7.24,0.43,L60,D,96,3.41,72.21,0.25,4,0.71,965,12.12,0.34,241.4,33649.86,42522.5,240.85000000000002,26.631122398427,267.0,-240.0,9.674070797714952,11,4,2,1,1,0.9994513256538022
Groceries,81,32,12,2,8.95,4.48,0.28,L70,A,84,1.53,52.37,1.41,0,0.74,956,12.25,0.54,214.18,4241.969999999999,41686.649999999994,17.9,10.422188269264764,28.0,4.0,9.050278318404658,8,3,4,0,0,0.03870301630581569
Groceries,236,86,7,3,8.03,7.38,0.13,L58,B,118,4.4,39.56,1.53,6,0.92,302,14.16,0.85,250.33,9336.16,131794.19999999998,24.089999999999996,21.027270008966926,45.0,41.0,29.3897846338998,9,3,5,1,1,0.9997922401763535
Pharma,370,91,6,8,19.59,9.37,0.41,L78,D,96,2.78,40.21,1.57,2,0.71,886,8.26,0.26,273.07,14877.7,212028.5,156.72,43.596385751344116,200.0,-109.0,18.887186376355977,12,4,2,1,1,0.9997124347463068
Pharma,485,29,7,7,3.44,6.55,0.3,L66,C,137,2.7,17.58,0.5,2,0.75,954,11.66,0.44,48.03,8526.3,88512.5,24.08,28.507308938893196,53.0,-24.0,140.98833110804327,12,4,3,1,1,0.9998200526179561
Apparel,179,85,3,3,10.22,9.47,0.24,L6,A,96,2.04,197.64,1.03,1,0.92,182,5.32,0.94,252.06,35377.56,67295.05,30.660000000000004,26.982147287929106,58.0,27.0,17.514675389953485,3,1,2,1,1,0.9994511576466811
Apparel,215,32,11,3,4.82,6.89,0.36,L6,B,80,2.45,110.49,1.71,1,0.93,87,13.46,0.92,91.83,23755.35,134192.25,14.46,19.631150455526033,34.0,-2.0,44.60579987431537,8,3,1,1,1,0.999784368164137
Electronics,424,44,6,2,3.75,8.92,0.72,L74,D,69,1.3,24.63,0.48,2,0.7,406,14.16,0.94,86.41,10443.119999999999,74284.79999999999,7.5,20.751321286125375,28.0,16.0,113.06663651556359,12,4,3,1,1,0.9996946498202227
Automotive,200,20,7,2,46.69,9.84,0.79,L68,B,110,0.61,19.37,0.93,2,0.73,613,8.88,0.36,287.05,3874.0,67890.0,93.38,22.89159209142082,116.0,-96.0,4.283572407719589,4,2,0,1,1,0.9980090069880185
Electronics,92,31,8,9,11.73,3.75,0.62,L91,D,122,2.06,153.29,1.97,2,0.96,580,3.67,0.57,30.22,14102.679999999998,66152.6,105.57000000000001,18.50625,124.0,-93.0,7.843136586262866,2,1,6,1,1,0.9991104654714831
Pharma,129,82,11,6,41.57,8.12,0.87,L43,D,175,1.39,144.4,0.63,1,0.96,200,12.61,0.75,180.98,18627.600000000002,29663.55,249.42000000000002,32.71881429025202,282.0,-200.0,3.1031993480106004,8,3,5,1,1,0.9996397103561979
Groceries,432,66,9,2,40.14,3.2,0.65,L90,B,12,3.34,137.86,1.29,4,0.99,605,5.34,0.69,195.41,59555.520000000004,203407.19999999998,80.28,7.4444201923319735,88.0,-22.0,10.762331570445154,6,2,1,1,1,0.9997975728755708
Pharma,383,31,6,9,29.25,6.68,0.11,L92,B,35,3.39,23.57,1.32,8,0.72,218,3.27,0.22,133.18,9027.31,184529.4,263.25,32.9658,296.0,-265.0,13.094016646358405,8,3,2,1,1,0.9995803577184686
Pharma,286,48,5,2,43.94,5.74,0.32,L32,B,146,3.26,63.6,0.5,8,0.76,797,14.82,0.3,69.61,18189.600000000002,52195.0,87.88,13.353428719995478,101.0,-53.0,6.508875591513983,4,2,3,1,1,0.9994032595566079
Automotive,311,66,14,3,36.48,3.3,0.81,L11,A,77,2.14,177.16,0.67,5,0.91,609,9.7,0.31,200.45,55096.76,76055.05,109.44,9.40243780888765,119.0,-53.0,8.525219064549917,8,3,3,1,1,0.9996489663121311
Groceries,457,60,8,8,33.33,6.47,0.52,L32,A,123,2.35,171.54,0.71,5,0.89,71,2.73,0.21,223.51,78393.78,118431.54999999999,266.64,30.103374152742415,297.0,-237.0,13.711370725731452,12,4,6,1,1,0.9996760037633267
Pharma,282,93,7,8,16.71,1.74,0.74,L9,D,29,4.79,150.09,0.27,5,0.88,106,13.12,0.74,228.3,42325.38,27791.1,133.68,8.09580695916102,142.0,-49.0,16.87612107264386,7,3,2,1,1,0.9997455566783177
Automotive,124,85,13,6,14.97,7.83,0.32,L41,B,57,4.76,145.0,1.7,6,0.87,554,8.92,0.66,77.49,17980.0,76942.0,89.82000000000001,31.550285208457304,121.0,-36.0,8.283232579610383,7,3,1,1,1,0.9996277980982967
Apparel,213,98,14,5,20.53,2.06,0.45,L65,B,14,3.75,69.35,0.63,7,0.81,555,5.63,0.24,261.5,14771.55,48979.35,102.65,7.5773635553535374,110.0,-12.0,10.375060381146595,5,2,1,1,1,0.9998122207448001
Electronics,315,31,4,5,1.85,8.46,0.97,L4,C,73,4.34,93.89,1.07,5,0.81,95,9.89,0.63,29.9,29575.35,123023.25,9.25,31.11868722247133,40.0,-9.0,170.2701782323361,4,2,2,1,1,0.9998597698979571
Automotive,431,68,11,9,15.79,6.14,0.51,L64,A,30,3.32,170.67,1.72,0,0.8,866,4.9,0.86,227.71,73558.76999999999,270581.8,142.10999999999999,30.3009,172.0,-104.0,27.295755079432865,2,1,3,0,0,0.0024640806526854244
Groceries,430,21,4,4,36.97,8.8,0.47,L60,D,108,1.83,32.75,1.84,7,1.0,391,14.16,0.39,101.27,14082.5,288788.0,147.88,28.952,177.0,-156.0,11.631051889882286,5,2,3,1,1,0.9997130340551611
Electronics,461,62,8,5,38.04,7.14,0.93,L59,A,55,0.82,11.09,0.63,7,0.95,859,12.49,0.41,150.94,5112.49,106006.95,190.2,26.263289216128282,216.0,-154.0,12.118821973742852,3,1,4,1,1,0.999333792390211
Automotive,265,76,10,6,36.28,9.95,0.63,L97,A,37,0.94,37.28,1.06,6,0.92,543,12.18,0.21,175.88,9879.2,102528.50000000001,217.68,40.09263573743935,258.0,-182.0,7.304299688415114,5,2,0,1,1,0.9995831410968853
Apparel,399,19,9,3,39.99,4.93,0.99,L17,D,179,0.51,58.04,0.96,5,0.96,179,3.99,0.8,270.23,23157.96,139809.59999999998,119.97,14.046672241762458,134.0,-115.0,9.97749412409367,4,2,6,1,1,0.9995074358515232
Pharma,351,89,11,9,13.17,8.26,0.22,L71,A,125,4.5,104.18,0.17,3,0.82,381,6.28,0.84,36.35,36567.18,21779.55,118.53,40.7631,159.0,-70.0,26.6514786141626,11,4,2,1,1,0.9996795772309487
Automotive,395,80,3,9,38.31,1.66,0.43,L28,A,25,4.21,14.18,0.39,1,0.73,597,12.19,0.3,68.09,5601.099999999999,56228.25000000001,344.79,8.1921,353.0,-273.0,10.31062358886391,1,1,0,1,1,0.9973868403938887
Pharma,220,25,11,7,49.95,2.93,0.95,L70,A,59,2.34,199.42,0.82,3,0.87,828,10.94,0.73,211.55,43872.399999999994,65845.99999999999,349.65000000000003,12.75212445663467,362.0,-337.0,4.404404316228142,10,4,1,1,1,0.9991050915973393
Automotive,275,83,3,9,41.32,5.77,0.79,L70,D,10,1.73,131.33,1.58,4,0.94,867,11.99,0.67,29.84,36115.75,158592.5,371.88,28.47495,400.0,-317.0,6.655372539802213,10,4,1,1,1,0.9988408114299314
Apparel,232,90,7,9,28.43,3.93,0.97,L37,A,129,4.67,109.74,0.42,2,0.83,246,3.05,0.88,155.36,25459.68,35565.6,255.87,19.394550000000002,275.0,-185.0,8.160393663018162,4,2,6,1,1,0.9993892844557036
Automotive,434,76,3,8,10.63,8.07,0.15,L32,B,110,3.8,136.61,0.78,0,0.71,244,13.54,0.8,82.79,59288.740000000005,123559.80000000002,85.04,37.54779434507439,123.0,-47.0,40.82784187884837,3,1,5,0,0,0.002094645335842979
Groceries,377,79,4,5,29.56,4.31,0.33,L31,A,76,4.06,133.24,0.12,3,0.7,284,12.1,0.42,17.89,50231.48,16512.6,147.79999999999998,15.853610157074632,164.0,-85.0,12.753720813473585,9,3,0,1,1,0.9995991099396969
Automotive,498,52,3,7,39.23,4.7,0.27,L39,A,97,4.4,178.46,1.98,3,0.93,79,8.54,0.75,87.71,88873.08,359904.6,274.60999999999996,20.455626261495883,295.0,-243.0,12.694366232618757,8,3,5,1,1,0.9996901953272819
Apparel,189,36,13,5,19.79,9.91,0.26,L85,D,72,3.21,177.22,0.95,0,0.89,724,9.39,0.82,168.45,33494.58,65535.74999999999,98.94999999999999,36.4522683658027,135.0,-99.0,9.550277435559503,7,3,1,0,0,0.005134228849181303
Automotive,329,74,6,8,4.38,8.88,0.72,L95,D,88,4.12,192.04,0.47,6,0.91,322,5.93,0.31,118.07,63181.159999999996,56439.95,35.04,41.31653206744245,76.0,-2.0,75.11413810179495,8,3,2,1,1,0.9998267446703148
Electronics,342,63,3,4,16.02,7.64,0.95,L63,A,171,1.1,169.66,0.8,4,0.89,601,9.51,0.62,225.36,58023.72,99864.00000000001,64.08,25.1356,89.0,-26.0,21.348313274137748,5,2,2,1,1,0.9998969625871416
Pharma,143,51,4,5,16.97,7.49,0.55,L42,C,19,3.12,183.62,1.39,8,0.83,400,2.14,0.63,291.85,26257.66,72551.04999999999,84.85,27.550705354173786,112.0,-61.0,8.426634742095773,10,4,6,1,1,0.9996162385361727
Groceries,340,30,3,7,19.08,0.96,0.42,L39,D,166,0.96,102.79,1.14,2,0.93,581,8.17,0.5,261.5,34948.6,141474.0,133.56,4.1781704704332014,138.0,-108.0,17.81970556500495,4,2,1,1,1,0.9997768356937052
Electronics,430,59,14,4,45.09,0.83,0.62,L54,A,34,3.53,69.84,1.79,7,0.71,460,13.01,0.74,94.5,30031.2,280940.5,180.36,2.7306999999999997,183.0,-124.0,9.536482378875974,9,3,1,1,1,0.9994203154733651
Electronics,401,27,6,7,6.88,5.76,0.21,L43,B,90,0.84,96.93,0.66,5,0.71,819,4.45,0.9,152.22,38868.93,96600.90000000001,48.16,25.06902282259921,73.0,-46.0,58.28487524929139,8,3,1,1,1,0.9998920156194216
Pharma,62,61,13,2,20.78,1.72,0.34,L19,D,142,3.93,121.91,1.57,9,0.75,963,12.59,0.93,214.43,7558.42,35529.1,41.56,4.001375853378436,46.0,15.0,2.983637969988548,2,1,3,1,1,0.9980760233868242
Pharma,418,77,9,5,39.38,9.32,0.14,L68,B,111,3.15,97.63,1.69,6,0.89,928,3.34,0.53,190.77,40809.34,257843.3,196.9,34.282052590240276,231.0,-154.0,10.614524870123796,11,4,5,1,1,0.9997144855706663
Groceries,198,69,3,8,10.77,6.17,0.95,L56,A,140,4.33,38.15,0.95,1,0.93,96,6.18,0.63,218.83,7553.7,68656.5,86.16,28.70754536668017,115.0,-46.0,18.384399407205258,3,1,2,1,1,0.9996096591094855
Groceries,419,49,11,9,33.98,2.38,0.84,L60,B,57,1.58,102.06,0.67,7,0.79,435,4.05,0.76,276.42,42763.14,102466.45000000001,305.82,11.7453,318.0,-269.0,12.330782450536129,2,1,5,1,1,0.9996720616100717
Automotive,192,10,4,6,6.13,8.49,0.69,L95,B,46,2.44,82.38,1.68,5,0.9,627,13.18,0.23,184.71,15816.96,117734.4,36.78,34.209696222197,71.0,-61.0,31.32136520042982,7,3,1,1,1,0.9998238020578291
Groceries,401,60,6,7,24.98,3.82,0.77,L62,A,103,4.97,125.12,0.58,9,0.94,646,1.08,0.5,266.94,50173.12,84891.7,174.86,16.625636663598783,191.0,-131.0,16.05284163119129,12,4,4,1,1,0.999890808717755
Automotive,160,52,7,3,39.15,6.39,0.86,L91,C,73,1.0,135.92,0.41,8,0.87,716,11.8,0.75,26.87,21747.199999999997,23943.999999999996,117.44999999999999,18.20653866630063,136.0,-84.0,4.086845361766402,4,2,4,1,1,0.9995717752350165
Pharma,361,20,13,3,36.02,8.7,0.75,L99,A,91,3.53,170.59,0.26,8,0.72,631,8.97,0.89,20.95,61582.99,34258.9,108.06,24.788245132521983,133.0,-113.0,10.022209605157979,10,4,0,1,1,0.9995425728505071
Electronics,214,42,8,9,19.99,4.58,0.9,L83,D,62,1.92,176.27,1.93,0,0.85,211,7.06,0.21,286.96,37721.78,150752.3,179.91,22.6023,203.0,-161.0,10.705352140802795,3,1,4,0,0,0.006641084876159588
Automotive,37,26,6,4,39.72,5.3,0.25,L15,A,108,3.58,194.88,0.2,6,0.71,218,4.6,0.26,22.66,7210.5599999999995,2701.0,158.88,17.437,176.0,-150.0,0.9315206210594004,10,4,2,1,1,0.9990235050562282
Pharma,387,69,5,6,6.87,1.55,0.85,L77,A,134,2.5,127.18,1.12,3,0.86,557,12.07,0.31,16.54,49218.66,158205.6,41.22,6.245586471661408,47.0,22.0,56.331869529567754,3,1,5,1,1,0.9998835533988305
Apparel,290,58,7,4,7.85,2.94,0.36,L58,B,90,1.4,69.35,1.98,0,0.77,768,14.36,0.69,252.25,20111.5,209583.00000000003,31.4,9.6726,41.0,17.0,36.942670453163004,5,2,0,0,0,0.0019964660380296065
Groceries,364,35,5,6,11.19,7.78,0.89,L28,B,30,4.36,35.6,0.15,2,0.9,532,5.76,0.9,42.94,12958.4,19929.0,67.14,31.34881467711339,98.0,-63.0,32.52904088212325,8,3,4,1,1,0.9997352846208322
Groceries,266,97,4,8,17.34,5.91,0.97,L37,A,172,1.16,145.75,1.22,5,0.92,538,13.62,0.97,72.44,38769.5,118449.79999999999,138.72,27.497827085426223,166.0,-69.0,15.340252863883917,10,4,2,1,1,0.9998216634218934
Automotive,237,32,8,6,28.24,7.38,0.51,L70,D,85,4.6,96.18,0.59,1,0.73,972,11.48,0.64,23.15,22794.66,51037.95,169.44,29.73705042636206,199.0,-167.0,8.392350977607968,9,3,3,1,1,0.9996840795168397
Groceries,88,61,7,8,47.5,6.54,0.35,L12,B,144,3.98,89.52,1.1,9,0.88,780,4.06,0.51,141.37,7877.759999999999,35332.00000000001,380.0,30.42906753615694,410.0,-349.0,1.8526315399445992,8,3,3,1,1,0.9993768090226887
Electronics,452,21,9,7,13.05,1.97,0.73,L100,C,82,2.89,14.78,0.84,3,0.82,910,1.14,0.46,266.98,6680.5599999999995,138583.2,91.35000000000001,8.573953986201467,100.0,-79.0,34.63601267156991,10,4,3,1,1,0.9997487934870134
Groceries,185,83,6,8,45.31,9.38,0.79,L37,C,19,0.63,51.07,0.78,1,0.94,242,3.24,0.29,254.09,9447.95,52669.50000000001,362.48,43.64291337754619,406.0,-323.0,4.082983798654077,6,2,5,1,1,0.9985637025171965
Electronics,398,84,3,9,2.88,5.68,0.84,L2,B,147,4.19,60.11,0.33,4,0.89,69,14.64,0.56,48.92,23923.78,47939.1,25.919999999999998,28.0308,54.0,30.0,138.194396460279,12,4,2,1,1,0.9996088446833166
Electronics,407,37,13,2,6.88,4.25,0.87,L99,D,94,2.35,64.6,1.08,9,0.88,682,1.14,0.44,298.3,26292.199999999997,160439.4,13.76,9.8871205679409,24.0,13.0,59.15696814578951,11,4,1,1,1,0.9997967898884947
Groceries,310,32,8,6,18.41,8.17,0.32,L71,D,123,2.72,121.96,1.13,9,0.79,115,10.01,0.85,202.42,37807.6,127859.49999999999,110.46000000000001,32.920284821595935,143.0,-111.0,16.83867371870322,5,2,3,1,1,0.9998990502065966
Electronics,37,72,7,9,48.58,3.04,0.45,L51,D,155,3.48,143.84,1.79,7,0.98,328,11.83,0.81,62.86,5322.08,24173.95,437.21999999999997,15.0024,452.0,-380.0,0.7616302848573429,10,4,5,1,1,0.9982123488264218
Pharma,374,11,5,4,1.11,6.28,0.28,L88,C,145,4.46,161.96,0.94,2,0.77,73,9.68,0.84,56.07,60573.04,128319.4,4.44,20.6612,25.0,-14.0,336.93663339042035,7,3,6,1,1,0.9998298877693281
Electronics,333,61,13,3,15.1,5.48,0.69,L90,A,16,0.66,133.85,1.25,9,0.7,138,6.49,0.68,24.83,44572.049999999996,151931.25,45.3,15.613745209910403,61.0,0.0,22.052978671988168,4,2,3,1,1,0.9997330999243993
Apparel,299,58,8,2,38.2,7.07,0.54,L76,C,118,0.84,94.77,1.29,3,0.8,767,10.94,0.23,148.13,28336.23,140784.15000000002,76.4,16.447515862433452,93.0,-35.0,7.827224925988876,6,2,2,1,1,0.9995004829755045
Apparel,45,25,9,8,2.89,7.73,0.67,L69,C,77,1.78,58.63,1.27,1,0.89,613,3.32,0.97,188.91,2638.35,20859.75,23.12,35.96585505420385,59.0,-34.0,15.570928868190702,11,4,2,1,1,0.9980004703526857
Apparel,498,26,3,6,22.04,3.66,0.48,L33,C,152,4.28,61.65,1.98,6,0.99,734,14.68,0.9,170.96,30701.7,359904.6,132.24,14.74764289437468,147.0,-121.0,22.595280281520857,4,2,3,1,1,0.9998401250006234
Electronics,130,47,11,8,36.31,8.43,0.19,L73,A,114,2.5,44.23,0.36,1,0.76,640,8.81,0.22,295.83,5749.9,17082.0,290.48,39.22278888834908,330.0,-283.0,3.5802808157455024,2,1,1,1,1,0.9991333817143898
Pharma,395,95,11,5,30.13,3.48,0.93,L87,D,177,1.64,169.66,1.51,3,1.0,185,2.25,0.39,248.35,67015.7,217704.25000000003,150.65,12.800594743995296,163.0,-68.0,13.109856849988157,7,3,1,1,1,0.9998495002899969
Electronics,464,40,13,4,11.84,5.19,0.57,L4,D,122,3.28,60.73,1.06,2,0.99,667,4.83,0.72,250.82,28178.719999999998,179521.6,47.36,17.075100000000003,64.0,-24.0,39.189185879291735,1,1,5,1,1,0.9999077906789552
Automotive,121,54,4,4,23.01,9.3,0.66,L84,D,162,2.09,152.39,0.18,8,0.8,646,9.55,0.6,221.68,18439.19,7949.699999999999,92.04,30.597,123.0,-69.0,5.258582996150238,3,1,2,1,1,0.9994848547406444
Electronics,93,44,6,7,23.53,3.71,0.88,L60,B,94,1.03,178.54,1.75,4,0.9,958,3.06,0.56,213.88,16604.219999999998,59403.75,164.71,16.146887963861644,181.0,-137.0,3.952401021997406,10,4,6,1,1,0.9995976995083968
Automotive,435,14,13,6,26.89,2.29,0.27,L93,C,88,1.4,175.33,0.48,5,0.91,340,7.56,0.51,14.46,76268.55,76212.0,161.34,9.227350335551371,171.0,-157.0,16.17701687701685,12,4,5,1,1,0.9997978092176071
Automotive,73,97,12,5,34.76,6.63,0.64,L31,B,12,1.82,171.8,1.22,5,0.85,298,3.7,0.61,38.94,12541.400000000001,32506.9,173.79999999999998,24.387339986404832,198.0,-101.0,2.1001150143810414,4,2,3,1,1,0.9996502000631216
Apparel,107,79,11,2,47.75,3.15,0.23,L29,A,11,1.55,51.02,0.99,9,0.95,605,9.2,0.28,140.65,5459.14,38664.45,95.5,7.328101126826786,103.0,-24.0,2.2408376494065414,3,1,4,1,1,0.9991691996418395
Electronics,208,78,7,3,28.78,9.53,0.28,L31,D,119,1.06,158.93,1.07,1,0.9,314,13.98,0.25,266.99,33057.44,81234.4,86.34,27.153100702636152,113.0,-35.0,7.22724088856008,8,3,0,1,1,0.9993554744766393
Automotive,189,95,5,5,6.22,5.69,0.82,L93,B,82,4.16,31.97,0.27,2,0.97,115,3.36,0.86,126.16,6042.33,18625.95,31.099999999999998,20.92970807279691,52.0,43.0,30.385847204847718,12,4,0,1,1,0.9992501681557087
Groceries,423,59,9,6,33.22,2.12,0.28,L29,D,103,2.12,11.03,1.36,6,0.86,876,12.83,0.82,160.88,4665.69,209977.20000000004,199.32,8.542350528982055,208.0,-149.0,12.733292813567346,12,4,0,1,1,0.9992911538923724
Automotive,468,21,6,4,34.75,6.09,0.67,L100,C,137,4.65,154.31,1.05,7,0.84,990,9.73,0.89,101.39,72217.08,179361.0,139.0,20.0361,159.0,-138.0,13.467625511723007,5,2,3,1,1,0.9998736558918235
Automotive,46,58,5,7,34.63,2.62,0.38,L83,C,109,2.27,86.9,1.61,2,0.94,875,14.19,0.42,68.39,3997.4,27031.9,242.41000000000003,11.40292357555728,254.0,-196.0,1.3283280009145828,1,1,1,1,1,0.999364790098853
Groceries,365,14,13,9,22.36,2.88,0.99,L54,C,22,3.62,57.51,0.48,8,0.96,150,5.33,0.27,68.86,20991.149999999998,63947.99999999999,201.24,14.212799999999998,215.0,-201.0,16.32379175653883,4,2,3,1,1,0.9997221861180288
Electronics,357,84,13,6,2.52,4.22,0.34,L32,C,14,4.51,152.84,0.31,4,1.0,994,6.05,0.76,225.19,54563.880000000005,40394.55,15.120000000000001,17.00411284542654,32.0,52.0,141.66661044975774,2,1,4,1,1,0.9997598916994048
Apparel,51,39,3,6,17.98,2.02,0.17,L82,C,28,4.88,176.08,0.93,7,0.82,880,9.34,0.26,228.37,8980.08,17311.95,107.88,8.139409466294222,116.0,-77.0,2.8364848255570174,3,1,0,1,1,0.9992433548620381
Pharma,60,93,11,9,43.55,6.58,0.87,L76,D,116,1.36,115.72,1.48,1,0.8,442,3.04,0.88,133.87,6943.2,32412.0,391.95,32.4723,424.0,-331.0,1.3777267192255636,10,4,1,1,1,0.9986413179498514
Pharma,131,14,5,2,41.49,3.96,0.99,L78,A,78,0.67,96.4,1.62,8,0.79,988,1.68,0.73,96.1,12628.400000000001,77460.3,82.98,9.212469988010817,92.0,-78.0,3.157387246146367,1,1,6,1,1,0.9989531162164718
Apparel,296,16,6,3,39.09,6.81,0.65,L42,C,46,1.96,41.98,1.21,1,0.73,404,9.82,0.46,210.38,12426.08,130728.4,117.27000000000001,19.403212569249966,137.0,-121.0,7.572268928824023,3,1,6,1,1,0.9993342887452041
Electronics,21,30,9,3,37.25,8.84,0.8,L48,B,83,1.28,167.33,1.2,8,0.93,113,8.12,0.35,72.75,3513.9300000000003,9198.0,111.75,25.1871364335051,137.0,-107.0,0.563758374127292,10,4,1,1,1,0.998910910839284
Automotive,204,17,3,8,32.85,3.29,0.53,L42,D,22,4.68,48.99,1.05,4,0.79,745,13.25,0.86,213.84,9993.960000000001,78183.0,262.8,15.307589020482618,278.0,-261.0,6.210045473057977,1,1,5,1,1,0.9995423846608884
Pharma,111,96,6,7,16.64,2.12,0.71,L59,D,84,1.49,80.72,0.6,2,0.96,988,11.33,0.55,127.98,8959.92,24308.999999999996,116.48,9.226793122206654,126.0,-30.0,6.670672676041305,8,3,4,1,1,0.9996701261145178
Electronics,496,90,4,2,20.3,6.47,0.14,L12,B,54,2.98,159.77,0.23,9,0.77,402,3.25,0.7,31.39,79245.92,41639.2,40.6,15.051687076371207,56.0,34.0,24.4334963333253,2,1,4,1,1,0.9997188682341717
Electronics,498,23,7,8,28.94,1.1,0.85,L75,A,14,2.31,97.89,1.24,0,0.84,623,9.49,0.37,113.59,48749.22,225394.8,231.52,5.118038882228231,237.0,-214.0,17.208015991429992,2,1,3,0,0,0.005033517021095631
Pharma,333,77,9,5,2.52,9.82,0.22,L8,B,66,0.66,89.14,0.79,5,0.72,292,12.07,0.99,101.01,29683.62,96020.55,12.6,36.12121850173386,49.0,28.0,132.14280470523622,3,1,4,1,1,0.9997348813357401
Pharma,490,61,12,3,17.12,4.92,0.18,L45,D,26,2.81,21.79,0.84,6,0.74,970,14.19,0.86,156.17,10677.1,150234.0,51.36,14.018180005977952,65.0,-4.0,28.62149365528658,12,4,6,1,1,0.9997505696200648
Pharma,158,80,12,9,32.51,5.4,0.7,L97,B,35,2.1,93.09,0.83,1,0.71,457,10.02,0.89,237.76,14708.220000000001,47866.1,292.59,26.649,319.0,-239.0,4.8600429141789325,11,4,4,1,1,0.9994025475000936
Electronics,182,78,10,4,22.76,9.39,0.6,L42,A,99,4.64,116.02,0.91,2,0.96,732,6.52,0.63,258.59,21115.64,60451.3,91.04,30.8931,122.0,-44.0,7.996484710172024,3,1,4,1,1,0.9997136683288916
Apparel,303,72,11,4,45.14,4.07,0.65,L75,A,25,2.83,69.9,0.17,3,0.83,414,2.23,0.7,76.44,21179.7,18801.15,180.56,13.390300000000002,194.0,-122.0,6.712450006370182,8,3,3,1,1,0.9994346778211685
Groceries,323,52,6,6,32.0,4.89,0.15,L63,B,125,3.72,170.33,1.21,0,0.74,403,1.03,0.63,198.84,55016.590000000004,142652.94999999998,192.0,19.70381796543502,212.0,-160.0,10.093749684570323,2,1,4,0,0,0.0030435530099349015
Automotive,256,50,8,6,8.76,0.81,0.77,L19,D,20,2.2,70.95,0.74,6,0.85,802,12.0,0.3,126.51,18163.2,69145.6,52.56,3.263822607771446,56.0,-6.0,29.223740956193957,7,3,1,1,1,0.999793786077102
Pharma,305,37,12,5,44.06,4.11,0.21,L96,B,177,3.11,154.15,0.25,8,0.94,265,11.47,0.65,12.31,47015.75,27831.25,220.3,15.117943792477204,235.0,-198.0,6.922378417558366,2,1,3,1,1,0.9993968836120242
Automotive,44,99,14,3,35.6,7.04,0.35,L75,B,33,3.04,141.19,0.31,3,0.97,924,12.42,0.6,299.94,6212.36,4978.6,106.80000000000001,20.058533992293654,127.0,-28.0,1.2359550214619377,2,1,5,1,1,0.9990956838423644
Pharma,469,26,9,5,43.8,3.81,0.54,L47,D,161,2.51,41.57,0.83,9,0.76,751,7.97,0.83,137.39,19496.33,142083.55,219.0,14.014444245581059,233.0,-207.0,10.707762312608168,4,2,2,1,1,0.9997959440178135
Electronics,221,57,13,6,18.03,9.26,0.89,L16,D,94,4.63,150.15,1.31,4,0.81,702,14.64,0.22,97.07,33183.15,105671.15,108.18,37.312342404893315,145.0,-88.0,12.257348183175363,9,3,5,1,1,0.9998599852771197
Groceries,251,77,5,7,17.31,5.73,0.9,L7,C,47,0.79,41.68,1.38,9,0.83,963,9.24,0.37,21.24,10461.68,126428.7,121.16999999999999,24.938454995398175,146.0,-69.0,14.500288012692778,1,1,4,1,1,0.9998220889995088
Groceries,123,29,13,8,9.86,8.24,0.93,L73,B,168,4.73,65.29,1.72,2,0.85,277,12.26,0.82,75.55,8030.670000000001,77219.4,78.88,38.33876399050966,117.0,-88.0,12.474643765249112,12,4,1,1,1,0.9994977461124054
Groceries,88,24,12,9,32.07,2.27,0.21,L96,A,162,2.98,88.76,0.63,6,0.96,918,8.39,0.24,293.98,7810.88,20235.6,288.63,11.20245,300.0,-276.0,2.7439974198940624,4,2,5,1,1,0.9993498954287539
Electronics,125,65,6,6,31.6,1.87,0.48,L41,D,150,2.71,30.16,1.23,3,0.97,811,3.9,0.35,200.25,3770.0,56118.75,189.60000000000002,7.534997872262473,197.0,-132.0,3.95569607735139,6,2,2,1,1,0.9996404349649294
Apparel,91,51,4,3,11.28,6.4,0.71,L81,A,50,3.68,71.64,1.03,0,0.87,599,11.68,0.54,110.2,6519.24,34211.450000000004,33.839999999999996,18.23503090208514,52.0,-1.0,8.067375171331989,7,3,2,0,0,0.03568228094233723
Apparel,161,86,5,3,33.61,6.32,0.24,L43,A,58,4.45,78.35,1.72,2,0.98,74,14.92,0.64,85.67,12614.349999999999,101075.8,100.83,18.007093015809076,119.0,-33.0,4.790240857178196,12,4,2,1,1,0.9993459647543328
Apparel,396,29,13,6,25.17,0.69,0.44,L67,D,91,3.05,75.2,0.51,9,0.79,507,9.57,0.7,262.98,29779.2,73715.40000000001,151.02,2.7802933325460457,154.0,-125.0,15.733014869566352,4,2,4,1,1,0.999761992614942
Apparel,213,94,11,8,37.42,0.76,0.42,L42,C,95,3.05,81.29,1.7,8,0.7,354,5.01,0.29,268.91,17314.77,132166.5,299.36,3.536099591357687,303.0,-209.0,5.69214308679468,2,1,0,1,1,0.9989521540999939
Pharma,321,18,11,9,43.74,5.55,0.35,L84,B,162,4.05,95.81,0.2,3,0.88,587,8.89,0.67,48.83,30755.010000000002,23433.0,393.66,27.389249999999997,421.0,-403.0,7.338820134000454,12,4,1,1,1,0.999029026460554
Pharma,266,91,12,3,42.46,3.76,0.38,L100,C,152,4.64,63.74,1.03,2,0.98,148,12.03,0.81,196.89,16954.84,100002.70000000001,127.38,10.71308065497502,138.0,-47.0,6.264719588678296,7,3,6,1,1,0.9994827683957938
Pharma,217,49,5,2,41.64,1.3,0.71,L83,D,148,1.1,190.07,0.33,9,0.91,833,2.21,0.85,82.82,41245.189999999995,26137.65,83.28,3.024295703134864,86.0,-37.0,5.21133512941078,3,1,4,1,1,0.9985561182369291
Groceries,452,78,7,5,11.02,7.35,0.71,L90,D,27,3.29,117.7,1.72,3,0.87,876,2.55,0.28,40.26,53200.4,283765.6,55.099999999999994,27.035738898955582,82.0,-4.0,41.01633021630398,10,4,4,1,1,0.9998683316157158
Automotive,35,23,8,4,44.61,5.11,0.13,L64,A,174,0.63,46.54,0.71,9,0.96,740,3.78,0.7,116.14,1628.8999999999999,9070.25,178.44,16.8119,195.0,-172.0,0.784577431414987,3,1,5,1,1,0.999015876342396
Apparel,87,43,9,5,2.1,4.78,0.18,L21,D,158,2.9,155.98,1.54,1,0.7,565,12.15,0.26,53.19,13570.259999999998,48902.7,10.5,17.582426113878597,28.0,15.0,41.42855170068966,2,1,5,1,1,0.9995313933005854
Groceries,383,12,10,4,29.73,1.33,0.2,L80,D,155,0.57,174.91,0.87,8,0.84,341,14.88,0.65,91.27,66990.53,121621.65,118.92,4.3757,123.0,-111.0,12.882609724769265,7,3,6,1,1,0.9993697364655181
Pharma,92,26,12,6,47.94,0.91,0.26,L100,D,76,4.57,13.54,0.78,9,0.99,927,11.36,0.87,45.18,1245.6799999999998,26192.4,287.64,3.6667636704592783,291.0,-265.0,1.919065458509273,2,1,2,1,1,0.9988756945973765
Apparel,268,38,13,6,39.77,1.22,0.21,L14,A,18,3.07,50.98,1.44,5,0.95,629,14.38,0.75,104.87,13662.64,140860.8,238.62,4.915880964791559,244.0,-206.0,6.738747630406144,2,1,2,1,1,0.9993686928542977
Automotive,277,94,6,4,38.15,1.6,0.59,L42,D,51,0.97,160.08,1.38,2,0.77,224,11.99,0.38,158.98,44342.16,139524.9,152.6,5.264,158.0,-64.0,7.260812391590764,10,4,6,1,1,0.9996123906910919
Electronics,269,19,12,2,8.41,8.59,0.93,L69,D,14,3.91,132.66,0.89,7,0.92,481,1.87,0.93,56.76,35685.54,87384.65,16.82,19.98361545379114,37.0,-18.0,31.985727468997926,12,4,1,1,1,0.9997572767674551
Pharma,90,83,12,7,34.24,7.18,0.15,L24,D,97,1.35,22.88,0.69,1,0.82,778,14.94,0.42,198.02,2059.2,22666.499999999996,239.68,31.249233310114988,271.0,-188.0,2.628504596130123,3,1,1,1,1,0.9995091284821782
Apparel,281,73,3,6,9.45,3.23,0.37,L29,A,10,2.61,103.82,1.05,8,0.88,996,3.81,0.3,46.71,29173.42,107693.25,56.699999999999996,13.014996324816998,70.0,3.0,29.735446588841636,12,4,2,1,1,0.999863190197485
Automotive,185,83,4,2,26.73,3.26,0.91,L82,A,22,1.24,57.8,1.45,8,0.91,982,12.12,0.58,125.19,10693.0,97911.25,53.46,7.584003070938197,61.0,22.0,6.921062217693145,8,3,0,1,1,0.9990695430858472
Electronics,160,97,6,4,48.76,1.11,0.43,L32,A,44,2.1,178.51,0.99,8,0.88,537,11.33,0.67,124.43,28561.6,57816.0,195.04,3.6519000000000004,199.0,-102.0,3.2813781115385954,6,2,0,1,1,0.9993452035209961
Electronics,455,26,4,2,14.33,2.08,0.28,L76,C,115,1.41,181.03,1.5,8,0.85,253,9.73,0.56,30.52,82368.65,249112.5,28.66,4.838873125015783,33.0,-7.0,31.751567916848018,9,3,6,1,1,0.9996491693957706
Electronics,303,62,9,8,49.34,5.01,0.62,L59,B,100,3.18,140.2,1.86,8,0.72,860,13.01,0.59,49.05,42480.6,205706.7,394.72,23.310340727239492,418.0,-356.0,6.141061894181964,12,4,0,1,1,0.9988994318236837
Automotive,239,66,14,8,37.91,5.93,0.83,L93,C,97,1.67,89.55,0.17,4,0.81,367,1.36,0.23,22.53,21402.45,14829.95,303.28,27.590882337830372,331.0,-265.0,6.304405003840544,4,2,4,1,1,0.9992743080036484
Pharma,202,28,3,9,23.87,0.69,0.22,L73,D,139,3.82,124.59,0.69,8,1.0,578,8.61,0.91,154.88,25167.18,50873.7,214.83,3.40515,218.0,-190.0,8.462504882174072,11,4,6,1,1,0.999002972227197
Pharma,275,33,14,6,14.36,8.61,0.75,L49,D,143,3.7,61.01,1.08,8,0.73,158,13.57,0.38,135.33,16777.75,108405.0,86.16,34.6932254974224,121.0,-88.0,19.150416493703588,2,1,1,1,1,0.9998336846628945
Groceries,160,67,13,9,30.1,5.6,0.51,L53,C,55,4.86,24.05,1.31,7,0.81,615,9.43,0.48,279.83,3848.0,76504.00000000001,270.90000000000003,27.636,299.0,-232.0,5.315614441341713,12,4,3,1,1,0.9992988485442162
Pharma,103,34,5,3,26.19,2.92,0.94,L71,A,144,3.05,112.48,1.73,9,0.92,55,2.93,0.25,288.06,11585.44,65039.35,78.57000000000001,8.319732849076345,87.0,-53.0,3.9327986279954703,4,2,0,1,1,0.9991743345637815
Apparel,302,58,7,2,21.1,1.02,0.62,L74,B,72,3.66,65.17,1.3,2,0.98,289,2.82,0.51,245.69,19681.34,143299.0,42.2,2.3729089363058162,45.0,13.0,14.312795530199262,11,4,3,1,1,0.9996532194090719
Automotive,210,33,14,8,20.57,6.01,0.57,L28,B,27,1.95,67.28,1.38,9,0.71,863,11.42,0.88,71.8,14128.800000000001,105776.99999999999,164.56,27.963103347446975,193.0,-160.0,10.209041798296461,1,1,6,1,1,0.999638876114973
Electronics,230,71,7,2,38.77,4.78,0.95,L42,D,56,4.8,110.92,1.07,5,0.78,692,2.62,0.98,208.07,25511.600000000002,89826.50000000001,77.54,11.120102662295885,89.0,-18.0,5.932421822738668,4,2,5,1,1,0.9994854379489697
Apparel,192,66,3,2,30.01,6.96,0.84,L1,B,33,4.1,176.2,1.09,8,0.98,447,2.85,0.31,152.91,33830.399999999994,76387.20000000001,60.02,16.19161391832204,76.0,-10.0,6.397867164349644,7,3,2,1,1,0.9993741747927418
Apparel,317,81,11,7,48.85,8.3,0.83,L78,C,77,2.56,97.05,0.74,0,0.96,857,4.53,0.59,281.85,30764.85,85621.7,341.95,36.12376552562039,378.0,-297.0,6.4892526818986145,2,1,3,1,1,0.769917941417646
Electronics,139,21,5,2,25.44,1.0,0.36,L98,D,143,3.28,71.14,0.68,9,0.85,977,7.33,0.4,87.24,9888.460000000001,34499.8,50.88,2.3263813101037414,53.0,-32.0,5.463836263213983,4,2,1,1,1,0.9988652561913424
Pharma,123,66,10,5,23.29,2.04,0.33,L39,B,115,2.36,72.27,1.28,2,0.88,655,14.82,0.28,281.76,8889.21,57465.6,116.44999999999999,7.503796918893794,124.0,-58.0,5.281236355464304,3,1,6,1,1,0.999665612991277
Groceries,30,83,4,4,33.27,8.62,0.77,L98,B,179,2.88,72.49,0.94,3,0.77,111,14.47,0.34,217.98,2174.7,10293.0,133.08,28.359799999999996,161.0,-78.0,0.9017132280819589,4,2,0,1,1,0.9990482429498858
Groceries,104,67,5,7,10.27,9.3,0.93,L52,A,22,2.14,134.56,0.74,9,0.78,259,3.36,0.84,268.54,13994.24,28090.399999999998,71.89,40.476026432321646,112.0,-45.0,10.126581292445834,1,1,0,1,1,0.9995018562253928
Apparel,341,66,13,5,4.35,7.92,0.52,L93,C,87,1.2,114.06,0.26,7,0.92,315,4.24,0.86,29.58,38894.46,32360.899999999998,21.75,29.13238803805826,51.0,15.0,78.39078657683068,11,4,2,1,1,0.9998051017199276
Groceries,67,26,11,7,48.42,0.94,0.18,L56,C,115,1.87,194.99,0.16,3,0.92,774,2.52,0.73,173.54,13064.33,3912.8,338.94,4.091125252299177,343.0,-317.0,1.3837257045905473,12,4,3,1,1,0.9977551438138179
Groceries,384,41,3,6,28.49,8.03,0.4,L34,D,122,0.95,106.81,1.1,0,0.89,391,12.08,0.81,222.42,41015.04,154176.0,170.94,32.35616733383297,203.0,-162.0,13.478413005320709,8,3,3,0,0,0.0022558574184572
Pharma,113,56,5,7,15.01,4.52,0.65,L79,B,93,1.33,126.11,0.98,6,0.77,94,9.17,0.91,63.75,14250.43,40420.1,105.07,19.672219298289658,125.0,-69.0,7.5283139554754195,10,4,2,1,1,0.999582027876092
Pharma,78,12,7,3,40.3,2.51,0.16,L10,D,164,2.93,183.89,0.37,2,0.98,931,2.9,0.39,139.44,14343.419999999998,10533.9,120.89999999999999,7.151551181911515,128.0,-116.0,1.9354838229408484,9,3,0,1,1,0.9991956068490063
Pharma,397,92,4,3,12.45,7.06,0.68,L57,C,42,0.98,168.72,0.76,3,0.99,633,8.08,0.36,84.71,66981.84,110127.8,37.349999999999994,20.115518463862667,57.0,35.0,31.88754763955441,1,1,6,1,1,0.9997988535910605
Electronics,472,42,12,8,32.27,6.89,0.62,L42,C,144,4.51,80.11,0.2,6,0.98,345,12.19,0.46,181.81,37811.92,34456.0,258.16,32.05753445322956,290.0,-248.0,14.626587709123404,6,2,5,1,1,0.9996859303967118
Groceries,85,19,3,6,8.2,3.0,0.18,L6,D,139,2.14,139.73,0.16,8,0.81,904,12.51,0.56,58.48,11877.05,4964.0,49.199999999999996,12.088231880634984,61.0,-42.0,10.365852394408247,10,4,1,1,1,0.999434541404461
Apparel,452,18,12,4,41.63,1.08,0.58,L41,D,111,3.49,118.61,0.62,2,1.0,105,8.7,0.46,171.14,53611.72,102287.6,166.52,3.5532000000000004,170.0,-152.0,10.857554387279501,8,3,3,1,1,0.9996972635189683
Electronics,72,87,9,9,17.19,9.43,0.18,L48,B,57,0.56,114.55,1.85,0,0.85,868,1.6,0.44,277.89,8247.6,48618.00000000001,154.71,46.53705,201.0,-114.0,4.188481431734646,3,1,1,1,1,0.9810831266934056
Electronics,271,34,8,2,44.55,0.88,0.71,L32,C,90,3.06,42.27,0.41,1,1.0,930,6.32,0.31,99.4,11455.17,40555.15,89.1,2.0472155528912923,91.0,-57.0,6.083052613175027,1,1,0,1,1,0.9986924466200428
Automotive,78,25,12,3,20.0,4.68,0.58,L59,C,115,4.92,35.33,1.38,6,0.9,883,3.77,0.75,264.7,2755.74,39288.6,60.0,13.334366347149757,73.0,-48.0,3.8999998050000095,5,2,1,1,1,0.9994532808338078
Pharma,457,65,10,7,21.15,5.72,0.41,L56,C,118,2.93,159.48,1.51,9,0.99,310,13.93,0.38,243.11,72882.36,251875.55000000002,148.04999999999998,24.89493238633116,173.0,-108.0,21.6075639901861,4,2,1,1,1,0.999882462243978
Automotive,351,18,10,6,27.15,2.03,0.11,L59,D,55,2.18,52.9,0.47,1,0.81,603,8.66,0.29,190.56,18567.899999999998,60214.05,162.89999999999998,8.179703572563005,171.0,-153.0,12.928176319404187,11,4,3,1,1,0.9998356274866884
Automotive,304,92,4,5,5.15,5.75,0.13,L74,D,67,3.76,147.47,1.05,6,0.83,530,10.14,0.89,267.28,44830.88,116508.0,25.75,21.150407982176137,47.0,45.0,59.0291147516282,1,1,2,1,1,0.9998771611480164
Groceries,44,96,7,9,11.57,3.5,0.48,L59,D,31,3.67,70.12,0.57,7,0.71,263,5.97,0.49,212.72,3085.28,9154.199999999999,104.13,17.2725,121.0,-25.0,3.8029383057097403,1,1,3,1,1,0.9987295746060949
Pharma,425,49,6,3,32.49,4.52,0.91,L4,D,113,2.93,57.9,1.0,0,0.91,745,6.76,0.48,29.56,24607.5,155125.0,97.47,12.87849057459763,110.0,-61.0,13.0809475813805,6,2,6,0,0,0.0013126862867210906
Apparel,170,41,6,7,29.44,9.53,0.21,L82,A,179,0.68,52.69,0.3,3,0.78,70,9.46,0.78,278.03,8957.3,18615.0,206.08,41.47704644086293,248.0,-207.0,5.774456325595913,8,3,6,1,1,0.9992706235070805
Automotive,346,46,13,5,33.69,2.79,0.21,L95,A,39,2.64,31.1,1.9,0,0.96,994,2.08,0.29,92.04,10760.6,239951.0,168.45,10.26254578613416,179.0,-133.0,10.270109520032369,1,1,5,0,0,0.005750434610791599
Pharma,465,83,9,6,27.95,4.73,0.82,L83,D,164,1.42,18.07,1.4,3,0.94,82,10.19,0.94,176.7,8402.55,237615.0,167.7,19.05911226513449,187.0,-104.0,16.636850925336283,8,3,4,1,1,0.999751875595822
Electronics,435,26,11,8,5.89,3.61,0.87,L51,D,119,4.84,144.62,0.27,1,0.7,531,12.61,0.38,171.67,62909.700000000004,42869.25,47.12,16.79647305894901,64.0,-38.0,73.85397727436718,5,2,1,1,1,0.9997554213741083
Pharma,125,16,7,8,28.71,4.69,0.33,L26,A,110,1.34,156.75,1.65,7,0.74,455,1.75,0.92,166.24,19593.75,75281.25,229.68,21.821456688773097,252.0,-236.0,4.353883512578073,12,4,0,1,1,0.9994146151409558
Electronics,313,72,3,7,30.95,7.56,0.13,L1,D,157,2.52,10.87,1.73,4,0.8,746,4.18,0.92,18.75,3402.31,197643.85,216.65,32.90309245466146,250.0,-178.0,10.113085295215338,8,3,0,1,1,0.9990965875735661
Apparel,422,61,13,4,22.28,2.1,0.7,L59,C,146,2.7,45.06,1.27,9,0.99,774,14.82,0.73,248.45,19015.32,195618.1,89.12,6.909000000000001,96.0,-35.0,18.940753189373734,3,1,0,1,1,0.9998872960242344
Groceries,179,62,13,9,40.66,6.99,0.56,L8,C,177,3.15,23.12,1.13,6,0.79,56,2.4,0.89,54.65,4138.4800000000005,73828.54999999999,365.93999999999994,34.49565,400.0,-338.0,4.402360934521375,11,4,4,1,1,0.9986692686647728
Pharma,96,91,14,9,20.01,7.3,0.3,L8,A,50,1.63,22.97,1.43,7,0.92,799,5.75,0.6,262.43,2205.12,50107.2,180.09,36.0255,216.0,-125.0,4.797600959640131,8,3,4,1,1,0.9993489550715181
Electronics,160,78,9,7,21.81,2.5,0.14,L59,C,24,3.31,103.69,0.95,8,0.81,330,14.17,0.22,44.73,16590.4,55480.0,152.67,10.88065226675313,164.0,-86.0,7.3360840286068765,1,1,0,1,1,0.9995353736518174
Electronics,268,43,4,2,40.27,7.23,0.2,L63,C,71,2.44,175.55,0.44,9,1.0,912,12.05,0.5,142.23,47047.4,43040.8,80.54,16.819736872050054,97.0,-54.0,6.655078056740053,4,2,6,1,1,0.9992794137287193
Apparel,404,42,9,7,47.22,8.52,0.45,L71,D,79,2.71,52.83,0.78,9,0.96,522,6.83,0.76,252.9,21343.32,115018.8,330.53999999999996,37.08126292509466,368.0,-326.0,8.555696557482072,7,3,1,1,1,0.9995747948366741
Electronics,388,99,3,2,46.26,2.68,0.81,L67,C,126,4.5,173.33,1.79,1,0.93,840,6.87,0.41,33.75,67252.04000000001,253499.8,92.52,6.234701911078028,99.0,0.0,8.387375521241342,2,1,5,1,1,0.9990027198301603
Pharma,95,88,10,5,15.37,8.02,0.73,L73,A,58,0.54,80.81,1.23,1,0.89,805,10.19,0.99,188.3,7676.95,42650.25,76.85,29.500221220356977,106.0,-18.0,6.180871426098151,5,2,2,1,1,0.9990962452585381
Groceries,115,71,9,8,43.46,1.86,0.31,L64,B,71,3.51,197.88,0.25,8,0.85,615,2.25,0.97,148.06,22756.2,10493.75,347.68,8.654138473585919,356.0,-285.0,2.646111305887913,3,1,5,1,1,0.9988316732696362
Apparel,32,52,7,3,1.39,7.19,0.32,L25,D,50,2.48,58.61,1.69,6,0.81,966,12.52,0.99,59.82,1875.52,19739.2,4.17,20.485917529061275,25.0,27.0,23.02156617153513,4,2,5,1,1,0.996964553385787
Automotive,167,32,6,5,45.21,2.95,0.91,L63,A,39,3.97,86.81,1.9,2,0.75,147,5.39,0.96,289.22,14497.27,115814.5,226.05,10.851078877812105,237.0,-205.0,3.693872955233954,11,4,6,1,1,0.9993974628698742
Apparel,216,67,4,4,20.89,3.84,0.25,L76,A,46,0.71,67.88,1.82,8,0.94,820,7.85,0.91,260.79,14662.079999999998,143488.8,83.56,12.6336,96.0,-29.0,10.339875043567494,12,4,0,1,1,0.9997321316962856
Automotive,458,88,12,7,2.88,4.48,0.37,L17,A,135,2.21,164.18,1.6,6,0.84,192,13.55,0.23,125.71,75194.44,267472.0,20.16,19.49812886202161,40.0,48.0,159.02772255981856,4,2,4,1,1,0.9998554311049273
Electronics,405,19,5,2,46.96,3.61,0.83,L40,C,54,1.06,40.64,0.29,7,0.85,181,3.32,0.32,162.79,16459.2,42869.24999999999,93.92,8.398236529474506,102.0,-83.0,8.624360974779366,12,4,6,1,1,0.9992673697361824
Apparel,261,83,8,5,6.47,6.05,0.46,L78,D,110,1.47,185.2,1.74,3,1.0,89,1.7,0.85,245.62,48337.2,165761.1,32.35,22.253907529072283,55.0,28.0,40.34002467696682,5,2,5,1,1,0.9998510986345633
Automotive,138,67,5,6,16.85,3.26,0.79,L77,C,62,1.11,105.17,0.45,9,0.71,925,7.41,0.64,58.58,14513.460000000001,22666.5,101.10000000000001,13.135878643623347,114.0,-47.0,8.189910493180385,9,3,6,1,1,0.9995509169402576
Automotive,483,83,4,2,28.88,9.24,0.33,L76,C,79,3.8,95.03,0.14,0,0.92,771,9.46,0.26,277.53,45899.49,24681.300000000003,57.76,21.495763305358572,79.0,4.0,16.724376152203043,6,2,6,0,0,0.002289910053617342
Apparel,181,60,12,4,44.15,7.37,0.45,L99,D,114,2.3,70.84,2.0,2,0.84,276,2.29,0.63,208.22,12822.04,132130.0,176.6,24.2473,201.0,-141.0,4.099660156293089,9,3,3,1,1,0.999645494435721
Electronics,36,83,11,9,39.69,6.3,0.34,L93,D,146,4.11,26.57,1.91,9,0.72,258,2.02,0.67,76.98,956.52,25097.399999999998,357.21,31.0905,388.0,-305.0,0.9070294556052041,3,1,3,1,1,0.9977543761518136
Pharma,214,81,3,5,13.75,3.27,0.3,L100,C,110,3.12,36.51,1.04,6,0.85,57,3.53,0.53,14.17,7813.139999999999,81234.4,68.75,12.028145061167995,81.0,0.0,15.56363523173562,10,4,6,1,1,0.9997530702428644
Electronics,245,15,5,7,13.27,8.45,0.43,L93,B,115,1.03,129.84,1.19,6,0.7,425,3.11,0.58,68.84,31810.8,106415.75,92.89,36.776604661625576,130.0,-115.0,18.462696423308486,1,1,3,1,1,0.9998337708410456
Electronics,192,19,12,7,39.6,2.53,0.67,L97,A,172,1.02,25.38,1.41,8,0.82,361,13.32,0.89,12.17,4872.96,98812.79999999999,277.2,11.011220093954165,288.0,-269.0,4.8484847260483654,8,3,0,1,1,0.9994060464706246
Pharma,390,16,14,6,21.43,8.29,0.76,L56,C,112,1.51,149.44,1.5,0,0.86,541,5.97,0.67,91.89,58281.6,213525.0,128.57999999999998,33.403814096821336,162.0,-146.0,18.1987858983301,11,4,5,0,0,0.0017501215519467172
Apparel,470,82,4,9,24.05,6.38,0.7,L99,B,34,4.46,81.19,1.92,9,0.7,349,7.12,0.79,13.25,38159.299999999996,329376.0,216.45000000000002,31.485300000000002,248.0,-166.0,19.54261873003664,12,4,6,1,1,0.9994997720130677
Groceries,102,84,11,6,44.1,4.29,0.37,L2,D,62,1.31,40.19,1.43,4,0.8,360,3.47,0.27,294.24,4099.38,53238.899999999994,264.6,17.286171589308026,282.0,-198.0,2.3129251176207455,1,1,1,1,1,0.9994526972832622
Apparel,178,34,6,2,26.93,1.72,0.49,L21,B,152,2.72,50.14,1.34,2,0.95,798,4.73,0.47,146.07,8924.92,87059.8,53.86,4.001375853378436,58.0,-24.0,6.609728681406287,1,1,0,1,1,0.998993453874759
Automotive,300,16,6,3,49.11,4.55,0.87,L83,D,57,4.27,71.54,1.1,8,0.96,759,6.81,0.98,77.22,21462.000000000004,120450.0,147.32999999999998,12.963967281951154,160.0,-144.0,6.108735367364379,7,3,1,1,1,0.9994883845602104
Pharma,163,50,10,9,17.92,8.4,0.87,L66,B,157,0.81,43.11,1.38,3,0.8,805,10.04,0.45,18.21,7026.93,82103.09999999999,161.28000000000003,41.45400000000001,203.0,-153.0,9.095981635268881,2,1,6,1,1,0.9992168097938509
Electronics,131,11,8,7,26.64,6.87,0.72,L73,A,166,4.25,180.08,0.51,0,0.9,563,13.5,0.87,97.5,23590.480000000003,24385.65,186.48000000000002,29.900032429037598,216.0,-205.0,4.917417232829683,4,2,2,1,1,0.9892705689993755
Groceries,446,16,11,6,8.64,5.96,0.61,L99,B,44,3.55,135.03,0.37,1,0.83,963,8.33,0.84,16.48,60223.38,60232.3,51.84,24.01528733619483,76.0,-60.0,51.62036439579116,11,4,6,1,1,0.9998787850472934
Electronics,496,38,3,5,36.36,7.89,0.21,L41,D,148,3.9,21.1,0.32,2,0.81,371,3.44,0.65,254.2,10465.6,57932.8,181.8,29.022038083368646,211.0,-173.0,13.64136376123862,11,4,2,1,1,0.9996813727881229
Electronics,87,88,14,6,27.25,1.84,0.79,L80,C,106,1.66,159.38,0.93,7,0.8,722,12.56,0.57,121.92,13866.06,29532.150000000005,163.5,7.414115553456123,171.0,-83.0,3.1926604332968647,12,4,2,1,1,0.9996380364557731
Pharma,346,53,5,7,42.45,6.27,0.26,L39,B,98,2.76,152.14,0.17,3,0.98,451,4.9,0.42,298.84,52640.439999999995,21469.300000000003,297.15000000000003,27.288675885016847,324.0,-271.0,8.150765414587386,7,3,2,1,1,0.9993622352603511
Groceries,477,69,8,9,31.94,4.98,0.95,L54,A,81,3.42,154.97,0.72,9,0.95,842,14.52,0.99,125.5,73920.69,125355.6,287.46000000000004,24.5763,312.0,-243.0,14.934251254406659,10,4,6,1,1,0.9997496297256697
Electronics,106,99,3,7,17.84,2.63,0.43,L100,B,56,3.99,73.62,1.14,4,0.82,826,11.59,0.35,162.82,7803.72,44106.6,124.88,11.44644618462429,136.0,-37.0,5.941703702819299,10,4,6,1,1,0.9996084036613787
Apparel,283,95,13,6,31.17,1.54,0.33,L79,A,129,4.38,13.25,0.87,7,0.8,147,4.82,0.75,154.63,3749.75,89866.65000000001,187.02,6.205292365392625,193.0,-98.0,9.079242570444576,7,3,6,1,1,0.9992948562234067
Groceries,454,93,9,7,43.17,4.55,0.26,L39,D,55,4.37,17.47,1.65,4,0.89,938,14.85,0.95,223.07,7931.379999999999,273421.49999999994,302.19,19.802787125490696,322.0,-229.0,10.516562184003655,7,3,3,1,1,0.9994545632970996
Electronics,494,60,10,7,47.35,6.82,0.39,L90,D,117,4.07,173.29,0.97,2,0.74,173,3.68,0.45,184.82,85605.26,174900.7,331.45,29.68241938370254,361.0,-301.0,10.43294592538657,6,2,3,1,1,0.9995479148122521
Pharma,370,98,11,9,3.44,5.46,0.42,L57,B,156,3.87,196.23,0.42,9,0.83,872,5.61,0.87,12.61,72605.09999999999,56721.0,30.96,26.9451,58.0,40.0,107.55810826799178,1,1,5,1,1,0.9996332825124987
Pharma,329,57,6,5,32.83,1.41,0.63,L28,C,123,4.14,74.52,1.52,2,0.84,242,5.82,0.62,118.34,24517.079999999998,182529.19999999998,164.14999999999998,5.186447870411887,169.0,-112.0,10.021321656371562,10,4,4,1,1,0.9998523400058469
Pharma,29,76,5,8,49.59,4.82,0.73,L81,D,63,3.11,143.31,1.34,9,0.8,349,14.36,0.75,79.62,4155.99,14183.9,396.72,22.42631582940007,419.0,-343.0,0.5847953098448213,4,2,4,1,1,0.9983891335856131
Apparel,146,73,5,2,34.95,6.17,0.92,L55,D,152,2.25,44.27,0.85,9,0.72,265,7.82,0.44,95.44,6463.42,45296.5,69.9,14.353772683340084,84.0,-11.0,4.177396160875646,10,4,1,1,1,0.999309003210935
Electronics,275,85,8,4,17.13,9.25,0.31,L10,B,68,1.0,171.05,0.71,0,0.95,788,14.36,0.52,45.72,47038.75,71266.25,68.52,30.4325,99.0,-14.0,16.053706009707764,4,2,0,0,0,0.0012995318502062923
Pharma,340,21,13,5,20.12,4.01,0.97,L10,C,12,3.17,38.14,0.38,4,0.94,581,13.44,0.97,253.57,12967.6,47157.99999999999,100.60000000000001,14.750110610178488,115.0,-94.0,16.898607510009565,9,3,4,1,1,0.9997528150924619
Apparel,181,96,5,7,10.54,8.81,0.38,L48,B,136,1.24,167.8,1.29,9,0.98,388,1.56,0.35,185.85,30371.800000000003,85223.85,73.78,38.343418588038034,112.0,-16.0,17.172673892535688,6,2,2,1,1,0.9998698519177287
Apparel,240,56,6,7,19.7,5.88,0.82,L29,A,90,4.97,198.55,1.87,2,0.74,964,10.03,0.26,168.23,47652.0,163812.0,137.9,25.59129413140336,163.0,-107.0,12.182740498338045,2,1,0,1,1,0.9997328534652755
Groceries,129,75,7,6,6.85,8.1,0.19,L18,A,31,2.87,156.86,0.17,2,0.96,226,3.74,0.24,288.72,20234.940000000002,8004.450000000002,41.099999999999994,32.63822607771445,74.0,1.0,18.83211403910744,1,1,0,1,1,0.99954736989276
Pharma,195,22,4,9,16.25,4.82,0.35,L74,D,31,1.15,106.29,1.17,4,0.96,414,6.56,0.33,15.5,20726.550000000003,83274.74999999999,146.25,23.786700000000003,170.0,-148.0,11.999999261538505,11,4,5,1,1,0.9997861051786018
Automotive,246,99,12,5,22.67,3.99,0.4,L35,B,141,3.32,41.35,0.95,0,0.77,488,4.99,1.0,155.05,10172.1,85300.5,113.35000000000001,14.676543973718745,128.0,-29.0,10.851344911718353,8,3,0,0,0,0.0023915124183268945
Groceries,459,56,13,4,20.3,6.39,0.95,L23,C,10,3.64,66.66,1.14,0,0.83,423,14.05,0.49,133.73,30596.94,190989.9,81.2,21.0231,102.0,-46.0,22.610836324589343,9,3,3,0,0,0.0013041572765342515
Electronics,232,98,13,2,17.61,2.85,0.99,L1,C,104,2.53,157.43,1.21,7,0.94,533,5.78,0.66,189.13,36523.76,102462.79999999999,35.22,6.6301867337956635,42.0,56.0,13.174332017357637,4,2,5,1,1,0.999776109845972
Pharma,454,73,12,5,48.58,9.8,0.42,L87,C,115,2.63,139.53,1.19,4,0.91,217,10.14,0.64,223.35,63346.62,197194.9,242.89999999999998,36.04765186527412,279.0,-206.0,9.345409441222532,8,3,2,1,1,0.9995775931867089
Automotive,404,63,9,3,14.8,7.24,0.6,L22,A,96,2.12,122.75,1.52,2,0.83,743,8.13,0.68,247.06,49591.0,224139.2,44.400000000000006,20.628378707983813,65.0,-2.0,27.297295452885443,11,4,5,1,1,0.9998817355458088
Automotive,148,92,13,2,45.21,8.72,0.48,L85,C,43,1.38,136.44,0.48,4,0.96,864,3.22,0.92,172.58,20193.12,25929.6,90.42,20.286045024104627,111.0,-19.0,3.273611960327097,7,3,2,1,1,0.999413219596905
Automotive,423,51,3,2,49.52,3.54,0.49,L53,A,152,3.02,66.19,1.71,8,0.79,78,1.05,0.4,213.2,27998.37,264015.45,99.04,8.235389837767244,107.0,-56.0,8.542003058521747,3,1,1,1,1,0.9992290407469442
Pharma,168,67,5,8,27.37,0.92,0.43,L60,D,94,4.51,141.57,1.18,5,0.9,891,1.14,0.71,69.45,23783.76,72357.59999999999,218.96,4.280541610590885,223.0,-156.0,6.13810719261574,10,4,5,1,1,0.9993775820662653
Automotive,180,78,4,3,35.3,2.51,0.3,L70,D,59,1.96,188.57,1.36,1,0.91,238,7.44,0.4,16.78,33942.6,89352.0,105.89999999999999,7.151551181911515,113.0,-35.0,5.099149997191219,11,4,1,1,1,0.999297584518467
Apparel,237,54,7,8,4.42,5.42,0.42,L41,B,114,0.74,109.91,1.69,1,0.91,142,9.21,0.47,174.32,26048.67,146193.44999999998,35.36,25.21797340152456,61.0,-7.0,53.61989737106394,8,3,5,1,1,0.9998211900849717
Groceries,430,64,12,5,25.2,7.02,0.64,L90,D,100,4.66,16.02,0.98,0,0.8,538,2.11,0.79,294.18,6888.599999999999,153811.0,126.0,25.821889397369823,152.0,-88.0,17.06349138636939,2,1,1,0,0,0.0031727976917890572
Groceries,345,24,5,6,8.36,4.32,0.62,L23,A,42,0.65,25.82,1.87,3,0.81,96,2.57,0.7,30.2,8907.9,235479.75000000003,50.16,17.407053908114378,68.0,-44.0,41.26793764737589,11,4,2,1,1,0.9996909003166118
Pharma,242,99,14,8,17.47,6.81,0.39,L41,B,33,4.86,20.68,1.7,0,0.8,72,4.52,0.22,32.62,5004.5599999999995,150161.0,139.76,31.685313443612955,171.0,-72.0,13.85231746695378,5,2,4,0,0,0.014190591499927354
Apparel,106,17,4,9,8.86,4.24,0.97,L100,A,29,3.43,43.84,0.32,1,0.82,104,5.96,0.96,239.95,4647.04,12380.800000000001,79.74,20.9244,101.0,-84.0,11.96388126818496,5,2,0,1,1,0.9979848057508972
Pharma,293,55,12,8,31.53,5.98,0.35,L43,B,158,0.77,105.98,1.83,4,0.73,241,7.45,0.85,190.98,31052.14,195709.35,252.24,27.82352046884075,280.0,-225.0,9.292736781074,2,1,3,1,1,0.9993835255299713
Groceries,256,55,10,7,27.55,1.94,0.37,L55,D,35,1.14,62.33,0.95,4,0.72,667,5.16,0.42,147.5,15956.48,88768.0,192.85,8.443386159000429,201.0,-146.0,9.292195669974749,2,1,5,1,1,0.9997123700809745
Groceries,490,72,11,6,24.5,5.24,0.51,L33,A,69,0.51,38.56,0.72,7,0.75,93,11.62,0.85,104.06,18894.4,128772.0,147.0,21.114111684842435,168.0,-96.0,19.999999183673502,10,4,0,1,1,0.9996779956229235
Automotive,77,17,7,9,36.18,4.86,0.83,L55,D,47,3.4,127.96,0.19,4,0.81,972,10.73,0.26,181.96,9852.92,5339.950000000001,325.62,23.9841,350.0,-333.0,2.1282475918118413,8,3,0,1,1,0.9991202103270583
Pharma,195,22,7,3,30.65,4.97,0.77,L65,C,167,4.16,95.18,1.62,1,0.91,477,4.36,0.53,186.26,18560.100000000002,115303.50000000001,91.94999999999999,14.16064118490049,106.0,-84.0,6.362153136634482,7,3,6,1,1,0.9996061970110662
Electronics,207,96,10,8,13.3,0.81,0.44,L12,C,132,0.61,46.79,0.99,6,0.98,526,3.77,0.82,202.37,9685.53,74799.45,106.4,3.7687377223680616,110.0,-14.0,15.563908604217398,6,2,2,1,1,0.9993418609749567
Electronics,336,89,9,6,10.41,7.33,0.38,L27,C,13,4.55,12.1,1.13,7,0.76,492,3.18,0.64,177.98,4065.6,138583.19999999998,62.46,29.53557989501814,92.0,-3.0,32.276653959975604,10,4,0,1,1,0.9995135487697662
Apparel,113,39,3,3,7.29,5.91,0.15,L61,A,126,1.51,57.41,1.83,2,0.94,876,10.63,0.31,97.22,6487.33,75478.35,21.87,16.838911348644245,39.0,0.0,15.500683744762174,11,4,5,1,1,0.9993081119925796
Apparel,344,87,7,3,37.02,1.54,0.94,L80,B,40,0.99,136.54,1.18,9,0.88,788,6.86,0.56,76.55,46969.759999999995,148160.8,111.06,4.387804310814237,115.0,-28.0,9.292274195238406,2,1,2,1,1,0.9993105351214867
Electronics,396,53,10,9,31.55,3.88,0.95,L68,C,162,0.64,56.55,1.02,7,0.86,989,10.07,0.97,19.43,22393.8,147430.80000000002,283.95,19.1478,303.0,-250.0,12.551505148922182,7,3,4,1,1,0.9995011737725598
Automotive,281,16,3,5,3.93,4.6,0.58,L97,B,115,4.41,160.8,1.65,2,0.91,773,3.67,0.66,137.93,45184.8,169232.25,19.650000000000002,16.920326385740907,37.0,-21.0,71.50125407092771,10,4,0,1,1,0.9998919589072481
Groceries,146,68,9,9,45.89,4.56,0.21,L29,C,134,3.03,176.58,1.28,5,0.87,915,10.95,0.97,245.07,25780.68,68211.2,413.01,22.5036,436.0,-368.0,3.181520959217238,12,4,2,1,1,0.9993291155251631
Automotive,127,73,4,5,3.21,9.76,0.61,L70,A,33,4.64,193.13,0.82,5,1.0,529,7.88,0.25,25.84,24527.51,38011.1,16.05,35.90051859235462,52.0,21.0,39.563850603161804,10,4,2,1,1,0.9995692733665038
Groceries,254,91,12,9,17.39,4.07,0.66,L61,B,136,2.57,138.42,0.89,3,0.77,266,5.26,0.32,95.09,35158.68,82511.9,156.51,20.08545,177.0,-86.0,14.606094617245851,6,2,6,1,1,0.9998463262441143
Apparel,32,55,3,9,30.59,7.31,1.0,L66,B,94,3.37,148.83,0.97,1,0.74,957,4.56,0.78,81.24,4762.56,11329.6,275.31,36.07485,311.0,-256.0,1.046093460408844,11,4,4,1,1,0.9984740834476457
Electronics,233,86,9,6,23.45,1.13,0.13,L24,D,70,1.65,196.75,1.73,4,0.84,374,5.91,0.83,34.72,45842.75,147127.84999999998,140.7,4.55323400837251,145.0,-59.0,9.936033691427134,3,1,3,1,1,0.999544575884755
Automotive,287,79,7,8,27.51,2.67,0.43,L53,A,24,1.39,186.13,0.3,7,0.87,269,7.97,0.62,33.74,53419.31,31426.499999999996,220.08,12.422876195953979,233.0,-154.0,10.43256959532644,11,4,5,1,1,0.9996514939917316
Automotive,303,63,5,5,20.43,8.41,0.14,L74,A,106,4.33,177.89,1.97,6,0.73,645,10.68,0.36,235.93,53900.67,217872.15,102.15,30.934770631321967,133.0,-70.0,14.831129964212924,4,2,1,1,1,0.9998068857378031
Electronics,126,39,13,3,26.76,0.7,0.21,L61,B,152,1.95,146.43,0.77,2,0.93,209,3.27,0.23,239.09,18450.18,35412.299999999996,80.28,1.994456504915562,82.0,-43.0,4.708520003418535,6,2,6,1,1,0.9989022523188542
Apparel,374,98,3,5,21.72,6.87,0.82,L55,C,20,1.97,169.91,1.02,8,0.89,864,4.4,0.25,187.58,63546.34,139240.2,108.6,25.27013962392175,134.0,-36.0,17.21915206173333,7,3,1,1,1,0.9998630089685706
Apparel,232,81,14,7,26.97,9.5,0.8,L96,D,154,1.72,48.25,1.43,7,0.78,598,6.93,0.87,60.6,11194.0,121092.4,188.79,41.34647861366189,230.0,-149.0,8.60215021868186,4,2,0,1,1,0.999583111007818
Apparel,300,55,14,5,12.91,4.52,0.64,L94,D,91,3.85,71.11,0.8,8,0.78,957,7.23,0.47,33.56,21333.0,87600.0,64.55,16.626059839901938,81.0,-26.0,23.237798354934288,7,3,1,1,1,0.9999221228945449
Automotive,96,99,10,2,30.3,5.63,0.87,L37,B,69,0.64,85.74,0.43,0,0.89,232,8.94,0.97,271.66,8231.039999999999,15067.2,60.6,13.097526775884065,74.0,25.0,3.1683167271182597,8,3,0,0,0,0.33951500479905883
Groceries,86,97,6,4,9.04,4.72,0.28,L29,C,110,4.9,134.38,0.37,8,0.88,418,4.25,0.45,223.69,11556.68,11614.3,36.16,15.528799999999999,52.0,45.0,9.513273283929948,12,4,1,1,1,0.9992061165320044
Automotive,364,89,14,5,40.96,1.35,0.79,L91,D,60,4.51,166.66,0.44,7,0.75,94,7.33,0.41,159.59,60664.24,58458.4,204.8,4.965747961032659,210.0,-121.0,8.8867185330391,2,1,6,1,1,0.999284628650333
Electronics,426,91,3,3,33.03,9.67,0.29,L41,B,44,3.88,121.84,1.16,3,0.9,961,2.28,0.66,51.82,51903.840000000004,180368.4,99.09,27.551992003619265,127.0,-36.0,12.897365640406733,6,2,0,1,1,0.9997581618001695
Electronics,233,46,11,5,44.58,5.66,0.38,L20,D,141,2.43,33.21,1.11,3,0.81,130,2.37,0.35,215.69,7737.93,94399.95,222.89999999999998,20.819358118107296,244.0,-198.0,5.22655887782506,10,4,2,1,1,0.9996127234435496
Automotive,270,26,4,8,49.22,5.51,0.4,L83,B,82,2.9,96.69,1.12,4,0.96,488,3.22,0.39,266.94,26106.3,110376.00000000001,393.76,25.636722037343233,419.0,-393.0,5.4855748580744645,11,4,1,1,1,0.9994296554515346
Pharma,384,40,4,5,11.58,0.57,0.77,L67,D,20,4.93,113.99,1.34,6,0.84,869,14.52,0.35,240.18,43772.159999999996,187814.40000000002,57.9,2.096649139102678,60.0,-20.0,33.16061889804673,12,4,3,1,1,0.999727003097505
Automotive,304,57,5,8,18.84,7.09,0.38,L49,A,133,2.03,51.28,0.62,8,0.98,483,6.25,0.56,251.64,15589.12,68795.2,150.72,32.98808697727105,184.0,-127.0,16.135880247564742,2,1,5,1,1,0.9998612547767042
Apparel,498,35,5,2,19.58,9.16,0.5,L20,D,19,4.1,172.94,1.81,6,0.88,303,14.82,0.62,244.55,86124.12,329003.7,39.16,21.309652800550275,60.0,-25.0,25.434115146367972,2,1,2,1,1,0.9997507829051812
Groceries,122,21,12,8,21.57,8.45,0.75,L92,D,33,3.83,84.48,0.75,2,0.76,166,14.65,0.72,194.07,10306.560000000001,33397.5,172.56,39.31584414075323,212.0,-191.0,5.65600344663869,4,2,2,1,1,0.9995609057323904
Groceries,290,97,10,3,11.46,6.77,0.78,L4,C,177,3.36,150.83,1.88,1,1.0,887,6.44,0.98,268.38,43740.700000000004,198997.99999999997,34.38,19.289243626111936,54.0,43.0,25.30540791401327,10,4,1,1,1,0.9997161455202748
Automotive,445,90,3,3,45.51,7.85,0.92,L18,D,160,4.66,94.65,1.27,7,0.96,239,4.13,0.51,64.08,42119.25,206279.75,136.53,22.366405090838803,159.0,-69.0,9.778070538825082,5,2,1,1,1,0.9997201279449061
Groceries,367,51,6,7,48.29,2.14,0.18,L4,B,104,2.28,149.01,1.55,6,0.75,743,14.06,0.92,68.11,54686.67,207630.25,338.03,9.313838340340679,347.0,-296.0,7.599917009734583,6,2,3,1,1,0.9994030293667759
Electronics,431,47,8,3,1.58,6.69,0.55,L50,C,57,1.53,88.79,1.9,9,0.96,605,2.62,0.31,222.69,38268.490000000005,298898.5,4.74,19.061305739835873,24.0,23.0,272.78463747807757,11,4,6,1,1,0.9997640444993844
Groceries,168,27,12,8,21.56,7.73,0.51,L58,D,30,2.72,158.68,1.23,2,0.78,753,9.46,0.59,244.53,26658.24,75423.59999999999,172.48,35.96585505420385,208.0,-181.0,7.792207430788153,10,4,5,1,1,0.9995750860315639
Pharma,78,27,13,8,41.07,8.91,0.57,L51,A,15,1.96,174.3,1.95,2,0.83,666,1.37,0.83,31.83,13595.400000000001,55516.5,328.56,41.45611494604867,370.0,-343.0,1.8991964475481753,5,2,0,1,1,0.998824642412425
Apparel,196,67,4,7,39.37,5.47,0.72,L9,C,168,4.74,55.78,1.97,5,0.95,76,10.11,0.57,91.72,10932.880000000001,140933.8,275.59,23.806867159655845,299.0,-232.0,4.978409830368052,12,4,3,1,1,0.9995022222585669
Groceries,340,37,8,6,44.46,5.19,0.45,L33,B,120,1.27,87.11,0.79,1,0.97,669,11.47,0.92,286.47,29617.4,98039.00000000001,266.76,20.912641153498523,288.0,-251.0,7.64732326479255,9,3,2,1,1,0.9996967320425393
Electronics,103,97,5,6,15.01,6.52,0.74,L72,B,130,1.53,193.73,1.86,4,0.87,793,5.73,0.8,150.44,19954.19,69926.70000000001,90.06,26.271757287246693,116.0,-19.0,6.862091481539542,3,1,1,1,1,0.9994304650888121
Apparel,279,57,7,3,15.33,8.98,0.92,L4,C,69,1.61,134.88,1.69,6,0.81,585,12.34,0.83,171.54,37631.52,172101.15,45.99,25.586027734488212,72.0,-15.0,18.199607423378513,11,4,4,1,1,0.9998505591849796
Pharma,73,63,7,3,9.85,2.68,0.24,L18,D,58,3.9,168.54,0.15,0,0.77,435,7.95,0.65,13.89,12303.42,3996.7499999999995,29.549999999999997,7.635919190248154,37.0,26.0,7.41116676028764,9,3,0,0,0,0.04445834260723731
Apparel,158,86,8,7,15.83,8.96,0.83,L25,A,177,1.4,49.42,0.94,1,0.84,413,5.67,0.8,182.47,7808.360000000001,54209.799999999996,110.81,38.99625772404322,150.0,-64.0,9.981048011304612,9,3,4,1,1,0.9997406727888869
Electronics,302,55,10,9,7.24,4.85,0.61,L23,A,122,2.34,72.35,1.96,2,0.89,200,5.38,0.65,44.03,21849.699999999997,216050.8,65.16,23.934749999999998,89.0,-34.0,41.712701420897595,5,2,2,1,1,0.9998406167751996
Pharma,242,83,9,3,13.81,7.29,0.76,L71,C,123,3.62,14.2,0.74,1,0.77,279,7.86,0.98,177.41,3436.3999999999996,65364.2,41.43,20.770839886906355,62.0,21.0,17.52353240235102,1,1,4,1,1,0.9993212283250148
Automotive,261,46,3,5,5.19,4.05,0.48,L52,A,78,4.33,35.99,0.7,7,0.73,560,12.29,0.98,105.09,9393.390000000001,66685.5,25.950000000000003,14.897243883097973,41.0,5.0,50.289007651443605,7,3,2,1,1,0.9998752441951058
Apparel,231,90,5,2,25.79,3.03,0.58,L11,A,70,2.76,183.9,1.32,4,0.79,795,5.97,0.58,165.65,42480.9,111295.8,51.58,7.048935369614337,59.0,31.0,8.956959714735955,6,2,0,1,1,0.9995536918600995
Groceries,79,66,9,9,8.14,9.42,0.39,L84,A,63,2.09,105.84,0.17,0,0.94,719,8.96,0.73,131.73,8361.36,4901.950000000001,73.26,46.487700000000004,120.0,-54.0,9.70515851287979,12,4,0,1,0,0.05061971722568948
Apparel,489,71,8,8,8.86,6.24,0.25,L39,A,46,3.23,144.17,0.68,9,0.78,450,12.08,0.42,229.27,70499.12999999999,121369.80000000002,70.88,29.033238750094696,100.0,-29.0,55.19186735983439,2,1,6,1,1,0.9998719604653464
Electronics,440,24,12,7,6.06,9.05,0.83,L65,D,33,2.55,38.01,0.55,8,0.85,366,1.96,0.5,254.02,16724.399999999998,88330.00000000001,42.419999999999995,39.387961205646334,82.0,-58.0,72.60724874467843,2,1,3,1,1,0.9998767987973832
Pharma,275,75,11,8,45.99,5.6,0.35,L47,C,133,4.05,94.03,1.42,8,0.83,830,5.94,0.82,122.77,25858.25,142532.5,367.92,26.055470673161903,394.0,-319.0,5.979560644062609,9,3,5,1,1,0.9994641635553979
Pharma,31,53,5,7,34.44,7.67,0.27,L70,A,124,2.32,169.66,0.45,3,0.89,731,12.95,0.4,98.0,5259.46,5091.75,241.07999999999998,33.3818411543986,274.0,-221.0,0.9001161178828074,6,2,5,1,1,0.9993109809789085
Electronics,287,99,12,3,12.09,6.71,0.93,L82,C,65,1.84,65.91,1.87,7,0.85,295,2.71,0.45,81.39,18916.17,195891.85,36.269999999999996,19.11829021140489,55.0,44.0,23.73862500094086,6,2,6,1,1,0.9997699858182327
Groceries,397,81,6,5,5.92,7.25,0.25,L42,C,52,3.07,110.71,1.55,7,0.85,749,13.99,0.34,32.99,43951.869999999995,224602.75,29.6,26.66790571665687,56.0,25.0,67.06079948297305,4,2,4,1,1,0.9998617824906805
Groceries,51,85,14,9,44.37,2.68,0.1,L91,D,66,4.89,192.53,0.46,4,0.84,370,4.58,0.86,118.97,9819.03,8562.9,399.33,13.225800000000003,413.0,-328.0,1.149425261450862,12,4,0,1,1,0.9981384326993651
Groceries,84,22,13,6,19.53,8.28,0.3,L17,C,150,1.63,90.16,1.15,3,0.8,532,8.01,0.58,257.17,7573.44,35259.0,117.18,33.363519990552554,151.0,-129.0,4.301075048588067,7,3,5,1,1,0.9996497049027306
Apparel,499,96,3,7,40.81,4.51,0.31,L14,A,101,3.46,79.16,1.26,6,0.79,745,14.36,0.97,131.2,39500.84,229490.1,285.67,19.628696689222643,305.0,-209.0,12.227394946645553,2,1,1,1,1,0.9997611142965601
Apparel,441,48,3,6,29.82,2.75,0.89,L43,C,57,4.59,94.78,0.62,5,0.82,366,1.29,0.71,267.71,41797.98,99798.3,178.92000000000002,11.0808792239154,190.0,-142.0,14.788731898432866,3,1,3,1,1,0.9998622289649179
Apparel,98,32,9,3,16.22,9.9,0.18,L40,B,177,0.86,39.4,1.63,1,0.86,614,13.74,0.79,38.32,3861.2,58305.09999999999,48.66,28.207313426662953,77.0,-45.0,6.041923178673047,1,1,3,1,1,0.9988094868305626
Apparel,263,49,13,9,2.82,3.8,0.27,L1,B,124,4.33,186.05,0.3,5,0.79,920,2.25,0.57,58.78,48931.15,28798.499999999996,25.38,18.753,44.0,5.0,93.26237827575238,12,4,1,1,1,0.9997506226434603
Automotive,329,81,5,5,20.81,4.87,0.31,L87,B,94,1.32,77.9,0.15,8,0.93,948,4.84,0.96,84.41,25629.100000000002,18012.75,104.05,17.913475977947442,122.0,-41.0,15.809706111979525,6,2,0,1,1,0.9997636518002423
Automotive,380,24,13,4,27.28,8.8,0.8,L75,C,129,1.55,16.36,1.54,2,1.0,527,1.62,0.85,266.77,6216.8,213598.00000000003,109.12,28.952,138.0,-114.0,13.92961825771194,4,2,0,1,1,0.9994697597870854
Pharma,256,51,5,6,21.72,3.89,0.28,L20,A,86,4.26,23.21,0.43,1,0.98,329,2.34,0.35,222.41,5941.76,40179.2,130.32,15.674407338556694,146.0,-95.0,11.786371464715863,3,1,4,1,1,0.9996082109800863
Groceries,410,11,3,6,49.45,3.97,0.8,L27,A,151,1.01,59.22,1.22,2,0.95,353,3.74,0.6,145.44,24280.2,182573.0,296.70000000000005,15.996760188706961,313.0,-302.0,8.291203067923092,6,2,4,1,1,0.9995242871123761
Electronics,419,46,12,6,42.05,8.88,0.77,L65,C,96,4.16,176.58,1.46,1,0.88,130,5.17,0.6,167.53,73987.02,223285.1,252.29999999999998,35.78116636667955,288.0,-242.0,9.964327943773416,7,3,2,1,1,0.9997410325730884
Groceries,337,43,11,6,38.88,8.34,0.5,L72,D,47,4.32,194.03,1.95,2,0.81,828,1.17,0.86,271.04,65388.11,239859.75,233.28000000000003,33.60528462816525,267.0,-224.0,8.66769525031648,11,4,4,1,1,0.9994332075023201
Electronics,157,47,14,6,5.88,0.7,0.34,L6,B,130,2.01,165.93,1.34,5,0.93,785,4.37,0.27,149.62,26051.010000000002,76788.70000000001,35.28,2.820587438814829,38.0,9.0,26.700675731177597,10,4,4,1,1,0.9996833818798048
Electronics,246,35,14,7,2.96,2.11,0.68,L94,A,48,4.68,14.89,0.99,9,0.98,221,7.92,0.38,108.23,3662.94,88892.09999999999,20.72,9.183270513139641,30.0,5.0,83.10808003105404,1,1,2,1,1,0.999438820630011
Groceries,447,75,12,7,46.62,2.26,0.58,L60,D,112,4.13,33.8,0.46,1,0.84,705,1.55,0.49,60.07,15108.599999999999,75051.3,326.34,9.836109649144829,336.0,-261.0,9.588159382493364,2,1,5,1,1,0.9995891010878796
Pharma,475,56,6,9,8.0,2.67,0.31,L31,A,105,2.54,138.99,0.75,5,0.82,693,13.76,0.88,232.29,66020.25,130031.25,72.0,13.176449999999999,85.0,-29.0,59.374992578125934,2,1,2,1,1,0.9998699353267486
Groceries,65,70,11,9,8.11,9.51,0.36,L55,C,152,4.41,137.49,0.46,1,1.0,894,8.83,0.8,230.05,8936.85,10913.5,72.99,46.93185,120.0,-50.0,8.0147955592114,6,2,3,1,1,0.998546750135032
Groceries,129,47,5,9,39.24,4.53,0.21,L53,C,102,3.95,167.15,1.82,7,0.86,882,2.03,0.38,101.64,21562.350000000002,85694.7,353.16,22.35555,376.0,-329.0,3.2874616899219755,4,2,1,1,1,0.9992268209307729
Apparel,77,62,7,6,47.92,1.25,0.92,L41,B,57,4.32,174.66,1.1,2,0.7,259,8.4,0.58,226.29,13448.82,30915.5,287.52,5.036763283597909,293.0,-231.0,1.6068447077035746,2,1,5,1,1,0.9991924701520446
Apparel,495,33,10,6,48.12,8.7,0.33,L14,A,148,3.82,168.14,0.59,2,0.98,191,13.05,0.56,26.13,83229.29999999999,106598.25,288.71999999999997,35.055872453841445,324.0,-291.0,10.286782828620474,8,3,4,1,1,0.9997343698833753
Pharma,448,52,13,6,7.44,5.36,0.37,L18,B,177,4.91,116.86,1.37,6,0.9,960,3.22,0.6,192.52,52353.28,224022.4,44.64,21.59764096006784,66.0,-14.0,60.215045670020736,10,4,4,1,1,0.9999045393546593
Automotive,146,37,11,3,14.68,6.83,0.28,L65,A,179,0.74,50.82,0.69,7,0.78,352,8.69,0.36,21.17,7419.72,36770.1,44.04,19.460197040818986,64.0,-27.0,9.945503409706854,4,2,3,1,1,0.9995033122646947
Groceries,119,15,3,5,41.51,6.5,0.77,L57,C,157,0.56,22.89,1.63,6,0.76,751,8.69,0.85,205.72,2723.91,70799.05,207.54999999999998,23.909156849416505,231.0,-216.0,2.8667790203136834,2,1,1,1,1,0.9987260765766874
Automotive,322,88,12,8,43.83,8.69,0.56,L55,A,136,2.83,179.52,1.21,6,0.75,412,6.32,0.33,40.44,57805.44,142211.3,350.64,40.43250716960303,391.0,-303.0,7.346566111189458,5,2,2,1,1,0.9992789816268742
Automotive,84,20,9,4,22.84,6.4,0.29,L19,D,123,3.03,60.64,0.75,9,0.86,362,1.11,0.31,258.94,5093.76,22995.0,91.36,21.056,112.0,-92.0,3.677758157716368,10,4,6,1,1,0.9996066478950328
Groceries,115,30,12,4,36.77,2.56,0.48,L13,C,83,2.64,141.17,1.73,9,0.79,921,9.83,0.79,25.14,16234.55,72616.75,147.08,8.4224,156.0,-126.0,3.1275495477957698,11,4,6,1,1,0.9996485316796111
Apparel,204,70,10,9,42.58,6.45,0.51,L52,D,80,1.34,110.37,1.93,1,0.73,990,10.06,0.99,283.79,22515.48,143707.8,383.21999999999997,31.830750000000002,415.0,-345.0,4.790981569023449,11,4,2,1,1,0.9987837806886409
Electronics,481,25,13,2,29.98,7.45,0.64,L25,D,52,3.91,95.32,0.17,6,0.94,419,2.58,0.84,291.72,45848.92,29846.050000000003,59.96,17.331540760272876,77.0,-52.0,16.044028817744202,5,2,2,1,1,0.9997526497764667
Apparel,49,44,13,9,4.29,6.1,0.58,L43,D,167,2.98,154.25,0.79,7,0.89,595,10.45,0.28,98.51,7558.25,14129.15,38.61,30.103499999999997,69.0,-25.0,11.421908759461827,10,4,1,1,1,0.9985895186147934
Groceries,30,54,9,6,2.25,4.99,0.86,L31,B,36,1.48,82.96,0.78,3,0.98,435,4.62,0.39,43.45,2488.7999999999997,8541.0,13.5,20.106759028122855,34.0,20.0,13.33332740741004,10,4,3,1,1,0.9971551530648352
Automotive,485,42,3,8,9.66,9.91,0.58,L19,A,21,3.52,124.32,0.76,8,0.78,521,4.1,0.6,71.74,60295.2,134539.0,77.28,46.10887756625616,123.0,-81.0,50.20703414005858,1,1,1,1,1,0.9998078047148878
Groceries,405,37,11,5,10.24,6.64,0.99,L94,C,162,4.47,129.8,0.12,4,0.96,152,5.27,0.5,35.9,52569.00000000001,17739.0,51.2,24.4241233046347,76.0,-39.0,39.5507773876194,7,3,2,1,1,0.9996887869242369
Apparel,200,89,14,5,37.48,5.45,0.51,L32,C,159,3.66,131.47,1.37,5,0.76,436,12.08,0.82,57.14,26294.0,100010.0,187.39999999999998,20.046908435279992,207.0,-118.0,5.33617915325029,7,3,1,1,1,0.9997029651444078
Electronics,327,62,14,4,4.53,5.23,0.18,L32,D,17,2.56,150.61,0.93,1,0.75,657,14.09,0.66,208.25,49249.47,111000.15000000001,18.12,17.2067,35.0,27.0,72.18541452860606,6,2,4,1,1,0.9998494092032933
Apparel,100,19,4,6,36.38,6.12,0.95,L45,C,176,1.11,51.74,0.3,6,0.92,777,8.92,0.67,59.13,5174.0,10950.0,218.28000000000003,24.65999303649537,243.0,-224.0,2.7487629810675376,2,1,1,1,1,0.9995216710362915
Electronics,460,97,9,3,1.13,0.88,0.64,L55,D,162,1.91,120.82,1.7,3,0.85,918,10.27,0.63,141.11,55577.2,285430.0,3.3899999999999997,2.5073167490367068,6.0,91.0,407.0792857705436,7,3,6,1,1,0.9996429536943499
Electronics,66,32,4,4,31.08,6.75,0.33,L8,D,102,0.85,196.6,1.15,7,0.86,624,7.56,0.77,50.38,12975.6,27703.499999999996,124.32,22.2075,147.0,-115.0,2.1235520552267677,12,4,3,1,1,0.9994373056048754
Apparel,432,37,8,4,14.46,9.18,0.62,L75,A,21,4.13,51.33,1.42,1,0.85,617,7.43,0.89,77.24,22174.559999999998,223905.59999999998,57.84,30.202199999999998,88.0,-51.0,29.875516606119184,3,1,1,1,1,0.9998620319084963
Automotive,431,32,3,3,41.72,9.11,0.37,L63,B,68,1.71,171.59,0.35,1,0.95,536,1.32,0.76,268.08,73955.29000000001,55060.25,125.16,25.956426799686813,151.0,-119.0,10.330776358322716,11,4,0,1,1,0.999616883109754
Groceries,271,29,12,8,28.93,1.85,0.3,L74,B,49,2.35,190.53,1.8,4,0.74,712,10.13,0.56,180.79,51633.63,178047.0,231.44,8.607610847383844,240.0,-211.0,9.367438321208493,2,1,3,1,1,0.9994341406584306
Automotive,103,89,3,6,12.9,5.45,0.54,L64,B,172,2.66,124.71,1.12,8,0.74,191,14.24,0.48,180.43,12845.13,42106.4,77.4,21.960287916486887,99.0,-10.0,7.984495505077868,9,3,4,1,1,0.9994527249244349
Automotive,488,92,3,9,24.21,6.38,0.24,L48,A,152,3.83,71.85,1.23,5,0.96,597,4.04,0.38,264.22,35062.799999999996,219087.6,217.89000000000001,31.485300000000002,249.0,-157.0,20.156959101323455,11,4,2,1,1,0.9997530697083303
Apparel,332,24,10,4,3.94,2.88,0.81,L85,D,40,2.92,131.04,0.51,0,0.8,470,8.98,0.77,146.51,43505.28,61801.799999999996,15.76,9.4752,25.0,-1.0,84.26393800407665,1,1,6,0,0,0.0012892029112196678
Groceries,20,66,3,7,44.27,4.34,0.36,L95,A,135,2.76,35.51,0.18,1,0.7,599,6.16,0.24,63.97,710.1999999999999,1313.9999999999998,309.89000000000004,18.888812335083433,329.0,-263.0,0.45177319964370455,4,2,5,1,1,0.9984890773537825
Electronics,248,42,9,2,34.97,4.29,0.84,L6,C,157,2.67,110.54,0.73,6,0.8,169,14.45,0.75,112.58,27413.920000000002,66079.59999999999,69.94,9.980175820345051,80.0,-38.0,7.091792762602438,10,4,1,1,1,0.9995318342115522
Electronics,48,42,12,4,18.93,6.28,0.27,L99,B,77,4.75,54.21,1.13,2,0.94,783,3.8,0.32,246.24,2602.08,19797.6,75.72,20.6612,96.0,-54.0,2.5356575522632037,1,1,6,1,1,0.9993013653307111
Apparel,164,99,8,6,9.28,6.38,0.43,L80,D,108,3.02,130.84,1.0,5,0.73,401,9.28,0.65,163.08,21457.760000000002,59860.0,55.67999999999999,25.707639799483733,81.0,18.0,17.672411888748723,9,3,2,1,1,0.9998416911283675
Electronics,452,91,5,8,41.95,3.88,0.59,L65,D,64,1.72,94.31,0.61,9,0.73,337,5.98,0.99,218.37,42628.12,100637.79999999999,335.6,18.052718966405035,354.0,-263.0,10.774731566752525,5,2,1,1,1,0.9993716750718944
Electronics,246,89,13,4,32.77,6.7,0.79,L44,D,78,1.82,94.99,1.81,0,0.96,568,9.68,0.77,263.3,23367.539999999997,162519.9,131.08,22.043,153.0,-64.0,7.506865806931162,3,1,5,0,0,0.009359904370928287
Electronics,233,63,9,6,17.53,9.79,0.2,L90,D,108,4.09,146.52,1.58,7,0.8,314,7.05,0.29,197.2,34139.16,134371.1,105.18,39.447930037138825,145.0,-82.0,13.291499527010863,3,1,6,1,1,0.999845613724972
Apparel,323,21,13,5,39.78,3.84,0.83,L77,A,100,1.8,16.14,0.12,6,0.81,671,14.95,0.25,91.35,5213.22,14147.4,198.9,14.124794200270673,213.0,-192.0,8.119657915544044,8,3,0,1,1,0.9984823567619356
Pharma,406,91,6,5,8.89,0.99,0.18,L25,B,50,4.13,150.84,0.97,3,0.73,734,11.15,0.32,268.48,61241.04,143744.3,44.45,3.6415485047572824,48.0,43.0,45.669286201430126,2,1,4,1,1,0.9997157203963162
Pharma,431,25,8,4,2.6,6.84,0.54,L23,D,126,3.48,122.17,1.31,1,0.78,171,10.71,0.57,79.66,52655.270000000004,206082.65,10.4,22.5036,33.0,-8.0,165.76916701185883,12,4,0,1,1,0.9998774267616012
Automotive,82,18,12,7,40.79,3.0,0.26,L7,A,40,0.91,137.13,0.29,6,0.97,563,13.39,0.61,106.43,11244.66,8679.699999999999,285.53,13.056782720103756,299.0,-281.0,2.0102965920496056,7,3,3,1,1,0.9995167910020006
Pharma,279,98,6,7,33.91,2.51,0.25,L95,B,46,1.38,90.46,0.44,8,0.85,909,13.34,0.82,70.8,25238.339999999997,44807.4,237.36999999999998,10.92417487582014,248.0,-150.0,8.227661214165108,4,2,2,1,1,0.9996068026552949
Groceries,141,11,5,2,11.11,9.59,0.12,L45,B,101,3.04,65.72,1.16,4,0.75,776,8.47,0.61,273.39,9266.52,59699.4,22.22,22.30999676389488,45.0,-34.0,12.691267984584341,4,2,0,1,1,0.9995177078258869
Automotive,38,11,9,9,45.49,3.64,0.7,L5,C,17,0.68,167.3,1.41,9,0.86,106,3.17,0.42,255.61,6357.400000000001,19556.7,409.41,17.9634,427.0,-416.0,0.8353484098626421,9,3,2,1,1,0.9974105325541694
Electronics,243,37,14,7,31.28,4.18,0.99,L57,B,108,2.98,165.65,0.7,9,0.71,408,8.96,0.78,57.71,40252.950000000004,62086.5,218.96,18.19245059001123,237.0,-200.0,7.768541951133569,1,1,2,1,1,0.9996020520807765
Apparel,47,49,6,3,46.21,5.88,0.23,L89,B,125,1.62,74.61,1.11,6,0.7,432,9.85,0.26,184.19,3506.67,19042.05,138.63,16.75343464129072,155.0,-106.0,1.017095844685223,6,2,3,1,1,0.9991929329202762
Pharma,137,34,10,7,16.75,9.54,0.22,L32,D,47,1.94,32.37,0.82,4,0.95,733,14.27,0.53,202.54,4434.69,41004.1,117.25,41.52056904992994,159.0,-125.0,8.179103989307224,4,2,2,1,1,0.999350980638046
Pharma,142,91,12,7,18.34,8.72,0.49,L45,C,46,3.88,75.76,0.74,5,0.87,973,2.82,0.22,141.51,10757.92,38354.2,128.38,37.95171510643492,166.0,-75.0,7.742638618176738,6,2,6,1,1,0.9995700526568083
Apparel,207,73,9,5,39.54,1.07,0.91,L28,D,96,3.77,20.49,1.42,2,0.86,885,12.5,0.68,211.11,4241.429999999999,107288.1,197.7,3.9358150505962555,202.0,-129.0,5.235204723439436,9,3,3,1,1,0.9989250514442375
Groceries,236,15,8,6,17.01,7.13,0.35,L48,A,65,4.66,98.13,0.77,3,0.76,124,13.67,0.52,129.97,23158.68,66327.8,102.06,28.729697769642474,131.0,-116.0,13.874190836320349,1,1,1,1,1,0.9998219378077715
Groceries,225,41,14,7,16.6,0.86,0.55,L84,B,92,3.88,47.41,1.61,1,0.76,499,13.94,0.82,68.69,10667.25,132221.25,116.20000000000002,3.7429443797630766,120.0,-79.0,13.554216050950838,5,2,3,1,1,0.9996914614265549
Groceries,146,19,11,8,5.31,9.03,0.6,L42,B,31,4.31,73.88,0.8,5,0.89,368,3.5,0.99,46.92,10786.48,42632.00000000001,42.48,42.014446460473565,84.0,-65.0,27.495286724051464,2,1,6,1,1,0.999658598806894
Apparel,225,34,6,2,32.77,9.1,0.64,L63,C,95,3.01,26.85,0.7,5,0.99,743,9.56,0.56,255.45,6041.25,57487.5,65.54,21.170069921944048,87.0,-53.0,6.866035799022405,5,2,6,1,1,0.9992377151821811
Automotive,312,47,9,2,29.6,9.88,0.46,L22,C,68,3.08,54.64,0.59,6,0.98,561,12.96,0.43,150.95,17047.68,67189.2,59.2,22.984647343824967,82.0,-35.0,10.540540184441209,9,3,5,1,1,0.9998383824000021
Apparel,132,12,5,4,5.16,2.19,0.18,L55,D,68,2.65,33.06,1.83,0,0.79,679,2.5,0.65,141.26,4363.92,88169.4,20.64,7.2051,28.0,-16.0,25.58139039120341,12,4,6,0,0,0.008399714069117822
Electronics,22,53,7,5,46.53,9.61,0.74,L38,B,126,3.91,79.74,0.42,4,0.88,938,10.45,0.34,66.53,1754.28,3372.6,232.65,35.34876881890655,268.0,-215.0,0.472813228609215,10,4,5,1,1,0.998854245289391
Electronics,407,96,14,7,17.21,5.01,0.86,L9,B,130,3.17,105.24,1.87,0,0.98,937,13.66,0.29,253.3,42832.68,277797.85000000003,120.47,21.804827142573274,142.0,-46.0,23.649039880938993,6,2,4,0,0,0.0014657411417946199
Pharma,362,74,4,7,44.71,8.46,0.55,L54,B,75,4.15,39.93,1.83,3,0.77,462,10.8,0.38,45.4,14454.66,241797.90000000002,312.97,36.820127270692595,350.0,-276.0,8.096622498398066,12,4,2,1,1,0.9992040299988665
Automotive,73,12,13,4,39.32,8.56,0.8,L71,A,14,2.59,23.07,0.78,0,0.78,173,11.31,0.35,262.94,1684.1100000000001,20783.100000000002,157.28,28.1624,185.0,-173.0,1.8565614990701553,5,2,0,1,1,0.9937087559944774
Automotive,32,22,8,2,32.21,9.21,0.43,L48,C,153,3.92,112.69,0.54,2,0.99,230,4.85,0.88,234.69,3606.08,6307.200000000001,64.42,21.425971866055463,86.0,-64.0,0.993480254781737,8,3,2,1,1,0.9990349884794382
Electronics,75,73,5,4,9.99,2.57,0.68,L40,B,165,1.89,83.15,1.37,2,0.86,921,8.51,0.69,142.12,6236.25,37503.75000000001,39.96,8.4553,48.0,25.0,7.507506756005331,7,3,5,1,1,0.9994672675979984
Automotive,471,80,8,2,37.1,8.66,0.34,L52,A,150,3.65,159.16,0.58,7,0.93,50,8.11,0.41,124.55,74964.36,99710.7,74.2,20.146462145498404,94.0,-14.0,12.695417447562873,1,1,5,1,1,0.9997510699198955
Electronics,94,88,8,9,39.72,9.45,0.53,L90,A,17,1.65,103.6,0.81,9,0.98,951,3.74,0.94,232.53,9738.4,27791.1,357.48,46.63575,404.0,-316.0,2.366565902150909,11,4,3,1,1,0.9989805875558885
Electronics,290,67,6,9,39.43,7.57,0.17,L6,A,20,4.6,99.15,0.45,0,0.85,398,11.88,0.88,218.76,28753.5,47632.5,354.87,37.35795,392.0,-325.0,7.354805798762217,4,2,6,1,1,0.9579857164456022
Electronics,273,64,8,5,34.8,8.74,0.55,L82,A,144,2.58,158.4,1.06,9,0.72,54,6.73,0.85,102.18,43243.200000000004,105623.7,174.0,32.14862013290773,206.0,-142.0,7.844827360780824,12,4,0,1,1,0.9995377947149634
Groceries,110,65,14,4,34.17,3.02,0.76,L6,C,169,4.14,119.45,0.69,4,0.76,116,8.21,0.78,242.25,13139.5,27703.499999999996,136.68,9.9358,147.0,-82.0,3.21919803280076,3,1,1,1,1,0.9996421356901083
Pharma,68,36,11,4,28.13,6.05,0.42,L100,A,150,3.68,19.94,1.7,5,0.73,616,10.13,0.79,296.52,1355.92,42194.0,112.52,19.9045,132.0,-96.0,2.4173479410825474,11,4,5,1,1,0.9994471314802578
Apparel,158,31,6,3,28.03,6.69,0.78,L2,D,99,4.03,185.41,1.63,9,0.74,235,9.72,0.6,293.14,29294.78,94002.09999999999,84.09,19.061305739835873,103.0,-72.0,5.636817494226989,12,4,2,1,1,0.9993844951572926
Electronics,50,91,5,9,25.63,2.71,0.63,L78,C,108,4.39,20.26,1.33,1,0.87,468,11.49,0.39,159.43,1013.0000000000001,24272.5,230.67,13.373850000000001,244.0,-153.0,1.950838784594663,12,4,2,1,1,0.9989983205179503
Apparel,452,13,7,5,44.8,9.96,0.23,L71,A,158,4.28,185.94,1.32,9,0.96,313,9.88,0.43,32.01,84044.88,217773.6,224.0,36.63618495695206,261.0,-248.0,10.089285489078451,8,3,1,1,1,0.999655932674723
Electronics,395,26,3,3,45.86,9.73,0.49,L14,B,92,2.02,146.42,1.71,3,0.84,536,14.63,0.22,250.54,57835.899999999994,246539.24999999997,137.57999999999998,27.72294541832632,165.0,-139.0,8.613170331156338,1,1,6,1,1,0.9992410680088052
Groceries,145,78,5,9,20.75,8.35,0.9,L80,C,41,2.18,94.43,1.17,1,0.87,249,9.68,0.92,241.36,13692.35,61922.24999999999,186.75,41.20725,228.0,-150.0,6.98795147046017,7,3,1,1,1,0.9993739161947742
Electronics,207,87,4,2,12.27,2.86,0.26,L61,B,44,4.86,89.78,1.87,4,0.72,691,4.08,0.5,231.1,18584.46,141287.85,24.54,6.653450546896701,31.0,56.0,16.870414272989873,6,2,4,1,1,0.9996307555619997
Groceries,368,30,11,9,38.41,7.14,0.8,L5,B,29,1.3,44.88,1.26,4,0.91,167,2.15,0.84,63.3,16515.84,169243.2,345.68999999999994,35.2359,381.0,-351.0,9.58083807391726,10,4,1,1,1,0.9993350937805551
Electronics,420,38,9,8,17.58,6.32,0.22,L86,B,140,3.24,152.62,1.74,7,0.75,799,10.01,0.57,94.07,64100.4,266742.0,140.64,29.40545975971129,170.0,-132.0,23.890783623959976,4,2,3,1,1,0.999850245085965
Apparel,151,59,7,5,43.06,5.83,0.43,L92,A,64,4.62,89.4,0.8,0,0.83,601,13.77,0.95,285.45,13499.400000000001,44092.00000000001,215.3,21.44467452801511,237.0,-178.0,3.5067347072286412,5,2,1,1,1,0.9805725605967652
Automotive,475,64,6,2,7.53,7.34,0.13,L48,C,59,4.95,65.3,0.42,8,0.72,155,8.75,0.4,246.49,31017.5,72817.5,15.06,17.07563881616146,32.0,32.0,63.081000918857775,6,2,1,1,1,0.9997568176878623
Pharma,128,70,14,8,34.66,2.51,0.17,L7,C,64,3.66,129.86,1.39,9,0.85,826,8.44,0.42,12.93,16622.08,64940.799999999996,277.28,11.678434176720781,289.0,-219.0,3.6930177815055463,5,2,1,1,1,0.9995396136363853
Groceries,84,64,5,5,47.31,8.79,0.9,L15,D,56,3.73,132.36,1.42,9,0.93,968,8.79,0.74,18.26,11118.240000000002,43537.2,236.55,32.33253672405708,269.0,-205.0,1.7755231076828766,11,4,4,1,1,0.9994501796705262
Apparel,227,29,10,2,15.67,9.14,0.62,L84,B,158,0.89,26.12,1.93,3,0.84,740,13.65,0.43,54.76,5929.24,159910.15,31.34,21.2631251743482,53.0,-24.0,14.486278590537424,2,1,2,1,1,0.9993747862829422
Apparel,125,15,9,5,11.07,8.78,0.28,L64,A,139,4.31,107.28,1.85,8,0.96,337,10.87,0.28,245.4,13410.0,84406.25,55.35,32.29575340582721,88.0,-73.0,11.291778564428315,4,2,0,1,1,0.9997109027640529
Groceries,433,55,12,3,24.28,6.93,0.24,L90,D,65,3.13,38.62,0.49,3,0.96,674,7.26,0.88,27.96,16722.46,77442.04999999999,72.84,19.745119398664063,93.0,-38.0,17.833607173245174,8,3,2,1,1,0.9998597679955697
Groceries,337,98,4,3,22.44,4.37,0.12,L44,B,50,3.85,100.7,0.64,0,0.82,455,3.28,0.4,64.37,33935.9,78723.2,67.32000000000001,12.45110703783001,80.0,18.0,15.017824642699434,12,4,0,0,0,0.001505233802438881
Electronics,307,32,12,9,30.24,6.73,0.43,L81,A,35,1.2,66.44,0.84,2,0.76,316,8.88,0.83,275.72,20397.079999999998,94126.2,272.15999999999997,33.21255,305.0,-273.0,10.152116066398278,10,4,2,1,1,0.9996940446029723
Automotive,411,15,4,2,18.23,0.59,0.52,L1,D,157,0.52,105.81,0.28,4,0.92,707,4.51,0.68,286.92,43487.91,42004.200000000004,36.46,1.3725649729612073,38.0,-23.0,22.54525383734208,5,2,1,1,1,0.9991865367368651
Automotive,31,10,12,7,15.15,2.76,0.31,L59,D,34,3.39,143.62,0.97,6,0.9,744,4.24,0.95,193.9,4452.22,10975.55,106.05,12.012240102495454,118.0,-108.0,2.046204485399044,12,4,1,1,1,0.9989255392032754
Electronics,278,56,7,4,13.44,1.66,0.44,L36,C,124,1.82,136.7,0.49,8,0.94,932,6.71,0.46,211.24,38002.6,49720.3,53.76,5.461399999999999,59.0,-3.0,20.684522270496856,5,2,0,1,1,0.9998970518289492
Groceries,353,80,13,5,45.17,0.62,0.36,L48,B,75,4.59,169.4,1.14,9,0.98,436,3.14,0.61,181.51,59798.200000000004,146883.3,225.85000000000002,2.280565730252036,228.0,-148.0,7.814921235002851,7,3,1,1,1,0.9992481022932085
Groceries,473,31,11,2,10.15,4.3,0.4,L97,B,119,4.49,181.41,0.81,8,0.96,827,12.91,0.76,234.21,85806.93,139842.45,20.3,10.003439633446089,30.0,1.0,46.60098063044526,8,3,1,1,1,0.9998514373550854
Apparel,437,74,10,3,36.99,2.64,0.84,L45,D,52,2.81,85.92,1.8,5,0.75,938,9.65,0.74,267.11,37547.04,287109.0,110.97,7.52195024711012,118.0,-44.0,11.814003465422994,12,4,1,1,1,0.9997016730417612
Pharma,473,50,7,3,10.53,7.64,0.87,L83,A,65,4.38,138.19,1.71,6,0.98,838,8.46,0.94,143.1,65363.869999999995,295222.94999999995,31.589999999999996,21.768068139364136,53.0,-3.0,44.919273986773604,1,1,0,1,1,0.99982555234033
Automotive,160,89,11,7,39.05,3.7,0.5,L4,A,52,0.95,183.31,0.46,7,0.93,181,8.91,0.4,226.49,29329.6,26864.000000000004,273.34999999999997,16.103365354794633,289.0,-200.0,4.097311034639922,6,2,5,1,1,0.9997098238980492
Apparel,115,64,8,4,45.17,3.36,0.41,L68,B,16,1.09,31.91,1.47,6,0.92,860,7.09,0.36,187.5,3669.65,61703.24999999999,180.68,11.0544,192.0,-128.0,2.5459375128196258,5,2,3,1,1,0.9995631045024114
Groceries,214,33,11,3,15.4,6.83,0.12,L100,D,129,1.89,179.71,1.1,9,0.84,748,10.09,0.64,95.36,38457.94,85921.0,46.2,19.460197040818986,66.0,-33.0,13.896102993759547,5,2,2,1,1,0.9998679233182266
Groceries,407,41,9,4,34.32,6.35,0.87,L86,A,83,1.54,138.61,1.65,4,0.83,317,14.52,0.69,264.28,56414.270000000004,245115.74999999997,137.28,20.8915,158.0,-117.0,11.858974013433158,5,2,1,1,1,0.9998536561560895
Electronics,426,28,14,4,1.07,5.0,0.35,L14,B,46,1.85,83.6,1.25,3,0.71,270,14.82,0.99,83.04,35613.6,194362.5,4.28,16.45,21.0,7.0,398.1304690369448,4,2,2,1,1,0.9998400085370619
Pharma,205,57,6,3,22.58,5.19,0.25,L50,D,168,0.59,89.62,1.15,7,0.8,639,13.67,0.78,224.15,18372.100000000002,86048.74999999999,67.74,14.78747037215967,83.0,-26.0,9.078830421663843,5,2,5,1,1,0.9994183156334203
Apparel,310,82,11,7,28.19,5.48,0.63,L48,B,62,1.3,88.8,1.99,8,0.92,904,5.6,0.8,189.07,27528.0,225168.5,197.33,23.850389768722863,221.0,-139.0,10.996806988406988,3,1,2,1,1,0.9998158455408429
Electronics,266,42,6,3,13.28,0.83,0.61,L86,A,114,3.12,93.37,1.83,6,0.97,281,4.13,0.28,247.84,24836.420000000002,177674.7,39.839999999999996,2.364855570114166,42.0,0.0,20.03011897363562,12,4,2,1,1,0.9996316591201337
Pharma,434,57,10,7,48.22,5.88,0.68,L71,D,157,4.19,35.28,1.0,2,0.98,971,4.91,0.84,166.55,15311.52,158410.0,337.53999999999996,25.59129413140336,363.0,-306.0,9.00041457900426,1,1,6,1,1,0.9994262854125505
Apparel,181,76,13,9,19.31,2.05,0.28,L34,A,156,1.85,14.38,1.27,5,0.79,726,7.52,0.43,101.57,2602.78,83902.55,173.79,10.11675,184.0,-108.0,9.373381182113869,6,2,3,1,1,0.9992447256486245
Apparel,377,22,10,9,35.04,0.93,0.51,L3,D,94,1.93,28.55,1.86,2,0.71,599,9.78,0.55,150.83,10763.35,255945.30000000002,315.36,4.589550000000001,320.0,-298.0,10.759132113038469,4,2,3,1,1,0.9989762065468373
Apparel,445,11,5,6,32.03,8.87,0.78,L3,A,101,2.82,198.18,1.82,9,0.99,507,2.28,0.3,28.49,88190.1,295613.5,192.18,35.74087226041076,228.0,-217.0,13.89322466771075,12,4,1,1,1,0.9995022368175874
Apparel,289,58,11,7,19.6,7.64,0.1,L100,D,21,4.27,43.65,0.59,6,0.94,253,10.09,0.4,292.5,12614.85,62236.149999999994,137.20000000000002,33.251273327197566,170.0,-112.0,14.744897206892999,2,1,5,1,1,0.9998208917123711
Electronics,145,24,13,4,43.29,7.29,0.94,L59,C,55,4.87,150.54,0.19,8,0.73,350,3.62,0.79,81.19,21828.3,10055.75,173.16,23.9841,197.0,-173.0,3.3495032721297466,6,2,1,1,1,0.9994576883373496
Automotive,309,18,13,9,15.47,4.06,0.81,L72,A,58,3.86,177.73,0.96,7,0.85,608,14.77,0.76,136.27,54918.57,108273.59999999999,139.23000000000002,20.036099999999998,159.0,-141.0,19.974142212401926,4,2,0,1,1,0.9998699882553408
Electronics,55,84,12,2,27.61,1.29,0.1,L69,C,55,4.39,197.73,1.44,8,0.98,812,11.14,0.53,248.12,10875.15,28908.0,55.22,3.001031890033827,58.0,26.0,1.9920318003610358,7,3,3,1,1,0.9974861263680849
Groceries,237,51,3,5,42.12,1.03,0.27,L89,D,138,2.15,46.65,0.1,4,0.96,881,13.37,0.72,187.85,11056.05,8650.500000000002,210.6,3.7886817776767687,214.0,-163.0,5.626780493191347,5,2,6,1,1,0.9991314869508039
Groceries,64,86,5,7,18.95,6.76,0.17,L49,B,49,1.71,191.47,0.42,0,0.93,926,10.38,0.67,38.55,12254.08,9811.199999999999,132.65,29.421283729300463,162.0,-76.0,3.3773085289019247,7,3,2,1,1,0.9884613934544764
Automotive,456,41,13,9,36.8,1.85,0.31,L74,A,62,4.92,196.71,0.19,0,0.99,939,13.85,0.57,145.09,89699.76000000001,31623.6,331.2,9.12975,340.0,-299.0,12.391304011105872,10,4,5,0,0,0.02272211149073977
Apparel,62,23,6,6,31.18,2.18,0.88,L30,A,104,4.31,84.72,1.06,1,0.79,475,5.24,0.91,185.41,5252.64,23987.8,187.07999999999998,8.784115166594756,196.0,-173.0,1.9884540734940963,4,2,4,1,1,0.999520163933591
Automotive,442,19,12,6,37.14,7.46,0.87,L97,C,96,4.07,100.83,1.97,1,0.75,910,3.65,0.62,110.63,44566.86,317820.1,222.84,30.059403276512327,253.0,-234.0,11.900915134601101,5,2,3,1,1,0.9996878714929263
Electronics,280,17,8,4,36.87,3.11,0.26,L51,A,177,3.15,94.26,1.34,1,0.9,449,13.33,0.98,17.65,26392.800000000003,136948.00000000003,147.48,10.2319,158.0,-141.0,7.594249861832117,2,1,5,1,1,0.9996928155230825
Groceries,73,45,4,9,28.89,1.05,0.36,L42,A,24,2.91,88.37,0.32,8,0.75,78,8.24,0.97,25.67,6451.01,8526.4,260.01,5.181750000000001,265.0,-220.0,2.5268258038481894,7,3,2,1,1,0.9988549643079389
Automotive,412,49,6,4,36.66,2.41,0.49,L92,C,160,3.04,133.07,1.63,3,0.78,266,2.54,0.5,109.51,54824.84,245119.4,146.64,7.9289000000000005,155.0,-106.0,11.238406676530097,7,3,2,1,1,0.9998491379187069
Electronics,352,35,3,8,9.41,7.02,0.39,L61,A,89,1.28,169.63,1.66,5,0.89,163,12.03,0.44,21.38,59709.759999999995,213276.8,75.28,32.66239359385653,108.0,-73.0,37.407009839850176,4,2,2,1,1,0.999829877232454
Pharma,234,47,11,5,49.86,9.25,0.43,L90,A,156,4.66,180.92,0.23,1,0.88,986,1.61,0.72,138.06,42335.28,19644.3,249.3,34.024569362631176,283.0,-236.0,4.693140700097459,12,4,6,1,1,0.9989331970694788
Apparel,238,91,3,6,8.26,7.48,0.93,L17,B,81,4.64,138.5,0.48,6,0.94,672,13.92,0.4,50.09,32963.0,41697.6,49.56,30.13999148904989,80.0,11.0,28.81355583370995,8,3,2,1,1,0.9998505464304835
Automotive,328,25,9,2,11.97,9.5,0.56,L17,C,14,4.77,188.31,0.19,4,0.81,327,6.44,0.46,279.82,61765.68,22746.8,23.94,22.100622445985543,46.0,-21.0,27.40183563894439,1,1,4,1,1,0.9995835176835591
Pharma,207,76,5,9,4.92,8.03,0.2,L86,A,81,4.64,91.48,0.16,5,0.85,937,13.07,0.56,21.65,18936.36,12088.8,44.28,39.628049999999995,84.0,-8.0,42.073162180251586,10,4,0,1,1,0.999619978697253
Electronics,145,54,14,7,15.91,1.48,0.44,L95,D,50,4.47,48.39,0.62,8,0.96,528,7.92,0.79,155.39,7016.55,32813.5,111.37,6.441346141917853,118.0,-64.0,9.113764354885962,5,2,5,1,1,0.9996096982024406
Automotive,292,96,11,3,12.26,3.71,0.74,L72,B,119,4.64,172.95,0.28,6,0.71,896,2.97,0.24,85.44,50501.399999999994,29842.4,36.78,10.570619476052478,47.0,49.0,23.817290063842574,4,2,3,1,1,0.9997633141245629
Electronics,109,91,6,2,22.68,8.45,0.28,L72,A,33,2.73,68.93,0.43,2,0.74,852,14.21,0.3,241.06,7513.370000000001,17107.55,45.36,19.657922070376614,65.0,26.0,4.805996260758542,8,3,2,1,1,0.9990447121517192
Pharma,481,11,9,4,16.6,4.35,0.27,L4,C,125,4.12,193.6,1.2,5,0.88,386,11.06,0.39,249.28,93121.59999999999,210677.99999999997,66.4,14.311499999999999,81.0,-70.0,28.97590186892157,5,2,2,1,1,0.9998785838480511
Groceries,218,85,7,6,15.66,9.49,0.97,L5,B,71,4.32,132.33,1.32,1,0.85,444,5.03,0.74,209.33,28847.940000000002,105032.4,93.96000000000001,38.23910684907533,132.0,-47.0,13.920816480152205,10,4,5,1,1,0.9998533160929451
Automotive,203,71,11,5,28.95,5.72,0.63,L59,C,178,3.06,136.18,0.21,5,0.98,286,4.9,0.56,135.61,27644.54,15559.949999999999,144.75,21.040058027486523,166.0,-95.0,7.012089567803469,12,4,0,1,1,0.9995454564551839
Automotive,226,10,5,6,16.13,0.64,0.24,L2,B,78,2.18,42.16,1.03,0,0.7,816,7.6,0.94,187.83,9528.16,84964.7,96.78,2.5788228012021297,99.0,-89.0,14.011158461800468,6,2,1,0,0,0.004746503333469442
Apparel,480,43,6,7,2.59,1.43,0.65,L9,B,136,4.23,75.72,1.19,7,0.71,739,2.41,0.63,195.37,36345.6,208487.99999999997,18.13,6.22373309658279,24.0,19.0,185.32811377292904,11,4,2,1,1,0.9998515129990981
Automotive,175,84,12,5,27.9,2.01,0.24,L77,C,155,2.35,72.43,0.77,3,0.75,768,14.42,0.31,46.92,12675.250000000002,49183.75,139.5,7.39344696420418,147.0,-63.0,6.272401208874509,11,4,4,1,1,0.9996523690203415
Pharma,361,33,7,9,41.01,4.9,0.87,L69,A,126,4.57,168.26,1.34,5,0.73,893,1.57,0.77,266.79,60741.85999999999,176565.1,369.09,24.181500000000003,393.0,-360.0,8.802730826561064,5,2,3,1,1,0.999319824220751
Groceries,461,40,4,3,45.01,8.76,0.67,L58,D,34,3.91,57.52,0.69,3,0.92,67,6.42,0.93,170.06,26516.72,116102.84999999999,135.03,24.959198547229033,160.0,-120.0,10.242168179467493,11,4,3,1,1,0.999657608737691
Electronics,123,75,12,8,13.56,2.68,0.37,L86,A,34,2.34,33.48,0.8,5,0.75,745,8.64,0.41,140.79,4118.04,35916.0,108.48,12.469403822156057,121.0,-46.0,9.070795791239249,10,4,4,1,1,0.999166092837012
Apparel,213,97,3,4,10.64,3.6,0.87,L100,C,108,0.87,103.16,1.05,5,0.92,233,1.15,0.91,154.45,21973.079999999998,81632.25,42.56,11.844000000000001,54.0,43.0,20.018795111015496,3,1,1,1,1,0.9998253992445323
Automotive,183,33,10,9,19.4,7.51,0.98,L10,C,111,3.45,127.3,0.74,4,0.98,342,10.58,0.68,56.84,23295.899999999998,49428.299999999996,174.6,37.06185,212.0,-179.0,9.432989204485093,9,3,3,1,1,0.9997049991915887
Apparel,290,47,11,4,9.8,3.81,0.39,L51,A,130,1.29,173.72,1.57,4,0.88,659,7.67,0.87,122.09,50378.8,166184.5,39.2,12.5349,52.0,-5.0,29.59183371511901,10,4,3,1,1,0.9999042092823792
Groceries,59,62,8,5,16.21,5.36,0.5,L23,B,179,1.78,69.83,0.53,2,0.92,55,9.37,0.57,281.08,4119.97,11413.550000000001,81.05000000000001,19.71585857121115,101.0,-39.0,3.6397283380796828,7,3,6,1,1,0.9995440544989583
Electronics,378,65,10,4,49.56,9.24,0.84,L48,B,61,3.19,186.6,1.28,0,0.92,314,9.97,0.93,220.38,70534.8,176601.6,198.24,30.3996,229.0,-164.0,7.627118490171136,9,3,6,0,0,0.010588646907395211
Electronics,382,26,5,5,20.95,4.34,0.21,L7,D,56,3.8,131.65,1.0,3,0.75,369,2.91,0.82,102.25,50290.3,139430.0,104.75,15.963960111764248,121.0,-95.0,18.23388934444442,2,1,2,1,1,0.9998778542536328
Electronics,145,49,10,4,38.68,4.05,0.63,L96,C,166,2.95,31.66,0.28,3,0.92,725,13.73,0.48,109.22,4590.7,14819.0,154.72,13.324499999999999,168.0,-119.0,3.7487072453798542,3,1,0,1,1,0.9995685210051143
Groceries,169,35,4,6,34.48,2.39,0.11,L42,D,95,0.54,169.16,1.69,3,0.91,736,5.88,0.4,90.27,28588.04,104247.65000000001,206.88,9.630291398239203,217.0,-182.0,4.901391969217171,11,4,2,1,1,0.999291808229422
Pharma,342,74,4,4,8.78,5.45,0.34,L93,D,46,4.53,121.44,0.81,9,0.74,838,5.5,0.77,49.25,41532.479999999996,101112.30000000002,35.12,17.930500000000002,53.0,21.0,38.95215957264698,5,2,2,1,1,0.9998774062165313
Groceries,140,97,12,9,29.11,4.23,0.93,L35,A,86,4.71,68.64,0.94,4,0.85,760,14.75,0.7,96.92,9609.6,48034.0,261.99,20.87505,283.0,-186.0,4.809343702873799,7,3,6,1,1,0.999611622338562
Groceries,327,13,12,5,49.85,7.48,0.45,L37,B,101,0.99,185.0,0.91,0,0.73,993,6.1,0.85,245.76,60495.0,108613.05,249.25,27.513922035943914,277.0,-264.0,6.559678905522991,1,1,5,0,0,0.07121890945133924
Groceries,272,63,4,3,35.51,1.64,0.13,L17,D,76,2.41,94.85,0.53,7,0.87,504,10.45,0.95,213.03,25799.199999999997,52618.4,106.53,4.672726668659317,111.0,-48.0,7.659813921154213,1,1,0,1,1,0.9991000824619347
Apparel,292,95,10,2,33.7,4.55,0.32,L45,B,179,3.29,79.35,0.34,6,0.94,260,3.7,0.25,60.67,23170.199999999997,36237.2,67.4,10.585034960972024,78.0,17.0,8.664688170187295,10,4,5,1,1,0.9991826567606286
Groceries,66,97,3,2,45.0,4.1,0.3,L14,B,45,3.65,132.44,0.67,6,0.92,981,10.72,0.5,258.42,8741.039999999999,16140.300000000003,90.0,9.53816337142534,100.0,-3.0,1.4666666340740748,7,3,2,1,1,0.9991522228457766
Electronics,307,76,10,5,8.19,4.05,0.8,L29,C,172,3.44,82.12,0.59,0,0.78,420,3.2,0.55,155.87,25210.84,66112.45,40.949999999999996,14.897243883097973,56.0,20.0,37.484732907847025,2,1,0,0,0,0.001616808871518664
Pharma,219,71,11,3,18.09,4.22,0.38,L33,B,141,0.95,158.59,1.74,1,0.84,492,3.8,0.52,157.94,34731.21,139086.9,54.269999999999996,12.023723501062388,66.0,5.0,12.106135317516014,10,4,0,1,1,0.9998331871482901
Pharma,120,81,5,4,48.98,5.71,0.3,L56,B,20,1.45,69.04,0.1,7,0.75,273,9.81,0.29,49.69,8284.800000000001,4380.0,195.92,18.7859,215.0,-134.0,2.4499795334834724,5,2,0,1,1,0.9994446805715568
Automotive,274,39,14,9,37.72,3.35,0.37,L86,A,82,3.01,21.07,1.62,5,0.73,223,10.74,0.6,169.08,5773.18,162016.2,339.48,16.532249999999998,356.0,-317.0,7.264050708800353,9,3,6,1,1,0.9984771084447446
Pharma,103,61,4,3,31.02,2.82,0.96,L7,C,142,2.18,37.33,1.36,0,0.73,793,12.65,0.9,259.77,3844.99,51129.200000000004,93.06,8.034810491231264,101.0,-40.0,3.320438319779551,6,2,6,0,1,0.5784278005019292
Automotive,166,12,4,6,2.24,6.34,0.56,L80,A,22,1.92,177.64,0.27,5,0.75,407,3.05,0.65,144.91,29488.239999999998,16359.3,13.440000000000001,25.546463374408596,39.0,-27.0,74.1071097736117,7,3,2,1,1,0.9996277765768614
Apparel,382,35,10,2,26.58,2.45,0.27,L58,D,140,2.91,11.87,0.25,7,0.98,418,6.25,0.34,253.7,4534.34,34857.5,53.16,5.6996342097541675,59.0,-24.0,14.371707510469996,7,3,4,1,1,0.9992351410755497
Pharma,424,65,13,8,43.62,3.07,0.44,L29,D,53,3.86,67.75,0.11,4,0.98,312,4.22,0.26,114.85,28726.0,17023.6,348.96,14.283981244036971,363.0,-298.0,9.720311560744808,12,4,3,1,1,0.9986350446401129
Pharma,260,49,3,2,18.92,7.59,0.39,L96,D,36,0.76,165.26,0.56,1,0.84,901,10.71,0.94,15.3,42967.6,53144.00000000001,37.84,17.657234143687397,55.0,-6.0,13.74207115528165,12,4,3,1,1,0.9996665675832663
Groceries,186,63,14,3,6.16,2.74,0.83,L3,C,95,4.27,25.12,1.04,1,0.82,224,10.16,0.29,57.25,4672.320000000001,70605.6,18.48,7.806872604955202,26.0,37.0,30.194800293051898,11,4,6,1,1,0.9991533934085304
Apparel,258,38,4,3,3.28,7.27,0.23,L50,B,69,2.71,15.94,1.58,5,0.87,450,12.91,0.57,86.39,4112.5199999999995,148788.6,9.84,20.713855415337335,31.0,7.0,78.65851260411202,1,1,4,1,1,0.9994358654748768
Apparel,78,94,8,2,33.33,5.72,0.67,L61,A,28,2.84,196.59,1.83,8,0.72,414,6.88,0.58,161.18,15334.02,52100.100000000006,66.66,13.306901093793401,80.0,14.0,2.3402339531883007,3,1,5,1,1,0.9990611547291587
Electronics,296,42,11,7,40.39,9.83,0.39,L66,A,164,1.6,31.3,0.32,1,0.88,953,8.98,0.29,264.81,9264.800000000001,34572.8,282.73,42.7827247128733,326.0,-284.0,7.328546488523236,5,2,3,1,1,0.9994492553080446
Apparel,56,84,14,5,18.35,8.24,0.53,L12,D,131,4.84,154.27,0.58,1,0.77,331,12.88,0.94,254.1,8639.12,11855.199999999999,91.75,30.30945422141415,122.0,-38.0,3.0517709508571684,12,4,0,1,1,0.9991733740705954
Apparel,499,51,3,6,28.65,1.54,0.31,L82,D,100,4.5,119.65,0.24,7,0.77,276,4.29,0.77,271.0,59705.350000000006,43712.399999999994,171.89999999999998,6.205292365392625,178.0,-127.0,17.417102358914402,6,2,1,1,1,0.9997906330525242
Apparel,324,87,3,4,8.72,6.71,0.91,L39,B,35,3.57,138.71,0.6,8,0.93,296,3.34,0.21,131.75,44942.04,70956.0,34.88,22.0759,57.0,30.0,37.15595904174781,7,3,1,1,1,0.9998569094350643
Apparel,141,61,12,6,24.5,9.76,0.56,L84,C,157,0.72,28.5,0.39,6,0.87,486,5.2,0.53,173.63,4018.5,20071.350000000002,147.0,39.32704771833247,186.0,-125.0,5.755101805914212,11,4,6,1,1,0.9993569230672712
Groceries,453,97,7,3,28.81,5.32,0.7,L86,B,172,1.93,74.37,1.96,0,0.71,680,2.07,0.95,262.55,33689.61,324076.2,86.42999999999999,15.157869437358272,102.0,-5.0,15.723706500392,1,1,4,0,0,0.0026027814056138027
Groceries,211,60,5,6,4.68,6.62,0.74,L52,A,170,2.02,114.89,0.82,0,0.71,793,10.2,0.79,269.49,24241.79,63152.299999999996,28.08,26.67469834993453,55.0,5.0,45.085460451824694,10,4,0,0,0,0.0021315551115978705
Apparel,168,87,3,2,4.46,4.37,0.38,L16,A,163,3.91,135.15,1.43,7,1.0,439,4.38,0.69,187.0,22705.2,87687.59999999999,8.92,10.16628632515335,19.0,68.0,37.668152989203364,5,2,1,1,1,0.9997131405215895
Apparel,41,53,3,6,48.49,7.56,0.6,L92,A,175,1.42,157.77,1.02,8,0.85,773,4.71,0.62,136.98,6468.570000000001,15264.3,290.94,30.462344339200154,321.0,-268.0,0.8455351444517396,10,4,2,1,1,0.9991222251280575
Electronics,104,16,8,4,47.45,9.71,0.24,L20,D,49,4.97,28.69,1.69,6,0.74,120,5.35,0.59,107.77,2983.76,64152.399999999994,189.8,31.9459,222.0,-206.0,2.1917807757264325,10,4,6,1,1,0.9988385661157783
Pharma,460,34,12,7,49.6,9.01,0.55,L10,A,138,4.39,166.96,1.92,1,1.0,637,1.62,0.86,170.73,76801.6,322368.0,347.2,39.21387076937828,386.0,-352.0,9.274193361407391,3,1,1,1,1,0.9991729697498046
Groceries,58,97,10,6,5.61,8.89,0.53,L50,C,98,4.48,86.82,1.48,2,0.91,148,1.93,0.73,248.72,5035.5599999999995,31331.600000000002,33.660000000000004,35.82146047294833,69.0,28.0,10.338679084014423,11,4,5,1,1,0.9987915661755384
Apparel,135,40,12,9,40.06,8.57,0.63,L72,D,159,4.39,191.91,1.42,1,0.9,484,9.15,0.7,256.19,25907.85,69970.5,360.54,42.29295,403.0,-363.0,3.369944998253994,4,2,0,1,1,0.9991235108041132
Automotive,267,93,14,9,16.92,9.75,0.44,L58,C,56,3.71,167.51,0.7,8,0.74,591,5.45,0.86,39.73,44725.17,68218.49999999999,152.28000000000003,48.11625,200.0,-107.0,15.780140911339187,3,1,0,1,1,0.9997499193688696
Pharma,443,14,11,3,28.14,7.52,0.71,L7,C,147,3.74,138.01,0.99,7,0.86,697,11.08,0.42,118.68,61138.42999999999,160078.05,84.42,21.42616130995004,106.0,-92.0,15.74271443700375,9,3,5,1,1,0.9998414256910022
Groceries,283,48,7,8,39.87,1.14,0.88,L39,B,103,1.02,117.95,1.68,0,0.72,841,5.19,0.61,130.74,33379.85,173535.6,318.96,5.304149387036531,324.0,-276.0,7.098068545320579,12,4,0,1,1,0.9375998515187992
Apparel,192,77,9,4,48.72,2.87,0.31,L18,D,174,3.57,19.94,0.96,5,0.89,646,11.28,0.55,104.69,3828.4800000000005,67276.8,194.88,9.442300000000001,204.0,-127.0,3.940886618618912,3,1,3,1,1,0.9994497191550253
Groceries,135,23,6,2,38.04,0.89,0.28,L23,C,109,3.85,38.07,1.62,5,0.8,814,13.43,0.38,162.6,5139.45,79825.5,76.08,2.07047936599233,78.0,-55.0,3.548895805759837,10,4,2,1,1,0.9982795676272003
Pharma,37,89,3,6,31.34,7.11,0.92,L10,A,91,1.12,151.87,2.0,4,0.89,683,1.85,0.94,294.86,5619.1900000000005,27010.0,188.04,28.649109557104907,217.0,-128.0,1.1805998346968782,5,2,4,1,1,0.9991040788646289
Apparel,387,98,9,4,49.1,1.49,0.84,L99,A,12,2.35,198.48,0.26,7,0.92,384,12.28,0.51,162.22,76811.76,36726.3,196.4,4.9021,201.0,-103.0,7.88187356656062,3,1,1,1,1,0.998803236084648
Automotive,443,75,8,3,2.92,8.38,0.3,L58,C,134,1.96,99.31,0.15,6,0.82,120,1.84,0.66,19.82,43994.33,24254.25,8.76,23.87649358741773,33.0,42.0,151.7122768108641,10,4,0,1,1,0.9997119239421981
Pharma,102,90,4,2,31.06,2.28,0.81,L46,D,165,2.05,162.19,0.32,7,0.75,92,12.95,0.25,69.66,16543.38,11913.6,62.12,5.304149387036531,67.0,23.0,3.2839664106900703,7,3,0,1,1,0.9987634353086936
Pharma,327,97,14,7,41.71,3.23,0.38,L83,B,122,3.35,98.17,0.11,3,0.77,946,8.16,0.35,270.13,32101.59,13129.05,291.97,14.057802728645042,306.0,-209.0,7.839846371617205,12,4,4,1,1,0.9989328523119615
Apparel,396,66,14,6,6.7,6.08,0.43,L14,B,134,2.95,163.53,1.79,3,0.83,277,3.79,0.35,72.47,64757.88,258726.6,40.2,24.49881661142023,65.0,1.0,59.10446879037779,7,3,2,1,1,0.9998866079282208
Apparel,257,99,9,7,18.66,2.13,0.62,L68,A,16,0.76,94.12,1.7,8,0.87,419,9.79,0.54,202.92,24188.84,159468.5,130.62,9.270315731273666,140.0,-41.0,13.77277525333466,4,2,6,1,1,0.9998399882530473
Groceries,212,63,7,5,39.53,4.45,0.39,L78,A,146,2.23,195.63,0.75,1,0.83,864,5.16,0.8,69.16,41473.56,58035.0,197.65,16.368576612292838,214.0,-151.0,5.363015295648488,8,3,5,1,1,0.9996689101205383
Electronics,464,71,3,8,42.66,5.1,0.71,L77,C,57,2.37,189.02,1.03,1,0.83,734,5.42,0.76,155.45,87705.28,174440.80000000002,341.28,23.729089363058165,365.0,-294.0,10.876699229331946,2,1,5,1,1,0.9995090445732453
Apparel,20,62,12,7,22.56,7.19,0.1,L33,A,93,3.95,29.43,1.56,3,0.9,130,11.61,0.52,149.97,588.6,11388.000000000002,157.92,31.292755919182,189.0,-127.0,0.8865247833987242,8,3,1,1,1,0.9992769854271033
Groceries,310,44,11,3,7.67,4.05,0.95,L38,B,113,2.78,23.64,0.12,7,0.76,956,13.12,0.34,283.87,7328.400000000001,13577.999999999998,23.009999999999998,11.53935549272575,35.0,9.0,40.417204639217125,5,2,4,1,1,0.999387355354663
Pharma,261,48,7,6,13.23,2.0,0.62,L27,C,108,4.53,131.03,0.69,1,0.95,788,3.81,0.8,28.12,34198.83,65732.84999999999,79.38,8.058821253756655,87.0,-39.0,19.727889665314464,1,1,2,1,1,0.9998955711066029
Apparel,64,85,7,3,16.59,2.85,0.13,L38,A,19,1.37,159.77,0.61,0,0.89,597,1.21,0.68,157.43,10225.28,14249.6,49.769999999999996,8.120287198584789,58.0,27.0,3.8577453973631464,2,1,2,0,0,0.3956128619505554
Groceries,207,68,5,5,36.59,2.92,0.71,L65,C,60,4.58,103.15,0.26,4,0.71,502,8.15,0.63,197.06,21352.050000000003,19644.3,182.95000000000002,10.74072892312249,194.0,-126.0,5.657283256155145,7,3,1,1,1,0.9995728271735983
Apparel,310,45,5,4,14.61,7.04,0.71,L82,B,31,1.6,88.98,1.49,4,0.77,68,3.93,0.71,240.83,27583.800000000003,168593.5,58.44,23.1616,82.0,-37.0,21.21834214795742,3,1,6,1,1,0.9998671849982151
Groceries,458,14,14,5,23.86,0.89,0.38,L9,A,161,3.79,16.13,1.42,5,0.98,725,7.17,0.32,62.52,7387.54,237381.4,119.3,3.2737153224585676,123.0,-109.0,19.195305146885786,9,3,2,1,1,0.9993145855049126
Automotive,27,69,8,2,2.5,5.31,0.66,L10,A,102,2.31,118.26,0.4,9,0.82,366,11.65,0.44,37.41,3193.02,3942.0000000000005,5.0,12.353084756650867,17.0,52.0,10.799995680001727,5,2,5,1,1,0.9965187787620399
Pharma,382,47,11,9,22.08,5.37,0.44,L17,A,44,3.24,113.03,0.65,6,0.81,801,9.39,0.43,109.5,43177.46,90629.5,198.71999999999997,26.500950000000003,225.0,-178.0,17.300723854133885,11,4,2,1,1,0.9998309499490162
Automotive,402,31,11,6,17.45,6.25,0.91,L45,A,104,2.88,58.4,1.67,0,0.79,871,11.45,0.76,21.46,23476.8,245039.09999999998,104.69999999999999,25.183816417989547,130.0,-99.0,23.03724796348149,7,3,5,0,0,0.0013357400225016227
Electronics,388,79,12,9,2.7,3.58,0.31,L100,C,140,4.02,185.23,1.71,8,0.81,991,2.08,0.58,43.42,71869.23999999999,242170.2,24.3,17.6673,42.0,37.0,143.70365048012943,7,3,4,1,1,0.9997670089690821
Pharma,495,84,8,7,13.94,0.82,0.22,L23,D,128,0.83,65.46,0.86,5,0.88,90,2.45,0.33,173.5,32402.699999999997,155380.5,97.58,3.5688539434950264,101.0,-17.0,35.5093231341949,4,2,6,1,1,0.999710464343162
Electronics,130,29,7,5,4.89,4.64,0.25,L25,A,17,4.04,95.86,0.36,1,0.84,762,6.52,0.44,275.57,12461.8,17082.0,24.45,17.067459658660393,42.0,-13.0,26.5848616390876,8,3,3,1,1,0.9996210340639236
Electronics,151,96,11,6,30.4,5.35,0.12,L16,A,117,1.24,110.18,0.3,7,0.91,109,5.5,0.79,149.78,16637.18,16534.5,182.39999999999998,21.55734685379905,204.0,-108.0,4.96710509976628,7,3,6,1,1,0.9996091516015384
Pharma,267,26,14,5,15.62,0.91,0.87,L38,B,137,4.79,103.15,0.73,4,0.96,136,7.42,0.85,173.65,27541.050000000003,71142.15,78.1,3.3472819589183103,81.0,-55.0,17.09346881603913,5,2,1,1,1,0.9997924587122877
Pharma,90,24,13,6,27.75,8.59,0.71,L98,D,56,2.09,184.04,1.34,2,0.89,593,3.88,0.99,229.74,16563.6,44019.0,166.5,34.61263728488483,201.0,-177.0,3.243243126369617,4,2,0,1,1,0.9996928759548196
Pharma,254,93,14,7,30.72,5.12,0.66,L42,A,62,3.59,136.32,0.22,1,0.97,710,3.46,0.72,220.37,34625.28,20396.2,215.04,22.28357584231041,237.0,-144.0,8.26822889751859,3,1,6,1,1,0.9993673531546337
Groceries,357,40,14,6,10.26,3.22,0.35,L45,B,126,3.56,79.03,2.0,2,0.97,198,1.42,0.26,97.53,28213.71,260610.0,61.56,12.974702218548215,75.0,-35.0,34.79531824607035,1,1,3,1,1,0.9998522307626472
Electronics,230,22,8,8,15.82,8.94,0.79,L24,A,60,4.32,193.58,0.21,6,0.91,826,8.1,0.3,207.33,44523.4,17629.5,126.56,41.59569782465489,168.0,-146.0,14.538557867347796,5,2,3,1,1,0.9995871520107191
Groceries,329,13,3,4,9.44,6.17,0.23,L76,C,141,4.76,95.79,0.75,6,0.97,902,12.14,0.68,198.03,31514.910000000003,90063.75,37.76,20.2993,58.0,-45.0,34.8516912233378,10,4,0,1,1,0.9998921731058714
Electronics,199,15,12,7,9.52,1.14,0.85,L52,A,151,4.69,53.96,0.65,9,0.88,390,1.41,0.99,140.01,10738.04,47212.75,66.64,4.961577433639427,72.0,-57.0,20.903359148806814,11,4,5,1,1,0.9996743263117649
Automotive,115,11,10,2,43.23,3.88,0.33,L10,C,168,1.89,150.54,1.29,6,0.77,366,1.98,0.7,72.41,17312.1,54147.75,86.46,9.026359483202517,95.0,-84.0,2.6601896215547165,11,4,0,1,1,0.9993269829718378
Pharma,241,69,14,4,11.21,1.98,0.78,L68,B,98,1.18,41.36,1.15,4,0.99,455,11.7,0.47,49.9,9967.76,101159.74999999999,44.84,6.5142,51.0,18.0,21.49865999119893,6,2,1,1,1,0.9998557967484493
Electronics,251,10,7,5,47.91,5.8,0.2,L58,B,103,0.68,94.06,1.78,4,0.85,829,12.04,0.77,257.97,23609.06,163074.7,239.54999999999998,21.334324573325496,261.0,-251.0,5.238989663139436,1,1,1,1,1,0.9992214629036663
Apparel,200,40,13,3,36.85,3.51,0.13,L39,D,123,1.14,107.03,0.88,3,0.91,261,8.89,0.45,192.13,21406.0,64240.0,110.55000000000001,10.000774760362319,121.0,-81.0,5.427408265199233,9,3,2,1,1,0.9995901710830732
Pharma,214,96,3,5,46.31,1.0,0.53,L36,A,94,3.39,14.26,1.01,3,0.8,584,4.79,0.57,28.47,3051.64,78891.1,231.55,3.6783318229871544,235.0,-139.0,4.621032074691598,3,1,3,1,1,0.9987167536648157
Apparel,350,87,3,5,37.25,6.71,0.49,L71,B,103,4.04,196.04,1.6,9,0.72,270,14.19,0.78,45.18,68614.0,204400.0,186.25,24.681606532243805,211.0,-124.0,9.395972902121533,8,3,1,1,1,0.9995141833717731
Electronics,409,24,8,3,35.66,5.76,0.29,L86,C,161,3.72,68.81,0.39,5,0.81,708,10.12,0.95,111.37,28143.29,58221.15000000001,106.97999999999999,16.411527811876624,123.0,-99.0,11.469433217346237,6,2,5,1,1,0.9998001831799296
Groceries,125,11,13,9,35.47,7.62,0.75,L23,D,127,1.32,166.39,1.54,9,0.9,918,2.92,0.74,206.27,20798.75,70262.5,319.23,37.6047,357.0,-346.0,3.524104778006632,10,4,2,1,1,0.9990638271627367
Automotive,62,43,4,4,48.0,5.48,0.14,L44,C,157,4.25,190.91,1.44,8,0.78,417,14.75,0.63,238.76,11836.42,32587.2,192.0,18.029200000000003,210.0,-167.0,1.2916666397569452,7,3,0,1,1,0.9995286547916844
Automotive,105,96,4,6,25.85,5.15,0.18,L4,D,155,0.91,39.87,0.86,7,0.7,328,9.62,0.24,20.55,4186.349999999999,32959.5,155.10000000000002,20.751464728423386,176.0,-80.0,4.061895394123969,2,1,3,1,1,0.9994643590920874
Groceries,495,58,5,4,24.37,1.93,0.94,L94,A,30,0.88,108.76,1.27,8,0.78,135,7.64,0.44,84.43,53836.200000000004,229457.25,97.48,6.3496999999999995,104.0,-46.0,20.31185800936159,5,2,3,1,1,0.9998741608181831
Groceries,32,87,11,9,8.94,8.11,0.59,L45,B,139,3.97,145.46,1.23,8,0.7,473,13.9,0.21,75.94,4654.72,14366.4,80.46,40.02285,120.0,-33.0,3.579417944136696,1,1,1,1,1,0.9984792440543468
Automotive,246,87,11,4,23.24,5.51,0.7,L71,D,156,1.09,173.35,0.97,0,0.96,533,14.89,0.72,123.23,42644.1,87096.3,92.96,18.1279,111.0,-24.0,10.585197479122312,9,3,3,0,0,0.0015628116265114143
Apparel,436,38,12,6,11.21,1.03,0.79,L78,D,44,3.44,62.13,1.58,5,0.82,249,13.85,0.84,79.49,27088.68,251441.2,67.26,4.1502929456846775,71.0,-33.0,38.89384131187856,1,1,2,1,1,0.9997537428494442
Pharma,61,80,12,7,13.43,2.12,0.21,L41,B,109,0.59,123.59,0.9,5,0.9,177,10.43,0.61,129.19,7538.99,20038.5,94.00999999999999,9.226793122206654,103.0,-23.0,4.542069654350733,7,3,0,1,1,0.9992459460249198
Pharma,398,10,3,6,25.81,3.87,0.18,L97,D,22,4.8,11.17,1.62,9,0.9,791,14.19,0.92,91.17,4445.66,235337.4,154.85999999999999,15.59381912601913,170.0,-160.0,15.420379100334014,11,4,3,1,1,0.9989198114203649
Apparel,479,60,4,2,45.86,0.96,0.46,L48,D,94,3.77,164.27,1.29,0,0.79,868,14.63,0.9,241.34,78685.33,225537.15,91.72,2.2333260576995917,94.0,-34.0,10.44483186993389,4,2,0,0,0,0.0028197607097801697
Apparel,480,52,14,2,22.15,6.12,0.28,L5,C,54,0.7,33.24,1.49,4,0.8,498,9.88,0.27,88.09,15955.2,261048.00000000003,44.3,14.2374536178349,59.0,-7.0,21.670427915556303,1,1,6,1,1,0.9997292650865615
Apparel,453,18,5,9,14.58,4.78,0.13,L82,A,151,3.81,120.02,0.38,5,0.84,252,9.55,0.56,295.8,54369.06,62831.100000000006,131.22,23.5893,155.0,-137.0,31.069956716738226,11,4,3,1,1,0.999858226196811
Automotive,360,41,14,8,18.56,5.08,0.76,L61,A,165,4.69,140.11,1.2,6,0.8,410,10.03,0.75,29.59,50439.600000000006,157680.0,148.48,23.636034110654016,172.0,-131.0,19.396550679065157,6,2,5,1,1,0.9998694824514681
Automotive,377,67,8,2,46.24,5.55,0.91,L91,A,128,2.52,108.86,0.34,4,0.98,60,12.64,0.29,204.81,41040.22,46785.700000000004,92.48,12.911416271075765,105.0,-38.0,8.153114010529542,9,3,0,1,1,0.9993445165202195
Groceries,492,88,10,7,1.72,8.67,0.31,L47,A,18,2.65,175.33,1.56,5,0.88,603,8.51,0.79,54.9,86262.36,280144.8,12.04,37.734102061099854,50.0,38.0,286.04634532189226,7,3,4,1,1,0.9998515494536235
Automotive,277,35,11,7,28.92,3.6,0.34,L67,C,128,2.93,147.51,0.9,1,0.89,507,9.18,0.81,153.08,40860.27,90994.5,202.44,15.668139264124507,218.0,-183.0,9.578146280147084,1,1,6,1,1,0.9998382587256487
Groceries,460,16,5,2,24.48,5.21,0.3,L95,D,89,0.76,158.49,1.22,2,0.89,803,13.25,0.24,135.48,72905.40000000001,204837.99999999997,48.96,12.120446625640492,61.0,-45.0,18.790848905602576,10,4,0,1,1,0.9997804272188329
Automotive,213,93,13,6,9.75,8.29,0.78,L27,B,26,1.52,62.11,0.31,6,0.83,327,9.58,0.98,122.64,13229.43,24100.95,58.5,33.403814096821336,92.0,1.0,21.846151605522913,4,2,1,1,1,0.999776454936003
Apparel,211,70,14,3,39.04,5.78,0.18,L81,C,88,4.89,73.23,0.67,1,0.87,745,10.77,0.51,104.22,15451.53,51600.05,117.12,16.46851228344564,134.0,-64.0,5.404712976313705,8,3,5,1,1,0.9996298680077695
Pharma,261,74,12,8,14.65,3.8,0.8,L10,C,36,1.07,12.72,0.21,8,0.97,418,13.41,0.41,129.1,3319.92,20005.649999999998,117.2,17.680497956788432,135.0,-61.0,17.81569844261444,6,2,4,1,1,0.9991644575895621
Apparel,132,60,9,6,12.64,7.87,0.64,L32,C,150,2.69,82.39,1.48,4,0.99,368,7.76,0.83,287.07,10875.48,71306.4,75.84,31.71146163353244,108.0,-48.0,10.443037148493897,11,4,2,1,1,0.9997955355664818
Pharma,403,91,6,7,17.88,3.56,0.47,L14,B,60,0.68,84.0,1.12,4,0.89,572,12.25,0.8,262.82,33852.0,164746.40000000002,125.16,15.494048827856457,141.0,-50.0,22.539148627564394,10,4,0,1,1,0.9998788940515404
Groceries,471,96,4,8,30.41,8.19,0.43,L31,C,31,1.87,50.17,1.32,2,0.73,196,5.28,0.43,109.85,23630.07,226927.80000000002,243.28,38.106125859499286,281.0,-185.0,15.488325699167191,7,3,0,1,1,0.9996707115395487
Apparel,469,13,11,7,22.11,2.41,0.79,L37,B,123,1.99,172.89,1.36,7,0.79,523,13.53,0.82,83.82,81085.40999999999,232811.6,154.76999999999998,10.488948785150017,165.0,-152.0,21.21212025273088,9,3,2,1,1,0.9998827628328475
Automotive,80,47,12,8,36.02,6.24,0.95,L96,D,83,3.63,78.05,0.23,7,0.84,863,3.13,0.58,107.07,6244.0,6716.000000000001,288.16,29.033238750094696,317.0,-270.0,2.220988278151353,6,2,0,1,1,0.9993731761410817
Pharma,371,12,11,8,25.85,6.41,0.43,L34,B,159,1.62,30.24,0.24,9,0.86,949,1.44,0.93,226.59,11219.039999999999,32499.6,206.8,29.82420839552997,237.0,-225.0,14.352030392571356,11,4,0,1,1,0.9995679301247505
Electronics,498,62,9,9,14.23,5.61,0.23,L33,A,72,1.48,145.53,0.25,7,0.73,66,12.78,0.75,182.1,72473.94,45442.5,128.07,27.68535,156.0,-94.0,34.99648383721126,12,4,0,1,1,0.999684131868468
Pharma,201,11,5,9,6.33,1.86,0.26,L92,B,150,3.88,68.95,0.5,3,0.77,800,10.7,0.93,22.28,13858.95,36682.5,56.97,9.179100000000002,66.0,-55.0,31.75354948601114,11,4,4,1,1,0.999662157827352
Electronics,119,15,4,8,47.31,8.51,0.49,L33,D,66,0.59,44.02,1.73,4,0.73,643,2.8,0.46,287.53,5238.38,75142.55,378.48,39.59500989796568,418.0,-403.0,2.5153244025507417,5,2,6,1,1,0.9974531582816557
Automotive,432,41,8,8,36.79,1.16,0.79,L47,A,69,3.57,12.02,1.77,6,0.98,637,10.82,0.93,172.27,5192.639999999999,279093.6,294.32,5.39720463944068,300.0,-259.0,11.742320963785787,1,1,2,1,1,0.9986560894170362
Electronics,244,33,10,9,48.35,7.16,0.33,L38,D,134,2.49,20.64,0.11,9,0.77,181,5.31,0.59,76.1,5036.16,9796.6,435.15000000000003,35.3346,470.0,-437.0,5.046535572977548,3,1,4,1,1,0.9986868727289447
Groceries,317,64,6,2,4.97,4.4,0.7,L95,B,75,1.83,138.04,0.67,8,0.92,428,11.22,0.86,157.11,43758.68,77522.35,9.94,10.236077764456462,20.0,44.0,63.78268334352448,1,1,2,1,1,0.9998276777830997
Apparel,123,54,8,6,16.01,4.53,0.43,L62,C,42,2.36,132.4,1.51,0,0.87,961,10.78,0.33,264.28,16285.2,67791.45,96.06,18.253230139758823,114.0,-60.0,7.682697833685331,11,4,2,0,0,0.09871381788672072
Automotive,46,59,6,9,30.37,8.23,0.62,L59,C,133,4.59,33.98,1.72,5,0.86,874,8.61,0.76,83.26,1563.08,28878.800000000003,273.33,40.615050000000004,314.0,-255.0,1.5146525678415355,8,3,4,1,1,0.999220567455763
Automotive,324,24,13,5,25.55,6.63,0.22,L79,A,161,4.26,94.0,1.63,4,0.7,135,4.79,0.28,281.89,30456.0,192763.8,127.75,24.387339986404832,152.0,-128.0,12.681017116202852,6,2,4,1,1,0.9997962093784282
Electronics,481,21,6,9,17.18,9.04,0.52,L97,A,117,2.41,194.32,1.21,4,0.98,984,14.42,0.65,227.51,93467.92,212433.65,154.62,44.612399999999994,199.0,-178.0,27.99767008162572,4,2,4,1,1,0.9998188024469339
Pharma,257,91,11,8,34.53,6.84,0.28,L74,A,91,2.97,191.99,1.85,7,0.99,808,9.79,0.6,190.87,49341.43,173539.25000000003,276.24,31.824896322219182,308.0,-217.0,7.442803143851632,11,4,0,1,1,0.9993453899333097
Electronics,120,33,7,2,36.24,9.4,0.56,L61,C,137,1.72,55.4,1.01,6,0.87,67,4.68,0.6,277.96,6648.0,44238.0,72.48,21.86798431497517,94.0,-61.0,3.3112581867754365,11,4,6,1,1,0.9992983046344495
Apparel,435,37,3,3,18.65,3.64,0.78,L99,D,128,4.73,191.61,1.56,0,0.99,246,2.76,0.3,231.13,83350.35,247689.0,55.949999999999996,10.371173825560923,66.0,-29.0,23.324395532203994,3,1,4,0,0,0.0015824334270853285
Electronics,118,26,12,5,41.65,9.68,0.79,L26,D,115,1.97,92.94,1.63,4,0.73,343,12.79,0.48,205.98,10966.92,70204.09999999999,208.25,35.60625204651566,244.0,-218.0,2.8331331852789154,5,2,2,1,1,0.9994732408987208
Apparel,35,91,11,9,42.53,2.6,0.78,L8,C,142,1.71,192.69,0.24,7,0.96,146,8.7,0.52,34.46,6744.15,3066.0,382.77,12.831,396.0,-305.0,0.8229484875864452,7,3,3,1,1,0.998338433184953
Pharma,314,42,5,3,44.39,3.5,0.62,L32,A,99,1.21,11.17,0.53,7,0.89,473,4.54,0.54,166.53,3507.38,60743.3,133.17000000000002,9.97228252457781,143.0,-101.0,7.073665080566229,1,1,0,1,1,0.9986880254778586
Automotive,358,92,11,7,44.56,6.14,0.67,L21,C,126,2.57,117.54,1.44,3,0.73,651,9.21,0.35,28.04,42079.32,188164.8,311.92,26.722881967145682,339.0,-247.0,8.034111130293736,5,2,4,1,1,0.9995178457430488
Groceries,164,93,9,4,20.8,5.74,0.77,L11,B,76,4.36,55.73,1.21,6,0.83,944,1.43,0.62,23.83,9139.72,72430.6,83.2,18.884600000000002,102.0,-9.0,7.884615005547355,12,4,3,1,1,0.9997249689767193
Electronics,48,61,9,8,25.28,7.58,0.63,L32,D,48,2.1,111.92,0.8,1,0.78,782,14.56,0.77,104.77,5372.16,14016.000000000002,202.24,35.26794066117272,238.0,-177.0,1.898734102107037,7,3,2,1,1,0.9991509814840417
Apparel,68,79,4,3,41.81,7.24,0.6,L79,B,171,0.51,93.16,1.98,4,0.87,324,10.95,0.68,82.77,6334.88,49143.6,125.43,20.628378707983813,146.0,-67.0,1.6264051273282678,9,3,2,1,1,0.9989539353395575
Automotive,363,15,13,8,43.1,3.37,0.64,L68,A,64,1.26,61.69,0.35,2,0.89,924,8.19,0.25,154.07,22393.469999999998,46373.25,344.8,15.679810030099219,360.0,-345.0,8.422273586490173,1,1,3,1,1,0.9991000686018314
Apparel,395,32,9,4,25.68,2.13,0.55,L18,B,179,1.17,122.04,0.33,2,0.79,681,9.02,0.35,93.86,48205.8,47577.75,102.72,7.0077,110.0,-78.0,15.381619338721988,12,4,4,1,1,0.9998520569769411
Apparel,158,38,6,7,30.18,8.4,0.23,L22,D,26,4.29,198.04,1.65,1,0.96,957,2.82,0.85,239.43,31290.32,95155.5,211.26,36.55899161629052,248.0,-210.0,5.2352549623838645,1,1,4,1,1,0.9993574713331871
Groceries,471,12,10,3,25.43,7.86,0.15,L56,C,118,3.39,54.49,0.52,5,0.99,714,2.43,0.41,235.28,25664.79,89395.8,76.28999999999999,22.394897326623312,99.0,-87.0,18.521430651929585,9,3,4,1,1,0.9998418397556719
Groceries,393,49,13,3,5.29,3.79,0.59,L39,B,33,2.3,58.42,0.11,8,0.96,816,6.31,0.85,221.74,22959.06,15778.949999999999,15.870000000000001,10.798557362328545,27.0,22.0,74.29110126822282,10,4,1,1,1,0.9995365810054794
