Date,Store ID,Product ID,Units Sold,Demand Forecast,Elite_Prediction,Absolute_Error
2023-09-18,S001,P0001,262,266.51,260.24227032824075,1.7577296717592503
2023-09-19,S001,P0001,72,66.92,61.650460733105874,10.349539266894126
2023-09-20,S001,P0001,104,104.53,99.69125191431598,4.308748085684016
2023-09-21,S001,P0001,309,323.66,317.7049860952605,8.704986095260494
2023-09-22,S001,P0001,234,252.02,246.6620193726114,12.662019372611411
2023-09-23,S001,P0001,283,289.15,282.87938737808554,0.12061262191446076
2023-09-24,S001,P0001,28,27.01,21.73476877425729,6.26523122574271
2023-09-25,S001,P0001,41,58.84,53.32360672422341,12.32360672422341
2023-09-26,S001,P0001,111,111.74,107.10534379568111,3.894656204318892
2023-09-27,S001,P0001,351,357.9,351.7388733290221,0.7388733290221126
2023-09-28,S001,P0001,217,229.46,223.92234658399752,6.922346583997523
2023-09-29,S001,P0001,279,282.7,276.4864592174992,2.5135407825007974
2023-09-30,S001,P0001,64,80.28,73.95040460562389,9.950404605623888
2023-10-01,S001,P0001,20,30.73,26.895875281236556,6.895875281236556
2023-10-02,S001,P0001,38,34.66,30.142439939605303,7.857560060394697
2023-10-03,S001,P0001,204,220.42,215.15194600806768,11.151946008067682
2023-10-04,S001,P0001,87,94.4,88.42588428399648,1.4258842839964814
2023-10-05,S001,P0001,72,64.96,60.172835991590205,11.827164008409795
2023-10-06,S001,P0001,415,425.93,423.28838860743,8.288388607430022
2023-10-07,S001,P0001,16,14.62,11.645084363185823,4.354915636814177
2023-10-08,S001,P0001,24,21.4,16.046747580160066,7.953252419839934
2023-10-09,S001,P0001,110,125.02,119.15980161134932,9.159801611349323
2023-10-10,S001,P0001,32,51.65,45.192495142437195,13.192495142437195
2023-10-11,S001,P0001,17,22.48,17.280737552361153,0.2807375523611526
2023-10-12,S001,P0001,77,93.39,87.34214479889064,10.342144798890644
2023-10-13,S001,P0001,221,234.84,230.50366920833352,9.50366920833352
2023-10-14,S001,P0001,18,31.22,27.176396093160086,9.176396093160086
2023-10-15,S001,P0001,31,29.34,24.774376642333777,6.2256233576662225
2023-10-16,S001,P0001,109,116.73,112.22328689099292,3.2232868909929238
2023-10-17,S001,P0001,100,116.88,112.71906364004451,12.71906364004451
2023-10-18,S001,P0001,108,120.45,114.24568877310665,6.24568877310665
2023-10-19,S001,P0001,201,205.46,199.83475404745354,1.1652459525464565
2023-10-20,S001,P0001,377,375.38,370.45283582275863,6.5471641772413705
2023-10-21,S001,P0001,56,62.96,56.874591302920926,0.8745913029209262
2023-10-22,S001,P0001,152,149.24,144.1357415845096,7.864258415490411
2023-10-23,S001,P0001,381,391.47,387.1690464443385,6.169046444338505
2023-10-24,S001,P0001,20,32.13,27.95997210937965,7.959972109379649
2023-10-25,S001,P0001,27,44.88,40.073980024398466,13.073980024398466
2023-10-26,S001,P0001,177,187.85,181.3103225559601,4.310322555960113
2023-10-27,S001,P0001,20,25.59,20.982468791653098,0.9824687916530976
2023-10-28,S001,P0001,255,253.06,248.61270088343417,6.387299116565828
2023-10-29,S001,P0001,218,213.71,208.606002449773,9.393997550226999
2023-10-30,S001,P0001,362,377.14,372.01941820317415,10.019418203174155
2023-10-31,S001,P0001,311,330.83,324.9085504495805,13.908550449580503
2023-11-01,S001,P0001,15,31.36,26.37975869564599,11.37975869564599
2023-11-02,S001,P0001,139,147.8,143.3235828392626,4.323582839262599
2023-11-03,S001,P0001,136,148.2,142.88266789769227,6.882667897692272
2023-11-04,S001,P0001,180,193.64,186.86549758380426,6.865497583804256
2023-11-05,S001,P0001,21,37.23,32.85202609078769,11.852026090787689
2023-11-06,S001,P0001,49,61.46,56.9119752091529,7.911975209152899
2023-11-07,S001,P0001,22,33.84,29.837539074169623,7.837539074169623
2023-11-08,S001,P0001,324,319.48,314.83794969271503,9.162050307284971
2023-11-09,S001,P0001,75,94.86,89.64340896053167,14.643408960531673
2023-11-10,S001,P0001,234,232.51,226.73732335187407,7.262676648125932
2023-11-11,S001,P0001,59,58.46,53.280684360679686,5.719315639320314
2023-11-12,S001,P0001,136,148.09,143.4051728025886,7.405172802588595
2023-11-13,S001,P0001,24,36.67,31.8173792302932,7.817379230293199
2023-11-14,S001,P0001,56,67.43,62.56445426333865,6.5644542633386465
2023-11-15,S001,P0001,55,69.85,64.8051470674134,9.805147067413401
2023-11-16,S001,P0001,49,47.34,41.85923152416447,7.140768475835529
2023-11-17,S001,P0001,416,418.2,413.94184906015937,2.0581509398406297
2023-11-18,S001,P0001,223,241.34,236.18499220126847,13.184992201268471
2023-11-19,S001,P0001,105,101.84,97.04100146246745,7.958998537532551
2023-11-20,S001,P0001,365,383.43,376.2657028956385,11.265702895638526
2023-11-21,S001,P0001,21,20.85,16.618823915705274,4.381176084294726
2023-11-22,S001,P0001,132,145.8,140.49558599272592,8.495585992725921
2023-11-23,S001,P0001,226,237.15,231.98079413836496,5.980794138364956
2023-11-24,S001,P0001,16,14.88,12.530784787849147,3.4692152121508535
2023-11-25,S001,P0001,371,390.44,382.7508849273179,11.750884927317884
2023-11-26,S001,P0001,52,58.94,53.493899352858136,1.4938993528581364
2023-11-27,S001,P0001,187,192.72,186.1549463301621,0.8450536698379096
2023-11-28,S001,P0001,89,93.79,87.25141429986058,1.7485857001394152
2023-11-29,S001,P0001,110,126.82,120.78207674764747,10.782076747647466
2023-11-30,S001,P0001,244,263.53,257.6822040257081,13.682204025708074
2023-12-01,S001,P0001,185,189.06,183.59176281362522,1.4082371863747767
2023-12-02,S001,P0001,200,190.13,184.92767002086973,15.072329979130274
2023-12-03,S001,P0001,122,128.17,121.7785264510896,0.22147354891039583
2023-12-04,S001,P0001,49,63.28,58.40946876349586,9.409468763495859
2023-12-05,S001,P0001,66,80.12,74.22214383230435,8.222143832304354
2023-12-06,S001,P0001,67,81.04,74.93760331482444,7.937603314824443
2023-12-07,S001,P0001,2,-0.96,4.59531753920933,2.59531753920933
2023-12-08,S001,P0001,263,273.73,267.52551870966875,4.525518709668745
2023-12-09,S001,P0001,174,190.74,185.67547969615805,11.67547969615805
2023-12-10,S001,P0001,283,274.98,268.5879018025902,14.412098197409819
2023-12-11,S001,P0001,143,160.84,154.47294496761486,11.472944967614865
2023-12-12,S001,P0001,212,226.16,221.47877202514906,9.478772025149055
2023-12-13,S001,P0001,65,84.35,78.99691668364905,13.996916683649047
2023-12-14,S001,P0001,49,60.76,56.586768190139125,7.586768190139125
2023-12-15,S001,P0001,162,174.59,169.24235156144576,7.2423515614457585
2023-12-16,S001,P0001,119,134.94,130.68918653240166,11.689186532401663
2023-12-17,S001,P0001,55,66.58,60.898127368496105,5.898127368496105
2023-12-18,S001,P0001,84,98.5,91.60774829514621,7.607748295146209
2023-12-19,S001,P0001,242,236.53,232.80582680452343,9.194173195476566
2023-12-20,S001,P0001,136,137.16,131.50800516839843,4.491994831601573
2023-12-21,S001,P0001,174,167.13,162.1612166620037,11.83878333799629
2023-12-22,S001,P0001,119,115.1,109.16626765946447,9.833732340535533
2023-12-23,S001,P0001,188,201.72,194.92658340921008,6.926583409210082
2023-12-24,S001,P0001,342,353.62,348.1527152981702,6.152715298170222
2023-12-25,S001,P0001,86,95.24,89.93093049878456,3.930930498784562
2023-12-26,S001,P0001,46,61.65,56.90180746738598,10.901807467385979
2023-12-27,S001,P0001,196,195.27,188.9323070247712,7.067692975228795
2023-12-28,S001,P0001,67,78.15,72.53008809658328,5.530088096583285
2023-12-29,S001,P0001,168,184.45,178.31566455700454,10.315664557004538
2023-12-30,S001,P0001,30,20.66,16.529143596235308,13.470856403764692
2023-12-31,S001,P0001,26,42.53,37.42484968506261,11.424849685062611
2024-01-01,S001,P0001,40,53.56,49.59843273770804,9.598432737708038
2023-09-18,S001,P0002,63,81.96,76.20380609027202,13.203806090272025
2023-09-19,S001,P0002,170,180.08,175.63645216000683,5.636452160006826
2023-09-20,S001,P0002,151,162.95,157.18875241132912,6.188752411329119
2023-09-21,S001,P0002,125,134.12,129.7332513785138,4.733251378513813
2023-09-22,S001,P0002,105,97.57,91.73340263458991,13.266597365410092
2023-09-23,S001,P0002,39,40.41,35.392785345384745,3.6072146546152553
2023-09-24,S001,P0002,62,65.77,60.41514386827903,1.5848561317209686
2023-09-25,S001,P0002,33,49.62,43.74319300561356,10.743193005613563
2023-09-26,S001,P0002,112,120.21,114.4655686732126,2.4655686732126014
2023-09-27,S001,P0002,67,77.62,72.25959322030882,5.259593220308815
2023-09-28,S001,P0002,35,29.51,24.42243717746682,10.577562822533181
2023-09-29,S001,P0002,87,91.25,87.18538347338034,0.185383473380341
2023-09-30,S001,P0002,224,218.49,213.8523990435586,10.147600956441408
2023-10-01,S001,P0002,303,305.66,299.6732925876304,3.3267074123696148
2023-10-02,S001,P0002,296,310.8,304.29573822164843,8.295738221648435
2023-10-03,S001,P0002,105,122.89,118.36470149116727,13.364701491167267
2023-10-04,S001,P0002,91,84.63,79.47006599679074,11.529934003209263
2023-10-05,S001,P0002,70,81.5,75.68359845816774,5.683598458167737
2023-10-06,S001,P0002,408,416.01,411.03842993135834,3.038429931358337
2023-10-07,S001,P0002,61,65.71,61.24183245187141,0.24183245187141011
2023-10-08,S001,P0002,135,138.3,132.75638260117088,2.243617398829116
2023-10-09,S001,P0002,299,300.02,294.9206548356367,4.079345164363303
2023-10-10,S001,P0002,101,102.16,96.69756707733127,4.302432922668729
2023-10-11,S001,P0002,36,28.71,22.846269559471992,13.153730440528008
2023-10-12,S001,P0002,153,148.25,142.4659977572012,10.534002242798806
2023-10-13,S001,P0002,236,247.36,241.24834924982798,5.248349249827982
2023-10-14,S001,P0002,74,89.34,83.72737386589733,9.727373865897334
2023-10-15,S001,P0002,86,86.65,81.43169945719804,4.568300542801964
2023-10-16,S001,P0002,163,163.99,157.85329650689567,5.146703493104326
2023-10-17,S001,P0002,53,57.2,52.77933487354295,0.2206651264570496
2023-10-18,S001,P0002,243,237.86,232.46742869469855,10.532571305301445
2023-10-19,S001,P0002,23,41.1,36.19725027260716,13.197250272607157
2023-10-20,S001,P0002,65,67.95,62.573953413861126,2.426046586138874
2023-10-21,S001,P0002,46,48.03,42.339181255022666,3.660818744977334
2023-10-22,S001,P0002,78,96.57,91.38724507264543,13.387245072645428
2023-10-23,S001,P0002,108,112.3,108.3058639572127,0.30586395721269355
2023-10-24,S001,P0002,36,44.85,38.87491423676092,2.8749142367609224
2023-10-25,S001,P0002,151,162.54,157.2796761171569,6.279676117156896
2023-10-26,S001,P0002,66,83.75,78.36186454370247,12.361864543702467
2023-10-27,S001,P0002,64,73.08,68.25087999151424,4.250879991514239
2023-10-28,S001,P0002,11,12.16,10.875312259335363,0.12468774066463695
2023-10-29,S001,P0002,268,271.65,267.11155277066285,0.8884472293371459
2023-10-30,S001,P0002,42,51.95,45.851527720621824,3.8515277206218244
2023-10-31,S001,P0002,68,69.56,63.90078752909349,4.099212470906508
2023-11-01,S001,P0002,58,63.71,58.44078054737594,0.44078054737593675
2023-11-02,S001,P0002,4,16.51,12.921406826424938,8.921406826424938
2023-11-03,S001,P0002,115,109.82,104.97490716722155,10.025092832778455
2023-11-04,S001,P0002,74,69.35,63.96714486360774,10.032855136392257
2023-11-05,S001,P0002,37,30.83,25.31446343557934,11.685536564420659
2023-11-06,S001,P0002,144,141.68,136.4242384676714,7.575761532328613
2023-11-07,S001,P0002,353,347.74,343.3968891288533,9.603110871146725
2023-11-08,S001,P0002,5,14.29,12.323145391763006,7.323145391763006
2023-11-09,S001,P0002,136,153.05,147.64021965252084,11.640219652520841
2023-11-10,S001,P0002,47,50.76,45.053728722646504,1.946271277353496
2023-11-11,S001,P0002,246,258.63,253.71911950647507,7.719119506475067
2023-11-12,S001,P0002,43,39.38,34.640622531020185,8.359377468979815
2023-11-13,S001,P0002,38,35.68,31.34869163186884,6.651308368131161
2023-11-14,S001,P0002,345,339.74,335.4299798941073,9.570020105892695
2023-11-15,S001,P0002,362,354.66,348.68264569328244,13.317354306717561
2023-11-16,S001,P0002,62,70.62,65.44376397575513,3.4437639757551324
2023-11-17,S001,P0002,53,52.97,48.423641231566215,4.576358768433785
2023-11-18,S001,P0002,253,262.55,256.7656796270781,3.7656796270781
2023-11-19,S001,P0002,135,141.54,137.194826124003,2.1948261240029865
2023-11-20,S001,P0002,349,362.7,358.0192261743636,9.01922617436361
2023-11-21,S001,P0002,330,330.26,325.2430213779825,4.756978622017527
2023-11-22,S001,P0002,162,178.68,172.1141226373419,10.114122637341893
2023-11-23,S001,P0002,205,222.81,216.95027393723925,11.950273937239245
2023-11-24,S001,P0002,199,197.73,192.7142881012207,6.2857118987793115
2023-11-25,S001,P0002,51,70.2,65.01657630830455,14.01657630830455
2023-11-26,S001,P0002,332,348.29,343.08947532427976,11.08947532427976
2023-11-27,S001,P0002,36,48.46,43.27422561704712,7.274225617047122
2023-11-28,S001,P0002,40,56.45,51.87097805347428,11.870978053474282
2023-11-29,S001,P0002,292,310.92,305.21373683476395,13.21373683476395
2023-11-30,S001,P0002,27,39.34,34.89203216301199,7.89203216301199
2023-12-01,S001,P0002,22,35.61,30.835835337299223,8.835835337299223
2023-12-02,S001,P0002,222,238.33,232.92443819420245,10.924438194202452
2023-12-03,S001,P0002,265,274.76,268.6940381926267,3.6940381926266923
2023-12-04,S001,P0002,251,248.6,242.2942990133264,8.705700986673605
2023-12-05,S001,P0002,82,74.31,67.63405520210321,14.365944797896788
2023-12-06,S001,P0002,28,46.0,41.55383002565303,13.553830025653028
2023-12-07,S001,P0002,73,78.11,72.92436335342903,0.07563664657097036
2023-12-08,S001,P0002,54,70.3,64.43498147772908,10.434981477729082
2023-12-09,S001,P0002,27,21.31,16.402677600203425,10.597322399796575
2023-12-10,S001,P0002,332,336.54,330.0188533516816,1.9811466483183722
2023-12-11,S001,P0002,2,17.06,13.869781475303544,11.869781475303544
2023-12-12,S001,P0002,9,6.59,9.010619066293977,0.010619066293976687
2023-12-13,S001,P0002,271,280.78,275.2314021072077,4.231402107207714
2023-12-14,S001,P0002,50,58.95,53.19476676039548,3.1947667603954812
2023-12-15,S001,P0002,121,133.82,128.56891078732556,7.568910787325564
2023-12-16,S001,P0002,11,11.66,10.463818715390648,0.5361812846093521
2023-12-17,S001,P0002,116,115.66,110.99984334947621,5.000156650523792
2023-12-18,S001,P0002,78,97.69,92.44813801953205,14.448138019532053
2023-12-19,S001,P0002,80,91.66,85.7579302208783,5.757930220878293
2023-12-20,S001,P0002,139,136.26,129.956536831017,9.04346316898301
2023-12-21,S001,P0002,242,248.19,242.45589814454817,0.455898144548172
2023-12-22,S001,P0002,233,225.02,220.76004612723708,12.239953872762925
2023-12-23,S001,P0002,196,203.39,196.93736159226668,0.9373615922666829
2023-12-24,S001,P0002,155,174.89,168.89473485905557,13.894734859055575
2023-12-25,S001,P0002,47,38.26,34.55598156026866,12.444018439731337
2023-12-26,S001,P0002,176,170.6,164.75589433934923,11.244105660650774
2023-12-27,S001,P0002,48,45.23,39.42695268096364,8.573047319036363
2023-12-28,S001,P0002,22,22.54,17.852547339836196,4.147452660163804
2023-12-29,S001,P0002,81,100.3,94.95491254906351,13.954912549063508
2023-12-30,S001,P0002,105,96.14,90.85302042684172,14.146979573158276
2023-12-31,S001,P0002,6,8.33,9.451650576780626,3.451650576780626
2024-01-01,S001,P0002,99,101.47,95.68903599308047,3.3109640069195336
2023-09-18,S001,P0003,328,328.39,322.62207103926625,5.377928960733755
2023-09-19,S001,P0003,37,27.85,23.201978784308444,13.798021215691556
2023-09-20,S001,P0003,63,82.85,77.33753474152351,14.337534741523513
2023-09-21,S001,P0003,26,41.88,38.072580101667356,12.072580101667356
2023-09-22,S001,P0003,253,245.38,239.103911036785,13.896088963214993
2023-09-23,S001,P0003,43,61.37,56.368986616810986,13.368986616810986
2023-09-24,S001,P0003,41,51.17,44.75082424876338,3.7508242487633794
2023-09-25,S001,P0003,82,74.22,68.86070319559778,13.139296804402221
2023-09-26,S001,P0003,30,34.84,29.62409377479363,0.3759062252063714
2023-09-27,S001,P0003,336,354.26,349.3401553300021,13.34015533000212
2023-09-28,S001,P0003,348,341.16,334.57878676916096,13.421213230839044
2023-09-29,S001,P0003,164,182.79,177.03163261016783,13.031632610167833
2023-09-30,S001,P0003,463,474.78,468.8067906450032,5.806790645003218
2023-10-01,S001,P0003,66,60.31,56.030242092445164,9.969757907554836
2023-10-02,S001,P0003,33,42.34,37.017326040502965,4.017326040502965
2023-10-03,S001,P0003,47,63.06,57.606702008293766,10.606702008293766
2023-10-04,S001,P0003,27,43.65,39.11578498371121,12.115784983711208
2023-10-05,S001,P0003,152,154.98,150.21569485506055,1.7843051449394522
2023-10-06,S001,P0003,85,79.68,74.2262553315198,10.773744668480205
2023-10-07,S001,P0003,290,301.25,294.48861940865095,4.488619408650948
2023-10-08,S001,P0003,365,361.75,355.76659770474214,9.23340229525786
2023-10-09,S001,P0003,92,105.08,99.4477298594631,7.447729859463095
2023-10-10,S001,P0003,271,281.8,277.23778982867555,6.237789828675545
2023-10-11,S001,P0003,23,16.34,12.207314887711831,10.792685112288169
2023-10-12,S001,P0003,50,55.8,49.94584272168674,0.054157278313262225
2023-10-13,S001,P0003,58,64.41,58.99346507058451,0.9934650705845129
2023-10-14,S001,P0003,1,4.96,7.414607503900083,6.414607503900083
2023-10-15,S001,P0003,49,39.6,34.87572091182984,14.124279088170162
2023-10-16,S001,P0003,167,171.63,166.0791444875614,0.9208555124386066
2023-10-17,S001,P0003,4,9.55,9.869762023791473,5.869762023791473
2023-10-18,S001,P0003,12,23.29,17.906908288755986,5.906908288755986
2023-10-19,S001,P0003,168,163.49,157.67535575440655,10.324644245593447
2023-10-20,S001,P0003,56,60.17,54.22395051132668,1.7760494886733227
2023-10-21,S001,P0003,130,125.01,119.37663956172993,10.623360438270069
2023-10-22,S001,P0003,194,212.78,207.75344429052203,13.753444290522026
2023-10-23,S001,P0003,90,94.94,89.94488610564389,0.05511389435611136
2023-10-24,S001,P0003,272,282.56,276.99142015992595,4.991420159925951
2023-10-25,S001,P0003,70,87.89,82.1628438976445,12.162843897644507
2023-10-26,S001,P0003,31,26.23,21.653831772084676,9.346168227915324
2023-10-27,S001,P0003,70,73.74,68.42523059031865,1.5747694096813518
2023-10-28,S001,P0003,133,136.26,130.13777444186425,2.862225558135748
2023-10-29,S001,P0003,105,97.9,92.24169718127989,12.75830281872011
2023-10-30,S001,P0003,52,64.56,58.80938975433024,6.80938975433024
2023-10-31,S001,P0003,217,208.72,202.91251324262709,14.087486757372915
2023-11-01,S001,P0003,58,64.17,58.96346165188041,0.963461651880408
2023-11-02,S001,P0003,322,327.69,321.7525715207353,0.24742847926472677
2023-11-03,S001,P0003,291,304.66,299.15797187441524,8.157971874415239
2023-11-04,S001,P0003,196,193.47,187.14169154697964,8.858308453020356
2023-11-05,S001,P0003,53,58.49,53.18714959545766,0.18714959545766163
2023-11-06,S001,P0003,219,215.72,211.2355332157328,7.764466784267199
2023-11-07,S001,P0003,60,69.96,65.2616770436145,5.2616770436144975
2023-11-08,S001,P0003,217,233.08,227.01368490002758,10.013684900027584
2023-11-09,S001,P0003,138,156.5,151.53865091528783,13.538650915287832
2023-11-10,S001,P0003,25,24.24,18.98317268230493,6.016827317695071
2023-11-11,S001,P0003,36,45.29,39.46090878545078,3.4609087854507834
2023-11-12,S001,P0003,2,2.52,6.624553453435482,4.624553453435482
2023-11-13,S001,P0003,62,63.83,58.460138723566025,3.5398612764339745
2023-11-14,S001,P0003,9,6.61,8.308004231413705,0.6919957685862954
2023-11-15,S001,P0003,135,134.23,128.75433528234635,6.2456647176536535
2023-11-16,S001,P0003,27,42.89,38.30347585920926,11.303475859209257
2023-11-17,S001,P0003,126,142.04,136.1530515622331,10.153051562233088
2023-11-18,S001,P0003,201,203.33,197.98239750609827,3.017602493901734
2023-11-19,S001,P0003,135,134.56,129.0250127779202,5.97498722207979
2023-11-20,S001,P0003,144,139.59,134.4615847019741,9.53841529802591
2023-11-21,S001,P0003,20,26.04,21.0545236424649,1.0545236424649005
2023-11-22,S001,P0003,111,129.24,123.43174579849472,12.431745798494717
2023-11-23,S001,P0003,193,212.08,207.78485239914102,14.784852399141016
2023-11-24,S001,P0003,281,273.32,268.10926741997235,12.890732580027645
2023-11-25,S001,P0003,124,123.85,118.18755481602767,5.812445183972329
2023-11-26,S001,P0003,184,187.9,182.68314809568855,1.3168519043114486
2023-11-27,S001,P0003,103,121.29,115.67961731466946,12.679617314669457
2023-11-28,S001,P0003,169,165.08,160.94137111057182,8.058628889428178
2023-11-29,S001,P0003,8,-1.76,4.502313133405608,3.4976868665943917
2023-11-30,S001,P0003,376,390.71,383.808039728337,7.8080397283370075
2023-12-01,S001,P0003,340,355.75,349.7710595595379,9.771059559537889
2023-12-02,S001,P0003,65,55.1,50.366274305544685,14.633725694455315
2023-12-03,S001,P0003,4,0.74,5.551841418203164,1.5518414182031641
2023-12-04,S001,P0003,329,334.75,331.06753756851174,2.0675375685117388
2023-12-05,S001,P0003,39,58.64,53.059694030408366,14.059694030408366
2023-12-06,S001,P0003,315,307.82,303.4101132520178,11.589886747982177
2023-12-07,S001,P0003,85,97.2,91.67175538128721,6.671755381287213
2023-12-08,S001,P0003,52,55.69,50.00913083513203,1.9908691648679735
2023-12-09,S001,P0003,323,340.35,334.5076856403437,11.507685640343709
2023-12-10,S001,P0003,29,23.94,18.577210086993134,10.422789913006866
2023-12-11,S001,P0003,19,29.0,23.85926330434293,4.859263304342932
2023-12-12,S001,P0003,43,43.31,38.75265662794847,4.247343372051532
2023-12-13,S001,P0003,153,168.82,163.93842200734966,10.938422007349658
2023-12-14,S001,P0003,93,88.25,83.40662664843767,9.593373351562335
2023-12-15,S001,P0003,131,125.22,119.59194665352771,11.408053346472286
2023-12-16,S001,P0003,200,198.63,192.05008096083324,7.949919039166758
2023-12-17,S001,P0003,302,309.88,303.90890617416005,1.9089061741600517
2023-12-18,S001,P0003,6,18.45,13.563660760135022,7.563660760135022
2023-12-19,S001,P0003,75,84.16,79.09789781410367,4.097897814103675
2023-12-20,S001,P0003,62,57.24,52.86063305690779,9.139366943092213
2023-12-21,S001,P0003,37,38.04,33.46626315559316,3.533736844406839
2023-12-22,S001,P0003,19,24.49,19.436717138977386,0.43671713897738584
2023-12-23,S001,P0003,349,343.04,337.1811107518694,11.818889248130574
2023-12-24,S001,P0003,107,115.55,110.48516165951675,3.4851616595167485
2023-12-25,S001,P0003,219,211.24,205.26641248514704,13.733587514852957
2023-12-26,S001,P0003,362,360.98,352.977983191695,9.022016808305011
2023-12-27,S001,P0003,203,220.2,214.41036583772745,11.410365837727454
2023-12-28,S001,P0003,212,218.6,212.72622478877713,0.7262247887771309
2023-12-29,S001,P0003,107,103.99,97.72368989068184,9.27631010931816
2023-12-30,S001,P0003,91,98.92,93.69200894249636,2.692008942496358
2023-12-31,S001,P0003,143,159.67,154.66653259067746,11.666532590677463
2024-01-01,S001,P0003,64,76.85,70.34541239360243,6.34541239360243
2023-09-18,S001,P0004,31,45.17,39.762217813661096,8.762217813661096
2023-09-19,S001,P0004,332,326.06,321.64549945263116,10.354500547368843
2023-09-20,S001,P0004,354,344.19,337.68116236672535,16.318837633274654
2023-09-21,S001,P0004,136,151.08,145.24216293925423,9.242162939254229
2023-09-22,S001,P0004,95,113.12,108.17805718875286,13.17805718875286
2023-09-23,S001,P0004,43,59.57,54.46786679800961,11.46786679800961
2023-09-24,S001,P0004,393,389.86,382.3706046966845,10.629395303315505
2023-09-25,S001,P0004,82,74.97,70.05659795696782,11.94340204303218
2023-09-26,S001,P0004,207,217.95,212.8917635569556,5.8917635569555955
2023-09-27,S001,P0004,125,128.31,122.87179136808201,2.1282086319179854
2023-09-28,S001,P0004,49,46.05,40.97125315560197,8.028746844398029
2023-09-29,S001,P0004,311,318.43,313.4922826675047,2.4922826675046963
2023-09-30,S001,P0004,309,312.35,304.83461404288994,4.165385957110061
2023-10-01,S001,P0004,83,96.41,90.26262891956512,7.262628919565117
2023-10-02,S001,P0004,30,38.1,34.063494766914594,4.063494766914594
2023-10-03,S001,P0004,77,90.99,85.27326855407986,8.273268554079863
2023-10-04,S001,P0004,133,147.98,142.41474448421192,9.414744484211923
2023-10-05,S001,P0004,303,298.22,293.27133569307847,9.72866430692153
2023-10-06,S001,P0004,84,74.92,68.8753691112063,15.124630888793703
2023-10-07,S001,P0004,174,185.63,180.85129996042502,6.851299960425024
2023-10-08,S001,P0004,57,61.14,56.84555560380871,0.15444439619128758
2023-10-09,S001,P0004,88,84.42,79.55958328986418,8.440416710135821
2023-10-10,S001,P0004,19,36.3,30.7797261064565,11.7797261064565
2023-10-11,S001,P0004,48,43.58,39.734098413912065,8.265901586087935
2023-10-12,S001,P0004,119,135.47,129.84722920535378,10.847229205353784
2023-10-13,S001,P0004,193,184.35,178.49655621200532,14.503443787994684
2023-10-14,S001,P0004,113,105.28,99.57932609095076,13.420673909049242
2023-10-15,S001,P0004,12,4.51,6.652622986261328,5.347377013738672
2023-10-16,S001,P0004,136,140.04,134.73462153592007,1.2653784640799302
2023-10-17,S001,P0004,390,406.57,400.43100239843506,10.431002398435055
2023-10-18,S001,P0004,56,64.67,60.076222576273395,4.076222576273395
2023-10-19,S001,P0004,293,287.34,281.9640050868498,11.035994913150205
2023-10-20,S001,P0004,210,228.28,223.54578618771703,13.545786187717027
2023-10-21,S001,P0004,167,160.73,155.22757662327083,11.772423376729165
2023-10-22,S001,P0004,126,137.22,132.38128910742643,6.381289107426426
2023-10-23,S001,P0004,470,479.61,470.4437584351379,0.4437584351379087
2023-10-24,S001,P0004,192,182.22,177.1449057210622,14.855094278937798
2023-10-25,S001,P0004,395,393.61,388.19768962710555,6.802310372894453
2023-10-26,S001,P0004,214,218.68,211.85800037261663,2.1419996273833704
2023-10-27,S001,P0004,15,31.67,27.10639463348488,12.106394633484879
2023-10-28,S001,P0004,139,134.17,129.8771886174314,9.122811382568614
2023-10-29,S001,P0004,19,19.78,16.091742050864077,2.9082579491359226
2023-10-30,S001,P0004,121,117.53,113.04455520132981,7.955444798670186
2023-10-31,S001,P0004,131,128.65,123.04436621236265,7.955633787637353
2023-11-01,S001,P0004,15,30.62,26.38781297209738,11.387812972097379
2023-11-02,S001,P0004,17,10.28,9.919578080126342,7.0804219198736575
2023-11-03,S001,P0004,115,114.54,108.82834770347228,6.171652296527725
2023-11-04,S001,P0004,153,156.12,150.86959177970243,2.130408220297568
2023-11-05,S001,P0004,293,289.88,285.71066754891876,7.289332451081236
2023-11-06,S001,P0004,97,109.4,103.96155168444483,6.961551684444828
2023-11-07,S001,P0004,286,300.15,295.01715837841357,9.01715837841357
2023-11-08,S001,P0004,91,106.19,100.51320198921543,9.513201989215432
2023-11-09,S001,P0004,305,313.48,305.2291011350387,0.22910113503871798
2023-11-10,S001,P0004,40,36.57,31.67868754425826,8.32131245574174
2023-11-11,S001,P0004,283,299.09,291.9679770859285,8.96797708592851
2023-11-12,S001,P0004,90,105.48,99.4707381279446,9.4707381279446
2023-11-13,S001,P0004,9,16.57,12.96341601588473,3.9634160158847305
2023-11-14,S001,P0004,28,22.76,17.300267268121512,10.699732731878488
2023-11-15,S001,P0004,32,39.56,34.72280492919837,2.722804929198368
2023-11-16,S001,P0004,286,302.5,295.28394145088083,9.283941450880832
2023-11-17,S001,P0004,444,458.12,449.01589003988585,5.015890039885846
2023-11-18,S001,P0004,81,74.94,70.23966282327055,10.76033717672945
2023-11-19,S001,P0004,219,210.31,204.48905783191708,14.51094216808292
2023-11-20,S001,P0004,54,57.31,51.78078712027103,2.219212879728971
2023-11-21,S001,P0004,79,76.88,71.54665473701982,7.453345262980179
2023-11-22,S001,P0004,256,249.66,242.61751084018323,13.382489159816771
2023-11-23,S001,P0004,236,248.18,241.4998918288811,5.49989182888109
2023-11-24,S001,P0004,219,232.75,225.68142620991887,6.681426209918868
2023-11-25,S001,P0004,319,323.68,318.0741093290794,0.9258906709205803
2023-11-26,S001,P0004,82,90.39,85.30106339057463,3.301063390574626
2023-11-27,S001,P0004,28,40.35,36.06538725831426,8.06538725831426
2023-11-28,S001,P0004,81,95.72,90.14822415156338,9.148224151563383
2023-11-29,S001,P0004,23,30.44,27.337304502861805,4.337304502861805
2023-11-30,S001,P0004,46,40.73,36.224198403766295,9.775801596233705
2023-12-01,S001,P0004,99,91.23,85.53353475236067,13.466465247639334
2023-12-02,S001,P0004,272,281.56,275.9902031235201,3.9902031235200752
2023-12-03,S001,P0004,258,254.9,249.67085741877582,8.329142581224176
2023-12-04,S001,P0004,112,104.57,98.81853103685452,13.181468963145477
2023-12-05,S001,P0004,296,312.18,304.9151911000537,8.915191100053676
2023-12-06,S001,P0004,26,20.32,15.819322124256818,10.180677875743182
2023-12-07,S001,P0004,303,296.11,289.79997087001203,13.200029129987968
2023-12-08,S001,P0004,219,210.2,204.36464253750347,14.635357462496529
2023-12-09,S001,P0004,293,286.12,280.8522608981287,12.14773910187131
2023-12-10,S001,P0004,229,244.08,238.33749837555922,9.337498375559221
2023-12-11,S001,P0004,222,213.53,208.83625201549313,13.16374798450687
2023-12-12,S001,P0004,319,323.64,317.7242519484893,1.275748051510675
2023-12-13,S001,P0004,50,42.3,36.87850634573752,13.12149365426248
2023-12-14,S001,P0004,28,33.46,29.118228737286753,1.1182287372867528
2023-12-15,S001,P0004,15,7.72,9.59600011715277,5.403999882847231
2023-12-16,S001,P0004,72,89.79,84.95278581867441,12.952785818674414
2023-12-17,S001,P0004,67,70.59,65.16212072494602,1.8378792750539787
2023-12-18,S001,P0004,177,189.83,183.87997894240897,6.879978942408968
2023-12-19,S001,P0004,27,28.24,23.191207876964235,3.808792123035765
2023-12-20,S001,P0004,226,243.16,237.5606605226571,11.560660522657088
2023-12-21,S001,P0004,31,41.64,36.54686802588218,5.546868025882183
2023-12-22,S001,P0004,153,149.44,144.45753111312948,8.542468886870523
2023-12-23,S001,P0004,71,70.28,64.56190741567609,6.438092584323911
2023-12-24,S001,P0004,110,101.85,96.01361070080033,13.986389299199672
2023-12-25,S001,P0004,94,101.01,95.14845559269975,1.1484555926997473
2023-12-26,S001,P0004,123,133.43,127.82220731161877,4.822207311618769
2023-12-27,S001,P0004,360,374.12,369.160798899675,9.160798899675001
2023-12-28,S001,P0004,265,269.22,264.9816666590607,0.018333340939307163
2023-12-29,S001,P0004,73,90.85,85.45510688760847,12.455106887608466
2023-12-30,S001,P0004,43,45.25,39.853666709930934,3.146333290069066
2023-12-31,S001,P0004,158,165.82,161.21939283546874,3.2193928354687387
2024-01-01,S001,P0004,182,192.43,186.16340673516058,4.163406735160578
2023-09-18,S001,P0005,62,68.14,63.629450801505925,1.629450801505925
2023-09-19,S001,P0005,40,34.97,30.132289666417698,9.867710333582302
2023-09-20,S001,P0005,394,400.2,397.50611445245625,3.506114452456245
2023-09-21,S001,P0005,19,25.74,21.425046574371812,2.4250465743718124
2023-09-22,S001,P0005,443,450.73,448.9491057657071,5.949105765707088
2023-09-23,S001,P0005,225,240.26,235.39697576861104,10.396975768611043
2023-09-24,S001,P0005,242,242.17,236.45136799060958,5.548632009390417
2023-09-25,S001,P0005,76,79.88,74.98419725616488,1.015802743835124
2023-09-26,S001,P0005,108,122.37,117.24827679810629,9.24827679810629
2023-09-27,S001,P0005,264,277.37,271.3947017265823,7.394701726582298
2023-09-28,S001,P0005,32,51.05,45.01301718293247,13.013017182932472
2023-09-29,S001,P0005,34,50.18,44.64430834235829,10.644308342358293
2023-09-30,S001,P0005,48,49.04,44.660447767808975,3.339552232191025
2023-10-01,S001,P0005,29,45.51,40.39279952385425,11.39279952385425
2023-10-02,S001,P0005,75,83.16,77.94925680397206,2.9492568039720624
2023-10-03,S001,P0005,73,79.79,73.44931606432178,0.44931606432177773
2023-10-04,S001,P0005,30,25.99,21.54345794531062,8.456542054689379
2023-10-05,S001,P0005,86,94.45,90.18132225541666,4.18132225541666
2023-10-06,S001,P0005,188,190.4,184.6172829907335,3.382717009266514
2023-10-07,S001,P0005,5,10.37,9.555144200616512,4.555144200616512
2023-10-08,S001,P0005,102,113.21,107.68849547942405,5.6884954794240485
2023-10-09,S001,P0005,403,405.59,398.0572661029413,4.942733897058702
2023-10-10,S001,P0005,33,25.59,19.976295463923595,13.023704536076405
2023-10-11,S001,P0005,126,132.59,126.45219446800651,0.4521944680065104
2023-10-12,S001,P0005,49,54.56,49.76056913219664,0.7605691321966432
2023-10-13,S001,P0005,87,100.49,94.79405363213152,7.794053632131522
2023-10-14,S001,P0005,90,98.03,91.84733369262952,1.847333692629519
2023-10-15,S001,P0005,140,148.75,142.2148116149922,2.214811614992186
2023-10-16,S001,P0005,73,88.6,83.35910207887586,10.359102078875864
2023-10-17,S001,P0005,200,212.19,207.53623540400127,7.536235404001275
2023-10-18,S001,P0005,47,64.12,58.06498813190258,11.064988131902581
2023-10-19,S001,P0005,47,40.17,34.61145563873818,12.388544361261822
2023-10-20,S001,P0005,197,216.05,211.7633544211941,14.763354421194094
2023-10-21,S001,P0005,143,153.44,146.90238151383255,3.9023815138325517
2023-10-22,S001,P0005,80,77.47,71.19985293716337,8.80014706283663
2023-10-23,S001,P0005,40,32.86,27.613282515613612,12.386717484386388
2023-10-24,S001,P0005,254,255.03,250.06799871668633,3.9320012833136673
2023-10-25,S001,P0005,49,41.76,36.5747857457775,12.425214254222503
2023-10-26,S001,P0005,179,175.86,170.89342805764431,8.106571942355686
2023-10-27,S001,P0005,303,315.51,309.49626101500525,6.4962610150052456
2023-10-28,S001,P0005,169,182.96,177.85117911607966,8.851179116079663
2023-10-29,S001,P0005,27,19.99,16.042158607775747,10.957841392224253
2023-10-30,S001,P0005,372,368.91,365.16061946061745,6.839380539382546
2023-10-31,S001,P0005,21,39.98,35.58592433620983,14.585924336209828
2023-11-01,S001,P0005,52,58.09,53.38302292583713,1.3830229258371318
2023-11-02,S001,P0005,41,51.85,47.15147525684843,6.151475256848428
2023-11-03,S001,P0005,193,210.13,203.86444103649342,10.864441036493417
2023-11-04,S001,P0005,99,113.18,108.09563305077734,9.095633050777337
2023-11-05,S001,P0005,287,297.27,291.60938104257906,4.609381042579059
2023-11-06,S001,P0005,115,107.19,101.98838449457907,13.011615505420934
2023-11-07,S001,P0005,63,65.79,61.281896396712966,1.7181036032870338
2023-11-08,S001,P0005,113,128.63,122.1597412475634,9.159741247563403
2023-11-09,S001,P0005,152,145.4,139.7932249504725,12.206775049527494
2023-11-10,S001,P0005,2,20.34,15.659464451090129,13.659464451090129
2023-11-11,S001,P0005,14,17.06,13.118596903225374,0.8814030967746262
2023-11-12,S001,P0005,248,259.71,253.49119237779288,5.491192377792885
2023-11-13,S001,P0005,151,144.84,139.01796248787812,11.982037512121877
2023-11-14,S001,P0005,55,73.1,67.62870046822876,12.628700468228757
2023-11-15,S001,P0005,392,400.91,396.9185879310895,4.918587931089519
2023-11-16,S001,P0005,125,139.95,135.5898273567898,10.589827356789812
2023-11-17,S001,P0005,24,18.26,14.368075197100685,9.631924802899315
2023-11-18,S001,P0005,35,26.27,22.431233676282964,12.568766323717036
2023-11-19,S001,P0005,96,90.41,84.96517447786594,11.034825522134057
2023-11-20,S001,P0005,82,82.35,77.05037464540467,4.949625354595327
2023-11-21,S001,P0005,169,184.71,179.54495133435427,10.544951334354266
2023-11-22,S001,P0005,113,128.93,123.41182864361997,10.41182864361997
2023-11-23,S001,P0005,135,151.2,145.13066648694564,10.130666486945643
2023-11-24,S001,P0005,12,6.87,8.970499383730536,3.0295006162694644
2023-11-25,S001,P0005,282,290.35,286.66197416551194,4.6619741655119356
2023-11-26,S001,P0005,93,111.02,106.40661713745317,13.406617137453168
2023-11-27,S001,P0005,18,10.2,10.178396060657427,7.821603939342573
2023-11-28,S001,P0005,4,21.76,16.04164007660723,12.04164007660723
2023-11-29,S001,P0005,57,51.77,46.51749685918987,10.482503140810131
2023-11-30,S001,P0005,134,130.24,125.10932544234115,8.890674557658855
2023-12-01,S001,P0005,200,215.91,211.94560012600533,11.945600126005331
2023-12-02,S001,P0005,209,203.41,197.2565051393674,11.743494860632609
2023-12-03,S001,P0005,287,278.52,272.31351420612043,14.68648579387957
2023-12-04,S001,P0005,259,259.89,253.84352108235657,5.156478917643426
2023-12-05,S001,P0005,45,46.06,41.216056874048626,3.7839431259513745
2023-12-06,S001,P0005,191,204.97,198.76773638279576,7.767736382795761
2023-12-07,S001,P0005,91,102.69,96.6829052329593,5.6829052329593
2023-12-08,S001,P0005,352,357.21,352.24723930624776,0.24723930624776358
2023-12-09,S001,P0005,125,137.29,132.234496346716,7.234496346716014
2023-12-10,S001,P0005,36,43.65,38.8748958428818,2.8748958428817986
2023-12-11,S001,P0005,7,14.13,11.874313062826587,4.874313062826587
2023-12-12,S001,P0005,84,83.08,78.46121633057356,5.5387836694264365
2023-12-13,S001,P0005,190,183.92,178.5122193221945,11.487780677805489
2023-12-14,S001,P0005,186,183.48,177.9624503081333,8.037549691866701
2023-12-15,S001,P0005,187,201.69,195.27684239394517,8.276842393945174
2023-12-16,S001,P0005,46,50.86,44.41108851135997,1.5889114886400293
2023-12-17,S001,P0005,289,279.08,272.7229567371825,16.27704326281747
2023-12-18,S001,P0005,176,181.51,175.63749999808954,0.36250000191046183
2023-12-19,S001,P0005,18,29.28,24.887020562143658,6.8870205621436575
2023-12-20,S001,P0005,347,361.77,355.2522569448692,8.252256944869202
2023-12-21,S001,P0005,217,208.47,203.63543920757962,13.364560792420377
2023-12-22,S001,P0005,188,188.5,183.3423542946595,4.657645705340514
2023-12-23,S001,P0005,182,180.51,174.7365097104582,7.2634902895418065
2023-12-24,S001,P0005,98,112.57,107.43623985228515,9.436239852285155
2023-12-25,S001,P0005,43,59.87,54.96133951981013,11.961339519810132
2023-12-26,S001,P0005,458,462.09,450.16899415195303,7.831005848046971
2023-12-27,S001,P0005,35,43.93,39.8189697604877,4.818969760487697
2023-12-28,S001,P0005,97,96.39,90.43667824485009,6.563321755149914
2023-12-29,S001,P0005,270,286.26,282.0738749485869,12.073874948586877
2023-12-30,S001,P0005,132,136.07,131.38864727937573,0.6113527206242679
2023-12-31,S001,P0005,52,59.07,54.42125064566341,2.421250645663413
2024-01-01,S001,P0005,272,266.62,261.81293451520975,10.187065484790253
2023-09-18,S001,P0006,335,329.67,325.71081712865123,9.289182871348771
2023-09-19,S001,P0006,419,424.58,421.6856310263009,2.6856310263008822
2023-09-20,S001,P0006,295,299.62,291.8413908485936,3.158609151406381
2023-09-21,S001,P0006,106,114.25,107.72377796857937,1.7237779685793697
2023-09-22,S001,P0006,183,180.69,174.99408562828316,8.005914371716841
2023-09-23,S001,P0006,26,21.17,16.342613552803222,9.657386447196778
2023-09-24,S001,P0006,23,35.09,29.15655665051458,6.156556650514581
2023-09-25,S001,P0006,154,145.87,140.1304996201415,13.869500379858493
2023-09-26,S001,P0006,256,253.06,248.56546426205915,7.434535737940848
2023-09-27,S001,P0006,219,235.61,230.90718723023159,11.907187230231585
2023-09-28,S001,P0006,219,237.69,232.90155444555165,13.901554445551653
2023-09-29,S001,P0006,365,370.39,364.70322183072733,0.2967781692726703
2023-09-30,S001,P0006,45,37.28,32.58976026064351,12.410239739356491
2023-10-01,S001,P0006,229,240.92,235.79283134191724,6.7928313419172355
2023-10-02,S001,P0006,298,307.99,302.0126314363431,4.012631436343099
2023-10-03,S001,P0006,79,90.26,85.05681510058237,6.056815100582369
2023-10-04,S001,P0006,126,145.78,139.6267771013538,13.62677710135381
2023-10-05,S001,P0006,292,310.95,304.78106984063635,12.781069840636349
2023-10-06,S001,P0006,236,244.61,238.4210852215225,2.421085221522503
2023-10-07,S001,P0006,114,130.03,123.97309593791661,9.97309593791661
2023-10-08,S001,P0006,133,137.69,132.22590145838328,0.7740985416167234
2023-10-09,S001,P0006,241,240.35,234.6836395847878,6.316360415212188
2023-10-10,S001,P0006,59,62.23,57.95249725696756,1.0475027430324388
2023-10-11,S001,P0006,46,65.89,61.10826319297587,15.108263192975869
2023-10-12,S001,P0006,364,355.65,350.31872298782065,13.68127701217935
2023-10-13,S001,P0006,10,27.69,22.97382657698222,12.97382657698222
2023-10-14,S001,P0006,250,257.54,251.9036898441504,1.9036898441503922
2023-10-15,S001,P0006,198,194.22,188.19330623980642,9.806693760193582
2023-10-16,S001,P0006,40,53.13,48.07253929871575,8.072539298715753
2023-10-17,S001,P0006,223,214.47,209.3644219882426,13.635578011757389
2023-10-18,S001,P0006,10,29.33,24.49193927568654,14.49193927568654
2023-10-19,S001,P0006,283,280.14,274.0347585982648,8.965241401735227
2023-10-20,S001,P0006,102,97.31,91.63369774266087,10.366302257339129
2023-10-21,S001,P0006,225,231.62,225.79826201886522,0.7982620188652163
2023-10-22,S001,P0006,50,46.69,41.28698230716191,8.713017692838093
2023-10-23,S001,P0006,153,167.32,162.70092583088098,9.700925830880976
2023-10-24,S001,P0006,247,239.83,233.3103370125995,13.68966298740051
2023-10-25,S001,P0006,42,50.1,44.96619664442388,2.9661966444238814
2023-10-26,S001,P0006,137,131.08,124.91455973477811,12.08544026522189
2023-10-27,S001,P0006,142,147.93,142.03384979318568,0.03384979318568071
2023-10-28,S001,P0006,44,49.28,44.408279292792635,0.40827929279263486
2023-10-29,S001,P0006,60,70.57,65.48703375199119,5.487033751991191
2023-10-30,S001,P0006,24,24.68,20.212974147616542,3.787025852383458
2023-10-31,S001,P0006,363,359.57,353.0235191908563,9.976480809143709
2023-11-01,S001,P0006,479,491.38,473.25834237200684,5.741657627993163
2023-11-02,S001,P0006,26,30.01,25.292038266710406,0.7079617332895936
2023-11-03,S001,P0006,56,65.87,60.07612469759251,4.076124697592512
2023-11-04,S001,P0006,48,51.02,45.13934769665818,2.8606523033418227
2023-11-05,S001,P0006,60,61.92,56.22560204584443,3.7743979541555674
2023-11-06,S001,P0006,13,20.57,15.689183582411246,2.689183582411246
2023-11-07,S001,P0006,152,168.81,163.70568242144583,11.705682421445829
2023-11-08,S001,P0006,45,59.52,54.44963666923478,9.449636669234778
2023-11-09,S001,P0006,223,231.34,225.46794025953926,2.4679402595392617
2023-11-10,S001,P0006,167,171.01,165.55569197417475,1.4443080258252508
2023-11-11,S001,P0006,204,194.6,188.25960468730992,15.740395312690083
2023-11-12,S001,P0006,352,355.17,348.80027309495597,3.199726905044031
2023-11-13,S001,P0006,104,116.94,111.94870093659003,7.948700936590029
2023-11-14,S001,P0006,171,163.27,157.4726196647602,13.527380335239798
2023-11-15,S001,P0006,14,11.53,10.360905279440587,3.639094720559413
2023-11-16,S001,P0006,26,37.03,32.412138348415276,6.412138348415276
2023-11-17,S001,P0006,142,161.65,155.78231275879563,13.782312758795626
2023-11-18,S001,P0006,253,256.3,250.74835203702463,2.251647962975369
2023-11-19,S001,P0006,103,121.53,116.70242386990398,13.702423869903981
2023-11-20,S001,P0006,147,146.98,141.5733336296356,5.426666370364387
2023-11-21,S001,P0006,70,64.19,58.65141502379224,11.34858497620776
2023-11-22,S001,P0006,111,101.02,95.06077676935436,15.939223230645638
2023-11-23,S001,P0006,80,82.64,77.53191914230071,2.4680808576992916
2023-11-24,S001,P0006,7,7.22,8.88119480683895,1.8811948068389501
2023-11-25,S001,P0006,136,144.96,139.12866178784483,3.128661787844834
2023-11-26,S001,P0006,54,44.61,39.312264495092364,14.687735504907636
2023-11-27,S001,P0006,121,129.51,123.627920771223,2.6279207712230033
2023-11-28,S001,P0006,81,95.74,90.95934825548704,9.959348255487043
2023-11-29,S001,P0006,223,234.28,229.75290966003334,6.752909660033339
2023-11-30,S001,P0006,44,44.34,38.86442729612256,5.135572703877443
2023-12-01,S001,P0006,66,75.33,70.18222724187069,4.182227241870692
2023-12-02,S001,P0006,31,27.77,22.33501144729444,8.664988552705559
2023-12-03,S001,P0006,50,40.38,35.510990804833575,14.489009195166425
2023-12-04,S001,P0006,243,255.4,250.68557446275838,7.685574462758382
2023-12-05,S001,P0006,163,176.65,170.1367075304794,7.136707530479413
2023-12-06,S001,P0006,11,20.74,15.62995153422727,4.629951534227271
2023-12-07,S001,P0006,162,181.76,175.16861578571627,13.16861578571627
2023-12-08,S001,P0006,34,48.03,42.95565988089356,8.955659880893563
2023-12-09,S001,P0006,16,27.14,21.585669853330213,5.585669853330213
2023-12-10,S001,P0006,224,221.75,215.66653835180688,8.333461648193122
2023-12-11,S001,P0006,23,27.23,22.48270220839877,0.51729779160123
2023-12-12,S001,P0006,35,38.64,33.846995177474774,1.1530048225252258
2023-12-13,S001,P0006,19,23.72,18.875315842338836,0.12468415766116436
2023-12-14,S001,P0006,257,268.91,264.2256369678902,7.225636967890182
2023-12-15,S001,P0006,43,41.73,37.682708957825,5.317291042175
2023-12-16,S001,P0006,357,369.61,364.88201486817843,7.88201486817843
2023-12-17,S001,P0006,44,45.37,39.932202655207675,4.067797344792325
2023-12-18,S001,P0006,40,58.89,53.695237186607116,13.695237186607116
2023-12-19,S001,P0006,139,140.38,135.30906613353437,3.6909338664656275
2023-12-20,S001,P0006,186,185.33,180.95092528767327,5.049074712326728
2023-12-21,S001,P0006,345,337.82,334.2776436040245,10.72235639597551
2023-12-22,S001,P0006,86,76.31,71.28635186931045,14.713648130689549
2023-12-23,S001,P0006,152,158.29,152.57423714627876,0.5742371462787617
2023-12-24,S001,P0006,21,40.51,35.91513092356037,14.915130923560369
2023-12-25,S001,P0006,83,97.81,91.72932344426239,8.729323444262391
2023-12-26,S001,P0006,85,99.26,93.94609686248512,8.94609686248512
2023-12-27,S001,P0006,109,128.48,122.40033863966813,13.400338639668135
2023-12-28,S001,P0006,12,4.74,6.9639428275985145,5.0360571724014855
2023-12-29,S001,P0006,46,39.42,34.931934631168446,11.068065368831554
2023-12-30,S001,P0006,38,42.31,36.99607657098234,1.0039234290176609
2023-12-31,S001,P0006,146,136.55,131.81304237826197,14.186957621738031
2024-01-01,S001,P0006,87,91.48,86.22437722320896,0.7756227767910389
2023-09-18,S001,P0007,206,205.63,200.21379584502603,5.786204154973973
2023-09-19,S001,P0007,28,27.87,22.731291636897833,5.268708363102167
2023-09-20,S001,P0007,64,57.23,52.902204522608486,11.097795477391514
2023-09-21,S001,P0007,2,-2.37,4.45849765136858,2.45849765136858
2023-09-22,S001,P0007,214,214.44,209.5206605933143,4.47933940668571
2023-09-23,S001,P0007,212,212.12,208.11060177725798,3.8893982227420167
2023-09-24,S001,P0007,15,5.0,7.849897045898035,7.150102954101965
2023-09-25,S001,P0007,190,207.59,202.64548078591758,12.645480785917584
2023-09-26,S001,P0007,166,159.46,152.98067668462497,13.019323315375033
2023-09-27,S001,P0007,75,72.56,67.55502865444207,7.444971345557931
2023-09-28,S001,P0007,16,11.72,10.674645813730756,5.325354186269244
2023-09-29,S001,P0007,382,397.53,390.29113425538105,8.291134255381053
2023-09-30,S001,P0007,23,21.95,17.121534832960783,5.8784651670392165
2023-10-01,S001,P0007,19,34.5,29.3286599694596,10.3286599694596
2023-10-02,S001,P0007,35,43.39,39.69086078417133,4.690860784171328
2023-10-03,S001,P0007,52,47.14,42.26174546234745,9.738254537652551
2023-10-04,S001,P0007,152,155.69,150.19848426357143,1.8015157364285699
2023-10-05,S001,P0007,35,40.87,35.56486867138599,0.5648686713859874
2023-10-06,S001,P0007,50,45.84,40.07817312825357,9.921826871746433
2023-10-07,S001,P0007,58,74.93,70.1007491541289,12.100749154128906
2023-10-08,S001,P0007,322,329.85,325.86622427497997,3.8662242749799702
2023-10-09,S001,P0007,130,127.55,121.90071809858202,8.099281901417982
2023-10-10,S001,P0007,108,120.07,114.29515935163064,6.2951593516306446
2023-10-11,S001,P0007,144,157.26,152.16094106664437,8.16094106664437
2023-10-12,S001,P0007,131,121.05,115.2222155995237,15.777784400476307
2023-10-13,S001,P0007,205,205.89,200.6430611558771,4.356938844122908
2023-10-14,S001,P0007,87,104.57,98.81533426450785,11.815334264507854
2023-10-15,S001,P0007,202,219.22,213.5682986463966,11.568298646396613
2023-10-16,S001,P0007,42,57.54,52.69550900813758,10.695509008137577
2023-10-17,S001,P0007,3,12.27,11.565762027276465,8.565762027276465
2023-10-18,S001,P0007,16,26.6,21.605202732242297,5.605202732242297
2023-10-19,S001,P0007,19,28.03,23.377146837828903,4.377146837828903
2023-10-20,S001,P0007,63,62.85,57.000240013031714,5.999759986968286
2023-10-21,S001,P0007,110,115.55,111.05737760755255,1.057377607552553
2023-10-22,S001,P0007,90,81.26,75.6591047600947,14.340895239905294
2023-10-23,S001,P0007,37,38.98,33.60270935793527,3.397290642064732
2023-10-24,S001,P0007,138,133.88,128.09421191569993,9.90578808430007
2023-10-25,S001,P0007,4,15.71,12.352887571881324,8.352887571881324
2023-10-26,S001,P0007,42,45.12,38.99362216519554,3.0063778348044607
2023-10-27,S001,P0007,198,210.38,204.68587693049918,6.685876930499177
2023-10-28,S001,P0007,180,181.67,176.4415320620747,3.558467937925286
2023-10-29,S001,P0007,147,163.76,157.76440408730275,10.76440408730275
2023-10-30,S001,P0007,10,19.0,14.742164331694106,4.742164331694106
2023-10-31,S001,P0007,64,62.1,56.18781118000028,7.812188819999719
2023-11-01,S001,P0007,218,222.92,217.61763035449053,0.3823696455094705
2023-11-02,S001,P0007,48,49.97,44.36049467095674,3.63950532904326
2023-11-03,S001,P0007,92,101.2,95.5132668608079,3.513266860807903
2023-11-04,S001,P0007,90,89.45,84.44192553529464,5.558074464705356
2023-11-05,S001,P0007,57,54.77,49.864281331704944,7.1357186682950555
2023-11-06,S001,P0007,417,418.03,412.99018658540933,4.009813414590667
2023-11-07,S001,P0007,148,146.04,141.06071287663406,6.939287123365943
2023-11-08,S001,P0007,147,141.14,136.25155783096335,10.74844216903665
2023-11-09,S001,P0007,153,150.26,145.35868750545472,7.641312494545275
2023-11-10,S001,P0007,18,31.7,26.836025694757282,8.836025694757282
2023-11-11,S001,P0007,102,105.35,100.02609509709613,1.9739049029038682
2023-11-12,S001,P0007,7,12.76,11.409158691036428,4.409158691036428
2023-11-13,S001,P0007,301,318.45,314.4604161011927,13.46041610119272
2023-11-14,S001,P0007,17,22.62,18.752740090068784,1.7527400900687837
2023-11-15,S001,P0007,148,140.41,135.08977989310785,12.910220106892154
2023-11-16,S001,P0007,17,21.31,15.83246345374942,1.1675365462505791
2023-11-17,S001,P0007,179,172.12,166.95873081238372,12.04126918761628
2023-11-18,S001,P0007,68,76.07,71.03033620873308,3.0303362087330754
2023-11-19,S001,P0007,157,170.11,164.45227063265853,7.452270632658525
2023-11-20,S001,P0007,246,240.67,236.0285475501011,9.97145244989889
2023-11-21,S001,P0007,45,57.08,52.31392504624271,7.313925046242709
2023-11-22,S001,P0007,150,150.65,144.99860390179563,5.001396098204367
2023-11-23,S001,P0007,235,232.63,227.00256538767775,7.997434612322252
2023-11-24,S001,P0007,291,281.28,275.8959652191903,15.104034780809684
2023-11-25,S001,P0007,50,63.84,58.34959701336552,8.349597013365518
2023-11-26,S001,P0007,213,214.34,209.26884117268543,3.731158827314573
2023-11-27,S001,P0007,29,45.8,40.61781776088338,11.617817760883383
2023-11-28,S001,P0007,219,224.83,220.6951086699318,1.6951086699318125
2023-11-29,S001,P0007,64,68.32,63.6693514494803,0.33064855051969744
2023-11-30,S001,P0007,66,70.74,64.8145708685735,1.1854291314265026
2023-12-01,S001,P0007,56,53.24,48.86880494425615,7.131195055743852
2023-12-02,S001,P0007,241,234.99,230.35419652094484,10.64580347905516
2023-12-03,S001,P0007,122,133.98,127.95860853946317,5.958608539463171
2023-12-04,S001,P0007,255,246.32,240.0043451284317,14.995654871568291
2023-12-05,S001,P0007,88,82.14,76.32740714797578,11.672592852024223
2023-12-06,S001,P0007,121,133.21,126.92233338617137,5.922333386171374
2023-12-07,S001,P0007,211,229.28,225.27202657838416,14.272026578384157
2023-12-08,S001,P0007,207,211.72,206.77332548654863,0.22667451345137124
2023-12-09,S001,P0007,20,39.02,34.82873704953195,14.828737049531952
2023-12-10,S001,P0007,139,147.73,142.24196532665454,3.2419653266545367
2023-12-11,S001,P0007,206,224.96,220.95395871104932,14.953958711049324
2023-12-12,S001,P0007,57,66.4,61.01063488071968,4.010634880719678
2023-12-13,S001,P0007,40,30.3,25.88996151238843,14.110038487611568
2023-12-14,S001,P0007,392,406.33,399.8145485656869,7.814548565686891
2023-12-15,S001,P0007,141,149.34,144.23616168741398,3.2361616874139827
2023-12-16,S001,P0007,267,266.66,262.0179286669867,4.982071333013323
2023-12-17,S001,P0007,349,349.48,344.62655281399316,4.3734471860068425
2023-12-18,S001,P0007,66,66.61,61.47750576271806,4.52249423728194
2023-12-19,S001,P0007,13,29.06,23.93396250019763,10.93396250019763
2023-12-20,S001,P0007,371,364.36,359.19156949788083,11.808430502119165
2023-12-21,S001,P0007,135,149.37,144.90866523342547,9.908665233425467
2023-12-22,S001,P0007,7,16.4,12.877432960733634,5.877432960733634
2023-12-23,S001,P0007,187,197.27,192.1191015290768,5.119101529076801
2023-12-24,S001,P0007,62,55.33,50.04508812620426,11.954911873795737
2023-12-25,S001,P0007,134,138.46,132.85479148263408,1.1452085173659157
2023-12-26,S001,P0007,256,275.95,269.2350493763216,13.235049376321626
2023-12-27,S001,P0007,56,52.25,47.13415929167222,8.86584070832778
2023-12-28,S001,P0007,144,148.2,143.62387587135365,0.37612412864635303
2023-12-29,S001,P0007,59,50.76,44.66604187328707,14.333958126712929
2023-12-30,S001,P0007,368,369.91,364.79939337096255,3.200606629037452
2023-12-31,S001,P0007,181,173.22,167.18130526831106,13.818694731688936
2024-01-01,S001,P0007,9,25.06,19.612843494993708,10.612843494993708
2023-09-18,S001,P0008,91,92.23,86.83420383473123,4.165796165268773
2023-09-19,S001,P0008,21,20.44,15.517069637790502,5.482930362209498
2023-09-20,S001,P0008,46,62.95,56.91381067659407,10.913810676594068
2023-09-21,S001,P0008,118,137.02,131.77566522244274,13.77566522244274
2023-09-22,S001,P0008,255,255.81,251.12581227125287,3.874187728747131
2023-09-23,S001,P0008,223,227.87,223.57465348474062,0.5746534847406224
2023-09-24,S001,P0008,6,9.34,9.383350882496106,3.3833508824961065
2023-09-25,S001,P0008,21,16.81,12.573070762432392,8.426929237567608
2023-09-26,S001,P0008,70,84.18,78.7197196812954,8.719719681295402
2023-09-27,S001,P0008,51,54.07,50.1401745442034,0.859825455796603
2023-09-28,S001,P0008,21,16.49,12.695609067280907,8.304390932719093
2023-09-29,S001,P0008,70,85.6,80.85199478794142,10.851994787941422
2023-09-30,S001,P0008,320,328.5,323.0253270011467,3.0253270011467066
2023-10-01,S001,P0008,362,368.69,364.5654790008797,2.565479000879691
2023-10-02,S001,P0008,7,-0.15,4.76230481368356,2.23769518631644
2023-10-03,S001,P0008,2,9.37,9.98238836482841,7.9823883648284095
2023-10-04,S001,P0008,249,266.25,261.3530270651778,12.353027065177798
2023-10-05,S001,P0008,33,28.54,23.666060923717378,9.333939076282622
2023-10-06,S001,P0008,457,472.57,467.3438508924844,10.343850892484397
2023-10-07,S001,P0008,93,104.6,99.61680450563603,6.616804505636026
2023-10-08,S001,P0008,29,23.3,18.99972571859213,10.000274281407869
2023-10-09,S001,P0008,27,37.61,33.63739084186973,6.637390841869731
2023-10-10,S001,P0008,172,190.13,184.17752214770385,12.177522147703854
2023-10-11,S001,P0008,227,240.06,234.99566729735182,7.995667297351815
2023-10-12,S001,P0008,121,137.2,132.45395570160395,11.453955701603945
2023-10-13,S001,P0008,59,59.85,55.05567213479606,3.944327865203938
2023-10-14,S001,P0008,407,417.66,412.3616199517986,5.361619951798616
2023-10-15,S001,P0008,122,129.23,124.17613948637151,2.176139486371511
2023-10-16,S001,P0008,177,190.33,184.37245438497033,7.372454384970325
2023-10-17,S001,P0008,238,241.94,235.96021546591533,2.0397845340846743
2023-10-18,S001,P0008,104,116.91,112.70916435695946,8.709164356959462
2023-10-19,S001,P0008,232,242.55,236.16241399457937,4.162413994579367
2023-10-20,S001,P0008,201,197.35,192.25280888886192,8.74719111113808
2023-10-21,S001,P0008,24,15.61,12.406758851318205,11.593241148681795
2023-10-22,S001,P0008,49,46.17,41.45930547081784,7.540694529182161
2023-10-23,S001,P0008,261,256.76,250.30594567204918,10.694054327950823
2023-10-24,S001,P0008,168,161.19,155.7408253574394,12.259174642560595
2023-10-25,S001,P0008,403,395.3,388.14330275092817,14.856697249071829
2023-10-26,S001,P0008,337,328.91,321.86644801502734,15.133551984972655
2023-10-27,S001,P0008,292,299.8,292.4653862801966,0.4653862801965829
2023-10-28,S001,P0008,410,410.06,405.385790724935,4.6142092750649795
2023-10-29,S001,P0008,398,410.67,405.03214870377553,7.032148703775533
2023-10-30,S001,P0008,38,47.63,42.69897892871545,4.698978928715448
2023-10-31,S001,P0008,332,345.54,337.85480560279206,5.854805602792055
2023-11-01,S001,P0008,317,307.92,302.9276573231597,14.072342676840321
2023-11-02,S001,P0008,191,182.2,177.79492153622186,13.205078463778136
2023-11-03,S001,P0008,101,108.21,103.34094004099326,2.34094004099326
2023-11-04,S001,P0008,249,256.27,250.59609049305143,1.5960904930514346
2023-11-05,S001,P0008,359,356.4,349.13883250954757,9.86116749045243
2023-11-06,S001,P0008,189,193.08,187.13545056046786,1.8645494395321407
2023-11-07,S001,P0008,186,203.12,197.4340958182733,11.434095818273306
2023-11-08,S001,P0008,112,125.9,120.74228367705663,8.742283677056633
2023-11-09,S001,P0008,110,123.74,118.33625060700331,8.336250607003308
2023-11-10,S001,P0008,102,96.2,90.60983686019766,11.39016313980234
2023-11-11,S001,P0008,83,75.61,71.1457714550536,11.854228544946395
2023-11-12,S001,P0008,201,200.62,194.55811411533824,6.441885884661758
2023-11-13,S001,P0008,93,94.79,89.84029306531775,3.159706934682248
2023-11-14,S001,P0008,59,65.96,60.34646027962903,1.346460279629028
2023-11-15,S001,P0008,176,193.06,187.85916782489574,11.859167824895735
2023-11-16,S001,P0008,215,226.07,222.29508967094242,7.295089670942417
2023-11-17,S001,P0008,158,165.85,161.65190715655956,3.6519071565595596
2023-11-18,S001,P0008,60,54.77,49.43379371608896,10.566206283911043
2023-11-19,S001,P0008,92,82.13,75.88762627450991,16.112373725490087
2023-11-20,S001,P0008,144,157.59,151.3452946543997,7.345294654399709
2023-11-21,S001,P0008,23,25.12,19.79801108415131,3.201988915848691
2023-11-22,S001,P0008,189,199.43,192.82765228302233,3.8276522830223314
2023-11-23,S001,P0008,206,209.34,203.0980003809873,2.901999619012713
2023-11-24,S001,P0008,41,37.38,32.66483187367107,8.33516812632893
2023-11-25,S001,P0008,10,3.97,6.785469068651631,3.214530931348369
2023-11-26,S001,P0008,113,132.14,126.24540436831995,13.245404368319953
2023-11-27,S001,P0008,410,414.74,407.080001646461,2.919998353538972
2023-11-28,S001,P0008,71,89.77,84.13156561783343,13.13156561783343
2023-11-29,S001,P0008,239,237.46,230.8259930815822,8.174006918417803
2023-11-30,S001,P0008,68,79.08,73.15989180324814,5.159891803248144
2023-12-01,S001,P0008,75,94.29,89.21679328200553,14.216793282005526
2023-12-02,S001,P0008,1,14.05,12.245396040716194,11.245396040716194
2023-12-03,S001,P0008,189,184.26,178.09723959766552,10.90276040233448
2023-12-04,S001,P0008,88,80.84,75.87677635853916,12.12322364146084
2023-12-05,S001,P0008,106,109.55,104.19560794451829,1.8043920554817134
2023-12-06,S001,P0008,29,33.99,29.41520439766972,0.4152043976697186
2023-12-07,S001,P0008,3,14.49,11.919160253953496,8.919160253953496
2023-12-08,S001,P0008,69,74.0,68.23898463629604,0.7610153637039616
2023-12-09,S001,P0008,18,34.46,29.24834053167053,11.248340531670529
2023-12-10,S001,P0008,106,107.02,100.68819765940118,5.311802340598817
2023-12-11,S001,P0008,209,221.53,215.11180279754407,6.1118027975440725
2023-12-12,S001,P0008,176,181.22,175.23774627837636,0.7622537216236367
2023-12-13,S001,P0008,300,295.18,289.8469639460277,10.1530360539723
2023-12-14,S001,P0008,175,192.49,186.50906812376712,11.509068123767122
2023-12-15,S001,P0008,54,45.1,39.60317150257891,14.39682849742109
2023-12-16,S001,P0008,164,166.59,161.26898880828082,2.731011191719176
2023-12-17,S001,P0008,31,36.6,31.74496250996733,0.7449625099673298
2023-12-18,S001,P0008,111,118.97,113.86431666043165,2.864316660431655
2023-12-19,S001,P0008,9,27.17,21.35491774496275,12.354917744962751
2023-12-20,S001,P0008,240,255.93,250.50090980879236,10.500909808792358
2023-12-21,S001,P0008,252,270.85,265.8865517043514,13.886551704351405
2023-12-22,S001,P0008,169,181.57,176.25466580495743,7.254665804957426
2023-12-23,S001,P0008,97,101.7,96.47633304001464,0.5236669599853627
2023-12-24,S001,P0008,83,102.58,97.00448045352172,14.004480453521722
2023-12-25,S001,P0008,180,175.18,169.6970463592352,10.302953640764798
2023-12-26,S001,P0008,192,182.85,176.45926975452699,15.540730245473014
2023-12-27,S001,P0008,168,181.6,175.00596146943104,7.005961469431043
2023-12-28,S001,P0008,287,284.95,279.15221587781673,7.8477841221832705
2023-12-29,S001,P0008,105,124.66,118.20820183884622,13.208201838846222
2023-12-30,S001,P0008,12,13.67,12.117621499456709,0.11762149945670863
2023-12-31,S001,P0008,100,93.18,87.72302951134662,12.276970488653376
2024-01-01,S001,P0008,233,226.38,222.4994881385804,10.500511861419596
2023-09-18,S001,P0009,223,242.44,237.2648112000035,14.264811200003493
2023-09-19,S001,P0009,17,9.25,9.78092522905411,7.219074770945889
2023-09-20,S001,P0009,108,115.18,108.49563764333928,0.49563764333927907
2023-09-21,S001,P0009,180,171.22,164.47515393615808,15.52484606384192
2023-09-22,S001,P0009,35,25.94,21.67796331408389,13.32203668591611
2023-09-23,S001,P0009,265,276.43,270.3339849602977,5.333984960297698
2023-09-24,S001,P0009,153,144.97,139.30890604722214,13.691093952777862
2023-09-25,S001,P0009,53,52.37,47.48876279866559,5.51123720133441
2023-09-26,S001,P0009,11,20.25,14.890366096739955,3.890366096739955
2023-09-27,S001,P0009,139,152.02,145.28043463771664,6.280434637716638
2023-09-28,S001,P0009,325,325.66,321.40140539537833,3.598594604621667
2023-09-29,S001,P0009,32,36.72,31.15577039711743,0.8442296028825709
2023-09-30,S001,P0009,32,34.78,29.99218494192361,2.007815058076389
2023-10-01,S001,P0009,310,303.22,299.4252371976896,10.574762802310374
2023-10-02,S001,P0009,46,49.37,44.417008213424594,1.5829917865754055
2023-10-03,S001,P0009,159,150.02,143.28358307022407,15.716416929775932
2023-10-04,S001,P0009,75,80.5,74.22338644839344,0.7766135516065589
2023-10-05,S001,P0009,279,277.56,272.0553982133945,6.944601786605517
2023-10-06,S001,P0009,413,427.79,423.914287648813,10.914287648813001
2023-10-07,S001,P0009,101,101.04,95.8970767849959,5.102923215004097
2023-10-08,S001,P0009,221,212.94,207.0160351205202,13.9839648794798
2023-10-09,S001,P0009,109,99.06,92.91528276163584,16.084717238364163
2023-10-10,S001,P0009,208,209.71,204.25807825177787,3.7419217482221256
2023-10-11,S001,P0009,198,203.99,198.28680798042842,0.2868079804284207
2023-10-12,S001,P0009,383,402.46,398.6214312832726,15.621431283272614
2023-10-13,S001,P0009,80,92.95,87.09055679258715,7.090556792587151
2023-10-14,S001,P0009,197,190.83,185.15139768441685,11.84860231558315
2023-10-15,S001,P0009,46,62.72,58.16737047556178,12.167370475561782
2023-10-16,S001,P0009,9,27.68,23.19504117819514,14.19504117819514
2023-10-17,S001,P0009,9,11.72,10.249356049751288,1.2493560497512881
2023-10-18,S001,P0009,311,321.55,315.1563909079918,4.156390907991806
2023-10-19,S001,P0009,64,65.7,60.28760997476266,3.7123900252373403
2023-10-20,S001,P0009,193,197.44,192.6562510112675,0.34374898873250004
2023-10-21,S001,P0009,4,12.18,11.42737713757019,7.42737713757019
2023-10-22,S001,P0009,57,51.8,45.26672909691748,11.73327090308252
2023-10-23,S001,P0009,342,360.18,352.8873338727334,10.887333872733393
2023-10-24,S001,P0009,7,-1.21,4.481206828053563,2.518793171946437
2023-10-25,S001,P0009,108,122.51,117.50645818788207,9.506458187882075
2023-10-26,S001,P0009,22,27.59,22.45789908564509,0.45789908564508863
2023-10-27,S001,P0009,151,164.13,158.6576815978001,7.657681597800092
2023-10-28,S001,P0009,19,29.56,25.685958506986616,6.685958506986616
2023-10-29,S001,P0009,228,227.09,222.49649862943102,5.5035013705689835
2023-10-30,S001,P0009,363,381.88,376.5345077615667,13.534507761566715
2023-10-31,S001,P0009,162,178.8,172.23807721378938,10.238077213789381
2023-11-01,S001,P0009,132,144.37,138.4497472410412,6.4497472410411945
2023-11-02,S001,P0009,112,122.14,117.02526393109801,5.02526393109801
2023-11-03,S001,P0009,339,339.31,334.36837277486495,4.631627225135048
2023-11-04,S001,P0009,407,415.74,412.75405131935486,5.754051319354858
2023-11-05,S001,P0009,161,179.89,174.31327532051318,13.313275320513185
2023-11-06,S001,P0009,93,102.84,97.36667550626196,4.366675506261956
2023-11-07,S001,P0009,245,246.13,239.85392771614147,5.14607228385853
2023-11-08,S001,P0009,120,123.26,117.77448771122042,2.2255122887795835
2023-11-09,S001,P0009,42,44.77,39.68291249381277,2.317087506187228
2023-11-10,S001,P0009,170,166.31,161.39369089802275,8.606309101977246
2023-11-11,S001,P0009,76,90.5,84.85724083234355,8.85724083234355
2023-11-12,S001,P0009,73,66.04,61.30704668119493,11.692953318805067
2023-11-13,S001,P0009,39,42.4,36.95697296367602,2.043027036323977
2023-11-14,S001,P0009,49,39.27,34.50006596462654,14.499934035373457
2023-11-15,S001,P0009,281,287.35,283.251871127885,2.2518711278850105
2023-11-16,S001,P0009,39,46.97,41.33818670152908,2.3381867015290823
2023-11-17,S001,P0009,152,165.45,160.6253893928878,8.625389392887797
2023-11-18,S001,P0009,145,163.11,158.01371134965126,13.01371134965126
2023-11-19,S001,P0009,255,272.45,266.86502134601255,11.865021346012554
2023-11-20,S001,P0009,21,17.26,13.61503394873107,7.384966051268931
2023-11-21,S001,P0009,8,22.37,17.252622388327456,9.252622388327456
2023-11-22,S001,P0009,222,222.98,217.71831177959854,4.281688220401463
2023-11-23,S001,P0009,121,115.87,110.00871592308096,10.991284076919044
2023-11-24,S001,P0009,70,65.88,60.792013845709924,9.207986154290076
2023-11-25,S001,P0009,376,393.6,387.70780248573374,11.707802485733737
2023-11-26,S001,P0009,102,118.37,112.67046965487111,10.670469654871113
2023-11-27,S001,P0009,8,17.11,13.592641070051606,5.592641070051606
2023-11-28,S001,P0009,270,272.29,268.17253739704665,1.8274626029533465
2023-11-29,S001,P0009,12,19.96,16.367166405314062,4.367166405314062
2023-11-30,S001,P0009,204,211.71,206.02702183160585,2.0270218316058504
2023-12-01,S001,P0009,59,73.28,67.58639105352987,8.586391053529866
2023-12-02,S001,P0009,108,119.72,114.2400204001371,6.240020400137098
2023-12-03,S001,P0009,119,117.14,112.83727508542043,6.16272491457957
2023-12-04,S001,P0009,22,34.82,30.37230080174689,8.372300801746889
2023-12-05,S001,P0009,188,206.75,201.64120973720958,13.641209737209579
2023-12-06,S001,P0009,143,135.75,129.73215306180225,13.26784693819775
2023-12-07,S001,P0009,22,39.75,34.46461704509993,12.464617045099928
2023-12-08,S001,P0009,203,194.5,189.45122591122896,13.54877408877104
2023-12-09,S001,P0009,89,81.92,76.18817384567244,12.811826154327562
2023-12-10,S001,P0009,153,163.03,157.63033451365717,4.630334513657175
2023-12-11,S001,P0009,141,135.25,129.04853602272834,11.951463977271658
2023-12-12,S001,P0009,225,229.89,224.07866958401962,0.9213304159803783
2023-12-13,S001,P0009,318,315.27,309.8948544972438,8.105145502756216
2023-12-14,S001,P0009,248,238.24,233.8612311614974,14.138768838502614
2023-12-15,S001,P0009,123,126.0,120.07343481851665,2.9265651814833546
2023-12-16,S001,P0009,152,164.87,158.3376147568943,6.337614756894311
2023-12-17,S001,P0009,216,233.87,229.56348491196707,13.563484911967066
2023-12-18,S001,P0009,95,103.19,97.62086393775166,2.6208639377516647
2023-12-19,S001,P0009,291,286.81,282.1723532359821,8.827646764017913
2023-12-20,S001,P0009,271,281.36,276.0821534701083,5.082153470108324
2023-12-21,S001,P0009,230,222.08,216.38315772870004,13.616842271299959
2023-12-22,S001,P0009,195,210.21,204.29919446100754,9.299194461007545
2023-12-23,S001,P0009,279,283.98,278.5971838210566,0.4028161789433966
2023-12-24,S001,P0009,50,46.57,41.27569181249392,8.724308187506082
2023-12-25,S001,P0009,22,21.29,16.195528041042813,5.804471958957187
2023-12-26,S001,P0009,96,95.57,90.31036083659761,5.68963916340239
2023-12-27,S001,P0009,212,224.31,219.18497653199114,7.18497653199114
2023-12-28,S001,P0009,96,92.37,86.4277006300624,9.572299369937596
2023-12-29,S001,P0009,147,137.14,131.28645682676327,15.71354317323673
2023-12-30,S001,P0009,138,141.55,136.69326214307517,1.3067378569248262
2023-12-31,S001,P0009,54,72.45,67.94029199368087,13.940291993680873
2024-01-01,S001,P0009,22,28.21,23.367194463796416,1.367194463796416
2023-09-18,S001,P0010,15,15.9,12.638899208309013,2.361100791690987
2023-09-19,S001,P0010,212,204.06,197.2970480359659,14.7029519640341
2023-09-20,S001,P0010,122,137.92,131.4500319839138,9.450031983913789
2023-09-21,S001,P0010,58,77.41,72.0027322929376,14.002732292937594
2023-09-22,S001,P0010,343,348.24,343.7610209611721,0.7610209611721075
2023-09-23,S001,P0010,368,363.43,359.4123456182828,8.587654381717186
2023-09-24,S001,P0010,20,37.23,32.384619119464205,12.384619119464205
2023-09-25,S001,P0010,127,145.57,139.7876618322318,12.787661832231805
2023-09-26,S001,P0010,168,158.22,152.6346999874558,15.365300012544196
2023-09-27,S001,P0010,90,82.19,76.74460035988535,13.255399640114646
2023-09-28,S001,P0010,214,211.64,206.02272721877756,7.977272781222439
2023-09-29,S001,P0010,369,377.69,371.56190493344883,2.5619049334488295
2023-09-30,S001,P0010,90,83.29,77.75280833463894,12.247191665361058
2023-10-01,S001,P0010,213,220.52,214.92088681078747,1.920886810787465
2023-10-02,S001,P0010,21,29.13,23.864811242554698,2.8648112425546977
2023-10-03,S001,P0010,427,432.81,425.2880657297949,1.71193427020512
2023-10-04,S001,P0010,251,268.41,262.63918263696115,11.639182636961152
2023-10-05,S001,P0010,81,78.82,73.93281121891597,7.0671887810840275
2023-10-06,S001,P0010,26,22.29,17.371697733182753,8.628302266817247
2023-10-07,S001,P0010,97,102.96,98.3511661409348,1.3511661409347937
2023-10-08,S001,P0010,50,40.52,36.13253063258453,13.867469367415467
2023-10-09,S001,P0010,66,73.77,68.09546951701589,2.0954695170158857
2023-10-10,S001,P0010,383,397.16,388.4969518885571,5.496951888557078
2023-10-11,S001,P0010,74,75.03,70.08248925679193,3.9175107432080694
2023-10-12,S001,P0010,37,56.83,52.76634619575265,15.766346195752647
2023-10-13,S001,P0010,37,28.95,23.687072756943394,13.312927243056606
2023-10-14,S001,P0010,10,3.45,6.552055466076702,3.447944533923298
2023-10-15,S001,P0010,66,65.98,60.84529368039675,5.15470631960325
2023-10-16,S001,P0010,166,169.38,163.83374383291476,2.166256167085237
2023-10-17,S001,P0010,222,240.91,235.7464298409989,13.7464298409989
2023-10-18,S001,P0010,85,81.66,75.93991507715897,9.060084922841028
2023-10-19,S001,P0010,206,221.61,214.7024541645401,8.702454164540086
2023-10-20,S001,P0010,32,42.07,36.43607714847779,4.436077148477793
2023-10-21,S001,P0010,38,42.78,36.99749796752489,1.0025020324751068
2023-10-22,S001,P0010,211,208.64,203.25024693418095,7.74975306581905
2023-10-23,S001,P0010,60,70.1,64.55464323118416,4.5546432311841585
2023-10-24,S001,P0010,153,157.57,152.0445453271912,0.9554546728087985
2023-10-25,S001,P0010,96,92.04,86.84607717952751,9.153922820472488
2023-10-26,S001,P0010,54,59.78,54.216522020223394,0.21652202022339395
2023-10-27,S001,P0010,314,305.6,299.4914633877392,14.508536612260798
2023-10-28,S001,P0010,200,210.82,205.23242998464738,5.232429984647382
2023-10-29,S001,P0010,154,161.4,156.15802480729104,2.158024807291042
2023-10-30,S001,P0010,7,0.27,5.904702641353309,1.0952973586466914
2023-10-31,S001,P0010,68,67.84,62.166799597863445,5.833200402136555
2023-11-01,S001,P0010,49,51.08,45.36722210285746,3.632777897142539
2023-11-02,S001,P0010,73,71.91,66.09525665881975,6.90474334118025
2023-11-03,S001,P0010,108,118.52,112.96512688420736,4.965126884207365
2023-11-04,S001,P0010,35,37.68,33.64817762049715,1.351822379502849
2023-11-05,S001,P0010,87,91.81,85.97522245087436,1.0247775491256448
2023-11-06,S001,P0010,223,213.68,209.33962699367862,13.660373006321379
2023-11-07,S001,P0010,81,96.23,90.37096639820781,9.370966398207813
2023-11-08,S001,P0010,187,189.21,184.97634933618707,2.02365066381293
2023-11-09,S001,P0010,132,133.39,127.34716019130674,4.652839808693258
2023-11-10,S001,P0010,49,46.12,40.244038583732035,8.755961416267965
2023-11-11,S001,P0010,71,84.27,78.75966339253405,7.759663392534051
2023-11-12,S001,P0010,173,164.57,158.25712397068858,14.742876029311418
2023-11-13,S001,P0010,96,112.53,107.01272388005509,11.012723880055091
2023-11-14,S001,P0010,116,125.71,120.29603559883193,4.296035598831935
2023-11-15,S001,P0010,7,17.05,13.347046111012354,6.347046111012354
2023-11-16,S001,P0010,237,241.56,238.26936370011532,1.2693637001153206
2023-11-17,S001,P0010,97,96.64,90.50480096524447,6.4951990347555295
2023-11-18,S001,P0010,70,61.4,55.33741045037449,14.662589549625508
2023-11-19,S001,P0010,423,436.3,430.7185075223155,7.7185075223155195
2023-11-20,S001,P0010,61,54.81,50.03638648794413,10.963613512055872
2023-11-21,S001,P0010,67,84.41,78.69074705386309,11.690747053863092
2023-11-22,S001,P0010,7,4.9,7.197224852400213,0.19722485240021292
2023-11-23,S001,P0010,118,111.12,105.75903548187307,12.24096451812693
2023-11-24,S001,P0010,72,88.16,82.60043579407197,10.60043579407197
2023-11-25,S001,P0010,53,56.69,51.67727030252105,1.3227296974789482
2023-11-26,S001,P0010,241,247.31,241.31982897549406,0.31982897549406175
2023-11-27,S001,P0010,407,406.38,398.6407859882164,8.359214011783592
2023-11-28,S001,P0010,185,189.1,183.8376795502353,1.1623204497647066
2023-11-29,S001,P0010,313,310.41,304.81614615089313,8.183853849106868
2023-11-30,S001,P0010,364,380.16,373.78251701529564,9.782517015295639
2023-12-01,S001,P0010,15,34.04,29.516450041423575,14.516450041423575
2023-12-02,S001,P0010,212,221.5,215.0376794181593,3.037679418159314
2023-12-03,S001,P0010,311,306.24,300.81279606883754,10.187203931162458
2023-12-04,S001,P0010,206,219.05,213.48940383575902,7.4894038357590205
2023-12-05,S001,P0010,144,140.46,135.26202235030976,8.737977649690237
2023-12-06,S001,P0010,0,-2.21,4.495132486979523,4.495132486979523
2023-12-07,S001,P0010,66,58.9,53.820955251447096,12.179044748552904
2023-12-08,S001,P0010,70,67.78,62.46743831097999,7.532561689020007
2023-12-09,S001,P0010,128,142.07,136.07977040876645,8.07977040876645
2023-12-10,S001,P0010,209,209.38,203.4393698302473,5.560630169752699
2023-12-11,S001,P0010,34,50.47,44.73002296873074,10.730022968730736
2023-12-12,S001,P0010,29,41.55,36.15866081380874,7.158660813808737
2023-12-13,S001,P0010,253,254.7,247.99527098954576,5.004729010454241
2023-12-14,S001,P0010,268,259.21,253.53449157132906,14.465508428670944
2023-12-15,S001,P0010,105,98.91,92.58133243833302,12.418667561666979
2023-12-16,S001,P0010,55,48.95,44.69802975315315,10.30197024684685
2023-12-17,S001,P0010,11,23.54,18.15785766619909,7.157857666199089
2023-12-18,S001,P0010,185,196.32,193.01227768246125,8.012277682461246
2023-12-19,S001,P0010,73,80.02,74.50304773297105,1.503047732971055
2023-12-20,S001,P0010,202,199.55,193.01346492967468,8.986535070325317
2023-12-21,S001,P0010,293,286.03,280.93512572647325,12.064874273526755
2023-12-22,S001,P0010,55,63.07,57.57303332604663,2.5730333260466267
2023-12-23,S001,P0010,38,45.83,40.445107703777325,2.4451077037773246
2023-12-24,S001,P0010,185,195.98,191.24271550944542,6.242715509445418
2023-12-25,S001,P0010,320,337.52,331.4954780087985,11.4954780087985
2023-12-26,S001,P0010,133,136.22,130.74251492880958,2.257485071190416
2023-12-27,S001,P0010,13,7.83,9.326532720473239,3.6734672795267613
2023-12-28,S001,P0010,114,123.53,117.8364015897173,3.8364015897172976
2023-12-29,S001,P0010,53,71.54,66.43918087305637,13.439180873056372
2023-12-30,S001,P0010,331,330.18,326.24130813578546,4.758691864214541
2023-12-31,S001,P0010,58,65.0,59.87954798206947,1.879547982069468
2024-01-01,S001,P0010,70,86.62,81.81382852596934,11.813828525969342
2023-09-18,S001,P0011,336,329.44,324.92748875866096,11.072511241339043
2023-09-19,S001,P0011,198,216.58,211.93163111051592,13.931631110515923
2023-09-20,S001,P0011,17,10.4,9.75237752419844,7.24762247580156
2023-09-21,S001,P0011,228,233.89,229.02421718593192,1.0242171859319171
2023-09-22,S001,P0011,44,48.49,43.47057998685541,0.5294200131445876
2023-09-23,S001,P0011,1,2.81,6.448332263077129,5.448332263077129
2023-09-24,S001,P0011,54,48.14,43.33158147289121,10.668418527108791
2023-09-25,S001,P0011,195,197.98,193.1555227967566,1.8444772032434003
2023-09-26,S001,P0011,267,259.27,253.2732729453204,13.7267270546796
2023-09-27,S001,P0011,206,197.54,192.3456473553884,13.654352644611606
2023-09-28,S001,P0011,130,129.15,123.32601319914022,6.67398680085978
2023-09-29,S001,P0011,384,386.01,380.62374228464375,3.376257715356246
2023-09-30,S001,P0011,155,166.99,162.19326777232365,7.193267772323651
2023-10-01,S001,P0011,275,269.73,264.523455515385,10.476544484614976
2023-10-02,S001,P0011,99,110.17,104.14961837984214,5.149618379842138
2023-10-03,S001,P0011,470,464.82,463.43349411843093,6.566505881569071
2023-10-04,S001,P0011,13,6.44,8.313182346930667,4.686817653069333
2023-10-05,S001,P0011,99,94.09,88.19086550579524,10.809134494204756
2023-10-06,S001,P0011,1,3.2,6.721392369284462,5.721392369284462
2023-10-07,S001,P0011,61,80.72,74.82287781489454,13.82287781489454
2023-10-08,S001,P0011,9,9.79,10.076099827598494,1.0760998275984939
2023-10-09,S001,P0011,52,61.83,55.943877928850384,3.943877928850384
2023-10-10,S001,P0011,397,408.23,404.0524891579247,7.052489157924697
2023-10-11,S001,P0011,149,156.57,151.99871553719396,2.9987155371939593
2023-10-12,S001,P0011,102,120.87,115.09084650469347,13.090846504693474
2023-10-13,S001,P0011,206,202.33,196.87149793832407,9.128502061675931
2023-10-14,S001,P0011,42,51.56,45.846119777893335,3.8461197778933354
2023-10-15,S001,P0011,72,68.47,63.440514214538815,8.559485785461185
2023-10-16,S001,P0011,211,213.95,208.7773256986036,2.2226743013964096
2023-10-17,S001,P0011,471,472.15,467.21892645867865,3.781073541321348
2023-10-18,S001,P0011,31,26.57,22.499531646952345,8.500468353047655
2023-10-19,S001,P0011,81,73.01,67.94213146875455,13.057868531245447
2023-10-20,S001,P0011,63,74.93,69.69658132257179,6.696581322571788
2023-10-21,S001,P0011,94,98.51,92.9469337754033,1.053066224596705
2023-10-22,S001,P0011,322,325.64,321.46270782015597,0.5372921798440302
2023-10-23,S001,P0011,45,60.55,55.93420900626012,10.934209006260119
2023-10-24,S001,P0011,83,102.47,96.59912386886188,13.59912386886188
2023-10-25,S001,P0011,185,175.87,170.55003256984733,14.449967430152668
2023-10-26,S001,P0011,16,6.22,8.193035862020789,7.806964137979211
2023-10-27,S001,P0011,124,130.11,124.20751736603432,0.2075173660343239
2023-10-28,S001,P0011,89,86.92,81.19620649591599,7.8037935040840125
2023-10-29,S001,P0011,183,176.21,170.4556839870555,12.544316012944506
2023-10-30,S001,P0011,224,222.17,217.88936575907906,6.110634240920945
2023-10-31,S001,P0011,151,144.06,138.50006450954027,12.499935490459734
2023-11-01,S001,P0011,49,44.43,39.48152446320289,9.518475536797112
2023-11-02,S001,P0011,34,37.74,34.323571342975676,0.3235713429756757
2023-11-03,S001,P0011,30,35.92,30.51836814829999,0.5183681482999916
2023-11-04,S001,P0011,248,245.51,239.09545280463243,8.90454719536757
2023-11-05,S001,P0011,453,459.09,449.64415572960127,3.355844270398734
2023-11-06,S001,P0011,180,189.23,184.53387213571415,4.533872135714148
2023-11-07,S001,P0011,15,8.57,9.266338791661498,5.733661208338502
2023-11-08,S001,P0011,360,373.41,369.26234040010496,9.26234040010496
2023-11-09,S001,P0011,161,153.0,148.23708904083622,12.762910959163776
2023-11-10,S001,P0011,220,218.72,212.85754152950454,7.1424584704954555
2023-11-11,S001,P0011,297,308.28,303.24148471612966,6.241484716129662
2023-11-12,S001,P0011,0,16.87,13.32589597200496,13.32589597200496
2023-11-13,S001,P0011,55,62.15,58.11899826861604,3.118998268616039
2023-11-14,S001,P0011,7,24.97,19.769485701286342,12.769485701286342
2023-11-15,S001,P0011,46,44.55,40.534651038015284,5.465348961984716
2023-11-16,S001,P0011,35,46.74,41.072644641157005,6.072644641157005
2023-11-17,S001,P0011,35,35.27,30.639277801149568,4.360722198850432
2023-11-18,S001,P0011,194,206.1,200.0679480374372,6.067948037437191
2023-11-19,S001,P0011,34,46.17,39.725828597604725,5.725828597604725
2023-11-20,S001,P0011,331,330.24,325.8079200090275,5.192079990972502
2023-11-21,S001,P0011,32,33.11,28.720600654271045,3.2793993457289545
2023-11-22,S001,P0011,130,127.99,121.69047997626876,8.309520023731238
2023-11-23,S001,P0011,224,238.48,233.82927438974588,9.829274389745876
2023-11-24,S001,P0011,372,382.85,376.3256412477475,4.325641247747512
2023-11-25,S001,P0011,84,96.73,90.71705207821196,6.717052078211964
2023-11-26,S001,P0011,29,39.98,34.93321196773842,5.933211967738423
2023-11-27,S001,P0011,385,379.72,374.754369332867,10.245630667133014
2023-11-28,S001,P0011,96,111.8,106.60664148871646,10.606641488716463
2023-11-29,S001,P0011,69,74.95,70.02927501405264,1.0292750140526437
2023-11-30,S001,P0011,136,146.86,142.26199245617858,6.261992456178575
2023-12-01,S001,P0011,22,21.03,17.175440244735217,4.824559755264783
2023-12-02,S001,P0011,136,146.08,141.0312205751315,5.031220575131499
2023-12-03,S001,P0011,2,5.55,7.949961539361979,5.949961539361979
2023-12-04,S001,P0011,28,23.2,17.565675144154937,10.434324855845063
2023-12-05,S001,P0011,354,357.67,351.7954849706816,2.2045150293183724
2023-12-06,S001,P0011,352,350.56,344.35463568247064,7.645364317529356
2023-12-07,S001,P0011,260,253.13,247.23065687797668,12.769343122023315
2023-12-08,S001,P0011,92,83.14,77.1742016630397,14.825798336960304
2023-12-09,S001,P0011,204,209.87,203.98672324191432,0.01327675808568074
2023-12-10,S001,P0011,147,144.7,138.9657762480661,8.034223751933894
2023-12-11,S001,P0011,31,38.2,33.95367133941623,2.953671339416232
2023-12-12,S001,P0011,148,148.19,143.13989503191354,4.8601049680864605
2023-12-13,S001,P0011,30,28.38,23.80863309756384,6.191366902436162
2023-12-14,S001,P0011,157,166.36,161.9714458809712,4.971445880971203
2023-12-15,S001,P0011,70,71.69,66.25938837243804,3.740611627561961
2023-12-16,S001,P0011,176,180.6,175.14647007431142,0.8535299256885764
2023-12-17,S001,P0011,188,196.68,192.4196937028879,4.419693702887912
2023-12-18,S001,P0011,199,191.29,185.2868222663992,13.713177733600787
2023-12-19,S001,P0011,38,56.32,51.713034145820934,13.713034145820934
2023-12-20,S001,P0011,40,41.46,36.859809615048285,3.1401903849517154
2023-12-21,S001,P0011,277,273.57,267.8892426636994,9.110757336300594
2023-12-22,S001,P0011,264,274.29,268.035934194408,4.035934194408014
2023-12-23,S001,P0011,353,352.05,348.4408641688031,4.5591358311968975
2023-12-24,S001,P0011,124,134.79,129.65396962911694,5.6539696291169435
2023-12-25,S001,P0011,78,75.0,69.64439976034545,8.35560023965455
2023-12-26,S001,P0011,153,169.42,163.1965686732927,10.196568673292688
2023-12-27,S001,P0011,33,24.32,19.62977667268067,13.37022332731933
2023-12-28,S001,P0011,231,238.18,232.4981780159736,1.4981780159735933
2023-12-29,S001,P0011,218,227.1,222.45581489331576,4.455814893315761
2023-12-30,S001,P0011,55,61.74,56.570290835544434,1.5702908355444336
2023-12-31,S001,P0011,267,263.62,256.5796419088309,10.420358091169078
2024-01-01,S001,P0011,15,33.03,29.206489872369914,14.206489872369914
2023-09-18,S001,P0012,347,342.56,337.7524443137746,9.247555686225382
2023-09-19,S001,P0012,63,54.53,49.37879671999548,13.621203280004522
2023-09-20,S001,P0012,55,51.65,46.068787466806015,8.931212533193985
2023-09-21,S001,P0012,197,201.11,194.31522038705282,2.6847796129471817
2023-09-22,S001,P0012,65,80.48,74.03895418946699,9.038954189466992
2023-09-23,S001,P0012,193,207.69,202.86113975154313,9.861139751543135
2023-09-24,S001,P0012,177,183.08,178.17184726606445,1.1718472660644466
2023-09-25,S001,P0012,96,107.02,101.80403670811404,5.80403670811404
2023-09-26,S001,P0012,240,242.48,236.52299108479983,3.477008915200173
2023-09-27,S001,P0012,94,92.51,87.01160608843281,6.9883939115671865
2023-09-28,S001,P0012,72,64.53,59.02611207814047,12.973887921859529
2023-09-29,S001,P0012,218,230.77,224.56514256819827,6.565142568198269
2023-09-30,S001,P0012,106,104.74,99.0047433840884,6.9952566159116
2023-10-01,S001,P0012,363,361.0,353.31368103662646,9.686318963373537
2023-10-02,S001,P0012,61,74.31,69.2796144085645,8.279614408564498
2023-10-03,S001,P0012,266,261.49,255.65364652037607,10.346353479623929
2023-10-04,S001,P0012,238,228.21,224.10607990403975,13.893920095960254
2023-10-05,S001,P0012,249,251.36,245.12275009785952,3.877249902140477
2023-10-06,S001,P0012,49,49.31,44.119963941911834,4.880036058088166
2023-10-07,S001,P0012,44,36.7,31.429022753420526,12.570977246579474
2023-10-08,S001,P0012,113,111.68,106.89024741010738,6.109752589892622
2023-10-09,S001,P0012,239,239.54,233.19232223368098,5.807677766319017
2023-10-10,S001,P0012,70,67.81,62.8915567480037,7.108443251996299
2023-10-11,S001,P0012,99,110.44,105.51101784651252,6.511017846512516
2023-10-12,S001,P0012,105,119.87,114.73708240177021,9.73708240177021
2023-10-13,S001,P0012,129,132.66,127.53630692294038,1.4636930770596166
2023-10-14,S001,P0012,146,159.73,153.96389512148033,7.963895121480334
2023-10-15,S001,P0012,128,124.4,118.59436895219588,9.405631047804121
2023-10-16,S001,P0012,81,82.81,77.78882964618873,3.2111703538112693
2023-10-17,S001,P0012,181,172.85,167.38713381260803,13.612866187391973
2023-10-18,S001,P0012,14,11.53,10.316071899288797,3.683928100711203
2023-10-19,S001,P0012,118,136.06,130.26762883451562,12.26762883451562
2023-10-20,S001,P0012,358,354.7,350.19634179966283,7.803658200337168
2023-10-21,S001,P0012,54,53.69,49.55945448809571,4.44054551190429
2023-10-22,S001,P0012,318,309.25,303.18458474243687,14.815415257563131
2023-10-23,S001,P0012,144,139.96,134.64900603925872,9.350993960741278
2023-10-24,S001,P0012,42,58.98,53.236496698415,11.236496698415003
2023-10-25,S001,P0012,42,32.75,27.5293088030304,14.4706911969696
2023-10-26,S001,P0012,0,4.45,7.211514001395248,7.211514001395248
2023-10-27,S001,P0012,270,276.25,270.09364457453233,0.09364457453233399
2023-10-28,S001,P0012,98,112.09,107.31530456757717,9.315304567577172
2023-10-29,S001,P0012,355,348.0,342.64913154282215,12.350868457177853
2023-10-30,S001,P0012,57,64.07,58.627768079891254,1.6277680798912542
2023-10-31,S001,P0012,22,36.51,31.69907699609916,9.699076996099159
2023-11-01,S001,P0012,121,130.94,125.8250032826992,4.8250032826992
2023-11-02,S001,P0012,106,104.39,98.98209458018351,7.017905419816486
2023-11-03,S001,P0012,37,34.96,30.46279774197388,6.53720225802612
2023-11-04,S001,P0012,335,348.73,344.5241428095588,9.524142809558782
2023-11-05,S001,P0012,255,264.54,257.3455967372111,2.3455967372111104
2023-11-06,S001,P0012,42,45.05,40.03752687075573,1.9624731292442732
2023-11-07,S001,P0012,45,49.1,44.4352912621204,0.5647087378795987
2023-11-08,S001,P0012,211,224.05,219.28934561000307,8.289345610003068
2023-11-09,S001,P0012,92,84.14,79.22356700292794,12.776432997072064
2023-11-10,S001,P0012,0,-0.53,4.777680916204339,4.777680916204339
2023-11-11,S001,P0012,130,130.17,124.26280835219393,5.737191647806071
2023-11-12,S001,P0012,64,73.83,69.00648712031101,5.006487120311007
2023-11-13,S001,P0012,299,307.05,302.9392925953364,3.939292595336383
2023-11-14,S001,P0012,144,135.62,130.47412034114532,13.525879658854677
2023-11-15,S001,P0012,6,13.07,11.305918328633277,5.305918328633277
2023-11-16,S001,P0012,67,66.07,61.45935706586949,5.54064293413051
2023-11-17,S001,P0012,126,141.62,136.49985500859714,10.499855008597137
2023-11-18,S001,P0012,68,82.73,77.48313093997909,9.483130939979091
2023-11-19,S001,P0012,60,67.64,61.64960844119676,1.6496084411967615
2023-11-20,S001,P0012,26,21.98,16.756350665639808,9.243649334360192
2023-11-21,S001,P0012,81,90.24,85.2204022003003,4.220402200300299
2023-11-22,S001,P0012,363,356.82,352.1514296451404,10.84857035485959
2023-11-23,S001,P0012,239,245.13,238.8313544167462,0.16864558325380585
2023-11-24,S001,P0012,127,139.73,135.1349435688372,8.134943568837201
2023-11-25,S001,P0012,103,108.4,102.82398441952142,0.1760155804785768
2023-11-26,S001,P0012,12,4.93,7.47093460824343,4.52906539175657
2023-11-27,S001,P0012,11,30.67,26.430694285599003,15.430694285599003
2023-11-28,S001,P0012,72,83.23,77.55555362584997,5.555553625849967
2023-11-29,S001,P0012,35,31.08,26.85404483667765,8.145955163322348
2023-11-30,S001,P0012,55,54.44,50.892539438409784,4.107460561590216
2023-12-01,S001,P0012,12,25.37,20.29085329489258,8.290853294892582
2023-12-02,S001,P0012,36,32.69,28.579948756959574,7.420051243040426
2023-12-03,S001,P0012,57,56.53,51.29336088351204,5.706639116487963
2023-12-04,S001,P0012,130,129.14,123.78862139221545,6.211378607784553
2023-12-05,S001,P0012,282,286.65,283.23203828781,1.232038287809985
2023-12-06,S001,P0012,92,85.89,81.04715346027092,10.95284653972908
2023-12-07,S001,P0012,118,123.77,117.17125689834467,0.8287431016553342
2023-12-08,S001,P0012,1,4.14,6.698346807662151,5.698346807662151
2023-12-09,S001,P0012,162,175.02,169.3021831640143,7.302183164014309
2023-12-10,S001,P0012,223,226.4,223.18885485478717,0.18885485478716646
2023-12-11,S001,P0012,65,80.54,74.39921962782601,9.399219627826014
2023-12-12,S001,P0012,37,30.64,25.865336273801173,11.134663726198827
2023-12-13,S001,P0012,218,236.79,231.587653738514,13.587653738514007
2023-12-14,S001,P0012,89,100.03,94.73097436022078,5.7309743602207845
2023-12-15,S001,P0012,112,116.03,110.50707825604933,1.4929217439506743
2023-12-16,S001,P0012,296,310.3,304.1433101439693,8.143310143969302
2023-12-17,S001,P0012,235,253.83,248.77870195544813,13.778701955448128
2023-12-18,S001,P0012,71,79.42,73.60661685212148,2.6066168521214763
2023-12-19,S001,P0012,51,51.54,45.99848356962257,5.001516430377428
2023-12-20,S001,P0012,44,61.13,56.28023753299411,12.280237532994107
2023-12-21,S001,P0012,68,79.66,74.03842397458392,6.038423974583921
2023-12-22,S001,P0012,6,4.08,7.223757813132455,1.2237578131324547
2023-12-23,S001,P0012,228,244.56,238.82144694130176,10.821446941301758
2023-12-24,S001,P0012,325,328.04,322.4288525060592,2.5711474939408276
2023-12-25,S001,P0012,138,142.44,137.01311391665578,0.986886083344217
2023-12-26,S001,P0012,296,311.54,305.3341441899014,9.334144189901394
2023-12-27,S001,P0012,369,360.61,353.81500830697826,15.184991693021743
2023-12-28,S001,P0012,159,178.15,171.55373615711463,12.553736157114628
2023-12-29,S001,P0012,86,92.39,86.43718892503456,0.43718892503456175
2023-12-30,S001,P0012,160,176.3,170.71531802136752,10.715318021367523
2023-12-31,S001,P0012,25,15.44,12.411745496362776,12.588254503637224
2024-01-01,S001,P0012,51,61.33,56.61634769469065,5.616347694690653
2023-09-18,S001,P0013,30,43.72,39.77461624308697,9.774616243086967
2023-09-19,S001,P0013,62,63.24,57.562548768025366,4.437451231974634
2023-09-20,S001,P0013,401,406.47,397.42623103905794,3.5737689609420613
2023-09-21,S001,P0013,124,139.88,135.99023441172272,11.990234411722724
2023-09-22,S001,P0013,410,404.45,397.87362731508887,12.126372684911132
2023-09-23,S001,P0013,14,29.99,25.966054454496753,11.966054454496753
2023-09-24,S001,P0013,1,11.52,10.850724604071772,9.850724604071772
2023-09-25,S001,P0013,50,64.59,58.686925973909425,8.686925973909425
2023-09-26,S001,P0013,104,116.93,112.12913408094174,8.12913408094174
2023-09-27,S001,P0013,82,86.03,81.52082200648832,0.47917799351168355
2023-09-28,S001,P0013,241,237.69,232.56922523454043,8.430774765459574
2023-09-29,S001,P0013,147,146.64,142.13560753415015,4.864392465849846
2023-09-30,S001,P0013,32,23.25,17.8974262298092,14.102573770190801
2023-10-01,S001,P0013,86,96.98,91.54197142124724,5.54197142124724
2023-10-02,S001,P0013,9,20.45,15.757428017482919,6.757428017482919
2023-10-03,S001,P0013,150,168.61,163.1872379931247,13.187237993124711
2023-10-04,S001,P0013,176,181.2,175.24067583015335,0.75932416984665
2023-10-05,S001,P0013,410,426.81,422.2202886122244,12.220288612224408
2023-10-06,S001,P0013,141,133.8,128.89454758850175,12.105452411498248
2023-10-07,S001,P0013,18,12.63,12.1317689856969,5.868231014303101
2023-10-08,S001,P0013,270,281.18,276.0964320018828,6.0964320018828175
2023-10-09,S001,P0013,77,80.67,74.58300663258204,2.416993367417959
2023-10-10,S001,P0013,117,110.41,105.20271475538334,11.79728524461666
2023-10-11,S001,P0013,96,108.97,103.49748874391541,7.497488743915412
2023-10-12,S001,P0013,48,63.85,57.98349929961239,9.98349929961239
2023-10-13,S001,P0013,17,24.67,18.871186415973366,1.8711864159733658
2023-10-14,S001,P0013,377,381.25,375.4071097646338,1.5928902353662124
2023-10-15,S001,P0013,170,180.94,174.74969981895998,4.749699818959982
2023-10-16,S001,P0013,58,65.5,60.84417506242536,2.8441750624253572
2023-10-17,S001,P0013,64,78.38,71.96186669906446,7.961866699064458
2023-10-18,S001,P0013,142,161.23,155.2951053405216,13.295105340521587
2023-10-19,S001,P0013,63,81.72,75.94754671095478,12.947546710954782
2023-10-20,S001,P0013,310,322.86,317.41370252940226,7.413702529402258
2023-10-21,S001,P0013,348,347.01,339.0698344721774,8.930165527822624
2023-10-22,S001,P0013,49,66.35,61.0018296007072,12.001829600707197
2023-10-23,S001,P0013,66,62.35,57.978352706511245,8.021647293488755
2023-10-24,S001,P0013,118,114.92,109.061196996216,8.938803003784002
2023-10-25,S001,P0013,49,62.61,57.174143302283305,8.174143302283305
2023-10-26,S001,P0013,105,121.52,116.17791621523534,11.177916215235342
2023-10-27,S001,P0013,84,96.36,90.97352411281581,6.973524112815809
2023-10-28,S001,P0013,57,61.74,57.044423584312106,0.04442358431210636
2023-10-29,S001,P0013,107,106.03,99.73766664117103,7.262333358828968
2023-10-30,S001,P0013,122,141.97,135.98412695322932,13.984126953229321
2023-10-31,S001,P0013,149,166.05,161.6290401628096,12.629040162809588
2023-11-01,S001,P0013,148,149.74,144.66131906303775,3.3386809369622483
2023-11-02,S001,P0013,183,173.75,168.00096672916834,14.99903327083166
2023-11-03,S001,P0013,134,147.75,143.0974466883326,9.09744668833261
2023-11-04,S001,P0013,164,180.74,174.24818117736686,10.24818117736686
2023-11-05,S001,P0013,315,308.22,302.7752526724598,12.224747327540172
2023-11-06,S001,P0013,288,283.26,278.52160913625437,9.47839086374563
2023-11-07,S001,P0013,56,74.76,68.9648959269556,12.964895926955606
2023-11-08,S001,P0013,41,33.43,28.999325604221376,12.000674395778624
2023-11-09,S001,P0013,13,30.04,26.097442466378958,13.097442466378958
2023-11-10,S001,P0013,203,204.07,198.06900461814854,4.93099538185146
2023-11-11,S001,P0013,111,117.58,112.73800044948597,1.7380004494859662
2023-11-12,S001,P0013,185,180.09,174.0266536418199,10.973346358180095
2023-11-13,S001,P0013,20,16.11,12.522900567714435,7.477099432285565
2023-11-14,S001,P0013,234,236.1,231.22803878426816,2.771961215731835
2023-11-15,S001,P0013,179,187.41,181.67595534746363,2.6759553474636277
2023-11-16,S001,P0013,285,291.0,286.0240891223259,1.024089122325904
2023-11-17,S001,P0013,130,148.6,143.15253014848403,13.152530148484033
2023-11-18,S001,P0013,0,-1.24,4.677824929272866,4.677824929272866
2023-11-19,S001,P0013,71,77.06,71.75753071826375,0.7575307182637516
2023-11-20,S001,P0013,106,107.11,102.06134375279916,3.9386562472008393
2023-11-21,S001,P0013,92,95.67,90.74409896818949,1.2559010318105095
2023-11-22,S001,P0013,80,86.82,81.39412594204617,1.3941259420461733
2023-11-23,S001,P0013,26,31.57,26.82458860080668,0.8245886008066812
2023-11-24,S001,P0013,27,27.52,22.46108581468613,4.538914185313871
2023-11-25,S001,P0013,69,83.08,77.28119035739559,8.281190357395587
2023-11-26,S001,P0013,108,111.57,107.2726656490177,0.7273343509823036
2023-11-27,S001,P0013,139,139.28,134.05505629525555,4.944943704744446
2023-11-28,S001,P0013,74,83.68,78.29267177754778,4.292671777547781
2023-11-29,S001,P0013,53,63.59,57.31914394965981,4.319143949659811
2023-11-30,S001,P0013,75,83.58,77.91032749379818,2.910327493798178
2023-12-01,S001,P0013,0,0.85,5.686276175357391,5.686276175357391
2023-12-02,S001,P0013,9,27.73,22.216955415896365,13.216955415896365
2023-12-03,S001,P0013,208,198.88,192.43471461228955,15.565285387710446
2023-12-04,S001,P0013,417,424.99,422.0338953624099,5.033895362409908
2023-12-05,S001,P0013,65,68.6,64.06528230155148,0.934717698448523
2023-12-06,S001,P0013,162,175.01,168.98100523180094,6.9810052318009355
2023-12-07,S001,P0013,137,146.95,142.3854753601312,5.38547536013121
2023-12-08,S001,P0013,218,222.79,217.32921675735332,0.670783242646678
2023-12-09,S001,P0013,87,80.43,74.7239404617027,12.276059538297304
2023-12-10,S001,P0013,190,189.54,184.25298139425138,5.747018605748622
2023-12-11,S001,P0013,320,317.16,311.0239814764046,8.976018523595428
2023-12-12,S001,P0013,35,35.17,30.25895001713748,4.7410499828625206
2023-12-13,S001,P0013,65,63.98,58.73272587936776,6.267274120632237
2023-12-14,S001,P0013,1,-2.81,4.126237539936584,3.126237539936584
2023-12-15,S001,P0013,123,135.84,129.84392808792077,6.843928087920773
2023-12-16,S001,P0013,75,68.64,63.816359265910506,11.183640734089494
2023-12-17,S001,P0013,119,117.89,112.46184516885845,6.538154831141554
2023-12-18,S001,P0013,102,112.14,107.03469757539293,5.034697575392926
2023-12-19,S001,P0013,24,24.75,19.301550522917577,4.698449477082423
2023-12-20,S001,P0013,33,45.29,40.00262390067783,7.002623900677833
2023-12-21,S001,P0013,5,1.69,6.74241391441122,1.7424139144112196
2023-12-22,S001,P0013,158,162.48,156.8195162878457,1.180483712154313
2023-12-23,S001,P0013,380,391.54,386.644955393831,6.644955393831026
2023-12-24,S001,P0013,58,59.6,54.89905743894003,3.1009425610599735
2023-12-25,S001,P0013,118,137.42,131.97514688972214,13.97514688972214
2023-12-26,S001,P0013,12,31.62,27.340399224602784,15.340399224602784
2023-12-27,S001,P0013,206,206.92,201.4786552031378,4.521344796862195
2023-12-28,S001,P0013,162,171.17,165.40303068712916,3.40303068712916
2023-12-29,S001,P0013,129,144.49,138.6891086253056,9.689108625305607
2023-12-30,S001,P0013,136,135.79,130.7830485742841,5.216951425715905
2023-12-31,S001,P0013,111,116.81,111.86777611456844,0.8677761145684428
2024-01-01,S001,P0013,220,225.48,221.02554348064,1.0255434806400103
2023-09-18,S001,P0014,47,38.32,33.9516799228792,13.048320077120799
2023-09-19,S001,P0014,31,28.47,24.27023236260002,6.729767637399981
2023-09-20,S001,P0014,114,126.69,121.95793545934349,7.957935459343489
2023-09-21,S001,P0014,119,134.03,128.7023813480826,9.70238134808261
2023-09-22,S001,P0014,140,148.63,142.92152054732412,2.9215205473241213
2023-09-23,S001,P0014,217,225.9,222.0904898075214,5.090489807521408
2023-09-24,S001,P0014,17,32.93,28.310209163203993,11.310209163203993
2023-09-25,S001,P0014,30,31.44,27.148841722263747,2.8511582777362534
2023-09-26,S001,P0014,84,98.29,92.13586575361452,8.135865753614524
2023-09-27,S001,P0014,81,75.71,71.07627542308137,9.92372457691863
2023-09-28,S001,P0014,82,92.82,87.06503570287254,5.065035702872535
2023-09-29,S001,P0014,18,35.83,30.19877846709586,12.19877846709586
2023-09-30,S001,P0014,290,303.25,298.6646603983673,8.664660398367289
2023-10-01,S001,P0014,27,38.27,33.22821923847995,6.2282192384799515
2023-10-02,S001,P0014,20,15.75,12.627725830103294,7.372274169896706
2023-10-03,S001,P0014,175,169.84,164.2699133429291,10.730086657070899
2023-10-04,S001,P0014,74,67.81,62.00153970959957,11.99846029040043
2023-10-05,S001,P0014,289,279.18,272.9946872061672,16.005312793832786
2023-10-06,S001,P0014,478,496.03,475.9134800972143,2.08651990278571
2023-10-07,S001,P0014,84,80.22,75.08920766876855,8.910792331231448
2023-10-08,S001,P0014,80,78.76,73.31826746845906,6.681732531540945
2023-10-09,S001,P0014,46,56.23,51.63921035527245,5.6392103552724535
2023-10-10,S001,P0014,90,95.13,90.62056270430801,0.6205627043080142
2023-10-11,S001,P0014,110,119.24,114.11732587110465,4.117325871104654
2023-10-12,S001,P0014,397,396.64,388.588038673293,8.411961326707
2023-10-13,S001,P0014,168,184.47,179.09336808882819,11.093368088828186
2023-10-14,S001,P0014,120,126.21,120.68681166357274,0.6868116635727404
2023-10-15,S001,P0014,71,89.09,83.1854873991494,12.185487399149395
2023-10-16,S001,P0014,207,218.25,213.60933389933084,6.609333899330835
2023-10-17,S001,P0014,415,429.74,424.59402123157224,9.594021231572242
2023-10-18,S001,P0014,76,78.22,72.51359040610124,3.486409593898756
2023-10-19,S001,P0014,52,67.53,62.65015850408632,10.65015850408632
2023-10-20,S001,P0014,26,16.65,13.226947172981706,12.773052827018294
2023-10-21,S001,P0014,359,374.84,371.52684292256447,12.52684292256447
2023-10-22,S001,P0014,94,94.36,88.214471417097,5.785528582902998
2023-10-23,S001,P0014,19,35.41,30.737164624245715,11.737164624245715
2023-10-24,S001,P0014,79,83.75,78.02197049317692,0.9780295068230771
2023-10-25,S001,P0014,162,174.65,169.3086684725863,7.308668472586305
2023-10-26,S001,P0014,232,235.65,231.6427659688796,0.35723403112041296
2023-10-27,S001,P0014,29,34.77,30.142531648765576,1.1425316487655763
2023-10-28,S001,P0014,278,282.29,276.43345224930516,1.5665477506948378
2023-10-29,S001,P0014,5,24.44,19.2168820386687,14.2168820386687
2023-10-30,S001,P0014,71,65.47,60.70615231649863,10.293847683501369
2023-10-31,S001,P0014,168,158.99,152.98632203234607,15.013677967653933
2023-11-01,S001,P0014,40,50.93,44.82931276972095,4.82931276972095
2023-11-02,S001,P0014,355,348.71,343.1293812590972,11.870618740902785
2023-11-03,S001,P0014,102,102.79,97.34985682833279,4.65014317166721
2023-11-04,S001,P0014,371,390.56,382.19282041350334,11.192820413503341
2023-11-05,S001,P0014,44,46.44,41.293868208890814,2.7061317911091862
2023-11-06,S001,P0014,123,136.97,132.12231516141784,9.122315161417845
2023-11-07,S001,P0014,24,18.73,14.657618850127925,9.342381149872075
2023-11-08,S001,P0014,195,192.9,186.5978779988498,8.40212200115019
2023-11-09,S001,P0014,300,291.72,286.50816185075945,13.49183814924055
2023-11-10,S001,P0014,350,349.52,344.56832497159735,5.431675028402651
2023-11-11,S001,P0014,119,113.99,108.51110501105076,10.48889498894924
2023-11-12,S001,P0014,28,33.41,29.455033739625428,1.4550337396254278
2023-11-13,S001,P0014,30,41.13,36.33652146881555,6.336521468815548
2023-11-14,S001,P0014,425,426.72,423.9915403045668,1.0084596954332028
2023-11-15,S001,P0014,115,129.5,123.47216587592308,8.472165875923082
2023-11-16,S001,P0014,62,77.57,71.91847400815979,9.91847400815979
2023-11-17,S001,P0014,36,50.29,44.87427317551304,8.87427317551304
2023-11-18,S001,P0014,136,146.92,142.44415812910148,6.444158129101481
2023-11-19,S001,P0014,217,221.78,215.37130150497893,1.6286984950210694
2023-11-20,S001,P0014,257,274.29,268.00957902857687,11.009579028576866
2023-11-21,S001,P0014,39,52.9,47.722716151522135,8.722716151522135
2023-11-22,S001,P0014,228,243.87,237.99917497391732,9.99917497391732
2023-11-23,S001,P0014,17,34.4,29.515791997425985,12.515791997425985
2023-11-24,S001,P0014,13,20.06,15.033258882748122,2.0332588827481217
2023-11-25,S001,P0014,212,229.22,223.28176155741124,11.281761557411244
2023-11-26,S001,P0014,237,256.84,249.83583735357112,12.835837353571122
2023-11-27,S001,P0014,13,18.67,14.544298122868295,1.5442981228682946
2023-11-28,S001,P0014,37,51.47,45.394183012394436,8.394183012394436
2023-11-29,S001,P0014,59,58.32,53.59832781243986,5.401672187560138
2023-11-30,S001,P0014,340,359.4,352.8999883991423,12.899988399142273
2023-12-01,S001,P0014,196,202.94,196.15001109858338,0.15001109858337713
2023-12-02,S001,P0014,107,99.74,93.25303928539694,13.746960714603063
2023-12-03,S001,P0014,24,30.01,25.773633860608648,1.7736338606086477
2023-12-04,S001,P0014,43,41.32,36.044154032913056,6.955845967086944
2023-12-05,S001,P0014,49,50.32,44.90938794934203,4.090612050657967
2023-12-06,S001,P0014,272,271.39,265.549782975433,6.450217024566996
2023-12-07,S001,P0014,78,84.67,79.69246966832814,1.692469668328144
2023-12-08,S001,P0014,34,27.43,22.73785848303454,11.26214151696546
2023-12-09,S001,P0014,222,216.37,212.4774531939332,9.5225468060668
2023-12-10,S001,P0014,373,386.7,380.9592089187678,7.959208918767786
2023-12-11,S001,P0014,63,73.62,68.21622589225586,5.2162258922558635
2023-12-12,S001,P0014,194,188.11,182.934096518116,11.065903481883993
2023-12-13,S001,P0014,91,105.21,99.43255245243404,8.432552452434038
2023-12-14,S001,P0014,202,204.44,198.72543371151568,3.2745662884843227
2023-12-15,S001,P0014,194,203.76,198.2238030190278,4.223803019027798
2023-12-16,S001,P0014,51,52.41,47.50928089447287,3.490719105527127
2023-12-17,S001,P0014,186,190.03,184.98678972482827,1.0132102751717298
2023-12-18,S001,P0014,133,131.25,125.85050088191565,7.14949911808435
2023-12-19,S001,P0014,375,393.37,387.3781861933906,12.378186193390604
2023-12-20,S001,P0014,349,353.24,347.88935760447407,1.1106423955259288
2023-12-21,S001,P0014,3,-3.82,3.2504539814891573,0.2504539814891573
2023-12-22,S001,P0014,118,114.94,108.79383642702803,9.206163572971974
2023-12-23,S001,P0014,2,15.71,12.787065403111004,10.787065403111004
2023-12-24,S001,P0014,149,141.31,136.75026243576718,12.249737564232817
2023-12-25,S001,P0014,210,208.08,203.3023938813965,6.697606118603488
2023-12-26,S001,P0014,182,176.3,170.88114892391604,11.118851076083956
2023-12-27,S001,P0014,303,311.39,304.9114070598506,1.9114070598506032
2023-12-28,S001,P0014,86,81.54,75.49806531994915,10.501934680050852
2023-12-29,S001,P0014,84,101.31,95.17814788417586,11.178147884175857
2023-12-30,S001,P0014,46,45.11,40.08873505569633,5.911264944303667
2023-12-31,S001,P0014,48,42.71,37.578715304073924,10.421284695926076
2024-01-01,S001,P0014,232,230.89,224.80169668849277,7.198303311507232
2023-09-18,S001,P0015,247,254.75,247.65100695276033,0.6510069527603264
2023-09-19,S001,P0015,131,135.96,129.4260841767066,1.5739158232933903
2023-09-20,S001,P0015,34,53.39,48.6567823183035,14.656782318303499
2023-09-21,S001,P0015,4,-4.3,2.980698790703836,1.019301209296164
2023-09-22,S001,P0015,226,216.0,212.01168683445553,13.988313165544469
2023-09-23,S001,P0015,136,137.13,131.77599697444407,4.22400302555593
2023-09-24,S001,P0015,32,23.94,19.466416384668683,12.533583615331317
2023-09-25,S001,P0015,240,245.84,239.49637873366584,0.5036212663341644
2023-09-26,S001,P0015,154,150.91,145.30461588029988,8.695384119700122
2023-09-27,S001,P0015,181,172.11,166.75236087389376,14.247639126106236
2023-09-28,S001,P0015,29,43.96,39.227496465671024,10.227496465671024
2023-09-29,S001,P0015,85,78.86,73.51825296242191,11.481747037578089
2023-09-30,S001,P0015,284,284.05,280.1240479660197,3.8759520339802975
2023-10-01,S001,P0015,79,72.87,68.49745088945862,10.50254911054138
2023-10-02,S001,P0015,281,290.67,285.8217739412813,4.821773941281322
2023-10-03,S001,P0015,255,271.48,266.2762554683587,11.276255468358727
2023-10-04,S001,P0015,257,268.44,263.3569240344189,6.35692403441891
2023-10-05,S001,P0015,206,221.28,215.02621655157154,9.026216551571537
2023-10-06,S001,P0015,337,328.21,321.8105569954784,15.189443004521593
2023-10-07,S001,P0015,127,144.48,138.36117540770374,11.36117540770374
2023-10-08,S001,P0015,95,87.76,82.10935652375748,12.890643476242516
2023-10-09,S001,P0015,114,124.75,119.69555904189878,5.695559041898775
2023-10-10,S001,P0015,138,153.95,148.48750720980402,10.487507209804022
2023-10-11,S001,P0015,51,63.06,57.17360769037276,6.173607690372762
2023-10-12,S001,P0015,207,221.85,216.0924553492053,9.092455349205295
2023-10-13,S001,P0015,231,242.42,236.03884616351075,5.038846163510755
2023-10-14,S001,P0015,109,103.04,97.78479695082683,11.21520304917317
2023-10-15,S001,P0015,40,56.49,52.472771385718396,12.472771385718396
2023-10-16,S001,P0015,96,87.22,82.29786206526558,13.702137934734424
2023-10-17,S001,P0015,6,-1.56,4.248295659692776,1.7517043403072243
2023-10-18,S001,P0015,157,151.04,145.13721967828775,11.86278032171225
2023-10-19,S001,P0015,130,130.67,125.14855096706987,4.851449032930134
2023-10-20,S001,P0015,142,132.53,126.56084929055334,15.439150709446665
2023-10-21,S001,P0015,103,116.75,112.26573659511284,9.265736595112841
2023-10-22,S001,P0015,323,339.23,334.40623187223036,11.406231872230364
2023-10-23,S001,P0015,356,369.84,364.8218231080808,8.821823108080821
2023-10-24,S001,P0015,40,52.66,47.56212570754482,7.562125707544823
2023-10-25,S001,P0015,304,312.4,305.7997994045106,1.7997994045106225
2023-10-26,S001,P0015,68,63.25,58.1437252727267,9.856274727273302
2023-10-27,S001,P0015,26,31.79,27.64024480647695,1.6402448064769501
2023-10-28,S001,P0015,46,53.28,48.49223389604916,2.4922338960491572
2023-10-29,S001,P0015,90,93.61,87.69484241100146,2.30515758899854
2023-10-30,S001,P0015,19,34.07,30.593721663396302,11.593721663396302
2023-10-31,S001,P0015,9,12.38,11.318119952049042,2.3181199520490416
2023-11-01,S001,P0015,74,70.5,65.52731330825593,8.472686691744073
2023-11-02,S001,P0015,39,34.24,29.194087138516267,9.805912861483733
2023-11-03,S001,P0015,232,229.02,223.18625568802508,8.813744311974915
2023-11-04,S001,P0015,25,18.55,14.05810941336346,10.94189058663654
2023-11-05,S001,P0015,312,309.84,304.63129666439704,7.368703335602959
2023-11-06,S001,P0015,85,86.3,81.24779473440044,3.7522052655995566
2023-11-07,S001,P0015,164,164.34,159.1835244977855,4.816475502214502
2023-11-08,S001,P0015,204,203.37,198.05459657837065,5.945403421629351
2023-11-09,S001,P0015,4,16.23,12.853744602312187,8.853744602312187
2023-11-10,S001,P0015,72,72.94,67.1215526532409,4.878447346759103
2023-11-11,S001,P0015,230,230.54,224.15210164992965,5.847898350070352
2023-11-12,S001,P0015,198,189.04,184.501951416613,13.498048583387003
2023-11-13,S001,P0015,33,46.52,41.772141438375414,8.772141438375414
2023-11-14,S001,P0015,0,10.23,10.0094246974156,10.0094246974156
2023-11-15,S001,P0015,76,76.28,71.27405061776372,4.72594938223628
2023-11-16,S001,P0015,79,85.33,80.67576673847087,1.6757667384708697
2023-11-17,S001,P0015,78,92.83,87.14043153316094,9.140431533160935
2023-11-18,S001,P0015,92,98.06,92.11674246938304,0.11674246938304123
2023-11-19,S001,P0015,76,84.05,78.28340955336957,2.283409553369566
2023-11-20,S001,P0015,71,88.17,82.94902960703428,11.949029607034277
2023-11-21,S001,P0015,293,312.41,305.7249489436693,12.72494894366929
2023-11-22,S001,P0015,30,40.86,35.650768069903904,5.650768069903904
2023-11-23,S001,P0015,37,40.79,35.75805342442311,1.2419465755768897
2023-11-24,S001,P0015,271,283.58,280.1479781775753,9.147978177575283
2023-11-25,S001,P0015,32,41.35,35.44885992921115,3.448859929211153
2023-11-26,S001,P0015,36,37.07,32.73945933574108,3.2605406642589188
2023-11-27,S001,P0015,166,176.21,172.3052923826713,6.305292382671297
2023-11-28,S001,P0015,104,108.24,102.83868015789682,1.1613198421031825
2023-11-29,S001,P0015,107,111.23,106.06268907367497,0.9373109263250257
2023-11-30,S001,P0015,212,204.76,198.68020872259535,13.319791277404647
2023-12-01,S001,P0015,361,371.54,365.76790722836733,4.767907228367335
2023-12-02,S001,P0015,223,225.75,221.00557732768237,1.9944226723176257
2023-12-03,S001,P0015,361,378.75,373.9501662846494,12.950166284649413
2023-12-04,S001,P0015,30,33.52,29.461389059044343,0.5386109409556568
2023-12-05,S001,P0015,115,131.11,125.20346761879716,10.203467618797163
2023-12-06,S001,P0015,134,125.64,119.48544491637702,14.51455508362298
2023-12-07,S001,P0015,111,106.88,102.04368320257234,8.956316797427661
2023-12-08,S001,P0015,1,7.4,8.703499349178019,7.703499349178019
2023-12-09,S001,P0015,96,107.97,102.2238552667727,6.223855266772702
2023-12-10,S001,P0015,52,51.28,44.974112103439126,7.025887896560874
2023-12-11,S001,P0015,123,141.63,136.51107894383568,13.511078943835685
2023-12-12,S001,P0015,60,68.17,63.83454673356455,3.834546733564551
2023-12-13,S001,P0015,301,291.03,285.8254831224369,15.174516877563121
2023-12-14,S001,P0015,88,82.93,77.61715284001545,10.38284715998455
2023-12-15,S001,P0015,15,31.99,26.975015997199293,11.975015997199293
2023-12-16,S001,P0015,246,240.43,235.22531912645323,10.774680873546771
2023-12-17,S001,P0015,194,190.22,184.73751661840325,9.262483381596752
2023-12-18,S001,P0015,194,194.8,188.97223210365686,5.027767896343136
2023-12-19,S001,P0015,48,51.31,45.46173798990993,2.5382620100900724
2023-12-20,S001,P0015,402,417.48,411.69114793744336,9.691147937443361
2023-12-21,S001,P0015,53,54.5,50.06406585302736,2.9359341469726417
2023-12-22,S001,P0015,47,44.06,39.23170092329826,7.768299076701737
2023-12-23,S001,P0015,19,35.67,30.334007209305142,11.334007209305142
2023-12-24,S001,P0015,60,74.75,69.50014889333758,9.500148893337581
2023-12-25,S001,P0015,210,226.49,221.42786702631042,11.427867026310423
2023-12-26,S001,P0015,73,91.87,86.90536509012819,13.905365090128186
2023-12-27,S001,P0015,4,-4.34,2.8821586824906005,1.1178413175093995
2023-12-28,S001,P0015,33,34.96,29.705642859682655,3.294357140317345
2023-12-29,S001,P0015,125,142.29,137.2177695584982,12.21776955849819
2023-12-30,S001,P0015,60,59.3,55.118672944589804,4.881327055410196
2023-12-31,S001,P0015,164,181.44,175.4735848611343,11.473584861134299
2024-01-01,S001,P0015,257,255.33,251.12109238420254,5.878907615797459
2023-09-18,S001,P0016,138,145.86,140.43486724003205,2.434867240032048
2023-09-19,S001,P0016,151,166.24,162.77747491654023,11.777474916540228
2023-09-20,S001,P0016,76,83.38,77.87137559204493,1.8713755920449273
2023-09-21,S001,P0016,215,206.63,200.845929332837,14.154070667163012
2023-09-22,S001,P0016,73,81.99,76.28028663356712,3.2802866335671155
2023-09-23,S001,P0016,230,227.58,223.2110101466751,6.7889898533248925
2023-09-24,S001,P0016,20,31.86,27.591652286410337,7.591652286410337
2023-09-25,S001,P0016,168,187.85,182.17304684101506,14.173046841015065
2023-09-26,S001,P0016,88,85.53,81.20807975726845,6.79192024273155
2023-09-27,S001,P0016,203,199.02,193.28986774811727,9.710132251882726
2023-09-28,S001,P0016,7,26.73,22.013863544648544,15.013863544648544
2023-09-29,S001,P0016,82,96.91,91.65225481229413,9.652254812294132
2023-09-30,S001,P0016,83,93.2,87.64930969252396,4.649309692523957
2023-10-01,S001,P0016,239,236.71,232.95276907688987,6.047230923110135
2023-10-02,S001,P0016,195,189.94,184.46600905363658,10.533990946363417
2023-10-03,S001,P0016,99,104.47,98.95935465926809,0.04064534073191339
2023-10-04,S001,P0016,7,1.58,5.7668042004086235,1.2331957995913765
2023-10-05,S001,P0016,29,32.13,27.737469344258685,1.2625306557413154
2023-10-06,S001,P0016,50,46.99,41.69437254059285,8.305627459407148
2023-10-07,S001,P0016,64,63.75,57.76784881972907,6.232151180270932
2023-10-08,S001,P0016,138,154.85,149.54298247638297,11.542982476382974
2023-10-09,S001,P0016,135,136.48,130.37972717092072,4.620272829079283
2023-10-10,S001,P0016,145,145.72,139.3911133316205,5.608886668379512
2023-10-11,S001,P0016,186,200.07,193.3823087971727,7.382308797172698
2023-10-12,S001,P0016,349,362.4,357.3884981211673,8.388498121167288
2023-10-13,S001,P0016,42,44.47,39.677702696220685,2.3222973037793153
2023-10-14,S001,P0016,4,15.94,12.460292406740942,8.460292406740942
2023-10-15,S001,P0016,80,96.2,90.49170212518635,10.49170212518635
2023-10-16,S001,P0016,113,118.55,113.3954902492592,0.39549024925919696
2023-10-17,S001,P0016,231,224.01,219.28652232872253,11.713477671277474
2023-10-18,S001,P0016,42,50.24,44.60715136699207,2.6071513669920705
2023-10-19,S001,P0016,396,401.61,397.34383780064485,1.3438378006448488
2023-10-20,S001,P0016,70,61.01,56.465353550190244,13.534646449809756
2023-10-21,S001,P0016,221,227.28,222.89109260893514,1.8910926089351392
2023-10-22,S001,P0016,132,148.99,143.72905201383844,11.72905201383844
2023-10-23,S001,P0016,465,482.66,472.8508094432426,7.8508094432426105
2023-10-24,S001,P0016,246,244.58,237.9847297900157,8.015270209984294
2023-10-25,S001,P0016,8,27.36,22.06842969800868,14.068429698008678
2023-10-26,S001,P0016,314,328.27,322.5435216774879,8.543521677487888
2023-10-27,S001,P0016,202,213.37,208.8280461232332,6.828046123233207
2023-10-28,S001,P0016,142,141.21,137.76756217978647,4.2324378202135335
2023-10-29,S001,P0016,100,118.48,112.66706546976964,12.66706546976964
2023-10-30,S001,P0016,180,186.79,181.23059698353023,1.2305969835302335
2023-10-31,S001,P0016,153,143.73,137.88843759089008,15.111562409109922
2023-11-01,S001,P0016,409,415.37,412.2162196934449,3.2162196934448843
2023-11-02,S001,P0016,259,266.18,261.0140116755335,2.0140116755334816
2023-11-03,S001,P0016,209,227.17,221.7541104820334,12.754110482033411
2023-11-04,S001,P0016,96,101.07,95.08862025274296,0.911379747257044
2023-11-05,S001,P0016,207,208.43,202.8840656966409,4.115934303359097
2023-11-06,S001,P0016,185,194.18,187.79284007781865,2.792840077818653
2023-11-07,S001,P0016,69,60.61,55.86086961795375,13.139130382046247
2023-11-08,S001,P0016,105,124.08,118.28398009478462,13.283980094784624
2023-11-09,S001,P0016,24,40.5,35.3930158904626,11.3930158904626
2023-11-10,S001,P0016,139,143.8,137.36121080101776,1.6387891989822378
2023-11-11,S001,P0016,90,104.53,98.92056669626567,8.920566696265666
2023-11-12,S001,P0016,1,19.5,15.413983007777775,14.413983007777775
2023-11-13,S001,P0016,369,387.22,381.95925958073735,12.959259580737353
2023-11-14,S001,P0016,19,11.93,10.812660950999625,8.187339049000375
2023-11-15,S001,P0016,42,42.9,38.39447053736728,3.605529462632717
2023-11-16,S001,P0016,269,275.51,268.7600261897088,0.2399738102911897
2023-11-17,S001,P0016,46,46.43,41.176939469895075,4.823060530104925
2023-11-18,S001,P0016,79,89.2,83.38666933475977,4.386669334759773
2023-11-19,S001,P0016,47,64.73,59.72948794169946,12.72948794169946
2023-11-20,S001,P0016,114,119.44,114.45457745050308,0.4545774505030806
2023-11-21,S001,P0016,199,213.28,209.07887928331564,10.078879283315644
2023-11-22,S001,P0016,184,191.65,185.59915399164367,1.599153991643675
2023-11-23,S001,P0016,94,107.7,102.16487909595955,8.164879095959549
2023-11-24,S001,P0016,434,436.96,431.3291274263912,2.67087257360879
2023-11-25,S001,P0016,26,33.08,28.72530493662093,2.7253049366209297
2023-11-26,S001,P0016,35,53.68,49.421713879865315,14.421713879865315
2023-11-27,S001,P0016,38,49.98,44.94211696858997,6.942116968589971
2023-11-28,S001,P0016,127,137.85,132.47438204521524,5.474382045215236
2023-11-29,S001,P0016,52,51.74,46.23617522476666,5.7638247752333385
2023-11-30,S001,P0016,43,39.49,35.087720848675666,7.912279151324334
2023-12-01,S001,P0016,44,63.67,56.88972640038932,12.889726400389321
2023-12-02,S001,P0016,127,121.35,116.99690632506471,10.003093674935286
2023-12-03,S001,P0016,52,47.27,41.81010697855978,10.18989302144022
2023-12-04,S001,P0016,160,151.26,146.09272977448884,13.907270225511155
2023-12-05,S001,P0016,109,120.98,115.63563294117365,6.635632941173654
2023-12-06,S001,P0016,203,206.39,200.86651510855626,2.133484891443743
2023-12-07,S001,P0016,112,103.71,97.98224305622841,14.017756943771587
2023-12-08,S001,P0016,49,56.0,50.4072246748133,1.4072246748132997
2023-12-09,S001,P0016,61,80.48,74.83446908794278,13.834469087942779
2023-12-10,S001,P0016,239,256.56,252.05769278723926,13.057692787239262
2023-12-11,S001,P0016,58,55.13,50.21108166275471,7.788918337245292
2023-12-12,S001,P0016,114,111.22,105.63210866664036,8.367891333359637
2023-12-13,S001,P0016,450,456.6,450.5370139187253,0.5370139187252789
2023-12-14,S001,P0016,54,45.52,40.507352014293524,13.492647985706476
2023-12-15,S001,P0016,183,175.14,168.73525765380543,14.264742346194566
2023-12-16,S001,P0016,221,239.46,233.73834350723524,12.738343507235243
2023-12-17,S001,P0016,46,51.82,45.99972728560287,0.0002727143971270607
2023-12-18,S001,P0016,284,278.31,272.73519602975887,11.264803970241132
2023-12-19,S001,P0016,105,99.55,93.40825518168958,11.591744818310417
2023-12-20,S001,P0016,281,291.13,285.47718734214067,4.477187342140667
2023-12-21,S001,P0016,22,29.79,25.07817886847662,3.07817886847662
2023-12-22,S001,P0016,431,430.77,422.97176487988406,8.028235120115937
2023-12-23,S001,P0016,21,33.48,30.062972160070398,9.062972160070398
2023-12-24,S001,P0016,233,238.05,232.38192400775665,0.6180759922433481
2023-12-25,S001,P0016,352,368.2,365.2362300536081,13.236230053608097
2023-12-26,S001,P0016,91,88.23,82.9861660196132,8.013833980386806
2023-12-27,S001,P0016,117,115.5,110.72882890967432,6.27117109032568
2023-12-28,S001,P0016,265,276.05,268.9536433888871,3.9536433888870874
2023-12-29,S001,P0016,73,63.79,58.34260902724451,14.657390972755493
2023-12-30,S001,P0016,64,78.63,73.07580325531609,9.075803255316089
2023-12-31,S001,P0016,61,55.01,49.372607216512236,11.627392783487764
2024-01-01,S001,P0016,13,27.53,22.44150529623805,9.441505296238049
2023-09-18,S001,P0017,331,335.1,330.98167136891453,0.018328631085466895
2023-09-19,S001,P0017,130,132.55,126.67267949329509,3.3273205067049076
2023-09-20,S001,P0017,75,73.62,68.70511512483601,6.294884875163987
2023-09-21,S001,P0017,206,207.34,202.05234738873787,3.9476526112621286
2023-09-22,S001,P0017,20,23.62,18.4605762704169,1.539423729583099
2023-09-23,S001,P0017,196,195.26,188.65289055963638,7.347109440363624
2023-09-24,S001,P0017,82,81.28,76.02591577042386,5.974084229576135
2023-09-25,S001,P0017,358,375.98,371.1508441469963,13.150844146996292
2023-09-26,S001,P0017,105,118.75,112.79935216089424,7.799352160894244
2023-09-27,S001,P0017,21,16.76,13.144699476919703,7.855300523080297
2023-09-28,S001,P0017,84,86.64,81.70739943868237,2.2926005613176272
2023-09-29,S001,P0017,54,59.76,54.59483681470785,0.5948368147078469
2023-09-30,S001,P0017,49,59.84,54.62319052137366,5.623190521373658
2023-10-01,S001,P0017,258,259.54,253.70629649108807,4.293703508911932
2023-10-02,S001,P0017,130,134.45,130.48124984029235,0.4812498402923495
2023-10-03,S001,P0017,158,176.97,171.18818875529024,13.188188755290241
2023-10-04,S001,P0017,218,234.15,229.6172753993087,11.61727539930871
2023-10-05,S001,P0017,86,98.05,91.62845736148176,5.628457361481765
2023-10-06,S001,P0017,122,140.14,135.16999244651026,13.169992446510264
2023-10-07,S001,P0017,160,174.63,169.27858567809523,9.278585678095226
2023-10-08,S001,P0017,177,194.3,188.3025960334721,11.3025960334721
2023-10-09,S001,P0017,90,89.87,84.2887060733467,5.711293926653298
2023-10-10,S001,P0017,102,97.53,91.91295397037108,10.087046029628922
2023-10-11,S001,P0017,371,378.0,371.6674464493843,0.667446449384272
2023-10-12,S001,P0017,148,146.33,140.56034913862777,7.439650861372229
2023-10-13,S001,P0017,152,161.42,155.88652258085568,3.886522580855683
2023-10-14,S001,P0017,46,62.49,57.68273937694283,11.682739376942827
2023-10-15,S001,P0017,339,330.93,325.37172368892993,13.628276311070067
2023-10-16,S001,P0017,12,16.23,12.682584861566612,0.6825848615666121
2023-10-17,S001,P0017,286,283.82,279.14737424679834,6.852625753201664
2023-10-18,S001,P0017,190,185.64,181.16586095043667,8.834139049563333
2023-10-19,S001,P0017,243,245.39,239.2189417634521,3.781058236547892
2023-10-20,S001,P0017,13,10.62,10.294976744214992,2.705023255785008
2023-10-21,S001,P0017,327,335.27,331.20923631421454,4.209236314214536
2023-10-22,S001,P0017,177,174.2,166.88330036863005,10.116699631369954
2023-10-23,S001,P0017,331,324.42,317.3863217536708,13.613678246329187
2023-10-24,S001,P0017,49,39.2,34.555532911277886,14.444467088722114
2023-10-25,S001,P0017,86,94.61,89.29748496485223,3.297484964852231
2023-10-26,S001,P0017,15,25.88,21.742804004294783,6.742804004294783
2023-10-27,S001,P0017,142,138.08,132.57922860961912,9.420771390380878
2023-10-28,S001,P0017,388,385.01,381.8183777614373,6.181622238562682
2023-10-29,S001,P0017,173,177.02,170.93978334268039,2.0602166573196143
2023-10-30,S001,P0017,0,15.24,12.570358408397931,12.570358408397931
2023-10-31,S001,P0017,171,176.32,171.4207903072415,0.42079030724150357
2023-11-01,S001,P0017,77,94.37,89.76756841384022,12.767568413840223
2023-11-02,S001,P0017,316,320.66,314.9326215555484,1.067378444451606
2023-11-03,S001,P0017,79,95.51,90.21125579848767,11.21125579848767
2023-11-04,S001,P0017,274,275.95,268.66831476442997,5.331685235570035
2023-11-05,S001,P0017,256,252.19,245.76726489622644,10.232735103773564
2023-11-06,S001,P0017,101,101.33,96.27778626958481,4.722213730415191
2023-11-07,S001,P0017,404,414.6,406.2721137245065,2.2721137245064824
2023-11-08,S001,P0017,50,50.81,44.99206106950757,5.007938930492429
2023-11-09,S001,P0017,71,72.11,65.89379974828884,5.106200251711158
2023-11-10,S001,P0017,43,39.08,34.59552916268771,8.404470837312289
2023-11-11,S001,P0017,385,393.58,387.310718583774,2.310718583774019
2023-11-12,S001,P0017,97,107.84,102.35913157550453,5.359131575504534
2023-11-13,S001,P0017,13,3.66,7.048287900978208,5.951712099021792
2023-11-14,S001,P0017,95,105.09,99.08227081590056,4.082270815900557
2023-11-15,S001,P0017,192,189.87,184.45936284583297,7.54063715416703
2023-11-16,S001,P0017,132,138.13,132.97922148347033,0.9792214834703259
2023-11-17,S001,P0017,216,235.86,231.49874658594575,15.498746585945753
2023-11-18,S001,P0017,69,60.11,55.24467304355693,13.75532695644307
2023-11-19,S001,P0017,12,7.48,8.644964515255584,3.355035484744416
2023-11-20,S001,P0017,387,380.74,374.76357953491413,12.236420465085871
2023-11-21,S001,P0017,85,104.64,99.54884576059155,14.548845760591547
2023-11-22,S001,P0017,75,81.14,75.23785815839385,0.23785815839384838
2023-11-23,S001,P0017,143,134.48,130.09831092248666,12.901689077513339
2023-11-24,S001,P0017,49,45.97,40.77854639152478,8.221453608475223
2023-11-25,S001,P0017,182,179.29,172.75044475408995,9.249555245910045
2023-11-26,S001,P0017,285,278.58,272.7307411261904,12.269258873809576
2023-11-27,S001,P0017,137,138.8,133.36173357087756,3.6382664291224387
2023-11-28,S001,P0017,239,239.56,233.1897238406583,5.810276159341697
2023-11-29,S001,P0017,54,68.27,64.05654734232323,10.056547342323228
2023-11-30,S001,P0017,5,21.52,16.148009445874855,11.148009445874855
2023-12-01,S001,P0017,337,355.7,348.74063629741715,11.740636297417154
2023-12-02,S001,P0017,245,263.84,256.6614106021025,11.661410602102478
2023-12-03,S001,P0017,284,276.28,269.8032784337715,14.196721566228518
2023-12-04,S001,P0017,145,139.91,134.87399459429082,10.12600540570918
2023-12-05,S001,P0017,0,10.16,9.921942307844613,9.921942307844613
2023-12-06,S001,P0017,110,124.3,117.73653506277444,7.736535062774436
2023-12-07,S001,P0017,75,81.59,75.78365308894895,0.7836530889489524
2023-12-08,S001,P0017,60,73.94,68.69698747158495,8.696987471584947
2023-12-09,S001,P0017,138,146.03,140.91177412974858,2.9117741297485793
2023-12-10,S001,P0017,159,170.78,164.82427078917237,5.824270789172374
2023-12-11,S001,P0017,147,148.77,142.83286435442966,4.16713564557034
2023-12-12,S001,P0017,82,73.29,68.03869024286959,13.961309757130408
2023-12-13,S001,P0017,13,12.51,10.880754253130242,2.1192457468697583
2023-12-14,S001,P0017,98,113.5,107.73528351635485,9.735283516354855
2023-12-15,S001,P0017,41,60.08,54.81595943962783,13.815959439627832
2023-12-16,S001,P0017,105,115.25,110.08491601844722,5.084916018447217
2023-12-17,S001,P0017,285,294.41,289.71840301981047,4.7184030198104665
2023-12-18,S001,P0017,156,146.93,141.84029489298123,14.159705107018766
2023-12-19,S001,P0017,34,46.03,40.666272183900276,6.666272183900276
2023-12-20,S001,P0017,124,140.98,136.63481937082128,12.634819370821276
2023-12-21,S001,P0017,276,295.37,289.8308114121785,13.830811412178491
2023-12-22,S001,P0017,108,107.62,101.957947008418,6.042052991581997
2023-12-23,S001,P0017,24,20.46,15.826364743767268,8.173635256232732
2023-12-24,S001,P0017,33,29.8,24.486855108241855,8.513144891758145
2023-12-25,S001,P0017,347,366.64,360.29104784373,13.291047843729984
2023-12-26,S001,P0017,95,105.52,99.68408406542852,4.684084065428522
2023-12-27,S001,P0017,243,246.3,240.0788012775638,2.921198722436202
2023-12-28,S001,P0017,170,176.19,169.84337122012735,0.15662877987264778
2023-12-29,S001,P0017,7,-0.73,4.7014900601038825,2.2985099398961175
2023-12-30,S001,P0017,43,41.0,36.34944183902014,6.6505581609798625
2023-12-31,S001,P0017,156,162.5,157.19653798649946,1.1965379864994645
2024-01-01,S001,P0017,186,201.4,195.3673385954768,9.36733859547681
2023-09-18,S001,P0018,219,237.21,232.11760017951286,13.117600179512863
2023-09-19,S001,P0018,90,87.5,82.01272885911585,7.987271140884147
2023-09-20,S001,P0018,264,277.76,272.3969937794215,8.396993779421507
2023-09-21,S001,P0018,241,245.27,238.93525105218788,2.06474894781212
2023-09-22,S001,P0018,370,386.28,381.31195083771894,11.311950837718939
2023-09-23,S001,P0018,27,26.69,22.209189022642818,4.790810977357182
2023-09-24,S001,P0018,199,200.45,193.88584549613705,5.114154503862949
2023-09-25,S001,P0018,158,173.35,166.55375681728455,8.553756817284551
2023-09-26,S001,P0018,408,401.45,397.41596583532305,10.58403416467695
2023-09-27,S001,P0018,118,134.77,130.12322594558944,12.12322594558944
2023-09-28,S001,P0018,187,197.97,192.72800019870033,5.728000198700329
2023-09-29,S001,P0018,36,43.83,39.362693107033536,3.362693107033536
2023-09-30,S001,P0018,76,84.6,80.02753429453955,4.027534294539549
2023-10-01,S001,P0018,190,181.13,176.18277655018383,13.817223449816169
2023-10-02,S001,P0018,298,301.26,294.1099671793019,3.8900328206980817
2023-10-03,S001,P0018,105,99.62,94.27596255161589,10.72403744838411
2023-10-04,S001,P0018,148,138.35,132.78573847998507,15.21426152001493
2023-10-05,S001,P0018,89,98.62,92.57090675920891,3.57090675920891
2023-10-06,S001,P0018,120,136.44,130.36335507467615,10.36335507467615
2023-10-07,S001,P0018,185,203.67,197.8914781993733,12.891478199373296
2023-10-08,S001,P0018,318,335.34,330.9569961998866,12.95699619988659
2023-10-09,S001,P0018,18,21.46,16.066771955176684,1.9332280448233163
2023-10-10,S001,P0018,205,216.17,211.85635149279403,6.856351492794033
2023-10-11,S001,P0018,46,59.86,55.000708096135725,9.000708096135725
2023-10-12,S001,P0018,93,109.51,104.95434785998273,11.954347859982732
2023-10-13,S001,P0018,299,318.6,314.5572300427242,15.5572300427242
2023-10-14,S001,P0018,446,447.23,445.4651255498189,0.5348744501811211
2023-10-15,S001,P0018,265,261.36,256.4225414434198,8.577458556580211
2023-10-16,S001,P0018,227,241.15,235.53874448968878,8.538744489688781
2023-10-17,S001,P0018,33,23.3,18.17629255799494,14.823707442005059
2023-10-18,S001,P0018,45,59.19,54.95896432754142,9.958964327541423
2023-10-19,S001,P0018,2,13.85,11.638522827116365,9.638522827116365
2023-10-20,S001,P0018,383,393.37,386.85635824194384,3.8563582419438376
2023-10-21,S001,P0018,201,220.93,215.12948081542098,14.129480815420976
2023-10-22,S001,P0018,114,133.72,128.7013420452409,14.701342045240892
2023-10-23,S001,P0018,189,199.18,192.71753249543713,3.7175324954371263
2023-10-24,S001,P0018,129,133.12,126.86419134489395,2.1358086551060467
2023-10-25,S001,P0018,291,308.93,303.5591118800708,12.559111880070816
2023-10-26,S001,P0018,279,272.85,266.5766606083597,12.423339391640297
2023-10-27,S001,P0018,203,216.63,211.82532001512027,8.825320015120269
2023-10-28,S001,P0018,21,11.44,10.86459723805153,10.13540276194847
2023-10-29,S001,P0018,9,15.22,12.085473293814113,3.085473293814113
2023-10-30,S001,P0018,136,143.24,136.63035221954945,0.6303522195494509
2023-10-31,S001,P0018,162,154.02,148.56191617668492,13.438083823315083
2023-11-01,S001,P0018,193,209.08,203.18271429781194,10.182714297811941
2023-11-02,S001,P0018,135,142.9,136.59864116855897,1.59864116855897
2023-11-03,S001,P0018,92,87.8,81.96578224936533,10.034217750634667
2023-11-04,S001,P0018,165,156.74,151.87464550845425,13.12535449154575
2023-11-05,S001,P0018,65,63.24,57.62447986648513,7.375520133514868
2023-11-06,S001,P0018,92,88.27,82.0823260342089,9.917673965791096
2023-11-07,S001,P0018,241,250.4,244.6150915218555,3.615091521855504
2023-11-08,S001,P0018,128,118.3,113.09244331390973,14.907556686090274
2023-11-09,S001,P0018,479,476.57,468.7158432476481,10.284156752351919
2023-11-10,S001,P0018,63,77.62,72.17434163323279,9.174341633232785
2023-11-11,S001,P0018,64,79.89,74.75155151625312,10.751551516253116
2023-11-12,S001,P0018,264,282.65,276.83692891010105,12.83692891010105
2023-11-13,S001,P0018,2,21.48,16.191697881544254,14.191697881544254
2023-11-14,S001,P0018,112,125.68,119.3745041269618,7.374504126961796
2023-11-15,S001,P0018,102,106.66,101.51060094713353,0.48939905286647445
2023-11-16,S001,P0018,5,-2.55,4.324336814396195,0.6756631856038053
2023-11-17,S001,P0018,227,240.97,235.63665151694843,8.636651516948433
2023-11-18,S001,P0018,5,-2.57,4.379637069099414,0.620362930900586
2023-11-19,S001,P0018,319,318.65,315.1844206567164,3.8155793432836163
2023-11-20,S001,P0018,115,133.94,129.0126005577277,14.012600557727694
2023-11-21,S001,P0018,347,355.72,348.00045910299286,1.0004591029928633
2023-11-22,S001,P0018,144,144.67,139.3101612306147,4.68983876938529
2023-11-23,S001,P0018,256,274.72,268.73637575336096,12.73637575336096
2023-11-24,S001,P0018,44,57.14,51.934304383307925,7.934304383307925
2023-11-25,S001,P0018,121,132.31,126.47222571593599,5.472225715935991
2023-11-26,S001,P0018,47,38.73,34.180268583655675,12.819731416344325
2023-11-27,S001,P0018,80,84.59,79.30355050970154,0.6964494902984626
2023-11-28,S001,P0018,225,244.74,238.87862988106718,13.878629881067184
2023-11-29,S001,P0018,14,4.57,7.135888095173311,6.864111904826689
2023-11-30,S001,P0018,116,112.58,107.34464032383113,8.655359676168871
2023-12-01,S001,P0018,126,132.06,126.29377834388092,0.2937783438809163
2023-12-02,S001,P0018,33,43.43,38.999661141584276,5.999661141584276
2023-12-03,S001,P0018,71,87.9,82.28774562482852,11.287745624828517
2023-12-04,S001,P0018,442,443.97,434.2068497030882,7.79315029691179
2023-12-05,S001,P0018,185,201.93,196.29140748625446,11.291407486254457
2023-12-06,S001,P0018,304,306.11,300.1130547419911,3.8869452580088932
2023-12-07,S001,P0018,126,136.78,131.7323609711056,5.7323609711056065
2023-12-08,S001,P0018,48,63.14,57.680786764034494,9.680786764034494
2023-12-09,S001,P0018,44,62.13,57.28379830724398,13.283798307243977
2023-12-10,S001,P0018,56,57.77,52.73545764330026,3.2645423566997422
2023-12-11,S001,P0018,167,173.85,167.15779011680678,0.15779011680677968
2023-12-12,S001,P0018,33,23.36,17.38676307246593,15.613236927534071
2023-12-13,S001,P0018,62,53.83,49.59404571009718,12.405954289902823
2023-12-14,S001,P0018,130,144.56,139.46430358890476,9.464303588904755
2023-12-15,S001,P0018,105,97.16,91.106107252693,13.893892747307007
2023-12-16,S001,P0018,103,100.41,94.61660954060235,8.383390459397646
2023-12-17,S001,P0018,4,18.08,13.877986186542499,9.877986186542499
2023-12-18,S001,P0018,244,251.32,244.90551190331496,0.9055119033149595
2023-12-19,S001,P0018,50,43.56,39.080087008450754,10.919912991549246
2023-12-20,S001,P0018,63,53.64,48.57852331084574,14.421476689154261
2023-12-21,S001,P0018,49,65.84,61.16131510833378,12.161315108333781
2023-12-22,S001,P0018,18,12.62,11.866841779765405,6.133158220234595
2023-12-23,S001,P0018,72,69.57,63.87348682992147,8.126513170078532
2023-12-24,S001,P0018,146,156.64,151.75396944215385,5.753969442153846
2023-12-25,S001,P0018,29,43.25,38.456879796310886,9.456879796310886
2023-12-26,S001,P0018,59,70.0,65.15711586441603,6.157115864416028
2023-12-27,S001,P0018,85,90.7,86.34630886916918,1.346308869169178
2023-12-28,S001,P0018,179,174.64,169.2404873194281,9.759512680571902
2023-12-29,S001,P0018,150,150.22,145.2282709660524,4.771729033947594
2023-12-30,S001,P0018,32,29.51,24.418102176682382,7.581897823317618
2023-12-31,S001,P0018,0,2.19,7.04075862976024,7.04075862976024
2024-01-01,S001,P0018,29,25.01,19.604786984606193,9.395213015393807
2023-09-18,S001,P0019,60,58.44,53.57304611099762,6.426953889002377
2023-09-19,S001,P0019,60,72.77,67.02508192503186,7.025081925031856
2023-09-20,S001,P0019,246,251.27,245.92715274887956,0.07284725112043589
2023-09-21,S001,P0019,52,52.79,48.3871487787477,3.612851221252299
2023-09-22,S001,P0019,312,326.2,322.5647176326262,10.564717632626184
2023-09-23,S001,P0019,138,140.04,134.82510836029564,3.174891639704356
2023-09-24,S001,P0019,2,-6.92,2.2928790810923823,0.29287908109238225
2023-09-25,S001,P0019,98,99.55,93.59443756166226,4.405562438337739
2023-09-26,S001,P0019,307,311.02,304.36307453952793,2.636925460472071
2023-09-27,S001,P0019,4,-0.59,4.744704454243891,0.744704454243891
2023-09-28,S001,P0019,66,62.84,57.59476120909642,8.405238790903582
2023-09-29,S001,P0019,23,37.63,33.27475059649244,10.274750596492439
2023-09-30,S001,P0019,376,394.95,388.00121055022396,12.00121055022396
2023-10-01,S001,P0019,319,328.55,322.42081787852663,3.420817878526634
2023-10-02,S001,P0019,101,96.51,90.05828843157329,10.941711568426712
2023-10-03,S001,P0019,100,104.16,99.45461196197022,0.5453880380297846
2023-10-04,S001,P0019,257,275.9,268.65397932865136,11.65397932865136
2023-10-05,S001,P0019,3,-6.03,2.538670604358144,0.4613293956418558
2023-10-06,S001,P0019,10,10.63,10.244116604195295,0.24411660419529468
2023-10-07,S001,P0019,80,72.63,68.68089069954097,11.319109300459033
2023-10-08,S001,P0019,46,44.05,39.38144145467204,6.618558545327957
2023-10-09,S001,P0019,177,170.2,164.5293219283825,12.470678071617499
2023-10-10,S001,P0019,116,126.16,120.69555254563696,4.695552545636957
2023-10-11,S001,P0019,37,34.88,29.262295799385036,7.737704200614964
2023-10-12,S001,P0019,234,238.8,233.94731062371443,0.05268937628557069
2023-10-13,S001,P0019,66,84.34,80.03957293878804,14.03957293878804
2023-10-14,S001,P0019,7,22.82,17.31375242775806,10.313752427758061
2023-10-15,S001,P0019,54,54.36,49.69088965427069,4.309110345729309
2023-10-16,S001,P0019,7,6.72,7.838577410095416,0.8385774100954162
2023-10-17,S001,P0019,44,39.84,35.066311744020744,8.933688255979256
2023-10-18,S001,P0019,85,89.04,83.73801155839021,1.2619884416097875
2023-10-19,S001,P0019,221,223.69,217.71381778948825,3.286182210511754
2023-10-20,S001,P0019,196,213.8,209.28235853299435,13.282358532994351
2023-10-21,S001,P0019,253,250.12,245.91518403465219,7.084815965347815
2023-10-22,S001,P0019,136,142.09,136.26378732612534,0.26378732612533895
2023-10-23,S001,P0019,350,361.76,354.6511722217366,4.651172221736601
2023-10-24,S001,P0019,48,60.72,55.80550357082383,7.805503570823831
2023-10-25,S001,P0019,5,-1.64,4.565457406315403,0.434542593684597
2023-10-26,S001,P0019,19,38.51,34.00475495833609,15.004754958336093
2023-10-27,S001,P0019,37,39.83,35.57831536444127,1.4216846355587265
2023-10-28,S001,P0019,249,251.74,245.9121475593331,3.087852440666893
2023-10-29,S001,P0019,103,118.84,113.36114156925937,10.361141569259374
2023-10-30,S001,P0019,310,305.73,299.40217896020033,10.597821039799669
2023-10-31,S001,P0019,35,41.87,37.20926570378951,2.2092657037895123
2023-11-01,S001,P0019,87,85.97,81.12742294023701,5.872577059762989
2023-11-02,S001,P0019,5,-4.29,2.914824389422612,2.085175610577388
2023-11-03,S001,P0019,156,168.86,163.66084135467364,7.660841354673636
2023-11-04,S001,P0019,187,182.92,177.7924588125729,9.207541187427097
2023-11-05,S001,P0019,311,307.04,303.44071024053915,7.559289759460853
2023-11-06,S001,P0019,136,126.27,120.30303156043716,15.696968439562838
2023-11-07,S001,P0019,83,89.7,84.60923537786338,1.609235377863385
2023-11-08,S001,P0019,245,255.32,250.11290289794073,5.112902897940728
2023-11-09,S001,P0019,251,255.57,250.19787907842243,0.8021209215775684
2023-11-10,S001,P0019,42,61.76,56.92081922258936,14.920819222589358
2023-11-11,S001,P0019,19,22.89,17.453563119192534,1.546436880807466
2023-11-12,S001,P0019,11,19.59,15.151308572171299,4.151308572171299
2023-11-13,S001,P0019,333,333.89,329.16336019124515,3.836639808754853
2023-11-14,S001,P0019,10,5.33,7.758862454519139,2.2411375454808606
2023-11-15,S001,P0019,145,154.1,148.7418909842579,3.741890984257907
2023-11-16,S001,P0019,25,33.22,28.350196593421217,3.3501965934212166
2023-11-17,S001,P0019,92,91.74,86.33738967832757,5.662610321672432
2023-11-18,S001,P0019,59,75.95,71.22824550089335,12.228245500893351
2023-11-19,S001,P0019,164,181.77,174.68544353429505,10.685443534295047
2023-11-20,S001,P0019,235,226.38,221.49372681922787,13.506273180772126
2023-11-21,S001,P0019,80,74.68,68.77279586709983,11.22720413290017
2023-11-22,S001,P0019,124,126.97,121.0908159537841,2.9091840462158984
2023-11-23,S001,P0019,281,279.73,273.19020978800245,7.8097902119975515
2023-11-24,S001,P0019,20,20.56,16.298386138577616,3.701613861422384
2023-11-25,S001,P0019,18,15.15,12.699473966072436,5.300526033927564
2023-11-26,S001,P0019,312,307.61,303.4218268437735,8.578173156226512
2023-11-27,S001,P0019,89,101.32,95.69436301293914,6.694363012939135
2023-11-28,S001,P0019,91,95.37,90.71996371947384,0.28003628052616136
2023-11-29,S001,P0019,187,203.47,197.95219333221223,10.952193332212232
2023-11-30,S001,P0019,82,98.58,93.08426565791984,11.084265657919843
2023-12-01,S001,P0019,35,37.43,32.618188238033945,2.3818117619660555
2023-12-02,S001,P0019,217,227.53,222.0996295234853,5.099629523485305
2023-12-03,S001,P0019,52,51.02,45.29227660505286,6.707723394947138
2023-12-04,S001,P0019,138,134.81,129.23289512325005,8.767104876749954
2023-12-05,S001,P0019,117,128.24,122.31587635385056,5.315876353850555
2023-12-06,S001,P0019,48,65.75,60.23239114075372,12.23239114075372
2023-12-07,S001,P0019,179,172.63,166.80923777184267,12.190762228157325
2023-12-08,S001,P0019,17,32.72,28.401434908389888,11.401434908389888
2023-12-09,S001,P0019,133,149.45,144.4365392441706,11.436539244170604
2023-12-10,S001,P0019,102,117.28,113.15742479089792,11.15742479089792
2023-12-11,S001,P0019,90,109.3,103.11205486815601,13.112054868156008
2023-12-12,S001,P0019,59,63.21,57.33114488297677,1.6688551170232273
2023-12-13,S001,P0019,8,-1.93,4.487797766658862,3.512202233341138
2023-12-14,S001,P0019,167,171.81,166.2376812116322,0.7623187883677929
2023-12-15,S001,P0019,288,296.3,291.09332585703953,3.093325857039531
2023-12-16,S001,P0019,87,94.24,89.41470492278847,2.4147049227884736
2023-12-17,S001,P0019,283,297.53,291.6393730842106,8.639373084210604
2023-12-18,S001,P0019,27,41.78,36.63561387023395,9.635613870233954
2023-12-19,S001,P0019,9,14.5,11.68126754497957,2.681267544979571
2023-12-20,S001,P0019,340,354.33,348.937248382908,8.937248382908024
2023-12-21,S001,P0019,14,31.19,26.93261272788465,12.93261272788465
2023-12-22,S001,P0019,59,66.01,60.65595832205373,1.6559583220537277
2023-12-23,S001,P0019,91,108.72,103.36047391012178,12.360473910121783
2023-12-24,S001,P0019,416,422.74,412.77065528763427,3.22934471236573
2023-12-25,S001,P0019,154,144.11,138.78364218313598,15.216357816864019
2023-12-26,S001,P0019,129,122.66,117.43346122459289,11.56653877540711
2023-12-27,S001,P0019,180,177.82,171.1072495681421,8.892750431857905
2023-12-28,S001,P0019,150,161.75,156.66739167276262,6.667391672762619
2023-12-29,S001,P0019,41,33.66,29.186721024317883,11.813278975682117
2023-12-30,S001,P0019,94,112.61,106.98435211164832,12.98435211164832
2023-12-31,S001,P0019,62,54.12,49.939309862906136,12.060690137093864
2024-01-01,S001,P0019,145,154.83,149.78816211014706,4.788162110147056
2023-09-18,S001,P0020,386,385.38,381.48051052744677,4.519489472553232
2023-09-19,S001,P0020,19,21.5,16.599378787016775,2.400621212983225
2023-09-20,S001,P0020,202,205.96,201.00294267858766,0.9970573214123419
2023-09-21,S001,P0020,242,232.47,226.44749040865935,15.552509591340652
2023-09-22,S001,P0020,325,324.61,318.3246440795431,6.675355920456923
2023-09-23,S001,P0020,9,12.27,11.770271261373733,2.7702712613737326
2023-09-24,S001,P0020,73,92.9,86.34038057246856,13.340380572468561
2023-09-25,S001,P0020,33,50.41,44.996743156048424,11.996743156048424
2023-09-26,S001,P0020,6,-3.6,4.002290682767051,1.9977093172329488
2023-09-27,S001,P0020,107,112.76,107.48708807306213,0.4870880730621252
2023-09-28,S001,P0020,152,146.78,141.87668696746422,10.123313032535776
2023-09-29,S001,P0020,173,173.59,166.93586267105633,6.064137328943673
2023-09-30,S001,P0020,262,277.47,271.30377087034805,9.303770870348046
2023-10-01,S001,P0020,24,38.49,33.79042953997339,9.790429539973388
2023-10-02,S001,P0020,171,170.01,163.5199758691099,7.4800241308900866
2023-10-03,S001,P0020,22,40.29,35.87388528514818,13.873885285148177
2023-10-04,S001,P0020,65,78.56,72.946146718009,7.946146718009004
2023-10-05,S001,P0020,198,188.37,183.67327140862346,14.326728591376536
2023-10-06,S001,P0020,19,17.92,14.169196658881248,4.830803341118752
2023-10-07,S001,P0020,104,95.12,89.82386779530626,14.176132204693744
2023-10-08,S001,P0020,405,407.48,404.7702168090628,0.2297831909372121
2023-10-09,S001,P0020,49,59.64,54.20979459990147,5.209794599901471
2023-10-10,S001,P0020,70,64.44,59.239129706634344,10.760870293365656
2023-10-11,S001,P0020,73,64.55,58.84408879203115,14.155911207968849
2023-10-12,S001,P0020,263,268.72,263.90840658840807,0.9084065884080701
2023-10-13,S001,P0020,38,53.27,48.32468963224265,10.324689632242652
2023-10-14,S001,P0020,65,82.65,77.48275796886992,12.482757968869919
2023-10-15,S001,P0020,41,60.38,55.76937347709275,14.76937347709275
2023-10-16,S001,P0020,105,120.32,114.72788206579992,9.727882065799918
2023-10-17,S001,P0020,167,183.55,178.25363095329973,11.253630953299734
2023-10-18,S001,P0020,89,101.0,94.49604492223054,5.4960449222305385
2023-10-19,S001,P0020,293,298.01,291.93295046325835,1.0670495367416493
2023-10-20,S001,P0020,257,276.87,269.96250105371286,12.962501053712856
2023-10-21,S001,P0020,5,9.46,9.3509113303096,4.3509113303096
2023-10-22,S001,P0020,15,20.7,15.348258156571026,0.3482581565710259
2023-10-23,S001,P0020,56,49.61,43.79091721035782,12.209082789642181
2023-10-24,S001,P0020,6,0.89,5.635020234984518,0.364979765015482
2023-10-25,S001,P0020,65,60.06,55.328810485368884,9.671189514631116
2023-10-26,S001,P0020,45,40.7,35.70927255996183,9.290727440038168
2023-10-27,S001,P0020,136,136.94,131.75122799784634,4.2487720021536575
2023-10-28,S001,P0020,96,113.42,108.29750757279673,12.297507572796732
2023-10-29,S001,P0020,96,93.86,87.94693171690899,8.053068283091008
2023-10-30,S001,P0020,52,61.05,56.012565870836525,4.012565870836525
2023-10-31,S001,P0020,1,5.65,7.791068772547094,6.791068772547094
2023-11-01,S001,P0020,257,261.6,255.88833348815507,1.1116665118449305
2023-11-02,S001,P0020,383,373.49,370.02973894918546,12.970261050814543
2023-11-03,S001,P0020,17,31.25,26.209897698027376,9.209897698027376
2023-11-04,S001,P0020,228,247.58,242.09947757805713,14.099477578057133
2023-11-05,S001,P0020,39,47.21,42.699403147007544,3.699403147007544
2023-11-06,S001,P0020,322,339.18,334.3882542716702,12.388254271670178
2023-11-07,S001,P0020,32,39.65,34.99270829167624,2.9927082916762373
2023-11-08,S001,P0020,150,140.85,135.77118022240606,14.228819777593941
2023-11-09,S001,P0020,34,52.96,48.41356927489685,14.413569274896851
2023-11-10,S001,P0020,98,114.23,108.75643129399279,10.75643129399279
2023-11-11,S001,P0020,269,274.43,268.2575537208797,0.7424462791203155
2023-11-12,S001,P0020,90,88.65,82.4061096652751,7.593890334724904
2023-11-13,S001,P0020,50,64.93,60.14479175726365,10.144791757263647
2023-11-14,S001,P0020,104,106.53,101.4598191686874,2.540180831312597
2023-11-15,S001,P0020,94,111.96,106.48681688689231,12.486816886892314
2023-11-16,S001,P0020,32,27.43,22.852134285244745,9.147865714755255
2023-11-17,S001,P0020,85,82.97,76.93769465344548,8.062305346554524
2023-11-18,S001,P0020,56,56.81,51.64492162857288,4.355078371427119
2023-11-19,S001,P0020,96,107.46,102.55739573988458,6.5573957398845835
2023-11-20,S001,P0020,7,14.71,12.02633136840305,5.026331368403049
2023-11-21,S001,P0020,189,180.6,174.15040469906376,14.849595300936244
2023-11-22,S001,P0020,94,94.22,89.12158310901444,4.878416890985562
2023-11-23,S001,P0020,83,100.0,94.51042962624032,11.510429626240324
2023-11-24,S001,P0020,114,123.69,117.83548932975637,3.8354893297563706
2023-11-25,S001,P0020,172,178.92,172.30237317669355,0.3023731766935498
2023-11-26,S001,P0020,127,142.99,136.55946926810324,9.559469268103243
2023-11-27,S001,P0020,22,23.7,18.771432713216065,3.2285672867839352
2023-11-28,S001,P0020,269,271.9,267.1893138803378,1.8106861196621935
2023-11-29,S001,P0020,9,22.78,18.226324756531064,9.226324756531064
2023-11-30,S001,P0020,91,103.87,98.03122284651727,7.031222846517267
2023-12-01,S001,P0020,75,94.52,89.65366785582508,14.653667855825077
2023-12-02,S001,P0020,191,185.63,181.3207379011652,9.679262098834812
2023-12-03,S001,P0020,147,166.13,161.1020201131778,14.102020113177787
2023-12-04,S001,P0020,131,145.73,139.71579364147675,8.71579364147675
2023-12-05,S001,P0020,50,44.71,39.594212757259115,10.405787242740885
2023-12-06,S001,P0020,291,293.66,290.1293346405379,0.870665359462123
2023-12-07,S001,P0020,12,11.09,11.01678309445705,0.9832169055429496
2023-12-08,S001,P0020,191,187.82,182.2758834723934,8.724116527606611
2023-12-09,S001,P0020,179,169.77,164.09877636832707,14.901223631672934
2023-12-10,S001,P0020,149,161.65,155.92879845779387,6.928798457793874
2023-12-11,S001,P0020,372,371.55,365.0325392389188,6.967460761081213
2023-12-12,S001,P0020,75,68.9,64.00457973985569,10.995420260144314
2023-12-13,S001,P0020,325,318.17,313.8610105301482,11.138989469851822
2023-12-14,S001,P0020,212,215.96,212.21026247873115,0.21026247873115267
2023-12-15,S001,P0020,35,46.26,40.904756165057364,5.904756165057364
2023-12-16,S001,P0020,179,174.63,169.4649354138989,9.5350645861011
2023-12-17,S001,P0020,124,136.78,131.75204667748557,7.752046677485566
2023-12-18,S001,P0020,37,28.46,24.076942409094826,12.923057590905174
2023-12-19,S001,P0020,82,81.77,76.11582329739704,5.884176702602957
2023-12-20,S001,P0020,21,25.92,21.956828934557116,0.9568289345571159
2023-12-21,S001,P0020,315,323.99,319.453128221232,4.453128221232021
2023-12-22,S001,P0020,138,140.05,135.4693114473676,2.530688552632398
2023-12-23,S001,P0020,135,145.47,139.606448041031,4.606448041031001
2023-12-24,S001,P0020,62,65.34,60.90452275646029,1.0954772435397118
2023-12-25,S001,P0020,182,172.95,166.76310044672482,15.23689955327518
2023-12-26,S001,P0020,262,270.31,264.3572773828168,2.3572773828167897
2023-12-27,S001,P0020,11,12.16,10.949367437674773,0.050632562325226615
2023-12-28,S001,P0020,215,227.11,222.3088296809869,7.308829680986889
2023-12-29,S001,P0020,62,57.76,53.342395581208336,8.657604418791664
2023-12-30,S001,P0020,53,59.93,54.71126457423662,1.7112645742366226
2023-12-31,S001,P0020,37,48.81,44.00184204168757,7.001842041687567
2024-01-01,S001,P0020,52,50.82,45.84290006696339,6.157099933036612
2023-09-18,S002,P0001,312,306.73,302.73266911647795,9.26733088352205
2023-09-19,S002,P0001,92,100.76,94.76019094426204,2.7601909442620354
2023-09-20,S002,P0001,183,194.39,188.245873690182,5.245873690182009
2023-09-21,S002,P0001,126,138.14,132.35580288112612,6.355802881126124
2023-09-22,S002,P0001,325,338.35,333.287727110604,8.28772711060401
2023-09-23,S002,P0001,49,46.32,41.104453476024204,7.895546523975796
2023-09-24,S002,P0001,57,57.02,51.74698172864825,5.253018271351749
2023-09-25,S002,P0001,301,291.07,286.4620252362254,14.537974763774628
2023-09-26,S002,P0001,36,48.91,44.4398852297646,8.439885229764599
2023-09-27,S002,P0001,72,73.79,68.21159969915308,3.7884003008469165
2023-09-28,S002,P0001,129,145.27,139.49851710746162,10.498517107461623
2023-09-29,S002,P0001,42,32.45,28.400357146006453,13.599642853993547
2023-09-30,S002,P0001,109,128.84,123.33137832155327,14.331378321553274
2023-10-01,S002,P0001,212,212.87,207.65300343297116,4.346996567028839
2023-10-02,S002,P0001,92,83.38,77.7867824816776,14.213217518322395
2023-10-03,S002,P0001,315,311.66,306.37762727140034,8.622372728599657
2023-10-04,S002,P0001,337,355.26,349.01888291453895,12.018882914538949
2023-10-05,S002,P0001,144,157.3,151.99151304933199,7.991513049331985
2023-10-06,S002,P0001,68,60.09,55.28735722529083,12.712642774709167
2023-10-07,S002,P0001,205,224.43,219.95515380001115,14.955153800011146
2023-10-08,S002,P0001,55,51.52,45.80697093673181,9.193029063268192
2023-10-09,S002,P0001,224,233.54,228.75125342397016,4.751253423970155
2023-10-10,S002,P0001,191,192.21,187.13375461968835,3.8662453803116534
2023-10-11,S002,P0001,38,48.75,43.22149596476639,5.22149596476639
2023-10-12,S002,P0001,227,233.94,229.84551909115874,2.845519091158735
2023-10-13,S002,P0001,16,19.07,15.147079068007912,0.8529209319920881
2023-10-14,S002,P0001,90,102.92,97.3268421082872,7.326842108287195
2023-10-15,S002,P0001,338,334.27,329.5480391874581,8.451960812541927
2023-10-16,S002,P0001,13,21.12,16.14060971020524,3.14060971020524
2023-10-17,S002,P0001,357,373.92,369.6480310244133,12.648031024413285
2023-10-18,S002,P0001,140,150.49,145.48170044999773,5.4817004499977315
2023-10-19,S002,P0001,16,14.07,12.181294550046669,3.818705449953331
2023-10-20,S002,P0001,101,98.16,92.6602036800137,8.339796319986306
2023-10-21,S002,P0001,13,17.83,13.471485152988121,0.4714851529881212
2023-10-22,S002,P0001,137,141.83,137.38153636373983,0.38153636373982636
2023-10-23,S002,P0001,6,25.34,20.689967761640908,14.689967761640908
2023-10-24,S002,P0001,54,61.03,56.377481102340724,2.377481102340724
2023-10-25,S002,P0001,210,220.31,214.27760163436216,4.277601634362156
2023-10-26,S002,P0001,15,25.18,20.205895406968956,5.205895406968956
2023-10-27,S002,P0001,93,108.68,103.48931084382929,10.489310843829287
2023-10-28,S002,P0001,100,113.65,108.93102730659581,8.931027306595809
2023-10-29,S002,P0001,69,87.76,82.6152595993497,13.615259599349699
2023-10-30,S002,P0001,448,446.09,434.32009561241983,13.679904387580166
2023-10-31,S002,P0001,80,96.72,90.97126292931782,10.971262929317817
2023-11-01,S002,P0001,130,125.66,119.57808900055491,10.421910999445089
2023-11-02,S002,P0001,343,335.15,331.1420343285293,11.857965671470708
2023-11-03,S002,P0001,175,171.14,165.93484923707416,9.065150762925839
2023-11-04,S002,P0001,137,127.47,121.0366698827757,15.963330117224302
2023-11-05,S002,P0001,132,135.27,130.60526779145715,1.3947322085428482
2023-11-06,S002,P0001,140,153.54,147.85577926110727,7.855779261107273
2023-11-07,S002,P0001,58,51.1,45.320118704050245,12.679881295949755
2023-11-08,S002,P0001,19,25.9,20.938507292101136,1.9385072921011357
2023-11-09,S002,P0001,180,183.21,178.42815261504782,1.5718473849521786
2023-11-10,S002,P0001,172,177.63,171.12621434264386,0.8737856573561373
2023-11-11,S002,P0001,118,115.67,111.15870341573766,6.841296584262338
2023-11-12,S002,P0001,25,29.28,24.123019923743186,0.8769800762568138
2023-11-13,S002,P0001,66,67.61,62.43738151744145,3.5626184825585483
2023-11-14,S002,P0001,108,125.64,119.04090579382158,11.04090579382158
2023-11-15,S002,P0001,143,146.06,141.63758996004518,1.362410039954824
2023-11-16,S002,P0001,22,30.6,25.630869736315653,3.6308697363156526
2023-11-17,S002,P0001,189,190.45,185.13174023183495,3.8682597681650464
2023-11-18,S002,P0001,363,381.23,375.1958535572039,12.195853557203918
2023-11-19,S002,P0001,171,161.73,155.98821900252804,15.01178099747196
2023-11-20,S002,P0001,15,10.51,9.813010125928969,5.186989874071031
2023-11-21,S002,P0001,145,154.31,148.26449003393463,3.264490033934635
2023-11-22,S002,P0001,234,253.88,248.91093049699867,14.910930496998674
2023-11-23,S002,P0001,218,225.82,221.85379004423783,3.853790044237826
2023-11-24,S002,P0001,319,327.48,321.8382740242787,2.8382740242786895
2023-11-25,S002,P0001,83,89.24,85.72506197857884,2.725061978578836
2023-11-26,S002,P0001,81,84.98,79.43660308999029,1.5633969100097147
2023-11-27,S002,P0001,34,44.28,39.524713634849476,5.524713634849476
2023-11-28,S002,P0001,370,382.47,375.9292049076057,5.929204907605708
2023-11-29,S002,P0001,21,24.92,19.836850816751493,1.1631491832485068
2023-11-30,S002,P0001,291,296.98,290.88087039866133,0.11912960133867045
2023-12-01,S002,P0001,8,26.53,21.322582238202862,13.322582238202862
2023-12-02,S002,P0001,37,49.37,44.68685133224454,7.686851332244537
2023-12-03,S002,P0001,7,-0.74,4.743900808180119,2.2560991918198807
2023-12-04,S002,P0001,127,140.55,134.9933270702215,7.993327070221511
2023-12-05,S002,P0001,256,255.08,248.86006511335302,7.139934886646984
2023-12-06,S002,P0001,101,96.56,90.10043512969253,10.899564870307472
2023-12-07,S002,P0001,168,175.3,169.57965223996695,1.579652239966947
2023-12-08,S002,P0001,0,12.43,11.524178254697812,11.524178254697812
2023-12-09,S002,P0001,124,125.56,119.16600859712273,4.833991402877274
2023-12-10,S002,P0001,98,91.7,85.94517917547662,12.054820824523375
2023-12-11,S002,P0001,114,105.02,98.97788615202433,15.022113847975675
2023-12-12,S002,P0001,168,173.44,166.9934861633385,1.0065138366614974
2023-12-13,S002,P0001,153,164.42,158.11226016151406,5.112260161514058
2023-12-14,S002,P0001,298,297.1,292.15104704689946,5.848952953100536
2023-12-15,S002,P0001,255,272.3,267.0590719806574,12.059071980657393
2023-12-16,S002,P0001,163,157.7,151.7645651388707,11.235434861129306
2023-12-17,S002,P0001,261,263.47,256.8251475995015,4.17485240049848
2023-12-18,S002,P0001,55,57.51,52.77283768871878,2.2271623112812193
2023-12-19,S002,P0001,110,123.02,117.80356152594949,7.80356152594949
2023-12-20,S002,P0001,1,4.81,7.250979962988894,6.250979962988894
2023-12-21,S002,P0001,151,161.18,156.4710943790595,5.471094379059508
2023-12-22,S002,P0001,301,307.88,303.4941749284112,2.494174928411212
2023-12-23,S002,P0001,4,10.59,9.988503622851436,5.988503622851436
2023-12-24,S002,P0001,224,239.72,233.08277503958203,9.082775039582032
2023-12-25,S002,P0001,270,266.9,261.16322724229,8.83677275770998
2023-12-26,S002,P0001,234,252.37,247.40334118462,13.40334118461999
2023-12-27,S002,P0001,212,203.28,197.9328444312132,14.067155568786802
2023-12-28,S002,P0001,343,359.34,353.0555385313069,10.055538531306922
2023-12-29,S002,P0001,106,99.34,93.61893231831934,12.381067681680662
2023-12-30,S002,P0001,36,37.2,32.70075955715067,3.2992404428493316
2023-12-31,S002,P0001,308,310.34,305.74595819243746,2.254041807562544
2024-01-01,S002,P0001,18,27.2,22.27591358935288,4.275913589352879
2023-09-18,S002,P0002,8,1.8,6.507436690286516,1.4925633097134838
2023-09-19,S002,P0002,196,203.26,197.11207325286074,1.112073252860739
2023-09-20,S002,P0002,256,252.8,247.59539713280415,8.404602867195848
2023-09-21,S002,P0002,132,129.59,123.15902990989103,8.840970090108968
2023-09-22,S002,P0002,275,269.52,264.54755652261724,10.452443477382758
2023-09-23,S002,P0002,56,75.88,71.2950333376269,15.295033337626904
2023-09-24,S002,P0002,101,101.19,95.60408671451337,5.395913285486628
2023-09-25,S002,P0002,313,329.47,324.3779731411354,11.377973141135385
2023-09-26,S002,P0002,135,141.58,136.81679475166766,1.8167947516676577
2023-09-27,S002,P0002,28,25.44,20.852377496693677,7.147622503306323
2023-09-28,S002,P0002,126,138.27,133.39683926243822,7.39683926243822
2023-09-29,S002,P0002,158,159.64,153.5398215596345,4.460178440365496
2023-09-30,S002,P0002,146,147.49,142.1675367107319,3.832463289268105
2023-10-01,S002,P0002,86,91.03,84.58135143189868,1.4186485681013181
2023-10-02,S002,P0002,29,27.98,22.894202528929412,6.105797471070588
2023-10-03,S002,P0002,93,85.9,81.91060159311793,11.089398406882069
2023-10-04,S002,P0002,123,122.83,118.4929105538204,4.507089446179606
2023-10-05,S002,P0002,228,234.2,229.98348311141982,1.9834831114198153
2023-10-06,S002,P0002,24,15.39,12.883837664332091,11.116162335667909
2023-10-07,S002,P0002,79,92.0,87.02367684686851,8.023676846868511
2023-10-08,S002,P0002,6,20.34,15.755252016945818,9.755252016945818
2023-10-09,S002,P0002,25,29.09,25.01597894517566,0.015978945175660897
2023-10-10,S002,P0002,171,163.4,157.89402989085482,13.105970109145176
2023-10-11,S002,P0002,271,268.39,261.90237895851953,9.097621041480465
2023-10-12,S002,P0002,15,17.72,13.971279800352743,1.0287201996472568
2023-10-13,S002,P0002,114,110.75,106.0735943626068,7.926405637393202
2023-10-14,S002,P0002,180,184.34,178.49847795463185,1.501522045368148
2023-10-15,S002,P0002,35,46.52,40.59448179656084,5.594481796560842
2023-10-16,S002,P0002,67,66.23,60.538325773693174,6.461674226306826
2023-10-17,S002,P0002,167,172.8,167.31798831760017,0.3179883176001681
2023-10-18,S002,P0002,7,6.42,8.052488392834054,1.0524883928340536
2023-10-19,S002,P0002,12,3.77,6.778021363229547,5.221978636770453
2023-10-20,S002,P0002,75,78.39,72.88016862507557,2.1198313749244306
2023-10-21,S002,P0002,145,161.13,155.59026577330383,10.590265773303827
2023-10-22,S002,P0002,158,165.11,160.3563343401261,2.3563343401260965
2023-10-23,S002,P0002,89,98.53,91.98721686517408,2.9872168651740765
2023-10-24,S002,P0002,92,94.76,89.47194490707355,2.5280550929264507
2023-10-25,S002,P0002,135,129.03,123.53703340479832,11.462966595201678
2023-10-26,S002,P0002,262,262.7,256.98705668305126,5.012943316948736
2023-10-27,S002,P0002,3,12.76,12.00862335785477,9.00862335785477
2023-10-28,S002,P0002,72,74.13,69.37565638253794,2.62434361746206
2023-10-29,S002,P0002,125,132.58,126.46765983483296,1.4676598348329577
2023-10-30,S002,P0002,53,66.23,61.16394588375516,8.163945883755162
2023-10-31,S002,P0002,89,79.81,74.04611429105388,14.953885708946117
2023-11-01,S002,P0002,55,69.73,64.65665823979481,9.656658239794808
2023-11-02,S002,P0002,203,208.31,203.92346213004683,0.9234621300468291
2023-11-03,S002,P0002,108,125.31,119.11885690570381,11.118856905703808
2023-11-04,S002,P0002,1,10.34,9.981308308524365,8.981308308524365
2023-11-05,S002,P0002,12,16.94,12.773474397224614,0.7734743972246143
2023-11-06,S002,P0002,449,450.23,448.40821838872216,0.5917816112778382
2023-11-07,S002,P0002,160,176.45,170.13931943489393,10.139319434893935
2023-11-08,S002,P0002,321,332.82,326.6185963171329,5.618596317132926
2023-11-09,S002,P0002,22,18.28,14.595671177990932,7.404328822009068
2023-11-10,S002,P0002,73,82.43,76.86296238568652,3.862962385686515
2023-11-11,S002,P0002,35,44.34,39.88253019844507,4.8825301984450675
2023-11-12,S002,P0002,108,122.32,116.91284766352027,8.912847663520267
2023-11-13,S002,P0002,69,73.49,68.70475502656302,0.2952449734369793
2023-11-14,S002,P0002,204,220.16,215.0579619522362,11.057961952236212
2023-11-15,S002,P0002,236,247.25,241.19281711498928,5.192817114989282
2023-11-16,S002,P0002,97,103.55,98.88200377245732,1.882003772457324
2023-11-17,S002,P0002,88,104.79,99.89215528077597,11.892155280775967
2023-11-18,S002,P0002,186,201.26,195.04236838767716,9.042368387677158
2023-11-19,S002,P0002,11,22.28,17.435773113594166,6.435773113594166
2023-11-20,S002,P0002,91,90.48,84.32485881734517,6.675141182654826
2023-11-21,S002,P0002,36,38.1,33.938826527457856,2.0611734725421442
2023-11-22,S002,P0002,220,224.0,220.18652597369794,0.18652597369793966
2023-11-23,S002,P0002,6,-1.5,4.752254734119835,1.247745265880165
2023-11-24,S002,P0002,145,160.24,154.7170975571236,9.717097557123594
2023-11-25,S002,P0002,104,120.14,114.50599672914504,10.50599672914504
2023-11-26,S002,P0002,354,362.98,359.7523334292507,5.752333429250712
2023-11-27,S002,P0002,40,36.92,32.37389860294528,7.626101397054718
2023-11-28,S002,P0002,73,63.93,58.38677216688403,14.613227833115971
2023-11-29,S002,P0002,170,183.4,178.3570029374104,8.357002937410414
2023-11-30,S002,P0002,369,388.76,381.53078329104005,12.530783291040052
2023-12-01,S002,P0002,12,17.74,13.654332843320967,1.654332843320967
2023-12-02,S002,P0002,20,15.09,12.221196803521133,7.778803196478867
2023-12-03,S002,P0002,59,57.98,52.6275271297871,6.372472870212903
2023-12-04,S002,P0002,33,31.42,26.73907202341941,6.260927976580589
2023-12-05,S002,P0002,167,167.6,162.59864121579216,4.401358784207844
2023-12-06,S002,P0002,57,52.04,47.101807200918905,9.898192799081095
2023-12-07,S002,P0002,113,109.54,103.73356425860632,9.266435741393678
2023-12-08,S002,P0002,28,19.75,15.80560006334739,12.19439993665261
2023-12-09,S002,P0002,129,123.12,119.22711304151252,9.772886958487476
2023-12-10,S002,P0002,97,102.34,96.59110388824294,0.4088961117570591
2023-12-11,S002,P0002,87,101.42,96.02570898207804,9.025708982078044
2023-12-12,S002,P0002,162,180.02,174.07489981879988,12.074899818799878
2023-12-13,S002,P0002,145,145.4,140.44042741516404,4.559572584835962
2023-12-14,S002,P0002,19,24.13,18.20676807462602,0.7932319253739806
2023-12-15,S002,P0002,23,17.86,13.385331310877492,9.614668689122508
2023-12-16,S002,P0002,106,125.03,118.40899562826132,12.408995628261323
2023-12-17,S002,P0002,47,53.35,48.47342586286807,1.4734258628680692
2023-12-18,S002,P0002,59,54.82,49.570462034646326,9.429537965353674
2023-12-19,S002,P0002,21,36.73,31.336811099317277,10.336811099317277
2023-12-20,S002,P0002,125,143.12,137.56071992332164,12.560719923321642
2023-12-21,S002,P0002,75,94.08,88.09521785546166,13.095217855461655
2023-12-22,S002,P0002,50,69.78,65.01688211409865,15.01688211409865
2023-12-23,S002,P0002,143,162.05,156.2869172887581,13.286917288758104
2023-12-24,S002,P0002,78,86.92,81.61202519279354,3.6120251927935385
2023-12-25,S002,P0002,5,24.22,19.80269959764163,14.802699597641631
2023-12-26,S002,P0002,275,294.75,288.82230238852026,13.822302388520256
2023-12-27,S002,P0002,108,112.34,106.4107352783783,1.5892647216217028
2023-12-28,S002,P0002,381,374.79,370.7950809915165,10.2049190084835
2023-12-29,S002,P0002,99,96.57,90.47224277146555,8.527757228534455
2023-12-30,S002,P0002,40,34.44,29.167592182492115,10.832407817507885
2023-12-31,S002,P0002,28,32.13,27.405103683190035,0.5948963168099652
2024-01-01,S002,P0002,26,43.42,38.55540551647263,12.555405516472632
2023-09-18,S002,P0003,286,287.3,282.8120857002638,3.1879142997361782
2023-09-19,S002,P0003,60,52.08,46.492132722272736,13.507867277727264
2023-09-20,S002,P0003,28,21.84,16.813441619229312,11.186558380770688
2023-09-21,S002,P0003,420,414.5,406.71394487007285,13.28605512992715
2023-09-22,S002,P0003,21,27.81,23.277265555688203,2.277265555688203
2023-09-23,S002,P0003,25,26.24,21.72775800295305,3.272241997046951
2023-09-24,S002,P0003,424,440.46,434.11924215717204,10.119242157172039
2023-09-25,S002,P0003,32,45.27,39.93575037058103,7.935750370581033
2023-09-26,S002,P0003,70,64.82,59.62487713294654,10.375122867053463
2023-09-27,S002,P0003,87,102.36,96.92697574561731,9.926975745617312
2023-09-28,S002,P0003,112,108.06,102.79586129140563,9.204138708594371
2023-09-29,S002,P0003,283,296.56,290.0181354139654,7.01813541396541
2023-09-30,S002,P0003,8,22.11,17.493228578698094,9.493228578698094
2023-10-01,S002,P0003,175,179.66,174.2543356480187,0.7456643519813042
2023-10-02,S002,P0003,35,45.54,39.60471557570778,4.604715575707779
2023-10-03,S002,P0003,44,44.84,39.17179316429629,4.8282068357037105
2023-10-04,S002,P0003,98,96.34,89.73092059281997,8.26907940718003
2023-10-05,S002,P0003,20,17.02,13.315463988753926,6.684536011246074
2023-10-06,S002,P0003,84,92.26,86.43612879600553,2.4361287960055336
2023-10-07,S002,P0003,43,52.32,46.112552353745016,3.1125523537450164
2023-10-08,S002,P0003,7,-2.52,4.629056177264517,2.370943822735483
2023-10-09,S002,P0003,235,229.05,223.58267096357844,11.417329036421563
2023-10-10,S002,P0003,183,198.51,192.28847803715084,9.288478037150838
2023-10-11,S002,P0003,185,204.81,198.6200283113654,13.620028311365388
2023-10-12,S002,P0003,37,34.14,29.17449621687964,7.825503783120361
2023-10-13,S002,P0003,126,129.96,124.04486390252526,1.9551360974747354
2023-10-14,S002,P0003,171,176.23,170.4177561594404,0.5822438405596131
2023-10-15,S002,P0003,110,112.72,107.68058210337463,2.3194178966253673
2023-10-16,S002,P0003,4,17.02,13.15214970439153,9.15214970439153
2023-10-17,S002,P0003,326,334.69,330.71723097601495,4.717230976014946
2023-10-18,S002,P0003,97,88.9,82.49312297603687,14.506877023963128
2023-10-19,S002,P0003,2,21.42,16.118923586408666,14.118923586408666
2023-10-20,S002,P0003,190,206.11,200.53034442181917,10.530344421819166
2023-10-21,S002,P0003,393,411.67,406.1021669572385,13.102166957238524
2023-10-22,S002,P0003,208,204.36,197.93811925628935,10.061880743710645
2023-10-23,S002,P0003,16,18.31,14.403288448395354,1.5967115516046455
2023-10-24,S002,P0003,249,244.02,237.74224509542572,11.257754904574284
2023-10-25,S002,P0003,212,214.23,208.66081966601953,3.3391803339804653
2023-10-26,S002,P0003,185,180.2,174.51025502239392,10.48974497760608
2023-10-27,S002,P0003,101,107.42,102.84083724927687,1.8408372492768734
2023-10-28,S002,P0003,1,3.34,6.954240363167217,5.954240363167217
2023-10-29,S002,P0003,144,137.09,132.32190527327924,11.678094726720758
2023-10-30,S002,P0003,143,158.99,151.7775908259336,8.7775908259336
2023-10-31,S002,P0003,68,86.05,81.53370891427687,13.533708914276872
2023-11-01,S002,P0003,272,276.44,269.61584116151437,2.3841588384856323
2023-11-02,S002,P0003,37,56.96,51.383407819170344,14.383407819170344
2023-11-03,S002,P0003,168,159.82,153.71771539817098,14.28228460182902
2023-11-04,S002,P0003,79,86.54,80.96383148735671,1.963831487356714
2023-11-05,S002,P0003,0,-3.98,3.347513611666261,3.347513611666261
2023-11-06,S002,P0003,187,191.45,186.21601742521077,0.7839825747892348
2023-11-07,S002,P0003,93,105.48,99.70960163762079,6.709601637620793
2023-11-08,S002,P0003,189,197.2,192.5770474054345,3.577047405434513
2023-11-09,S002,P0003,284,292.18,285.82514755358966,1.8251475535896589
2023-11-10,S002,P0003,142,159.79,153.9238569753353,11.923856975335298
2023-11-11,S002,P0003,9,4.28,6.781620916186722,2.2183790838132778
2023-11-12,S002,P0003,47,42.78,37.690348771018286,9.309651228981714
2023-11-13,S002,P0003,40,47.05,42.319186579886065,2.3191865798860647
2023-11-14,S002,P0003,5,0.23,5.3921511309347245,0.39215113093472453
2023-11-15,S002,P0003,144,150.71,145.26632084161278,1.2663208416127816
2023-11-16,S002,P0003,190,188.49,183.541350672274,6.458649327725993
2023-11-17,S002,P0003,21,28.17,23.523142965954445,2.5231429659544453
2023-11-18,S002,P0003,101,103.13,97.64537765452673,3.354622345473274
2023-11-19,S002,P0003,74,84.76,79.81651588738242,5.8165158873824225
2023-11-20,S002,P0003,69,77.33,71.42012034938783,2.4201203493878296
2023-11-21,S002,P0003,17,32.85,27.563147046194935,10.563147046194935
2023-11-22,S002,P0003,193,188.11,183.63354353524568,9.366456464754322
2023-11-23,S002,P0003,12,4.55,6.767253851909176,5.232746148090824
2023-11-24,S002,P0003,309,314.87,310.53850751146666,1.538507511466662
2023-11-25,S002,P0003,124,118.02,112.06634401040986,11.933655989590136
2023-11-26,S002,P0003,249,244.2,238.288369344052,10.711630655948
2023-11-27,S002,P0003,142,156.29,150.61360639401656,8.613606394016557
2023-11-28,S002,P0003,289,306.3,300.472242927192,11.472242927191985
2023-11-29,S002,P0003,57,72.94,68.10644559551032,11.106445595510323
2023-11-30,S002,P0003,250,247.35,241.2932974678016,8.706702532198392
2023-12-01,S002,P0003,78,79.77,74.38420981065057,3.6157901893494255
2023-12-02,S002,P0003,177,190.6,185.1960975207698,8.196097520769797
2023-12-03,S002,P0003,458,477.42,470.04459542244354,12.044595422443535
2023-12-04,S002,P0003,106,117.44,112.40506629328871,6.405066293288712
2023-12-05,S002,P0003,345,351.13,345.3286404251734,0.32864042517337566
2023-12-06,S002,P0003,242,232.03,226.89879570263844,15.101204297361562
2023-12-07,S002,P0003,197,214.02,208.4019140900483,11.401914090048308
2023-12-08,S002,P0003,100,112.79,107.34998034731441,7.349980347314414
2023-12-09,S002,P0003,138,146.61,142.2026497914129,4.2026497914129095
2023-12-10,S002,P0003,125,123.6,118.11987932772831,6.880120672271687
2023-12-11,S002,P0003,12,23.32,17.597424021305184,5.597424021305184
2023-12-12,S002,P0003,441,438.27,432.3482706909573,8.651729309042707
2023-12-13,S002,P0003,103,116.74,112.03291626066607,9.03291626066607
2023-12-14,S002,P0003,9,8.92,9.908309764464095,0.9083097644640947
2023-12-15,S002,P0003,175,180.99,175.1612037861871,0.16120378618708742
2023-12-16,S002,P0003,106,122.31,117.59239210111917,11.592392101119174
2023-12-17,S002,P0003,146,144.97,139.20042871234583,6.7995712876541745
2023-12-18,S002,P0003,6,23.76,18.794562521640824,12.794562521640824
2023-12-19,S002,P0003,145,136.78,131.84589060845556,13.154109391544438
2023-12-20,S002,P0003,255,267.87,260.9202963084015,5.9202963084014755
2023-12-21,S002,P0003,263,280.86,275.707717725887,12.707717725886994
2023-12-22,S002,P0003,58,69.29,64.14661007706962,6.146610077069624
2023-12-23,S002,P0003,119,110.8,105.15209441558211,13.847905584417887
2023-12-24,S002,P0003,146,138.24,133.05383411936182,12.946165880638176
2023-12-25,S002,P0003,94,103.51,97.59874980024364,3.598749800243638
2023-12-26,S002,P0003,22,21.57,16.506137569837897,5.493862430162103
2023-12-27,S002,P0003,45,40.67,35.831143466065114,9.168856533934886
2023-12-28,S002,P0003,88,105.41,100.06704580125677,12.067045801256768
2023-12-29,S002,P0003,4,-5.5,2.889798398725895,1.1102016012741052
2023-12-30,S002,P0003,92,84.62,80.25187597630008,11.748124023699916
2023-12-31,S002,P0003,86,101.46,94.74899230482906,8.74899230482906
2024-01-01,S002,P0003,93,111.59,106.98702976356154,13.987029763561537
2023-09-18,S002,P0004,90,87.07,81.95105357020617,8.04894642979383
2023-09-19,S002,P0004,153,167.69,163.39768025323895,10.397680253238946
2023-09-20,S002,P0004,7,10.07,10.363263618450487,3.363263618450487
2023-09-21,S002,P0004,126,124.12,117.79413782032927,8.205862179670731
2023-09-22,S002,P0004,177,170.52,164.76213221932304,12.237867780676964
2023-09-23,S002,P0004,37,54.85,49.193220791854685,12.193220791854685
2023-09-24,S002,P0004,146,152.97,147.7893140442988,1.7893140442988056
2023-09-25,S002,P0004,26,43.05,38.19748561491429,12.197485614914292
2023-09-26,S002,P0004,39,55.54,50.08906498606306,11.089064986063057
2023-09-27,S002,P0004,58,63.95,58.429356231081485,0.4293562310814849
2023-09-28,S002,P0004,81,76.31,71.20858450251477,9.791415497485232
2023-09-29,S002,P0004,92,103.83,99.28062583414476,7.280625834144757
2023-09-30,S002,P0004,68,82.34,77.0646965908049,9.0646965908049
2023-10-01,S002,P0004,53,57.12,51.4419681954386,1.5580318045614021
2023-10-02,S002,P0004,162,165.95,161.7326228025453,0.26737719745469235
2023-10-03,S002,P0004,273,277.44,272.08444467257584,0.9155553274241583
2023-10-04,S002,P0004,33,28.78,23.973627195466438,9.026372804533562
2023-10-05,S002,P0004,14,25.21,20.32744820774861,6.32744820774861
2023-10-06,S002,P0004,222,230.97,225.93170478222032,3.931704782220322
2023-10-07,S002,P0004,4,22.55,17.35378390819705,13.353783908197052
2023-10-08,S002,P0004,77,75.53,71.01051207219699,5.989487927803012
2023-10-09,S002,P0004,133,140.61,135.20179295065697,2.201792950656966
2023-10-10,S002,P0004,231,229.23,223.24232976383578,7.757670236164216
2023-10-11,S002,P0004,45,56.96,52.0182720037593,7.0182720037593
2023-10-12,S002,P0004,110,104.93,99.22497535234581,10.775024647654192
2023-10-13,S002,P0004,2,-0.55,4.519086938839563,2.519086938839563
2023-10-14,S002,P0004,140,156.38,152.39583135140413,12.395831351404127
2023-10-15,S002,P0004,62,72.97,68.85627396562504,6.856273965625036
2023-10-16,S002,P0004,269,272.13,267.3810719928347,1.618928007165323
2023-10-17,S002,P0004,46,61.08,56.42156546978677,10.42156546978677
2023-10-18,S002,P0004,32,29.22,24.575764665072576,7.424235334927424
2023-10-19,S002,P0004,76,86.17,81.2133978404091,5.213397840409101
2023-10-20,S002,P0004,131,131.28,125.08967593175544,5.910324068244563
2023-10-21,S002,P0004,135,132.42,126.61690811093521,8.383091889064787
2023-10-22,S002,P0004,111,123.85,117.83811263321665,6.838112633216653
2023-10-23,S002,P0004,64,68.97,63.937403730232305,0.06259626976769539
2023-10-24,S002,P0004,279,298.58,292.093303813234,13.093303813234002
2023-10-25,S002,P0004,23,39.8,34.8491455774908,11.849145577490802
2023-10-26,S002,P0004,120,122.27,117.45322445278514,2.546775547214864
2023-10-27,S002,P0004,348,362.67,359.4791146873239,11.479114687323886
2023-10-28,S002,P0004,130,129.87,124.1929958483477,5.8070041516522934
2023-10-29,S002,P0004,72,84.15,78.74820305460182,6.748203054601817
2023-10-30,S002,P0004,208,200.1,193.23565432553863,14.764345674461367
2023-10-31,S002,P0004,5,15.93,13.322137382527316,8.322137382527316
2023-11-01,S002,P0004,36,27.08,21.738925876470503,14.261074123529497
2023-11-02,S002,P0004,131,136.07,130.13165768878554,0.8683423112144624
2023-11-03,S002,P0004,68,68.5,63.72709679525661,4.272903204743393
2023-11-04,S002,P0004,12,19.43,14.665955817627061,2.6659558176270615
2023-11-05,S002,P0004,109,126.49,121.06555100456015,12.065551004560149
2023-11-06,S002,P0004,67,84.97,80.40661925668097,13.406619256680969
2023-11-07,S002,P0004,11,28.57,23.498512886556746,12.498512886556746
2023-11-08,S002,P0004,43,52.99,47.99836211758627,4.998362117586268
2023-11-09,S002,P0004,63,71.36,65.8434257359732,2.8434257359731987
2023-11-10,S002,P0004,256,251.86,246.9452060393981,9.054793960601899
2023-11-11,S002,P0004,36,53.25,49.33392698237854,13.333926982378543
2023-11-12,S002,P0004,16,21.55,15.65010282687349,0.3498971731265108
2023-11-13,S002,P0004,55,67.73,62.166039635829236,7.166039635829236
2023-11-14,S002,P0004,411,421.55,414.4546502319892,3.4546502319892056
2023-11-15,S002,P0004,194,212.49,207.39302304307498,13.393023043074976
2023-11-16,S002,P0004,73,83.59,78.08820748393074,5.088207483930745
2023-11-17,S002,P0004,15,18.62,14.529144953138502,0.47085504686149804
2023-11-18,S002,P0004,410,423.47,414.9715417481062,4.971541748106176
2023-11-19,S002,P0004,20,24.31,19.34474432149465,0.6552556785053483
2023-11-20,S002,P0004,70,75.16,70.93557009888886,0.93557009888886
2023-11-21,S002,P0004,317,311.73,305.31814790220096,11.681852097799037
2023-11-22,S002,P0004,46,65.34,61.02709640477734,15.027096404777339
2023-11-23,S002,P0004,77,67.26,61.49199696267823,15.508003037321771
2023-11-24,S002,P0004,29,34.11,29.149048377364927,0.14904837736492738
2023-11-25,S002,P0004,20,13.66,12.385787712028614,7.614212287971386
2023-11-26,S002,P0004,232,231.76,226.56026599550844,5.439734004491555
2023-11-27,S002,P0004,50,56.15,51.320043774804056,1.3200437748040557
2023-11-28,S002,P0004,59,56.34,51.569150071405154,7.430849928594846
2023-11-29,S002,P0004,26,36.95,32.034695788595315,6.0346957885953145
2023-11-30,S002,P0004,222,232.14,226.93408367822084,4.934083678220844
2023-12-01,S002,P0004,27,23.6,18.346647574501205,8.653352425498795
2023-12-02,S002,P0004,75,87.82,82.19742960620418,7.197429606204182
2023-12-03,S002,P0004,12,9.54,9.668308494447858,2.3316915055521417
2023-12-04,S002,P0004,219,211.49,206.68700975694065,12.312990243059346
2023-12-05,S002,P0004,61,76.05,70.93876549810822,9.938765498108225
2023-12-06,S002,P0004,319,322.9,318.28089619985394,0.7191038001460583
2023-12-07,S002,P0004,202,194.54,188.14618819736177,13.853811802638234
2023-12-08,S002,P0004,211,230.76,225.47908973618155,14.47908973618155
2023-12-09,S002,P0004,101,97.37,92.02108861986333,8.978911380136665
2023-12-10,S002,P0004,15,30.37,26.22267596239486,11.22267596239486
2023-12-11,S002,P0004,122,135.06,129.89370214483358,7.893702144833583
2023-12-12,S002,P0004,61,55.36,50.23893577852945,10.761064221470548
2023-12-13,S002,P0004,16,19.61,15.288015531040557,0.711984468959443
2023-12-14,S002,P0004,176,173.41,168.0708044326098,7.929195567390195
2023-12-15,S002,P0004,85,82.68,76.89817910173522,8.101820898264776
2023-12-16,S002,P0004,75,77.69,72.04365047869274,2.95634952130726
2023-12-17,S002,P0004,199,218.51,213.1727571312883,14.172757131288307
2023-12-18,S002,P0004,316,307.45,302.98932979964206,13.010670200357936
2023-12-19,S002,P0004,105,106.03,99.71550169162845,5.284498308371553
2023-12-20,S002,P0004,163,182.57,176.55497386538752,13.554973865387524
2023-12-21,S002,P0004,128,136.72,131.24261880753448,3.242618807534484
2023-12-22,S002,P0004,88,101.14,95.98269141825234,7.982691418252344
2023-12-23,S002,P0004,178,174.95,169.52228118708064,8.477718812919363
2023-12-24,S002,P0004,99,116.2,111.23828664251712,12.238286642517124
2023-12-25,S002,P0004,194,194.71,188.1244808125093,5.87551918749071
2023-12-26,S002,P0004,8,18.44,14.240721015184874,6.240721015184874
2023-12-27,S002,P0004,155,174.73,169.13353134253992,14.133531342539925
2023-12-28,S002,P0004,29,25.89,21.10356045358514,7.896439546414861
2023-12-29,S002,P0004,55,66.99,62.054676322910275,7.054676322910275
2023-12-30,S002,P0004,257,263.67,257.5738100584027,0.5738100584027279
2023-12-31,S002,P0004,187,206.74,201.81613661507197,14.816136615071969
2024-01-01,S002,P0004,46,51.71,45.70456838693144,0.29543161306855836
2023-09-18,S002,P0005,43,34.89,30.064274416840043,12.935725583159957
2023-09-19,S002,P0005,81,78.26,73.31431521337389,7.685684786626112
2023-09-20,S002,P0005,91,95.12,90.27813738324252,0.7218626167574769
2023-09-21,S002,P0005,11,12.57,11.480109880993757,0.48010988099375673
2023-09-22,S002,P0005,34,44.27,39.36266401532903,5.362664015329031
2023-09-23,S002,P0005,302,295.44,290.41181456325205,11.588185436747949
2023-09-24,S002,P0005,53,58.48,52.732419666418195,0.26758033358180455
2023-09-25,S002,P0005,213,216.3,212.63054794443053,0.36945205556946803
2023-09-26,S002,P0005,175,179.46,173.80254320320498,1.1974567967950236
2023-09-27,S002,P0005,52,51.7,45.405394963027405,6.594605036972595
2023-09-28,S002,P0005,26,34.22,28.98128827775941,2.981288277759411
2023-09-29,S002,P0005,219,221.0,215.13385331989295,3.8661466801070503
2023-09-30,S002,P0005,121,132.27,126.15800752407606,5.158007524076055
2023-10-01,S002,P0005,208,200.21,193.76280807434094,14.237191925659062
2023-10-02,S002,P0005,53,53.34,49.2673273055548,3.732672694445199
2023-10-03,S002,P0005,229,245.55,239.72221001637962,10.72221001637962
2023-10-04,S002,P0005,177,174.58,169.12634676809608,7.873653231903916
2023-10-05,S002,P0005,103,120.5,114.58599994919291,11.58599994919291
2023-10-06,S002,P0005,196,204.16,198.6598876728176,2.6598876728176037
2023-10-07,S002,P0005,262,272.16,267.15696461006286,5.1569646100628574
2023-10-08,S002,P0005,76,73.71,69.24714876979334,6.752851230206659
2023-10-09,S002,P0005,23,21.63,15.998361336737553,7.001638663262447
2023-10-10,S002,P0005,101,101.15,95.215584763004,5.784415236995997
2023-10-11,S002,P0005,134,124.12,118.36517377863368,15.634826221366325
2023-10-12,S002,P0005,72,78.33,72.10403002685293,0.10403002685292506
2023-10-13,S002,P0005,84,77.29,71.74752501493938,12.252474985060616
2023-10-14,S002,P0005,366,366.77,360.94064293704645,5.059357062953552
2023-10-15,S002,P0005,340,331.44,325.60028068316046,14.399719316839537
2023-10-16,S002,P0005,140,137.33,132.41392899303654,7.586071006963465
2023-10-17,S002,P0005,67,64.25,58.97533804852873,8.024661951471273
2023-10-18,S002,P0005,19,19.67,15.946517536512257,3.053482463487743
2023-10-19,S002,P0005,66,61.39,56.91627330853401,9.08372669146599
2023-10-20,S002,P0005,125,139.17,134.12491295441998,9.124912954419983
2023-10-21,S002,P0005,10,2.58,6.867629729925337,3.132370270074663
2023-10-22,S002,P0005,265,267.92,261.0758523625923,3.9241476374077138
2023-10-23,S002,P0005,318,315.13,310.13606135825444,7.863938641745563
2023-10-24,S002,P0005,303,318.62,314.80489494269256,11.804894942692556
2023-10-25,S002,P0005,349,345.97,337.8860133006124,11.113986699387624
2023-10-26,S002,P0005,232,250.7,244.1125192123418,12.112519212341795
2023-10-27,S002,P0005,237,248.87,241.75478760230914,4.754787602309136
2023-10-28,S002,P0005,313,310.37,304.67749019169617,8.322509808303835
2023-10-29,S002,P0005,104,102.89,98.15606876741887,5.843931232581127
2023-10-30,S002,P0005,51,69.66,64.56113045582002,13.56113045582002
2023-10-31,S002,P0005,79,88.12,82.60447506109287,3.60447506109287
2023-11-01,S002,P0005,256,274.73,269.1085726958743,13.108572695874273
2023-11-02,S002,P0005,21,23.78,18.661972529664887,2.3380274703351134
2023-11-03,S002,P0005,48,46.17,41.118027164558754,6.881972835441246
2023-11-04,S002,P0005,110,114.15,108.52662308495425,1.4733769150457476
2023-11-05,S002,P0005,156,158.78,153.5954330085977,2.404566991402305
2023-11-06,S002,P0005,22,13.26,12.069417895612862,9.930582104387138
2023-11-07,S002,P0005,168,164.76,158.2794001366443,9.720599863355687
2023-11-08,S002,P0005,155,165.76,161.24381416470186,6.24381416470186
2023-11-09,S002,P0005,62,65.97,61.18511807570147,0.8148819242985326
2023-11-10,S002,P0005,15,23.79,18.68946002647821,3.6894600264782085
2023-11-11,S002,P0005,255,248.28,242.86044194907967,12.139558050920328
2023-11-12,S002,P0005,68,63.5,57.43787664283343,10.56212335716657
2023-11-13,S002,P0005,128,137.92,132.09493188691084,4.094931886910842
2023-11-14,S002,P0005,34,44.17,39.228194428454444,5.228194428454444
2023-11-15,S002,P0005,127,121.15,116.07042684547255,10.929573154527446
2023-11-16,S002,P0005,381,389.92,382.2758859011234,1.275885901123388
2023-11-17,S002,P0005,77,86.42,81.40633583800695,4.406335838006953
2023-11-18,S002,P0005,126,138.53,132.6486874238807,6.648687423880688
2023-11-19,S002,P0005,38,28.96,23.042801098759632,14.957198901240368
2023-11-20,S002,P0005,128,123.53,117.43977384200494,10.56022615799506
2023-11-21,S002,P0005,93,92.63,85.86363537241007,7.136364627589927
2023-11-22,S002,P0005,128,134.17,129.12392915735595,1.1239291573559456
2023-11-23,S002,P0005,149,151.82,146.7157281334544,2.2842718665455948
2023-11-24,S002,P0005,158,177.15,171.2154635888683,13.215463588868289
2023-11-25,S002,P0005,98,91.18,86.13198016391848,11.868019836081515
2023-11-26,S002,P0005,16,33.51,28.795259319976545,12.795259319976545
2023-11-27,S002,P0005,35,31.04,25.98166982965291,9.018330170347092
2023-11-28,S002,P0005,180,191.8,186.711800952896,6.711800952895999
2023-11-29,S002,P0005,13,32.93,27.816842450871448,14.816842450871448
2023-11-30,S002,P0005,211,206.55,201.54286562241822,9.45713437758178
2023-12-01,S002,P0005,9,20.4,15.25743785773377,6.25743785773377
2023-12-02,S002,P0005,152,166.98,162.2388768708689,10.238876870868893
2023-12-03,S002,P0005,221,221.64,214.97870228136466,6.0212977186353385
2023-12-04,S002,P0005,202,198.57,193.09197149922943,8.90802850077057
2023-12-05,S002,P0005,242,235.46,230.96482145769733,11.035178542302674
2023-12-06,S002,P0005,5,19.97,15.595502363919168,10.595502363919168
2023-12-07,S002,P0005,150,152.15,145.97933199823967,4.020668001760328
2023-12-08,S002,P0005,24,34.05,29.40191632365198,5.401916323651982
2023-12-09,S002,P0005,62,58.74,53.48126742524309,8.51873257475691
2023-12-10,S002,P0005,88,103.37,98.26015652908336,10.26015652908336
2023-12-11,S002,P0005,55,61.32,55.63022756899637,0.6302275689963679
2023-12-12,S002,P0005,160,168.47,163.297422680637,3.2974226806369984
2023-12-13,S002,P0005,122,128.23,121.15972820543115,0.8402717945688494
2023-12-14,S002,P0005,140,146.42,141.49270994653165,1.4927099465316473
2023-12-15,S002,P0005,109,102.42,96.18353879648885,12.816461203511153
2023-12-16,S002,P0005,310,322.17,316.9430932259862,6.9430932259862175
2023-12-17,S002,P0005,71,64.92,60.145330767488744,10.854669232511256
2023-12-18,S002,P0005,139,149.75,144.1857958173157,5.185795817315693
2023-12-19,S002,P0005,294,313.35,304.7160916726257,10.71609167262568
2023-12-20,S002,P0005,12,24.01,18.824813419855403,6.824813419855403
2023-12-21,S002,P0005,57,64.53,59.0057252788415,2.0057252788415028
2023-12-22,S002,P0005,240,247.86,242.60574050227706,2.605740502277058
2023-12-23,S002,P0005,6,3.23,6.760793756424643,0.7607937564246434
2023-12-24,S002,P0005,103,122.21,116.27741598263293,13.277415982632931
2023-12-25,S002,P0005,39,55.76,50.61952168357966,11.619521683579663
2023-12-26,S002,P0005,118,135.59,130.00261133098712,12.002611330987122
2023-12-27,S002,P0005,75,70.24,65.05935998275336,9.940640017246636
2023-12-28,S002,P0005,91,91.4,85.75208803327234,5.247911966727656
2023-12-29,S002,P0005,286,282.64,277.05124832362236,8.94875167637764
2023-12-30,S002,P0005,73,63.92,59.05918439116619,13.940815608833809
2023-12-31,S002,P0005,396,389.77,382.1121956780641,13.887804321935903
2024-01-01,S002,P0005,200,198.35,192.47330573086123,7.526694269138773
2023-09-18,S002,P0006,77,76.96,71.37604839999895,5.62395160000105
2023-09-19,S002,P0006,283,278.98,272.85450593637603,10.145494063623971
2023-09-20,S002,P0006,36,34.97,30.094708945371664,5.905291054628336
2023-09-21,S002,P0006,177,188.87,183.70345407204417,6.703454072044167
2023-09-22,S002,P0006,302,317.3,311.7558041703388,9.75580417033882
2023-09-23,S002,P0006,37,27.33,22.627327001855562,14.372672998144438
2023-09-24,S002,P0006,87,105.16,99.15653405368563,12.156534053685633
2023-09-25,S002,P0006,96,110.93,105.67958563444105,9.679585634441054
2023-09-26,S002,P0006,157,173.72,167.77861145438985,10.778611454389846
2023-09-27,S002,P0006,153,156.81,152.00632609005666,0.9936739099433396
2023-09-28,S002,P0006,70,79.8,74.23965021658347,4.23965021658347
2023-09-29,S002,P0006,195,202.63,196.4435605065162,1.4435605065162065
2023-09-30,S002,P0006,103,106.15,100.34948970820167,2.6505102917983265
2023-10-01,S002,P0006,199,200.1,193.83694182606854,5.163058173931461
2023-10-02,S002,P0006,24,24.96,19.413529775236892,4.586470224763108
2023-10-03,S002,P0006,113,128.66,122.85526498781715,9.85526498781715
2023-10-04,S002,P0006,67,57.44,51.954549357475784,15.045450642524216
2023-10-05,S002,P0006,236,255.76,251.16133342092093,15.161333420920926
2023-10-06,S002,P0006,85,84.24,78.65580075898404,6.344199241015957
2023-10-07,S002,P0006,15,11.51,10.771814392595605,4.228185607404395
2023-10-08,S002,P0006,61,76.16,71.81739819660736,10.817398196607357
2023-10-09,S002,P0006,88,86.32,81.02325105057812,6.976748949421875
2023-10-10,S002,P0006,23,13.17,11.520011877799833,11.479988122200167
2023-10-11,S002,P0006,245,245.83,240.2384952454786,4.761504754521411
2023-10-12,S002,P0006,123,132.26,126.49946689423614,3.4994668942361358
2023-10-13,S002,P0006,51,67.67,62.54310068081443,11.543100680814433
2023-10-14,S002,P0006,36,51.12,44.074349032961514,8.074349032961514
2023-10-15,S002,P0006,21,13.35,12.207097011916868,8.792902988083132
2023-10-16,S002,P0006,196,188.15,184.30437924363798,11.695620756362018
2023-10-17,S002,P0006,53,44.01,38.762091985373004,14.237908014626996
2023-10-18,S002,P0006,28,37.18,32.73448319945967,4.7344831994596674
2023-10-19,S002,P0006,321,324.11,318.29482958398137,2.705170416018632
2023-10-20,S002,P0006,198,206.03,200.56073930623978,2.560739306239782
2023-10-21,S002,P0006,214,224.83,220.56087999155602,6.560879991556021
2023-10-22,S002,P0006,102,95.68,90.11733952852816,11.882660471471837
2023-10-23,S002,P0006,79,97.25,91.99929979263815,12.999299792638155
2023-10-24,S002,P0006,4,7.81,8.69099191538761,4.69099191538761
2023-10-25,S002,P0006,2,-4.03,3.056774218977471,1.0567742189774711
2023-10-26,S002,P0006,50,67.05,61.385809668051174,11.385809668051174
2023-10-27,S002,P0006,238,229.16,223.3803014792549,14.61969852074509
2023-10-28,S002,P0006,132,132.13,125.96982848958051,6.030171510419493
2023-10-29,S002,P0006,39,48.78,43.32103335621133,4.321033356211331
2023-10-30,S002,P0006,190,183.59,178.5576659985095,11.442334001490508
2023-10-31,S002,P0006,35,32.04,27.32819112000223,7.671808879997769
2023-11-01,S002,P0006,37,37.42,33.441081769958316,3.5589182300416837
2023-11-02,S002,P0006,358,376.82,370.5827851972484,12.582785197248427
2023-11-03,S002,P0006,63,60.26,55.16592279995352,7.83407720004648
2023-11-04,S002,P0006,94,104.62,99.35265693744526,5.352656937445261
2023-11-05,S002,P0006,362,360.29,352.47991746872856,9.520082531271441
2023-11-06,S002,P0006,45,56.11,51.65310807718204,6.65310807718204
2023-11-07,S002,P0006,263,253.93,247.88015318809963,15.119846811900373
2023-11-08,S002,P0006,67,61.79,56.07336892553369,10.926631074466307
2023-11-09,S002,P0006,20,17.52,14.175948672381363,5.824051327618637
2023-11-10,S002,P0006,74,77.16,72.37258150146488,1.6274184985351212
2023-11-11,S002,P0006,93,102.12,96.16402657164305,3.164026571643049
2023-11-12,S002,P0006,298,292.5,286.3081323770173,11.691867622982727
2023-11-13,S002,P0006,283,301.64,295.1821805849742,12.182180584974219
2023-11-14,S002,P0006,15,34.88,30.50244435422713,15.50244435422713
2023-11-15,S002,P0006,63,75.25,70.19373046004361,7.193730460043611
2023-11-16,S002,P0006,338,346.93,338.32847190535705,0.3284719053570484
2023-11-17,S002,P0006,154,165.25,160.56264836000412,6.562648360004118
2023-11-18,S002,P0006,200,191.31,185.542174557127,14.457825442873002
2023-11-19,S002,P0006,96,90.23,85.24554435567875,10.754455644321254
2023-11-20,S002,P0006,68,59.06,54.61986784582741,13.380132154172593
2023-11-21,S002,P0006,101,110.24,104.94204153897556,3.942041538975559
2023-11-22,S002,P0006,79,92.81,86.46368732905479,7.4636873290547925
2023-11-23,S002,P0006,224,221.89,215.97888159614502,8.021118403854985
2023-11-24,S002,P0006,78,92.36,86.4922666960799,8.492266696079895
2023-11-25,S002,P0006,134,138.37,132.92356333624485,1.0764366637551461
2023-11-26,S002,P0006,79,72.84,68.94129956120275,10.058700438797246
2023-11-27,S002,P0006,115,107.15,101.33224739204816,13.66775260795184
2023-11-28,S002,P0006,101,92.57,86.29697141376472,14.703028586235277
2023-11-29,S002,P0006,202,198.38,193.63784101039758,8.36215898960242
2023-11-30,S002,P0006,26,37.83,33.371561959421044,7.371561959421044
2023-12-01,S002,P0006,26,18.64,13.986922048946711,12.013077951053289
2023-12-02,S002,P0006,71,81.5,75.63598995882677,4.6359899588267695
2023-12-03,S002,P0006,99,93.13,86.51168253675158,12.488317463248421
2023-12-04,S002,P0006,29,41.79,36.23574480510229,7.235744805102293
2023-12-05,S002,P0006,101,94.03,87.78485182132177,13.215148178678234
2023-12-06,S002,P0006,389,379.65,374.6117316940282,14.388268305971792
2023-12-07,S002,P0006,34,24.12,19.369549636159626,14.630450363840374
2023-12-08,S002,P0006,304,312.6,305.37788335021526,1.3778833502152565
2023-12-09,S002,P0006,407,423.31,413.6321190550601,6.632119055060116
2023-12-10,S002,P0006,30,30.46,26.798171072013545,3.2018289279864547
2023-12-11,S002,P0006,75,75.21,71.18104253754578,3.8189574624542217
2023-12-12,S002,P0006,221,212.04,206.34461893280337,14.655381067196629
2023-12-13,S002,P0006,41,54.83,49.93934938127087,8.939349381270873
2023-12-14,S002,P0006,85,77.68,71.24129596335271,13.758704036647288
2023-12-15,S002,P0006,66,62.36,57.576310080264804,8.423689919735196
2023-12-16,S002,P0006,59,52.8,48.48055875359688,10.519441246403119
2023-12-17,S002,P0006,111,110.03,104.66435105353413,6.3356489464658665
2023-12-18,S002,P0006,141,139.89,135.13455730874256,5.865442691257442
2023-12-19,S002,P0006,106,100.42,93.9658451951633,12.034154804836703
2023-12-20,S002,P0006,75,78.23,72.50893556177988,2.4910644382201212
2023-12-21,S002,P0006,121,127.29,121.55013848590968,0.5501384859096845
2023-12-22,S002,P0006,186,178.56,172.5513153556421,13.448684644357911
2023-12-23,S002,P0006,176,173.15,167.6516025618074,8.348397438192592
2023-12-24,S002,P0006,37,40.26,35.443713438595886,1.5562865614041144
2023-12-25,S002,P0006,38,42.92,38.262923741619495,0.2629237416194954
2023-12-26,S002,P0006,32,23.72,18.596957002690935,13.403042997309065
2023-12-27,S002,P0006,208,198.5,192.98000975433825,15.019990245661745
2023-12-28,S002,P0006,179,186.69,182.35523105767962,3.3552310576796174
2023-12-29,S002,P0006,122,124.0,117.90547570108797,4.0945242989120345
2023-12-30,S002,P0006,102,116.0,111.05416307239089,9.054163072390892
2023-12-31,S002,P0006,187,187.28,182.1271408843954,4.872859115604598
2024-01-01,S002,P0006,159,151.48,145.74575156312136,13.25424843687864
2023-09-18,S002,P0007,48,60.68,55.32179913466872,7.321799134668723
2023-09-19,S002,P0007,303,299.79,292.75657068202577,10.243429317974233
2023-09-20,S002,P0007,63,70.23,64.55111369293883,1.5511136929388272
2023-09-21,S002,P0007,228,220.66,215.1605948958809,12.839405104119095
2023-09-22,S002,P0007,46,56.58,51.71043155187827,5.710431551878273
2023-09-23,S002,P0007,93,99.56,94.35340755327377,1.3534075532737688
2023-09-24,S002,P0007,228,231.03,224.66299979571323,3.337000204286767
2023-09-25,S002,P0007,28,32.26,28.523868721424826,0.5238687214248259
2023-09-26,S002,P0007,412,431.84,424.6663704486504,12.666370448650412
2023-09-27,S002,P0007,291,283.8,280.0388963602099,10.96110363979011
2023-09-28,S002,P0007,67,67.73,62.54161124987192,4.45838875012808
2023-09-29,S002,P0007,176,188.06,183.5650035008755,7.565003500875491
2023-09-30,S002,P0007,10,2.01,6.742101963102297,3.2578980368977026
2023-10-01,S002,P0007,68,82.0,76.29086936739654,8.290869367396539
2023-10-02,S002,P0007,15,27.14,22.622458683294845,7.622458683294845
2023-10-03,S002,P0007,4,18.25,14.273418934743606,10.273418934743606
2023-10-04,S002,P0007,249,241.44,235.2795015846553,13.720498415344707
2023-10-05,S002,P0007,175,175.77,169.48479804664902,5.5152019533509815
2023-10-06,S002,P0007,100,108.3,101.73991678901825,1.7399167890182525
2023-10-07,S002,P0007,301,309.57,303.6566715638446,2.6566715638446112
2023-10-08,S002,P0007,140,157.5,152.71647038724745,12.716470387247455
2023-10-09,S002,P0007,76,75.64,69.54183559021392,6.458164409786079
2023-10-10,S002,P0007,18,26.05,21.673540625618113,3.673540625618113
2023-10-11,S002,P0007,212,202.46,196.3770706135357,15.622929386464307
2023-10-12,S002,P0007,163,157.22,152.2254476439729,10.774552356027101
2023-10-13,S002,P0007,94,94.78,89.53185183886681,4.468148161133186
2023-10-14,S002,P0007,188,181.36,176.28253639144756,11.717463608552436
2023-10-15,S002,P0007,15,15.04,12.659980723800778,2.3400192761992216
2023-10-16,S002,P0007,102,107.98,102.29407026854062,0.29407026854062224
2023-10-17,S002,P0007,166,165.2,161.1982291094188,4.801770890581196
2023-10-18,S002,P0007,232,232.67,227.49521142675027,4.504788573249726
2023-10-19,S002,P0007,141,150.18,145.29765507567106,4.297655075671059
2023-10-20,S002,P0007,160,174.94,169.053869333867,9.053869333866999
2023-10-21,S002,P0007,21,24.25,19.02313940066908,1.9768605993309194
2023-10-22,S002,P0007,97,94.68,90.14721368125595,6.852786318744052
2023-10-23,S002,P0007,98,100.21,93.97049447244427,4.029505527555727
2023-10-24,S002,P0007,134,134.24,128.73505855653224,5.264941443467762
2023-10-25,S002,P0007,145,154.43,147.63194616960527,2.6319461696052713
2023-10-26,S002,P0007,255,268.66,263.0623351144385,8.062335114438497
2023-10-27,S002,P0007,139,157.07,151.84677430496458,12.846774304964583
2023-10-28,S002,P0007,64,65.28,60.76776215885286,3.232237841147139
2023-10-29,S002,P0007,22,38.42,33.47334075102033,11.47334075102033
2023-10-30,S002,P0007,92,105.92,100.35012637603609,8.350126376036087
2023-10-31,S002,P0007,189,182.39,177.15218632475052,11.847813675249483
2023-11-01,S002,P0007,116,134.37,129.09053185759825,13.09053185759825
2023-11-02,S002,P0007,62,69.76,64.69656449916124,2.6965644991612407
2023-11-03,S002,P0007,166,167.83,163.35063309116782,2.649366908832178
2023-11-04,S002,P0007,249,250.56,245.94017243602633,3.05982756397367
2023-11-05,S002,P0007,263,268.88,264.06132031478313,1.0613203147831314
2023-11-06,S002,P0007,92,85.32,80.83244877338045,11.167551226619551
2023-11-07,S002,P0007,190,197.19,191.75990052018128,1.7599005201812759
2023-11-08,S002,P0007,78,93.28,87.09542301902762,9.09542301902762
2023-11-09,S002,P0007,21,33.64,29.182736786849937,8.182736786849937
2023-11-10,S002,P0007,44,50.43,45.13716332405655,1.1371633240565515
2023-11-11,S002,P0007,458,451.16,447.22570424991466,10.774295750085344
2023-11-12,S002,P0007,55,62.07,56.448526895225015,1.4485268952250152
2023-11-13,S002,P0007,6,-0.61,4.764327441655006,1.2356725583449943
2023-11-14,S002,P0007,72,72.61,67.86339765249687,4.136602347503128
2023-11-15,S002,P0007,437,456.54,450.19850988715643,13.198509887156433
2023-11-16,S002,P0007,32,33.83,29.768617930129736,2.231382069870264
2023-11-17,S002,P0007,94,104.1,99.72770094276589,5.7277009427658925
2023-11-18,S002,P0007,97,107.93,102.11343233278919,5.113432332789188
2023-11-19,S002,P0007,53,71.41,65.981730873228,12.981730873228003
2023-11-20,S002,P0007,288,286.85,283.1344633140366,4.865536685963377
2023-11-21,S002,P0007,31,32.63,28.594444618570954,2.4055553814290462
2023-11-22,S002,P0007,2,21.32,16.2508629796744,14.250862979674402
2023-11-23,S002,P0007,91,97.85,91.55055272371382,0.550552723713821
2023-11-24,S002,P0007,120,119.9,114.28299148974138,5.717008510258623
2023-11-25,S002,P0007,182,198.21,191.8631147732172,9.863114773217205
2023-11-26,S002,P0007,54,50.7,44.60702141786373,9.392978582136273
2023-11-27,S002,P0007,152,168.83,162.4800740507562,10.480074050756201
2023-11-28,S002,P0007,94,94.48,89.2093644793209,4.790635520679103
2023-11-29,S002,P0007,95,109.65,105.00013081654112,10.000130816541116
2023-11-30,S002,P0007,59,49.91,44.68746147554056,14.312538524459441
2023-12-01,S002,P0007,310,318.55,314.23732956881884,4.237329568818836
2023-12-02,S002,P0007,71,79.89,75.0497723192299,4.049772319229902
2023-12-03,S002,P0007,398,413.89,405.69699255832484,7.696992558324837
2023-12-04,S002,P0007,42,52.03,47.427330812747385,5.427330812747385
2023-12-05,S002,P0007,4,4.48,7.357680079498586,3.3576800794985857
2023-12-06,S002,P0007,10,23.94,19.398061608408064,9.398061608408064
2023-12-07,S002,P0007,194,190.92,185.68543014583108,8.314569854168923
2023-12-08,S002,P0007,257,267.82,262.1200864041799,5.120086404179915
2023-12-09,S002,P0007,74,75.46,70.13187846291947,3.868121537080526
2023-12-10,S002,P0007,262,261.43,256.2029689525874,5.797031047412588
2023-12-11,S002,P0007,4,4.89,7.13227906741219,3.13227906741219
2023-12-12,S002,P0007,55,59.38,54.240540519557285,0.7594594804427146
2023-12-13,S002,P0007,244,242.76,237.68798145185747,6.312018548142532
2023-12-14,S002,P0007,255,270.17,264.72550527144017,9.72550527144017
2023-12-15,S002,P0007,279,286.91,281.60769214820584,2.6076921482058424
2023-12-16,S002,P0007,2,13.0,11.867881692743849,9.867881692743849
2023-12-17,S002,P0007,2,0.61,5.659035264093921,3.659035264093921
2023-12-18,S002,P0007,100,92.08,86.79469015451586,13.205309845484138
2023-12-19,S002,P0007,141,132.52,126.35706975729141,14.642930242708587
2023-12-20,S002,P0007,290,289.55,284.48519892703956,5.514801072960438
2023-12-21,S002,P0007,319,335.51,331.3268188091324,12.32681880913242
2023-12-22,S002,P0007,351,346.54,338.52941030890065,12.470589691099349
2023-12-23,S002,P0007,458,473.08,467.68339712870625,9.683397128706247
2023-12-24,S002,P0007,221,226.3,221.66394855640672,0.6639485564067229
2023-12-25,S002,P0007,122,116.35,111.27899540561108,10.721004594388916
2023-12-26,S002,P0007,308,324.18,318.22384791789165,10.223847917891646
2023-12-27,S002,P0007,35,36.18,30.98058488827101,4.019415111728989
2023-12-28,S002,P0007,346,342.78,335.90387019284515,10.096129807154853
2023-12-29,S002,P0007,255,271.61,267.19600191586983,12.196001915869829
2023-12-30,S002,P0007,13,13.36,12.676341613040112,0.32365838695988813
2023-12-31,S002,P0007,16,34.06,29.852736597350322,13.852736597350322
2024-01-01,S002,P0007,2,-6.08,2.5826535723822315,0.5826535723822315
2023-09-18,S002,P0008,145,162.81,157.13990831571587,12.139908315715871
2023-09-19,S002,P0008,172,165.72,161.35984091924155,10.640159080758451
2023-09-20,S002,P0008,11,2.37,6.920296098911933,4.079703901088067
2023-09-21,S002,P0008,2,-7.21,2.3687571530237896,0.36875715302378964
2023-09-22,S002,P0008,18,33.97,29.16606607417755,11.16606607417755
2023-09-23,S002,P0008,77,80.39,74.11125814159908,2.8887418584009197
2023-09-24,S002,P0008,136,142.14,135.7889889633164,0.2110110366836011
2023-09-25,S002,P0008,222,214.26,209.1789063046195,12.821093695380512
2023-09-26,S002,P0008,83,82.69,77.50766402491702,5.49233597508298
2023-09-27,S002,P0008,19,20.93,15.19330702792021,3.806692972079791
2023-09-28,S002,P0008,81,74.73,70.01942469534059,10.98057530465941
2023-09-29,S002,P0008,214,205.39,200.18726064415154,13.812739355848464
2023-09-30,S002,P0008,22,16.63,13.73207568723148,8.26792431276852
2023-10-01,S002,P0008,160,157.15,152.96304682421695,7.036953175783054
2023-10-02,S002,P0008,21,28.64,23.934018698048114,2.9340186980481135
2023-10-03,S002,P0008,33,45.11,39.17644170321299,6.176441703212987
2023-10-04,S002,P0008,17,25.36,20.43221475885604,3.432214758856041
2023-10-05,S002,P0008,219,224.72,220.6769354458446,1.676935445844606
2023-10-06,S002,P0008,182,190.97,186.0825154804757,4.082515480475706
2023-10-07,S002,P0008,112,127.67,121.58619435900317,9.586194359003173
2023-10-08,S002,P0008,27,35.48,30.518289865729418,3.518289865729418
2023-10-09,S002,P0008,52,45.09,39.370775825919154,12.629224174080846
2023-10-10,S002,P0008,92,98.94,93.72394763219162,1.7239476321916243
2023-10-11,S002,P0008,466,462.67,452.1836135978681,13.816386402131911
2023-10-12,S002,P0008,58,59.38,54.3736756631296,3.626324336870397
2023-10-13,S002,P0008,11,30.03,26.161278524634795,15.161278524634795
2023-10-14,S002,P0008,249,256.18,250.43235642571918,1.4323564257191777
2023-10-15,S002,P0008,128,139.29,134.07439854310374,6.07439854310374
2023-10-16,S002,P0008,30,32.54,28.145334037591784,1.854665962408216
2023-10-17,S002,P0008,150,156.72,151.36846505162436,1.368465051624355
2023-10-18,S002,P0008,92,87.13,82.17120694307599,9.828793056924013
2023-10-19,S002,P0008,430,436.0,429.98863916171,0.011360838289988351
2023-10-20,S002,P0008,297,296.72,291.04356540766025,5.956434592339747
2023-10-21,S002,P0008,234,227.05,222.387483378166,11.612516621834004
2023-10-22,S002,P0008,76,72.4,67.29364573309032,8.706354266909685
2023-10-23,S002,P0008,94,89.8,85.13825840652395,8.861741593476054
2023-10-24,S002,P0008,138,139.31,134.7353766621773,3.2646233378227123
2023-10-25,S002,P0008,181,179.38,173.17954752612474,7.820452473875264
2023-10-26,S002,P0008,301,309.83,303.95848417327045,2.958484173270449
2023-10-27,S002,P0008,46,47.21,42.14507619959103,3.8549238004089688
2023-10-28,S002,P0008,142,142.03,136.89094259612898,5.10905740387102
2023-10-29,S002,P0008,250,265.73,257.75791853322266,7.757918533222664
2023-10-30,S002,P0008,333,348.12,342.6952748465596,9.695274846559585
2023-10-31,S002,P0008,25,32.79,28.67202803642724,3.672028036427239
2023-11-01,S002,P0008,43,55.49,49.89763763148095,6.897637631480947
2023-11-02,S002,P0008,83,87.56,81.94599075134269,1.0540092486573087
2023-11-03,S002,P0008,106,96.96,91.64010607312994,14.359893926870058
2023-11-04,S002,P0008,233,248.4,242.72967478236887,9.729674782368875
2023-11-05,S002,P0008,108,103.92,98.3906913707892,9.609308629210801
2023-11-06,S002,P0008,66,83.36,77.78475859577638,11.784758595776381
2023-11-07,S002,P0008,170,162.22,157.26254071023936,12.737459289760636
2023-11-08,S002,P0008,127,138.01,132.83416202913853,5.834162029138525
2023-11-09,S002,P0008,25,40.2,35.220113500395264,10.220113500395264
2023-11-10,S002,P0008,190,202.19,196.3760655103933,6.376065510393289
2023-11-11,S002,P0008,158,162.79,156.7074523314449,1.2925476685551018
2023-11-12,S002,P0008,24,18.5,14.130805577903228,9.869194422096772
2023-11-13,S002,P0008,224,226.7,222.789029580799,1.2109704192010042
2023-11-14,S002,P0008,197,209.83,204.06292450468624,7.062924504686237
2023-11-15,S002,P0008,85,79.45,73.93475985355394,11.065240146446058
2023-11-16,S002,P0008,237,235.41,231.46676591373148,5.533234086268521
2023-11-17,S002,P0008,69,86.27,80.69498774337798,11.694987743377979
2023-11-18,S002,P0008,55,51.02,45.2750208985724,9.7249791014276
2023-11-19,S002,P0008,68,63.8,58.06179008372,9.938209916280002
2023-11-20,S002,P0008,25,35.91,30.640675421021292,5.640675421021292
2023-11-21,S002,P0008,190,198.01,193.1586049843139,3.158604984313911
2023-11-22,S002,P0008,153,159.59,153.0326204222264,0.032620422226386836
2023-11-23,S002,P0008,207,219.4,213.50691361022524,6.50691361022524
2023-11-24,S002,P0008,111,110.45,105.4005863874404,5.5994136125596015
2023-11-25,S002,P0008,315,323.41,318.49267599072635,3.4926759907263545
2023-11-26,S002,P0008,225,219.92,213.39054851230537,11.609451487694628
2023-11-27,S002,P0008,318,334.64,329.43997920304804,11.43997920304804
2023-11-28,S002,P0008,329,331.16,325.14087510685636,3.859124893143644
2023-11-29,S002,P0008,224,227.54,223.0357323040147,0.9642676959853134
2023-11-30,S002,P0008,110,112.01,106.90933200435799,3.090667995642008
2023-12-01,S002,P0008,316,319.38,314.49315977538225,1.506840224617747
2023-12-02,S002,P0008,140,133.27,126.76066448545751,13.23933551454249
2023-12-03,S002,P0008,340,352.46,348.17886274690034,8.178862746900336
2023-12-04,S002,P0008,68,85.4,80.19427807480407,12.194278074804075
2023-12-05,S002,P0008,57,64.37,59.52410281915574,2.5241028191557433
2023-12-06,S002,P0008,48,57.55,52.59871658818118,4.598716588181183
2023-12-07,S002,P0008,78,84.82,79.23233040486001,1.2323304048600079
2023-12-08,S002,P0008,322,313.43,305.090819001459,16.90918099854099
2023-12-09,S002,P0008,55,69.99,64.62010231714017,9.620102317140166
2023-12-10,S002,P0008,49,41.67,36.90612360631465,12.093876393685349
2023-12-11,S002,P0008,71,83.69,78.36465339522366,7.364653395223655
2023-12-12,S002,P0008,13,26.58,21.845209382637535,8.845209382637535
2023-12-13,S002,P0008,13,26.11,22.33352798963911,9.333527989639109
2023-12-14,S002,P0008,9,7.45,9.04142462164608,0.04142462164607963
2023-12-15,S002,P0008,183,200.85,194.04904617074334,11.049046170743338
2023-12-16,S002,P0008,55,51.85,45.60041495797178,9.399585042028221
2023-12-17,S002,P0008,40,56.67,51.818965452300944,11.818965452300944
2023-12-18,S002,P0008,119,110.29,104.29111222070715,14.708887779292851
2023-12-19,S002,P0008,29,38.81,33.78385647579919,4.78385647579919
2023-12-20,S002,P0008,99,96.31,91.24421219839329,7.755787801606715
2023-12-21,S002,P0008,329,327.57,321.8729909896904,7.127009010309621
2023-12-22,S002,P0008,320,322.06,317.53722950271026,2.462770497289739
2023-12-23,S002,P0008,37,43.23,37.78833780806239,0.7883378080623871
2023-12-24,S002,P0008,366,378.05,370.33018052253993,4.3301805225399335
2023-12-25,S002,P0008,172,167.3,162.53029109534887,9.469708904651128
2023-12-26,S002,P0008,399,404.6,399.4563267310485,0.45632673104847754
2023-12-27,S002,P0008,72,80.91,75.26095619927105,3.2609561992710496
2023-12-28,S002,P0008,95,92.83,87.0163727812025,7.983627218797494
2023-12-29,S002,P0008,61,68.98,64.3726654464763,3.3726654464763044
2023-12-30,S002,P0008,228,222.51,217.2874996204656,10.71250037953439
2023-12-31,S002,P0008,15,10.45,10.663177716611004,4.336822283388996
2024-01-01,S002,P0008,43,51.52,45.17393862225383,2.1739386222538286
2023-09-18,S002,P0009,101,115.76,111.32338442742531,10.32338442742531
2023-09-19,S002,P0009,231,221.09,214.99349361818582,16.006506381814177
2023-09-20,S002,P0009,75,70.16,64.04059536620989,10.959404633790115
2023-09-21,S002,P0009,117,135.07,130.0586631902152,13.058663190215213
2023-09-22,S002,P0009,100,118.47,113.10211172937366,13.10211172937366
2023-09-23,S002,P0009,126,137.83,131.4684102482122,5.468410248212194
2023-09-24,S002,P0009,146,139.95,135.2930801399288,10.706919860071196
2023-09-25,S002,P0009,117,131.24,124.90934823964903,7.909348239649034
2023-09-26,S002,P0009,115,125.04,119.54502352359148,4.545023523591482
2023-09-27,S002,P0009,29,27.03,22.477578102138246,6.522421897861754
2023-09-28,S002,P0009,10,16.96,13.276831370195884,3.276831370195884
2023-09-29,S002,P0009,186,199.02,193.07957239623465,7.079572396234653
2023-09-30,S002,P0009,301,295.91,289.9190652102909,11.08093478970909
2023-10-01,S002,P0009,170,167.8,162.87103834202372,7.1289616579762765
2023-10-02,S002,P0009,27,21.97,16.029222555880814,10.970777444119186
2023-10-03,S002,P0009,49,48.52,43.137226400349775,5.862773599650225
2023-10-04,S002,P0009,346,363.86,358.9956528417694,12.995652841769413
2023-10-05,S002,P0009,161,164.64,158.97799658973003,2.022003410269974
2023-10-06,S002,P0009,81,72.15,66.45077642315785,14.549223576842152
2023-10-07,S002,P0009,186,176.49,170.60624500226578,15.39375499773422
2023-10-08,S002,P0009,1,20.36,15.662397388941196,14.662397388941196
2023-10-09,S002,P0009,389,387.31,382.0696046283665,6.9303953716334945
2023-10-10,S002,P0009,12,19.77,15.39229625400825,3.392296254008251
2023-10-11,S002,P0009,54,59.85,53.98438813566706,0.015611864332939263
2023-10-12,S002,P0009,182,187.0,181.27625550787184,0.7237444921281622
2023-10-13,S002,P0009,266,276.88,269.6938911279261,3.693891127926122
2023-10-14,S002,P0009,6,21.74,15.753879333438196,9.753879333438196
2023-10-15,S002,P0009,2,21.32,15.527066307145677,13.527066307145677
2023-10-16,S002,P0009,404,409.47,403.928635623928,0.07136437607198332
2023-10-17,S002,P0009,33,38.58,34.216829187028395,1.2168291870283952
2023-10-18,S002,P0009,130,131.35,125.94149138343919,4.058508616560815
2023-10-19,S002,P0009,84,75.43,70.97977508442138,13.020224915578623
2023-10-20,S002,P0009,10,14.3,12.174851097450492,2.1748510974504924
2023-10-21,S002,P0009,87,89.17,83.30837548544785,3.691624514552146
2023-10-22,S002,P0009,207,215.22,209.70763267963505,2.7076326796350543
2023-10-23,S002,P0009,329,339.7,333.30623649643627,4.30623649643627
2023-10-24,S002,P0009,325,325.92,320.3705807111588,4.629419288841177
2023-10-25,S002,P0009,25,15.73,12.826230907737095,12.173769092262905
2023-10-26,S002,P0009,140,145.05,140.0101493901223,0.010149390122307977
2023-10-27,S002,P0009,35,46.59,40.97325693697792,5.9732569369779185
2023-10-28,S002,P0009,26,17.78,14.296934583238382,11.703065416761618
2023-10-29,S002,P0009,248,257.53,250.999590142739,2.9995901427390095
2023-10-30,S002,P0009,199,208.31,203.51973630176315,4.519736301763146
2023-10-31,S002,P0009,104,97.26,91.2455109465188,12.754489053481194
2023-11-01,S002,P0009,37,38.31,33.681722063692085,3.318277936307915
2023-11-02,S002,P0009,232,238.43,234.00922364995722,2.009223649957221
2023-11-03,S002,P0009,379,372.04,365.86464008861054,13.135359911389457
2023-11-04,S002,P0009,111,123.11,117.66230979920478,6.6623097992047775
2023-11-05,S002,P0009,120,122.75,117.53040577127699,2.469594228723011
2023-11-06,S002,P0009,133,129.05,123.95217933236756,9.047820667632436
2023-11-07,S002,P0009,109,105.03,98.8561051044152,10.143894895584793
2023-11-08,S002,P0009,69,60.56,55.89538698242953,13.104613017570472
2023-11-09,S002,P0009,162,181.14,176.47673990927066,14.476739909270663
2023-11-10,S002,P0009,13,11.26,10.86149094611082,2.1385090538891802
2023-11-11,S002,P0009,68,69.96,64.22665509129493,3.77334490870507
2023-11-12,S002,P0009,130,129.83,124.6910595629129,5.308940437087102
2023-11-13,S002,P0009,61,52.3,45.79258903092932,15.20741096907068
2023-11-14,S002,P0009,48,55.27,50.33110361865299,2.331103618652989
2023-11-15,S002,P0009,81,100.94,94.33032358563442,13.330323585634417
2023-11-16,S002,P0009,94,100.85,94.124868343465,0.1248683434649962
2023-11-17,S002,P0009,93,107.17,102.00169377494436,9.001693774944357
2023-11-18,S002,P0009,10,15.06,12.24024567420868,2.24024567420868
2023-11-19,S002,P0009,431,422.88,414.93439435285075,16.065605647149255
2023-11-20,S002,P0009,246,257.02,250.5416249389251,4.541624938925111
2023-11-21,S002,P0009,208,226.59,222.48386051150726,14.48386051150726
2023-11-22,S002,P0009,136,143.45,138.59786501089818,2.5978650108981753
2023-11-23,S002,P0009,434,435.47,431.72309541999874,2.2769045800012577
2023-11-24,S002,P0009,280,291.73,287.260423521683,7.260423521682981
2023-11-25,S002,P0009,175,193.02,185.75083408360172,10.750834083601717
2023-11-26,S002,P0009,24,41.72,36.28163537065161,12.281635370651607
2023-11-27,S002,P0009,105,124.77,117.83554456849205,12.835544568492054
2023-11-28,S002,P0009,29,48.2,43.29143743135249,14.291437431352492
2023-11-29,S002,P0009,280,281.03,276.4153625096168,3.5846374903832157
2023-11-30,S002,P0009,184,174.08,167.56850972798247,16.431490272017527
2023-12-01,S002,P0009,59,67.56,62.183416697119,3.183416697119
2023-12-02,S002,P0009,53,61.01,55.722689166629,2.722689166629003
2023-12-03,S002,P0009,150,163.32,157.46283833797196,7.462838337971959
2023-12-04,S002,P0009,120,117.05,112.7622452365522,7.237754763447796
2023-12-05,S002,P0009,49,59.7,54.11190758627697,5.1119075862769705
2023-12-06,S002,P0009,62,71.23,66.90896593845915,4.908965938459147
2023-12-07,S002,P0009,15,9.13,9.883387109401093,5.116612890598907
2023-12-08,S002,P0009,212,205.67,200.0517647950761,11.94823520492389
2023-12-09,S002,P0009,198,201.84,196.82934387713308,1.170656122866916
2023-12-10,S002,P0009,62,69.55,63.89161661259281,1.8916166125928129
2023-12-11,S002,P0009,24,22.81,16.826406597994136,7.173593402005864
2023-12-12,S002,P0009,105,109.55,104.56519855360187,0.4348014463981258
2023-12-13,S002,P0009,13,7.11,8.754183695987177,4.245816304012823
2023-12-14,S002,P0009,138,149.16,143.39771471388656,5.3977147138865575
2023-12-15,S002,P0009,239,239.83,234.61477919061758,4.385220809382417
2023-12-16,S002,P0009,57,64.59,59.161363135730824,2.1613631357308236
2023-12-17,S002,P0009,370,371.78,365.83882685562554,4.161173144374459
2023-12-18,S002,P0009,297,289.2,283.57212618291123,13.427873817088766
2023-12-19,S002,P0009,139,130.6,124.75994626255056,14.240053737449443
2023-12-20,S002,P0009,356,347.78,342.8577757973951,13.142224202604893
2023-12-21,S002,P0009,175,193.77,188.20140060845398,13.20140060845398
2023-12-22,S002,P0009,160,179.04,172.30356206197192,12.303562061971917
2023-12-23,S002,P0009,354,368.14,364.4006728005195,10.400672800519487
2023-12-24,S002,P0009,258,267.77,260.73451336182285,2.7345133618228488
2023-12-25,S002,P0009,101,103.74,98.45920910596328,2.540790894036718
2023-12-26,S002,P0009,453,444.97,434.3715403146128,18.628459685387213
2023-12-27,S002,P0009,182,197.13,191.43677709584415,9.43677709584415
2023-12-28,S002,P0009,24,32.46,27.86510066329172,3.86510066329172
2023-12-29,S002,P0009,162,176.28,170.39299405554775,8.392994055547746
2023-12-30,S002,P0009,179,181.44,176.3673180072675,2.6326819927325005
2023-12-31,S002,P0009,57,54.8,49.98149776425501,7.0185022357449895
2024-01-01,S002,P0009,31,38.26,33.200269456433816,2.2002694564338157
2023-09-18,S002,P0010,69,59.93,55.546994866698114,13.453005133301886
2023-09-19,S002,P0010,45,43.13,38.93406997287105,6.06593002712895
2023-09-20,S002,P0010,27,33.89,29.54166403338583,2.5416640333858282
2023-09-21,S002,P0010,40,46.59,40.84031940741415,0.8403194074141496
2023-09-22,S002,P0010,90,89.55,85.4711295756285,4.5288704243715046
2023-09-23,S002,P0010,122,122.82,118.52866492392829,3.4713350760717105
2023-09-24,S002,P0010,237,252.83,246.9391806787525,9.939180678752507
2023-09-25,S002,P0010,152,161.61,155.9608160332528,3.9608160332527973
2023-09-26,S002,P0010,6,-2.1,4.586016845965509,1.413983154034491
2023-09-27,S002,P0010,85,91.62,86.28844316356381,1.2884431635638123
2023-09-28,S002,P0010,176,182.14,177.1886156753215,1.1886156753215005
2023-09-29,S002,P0010,15,12.26,11.168612503193755,3.8313874968062454
2023-09-30,S002,P0010,88,107.36,101.22880817985387,13.228808179853871
2023-10-01,S002,P0010,26,38.53,33.060243733068525,7.060243733068525
2023-10-02,S002,P0010,453,462.03,452.1515660624953,0.8484339375046943
2023-10-03,S002,P0010,160,175.47,169.81007505166295,9.810075051662949
2023-10-04,S002,P0010,61,74.58,68.41037190671625,7.41037190671625
2023-10-05,S002,P0010,1,20.96,15.849664229200602,14.849664229200602
2023-10-06,S002,P0010,158,154.23,149.19139616958782,8.808603830412181
2023-10-07,S002,P0010,113,122.54,116.98528575681857,3.98528575681857
2023-10-08,S002,P0010,151,154.8,150.0664699779752,0.9335300220247973
2023-10-09,S002,P0010,35,31.67,26.850203729598242,8.149796270401758
2023-10-10,S002,P0010,97,104.84,99.14167030264532,2.1416703026453234
2023-10-11,S002,P0010,101,98.71,92.69878705566705,8.301212944332946
2023-10-12,S002,P0010,117,115.95,110.43425665559423,6.5657433444057745
2023-10-13,S002,P0010,76,70.58,65.07774319625516,10.922256803744844
2023-10-14,S002,P0010,122,117.05,112.2368219531356,9.763178046864397
2023-10-15,S002,P0010,41,44.51,39.23574632725713,1.7642536727428677
2023-10-16,S002,P0010,49,51.38,45.23664229664303,3.7633577033569665
2023-10-17,S002,P0010,85,82.33,76.59633640741824,8.403663592581765
2023-10-18,S002,P0010,421,416.06,412.85852450740714,8.14147549259286
2023-10-19,S002,P0010,72,79.66,74.48854693628897,2.4885469362889694
2023-10-20,S002,P0010,71,62.73,57.12104029479706,13.878959705202938
2023-10-21,S002,P0010,252,264.39,257.5660726062083,5.566072606208309
2023-10-22,S002,P0010,2,-5.1,2.654589336463278,0.6545893364632782
2023-10-23,S002,P0010,391,403.37,397.21618756873863,6.216187568738633
2023-10-24,S002,P0010,92,102.16,96.19342493733495,4.193424937334953
2023-10-25,S002,P0010,244,249.32,242.12822204846736,1.8717779515326356
2023-10-26,S002,P0010,262,252.99,248.17880291852515,13.82119708147485
2023-10-27,S002,P0010,72,81.0,74.7480957393233,2.748095739323304
2023-10-28,S002,P0010,180,170.82,165.2872668407811,14.712733159218914
2023-10-29,S002,P0010,79,70.05,64.39244962704169,14.607550372958315
2023-10-30,S002,P0010,65,82.57,77.47948320547894,12.479483205478942
2023-10-31,S002,P0010,37,55.94,50.67991575609739,13.679915756097387
2023-11-01,S002,P0010,38,34.49,29.90533885381432,8.094661146185679
2023-11-02,S002,P0010,19,23.86,18.84849020533754,0.15150979466245929
2023-11-03,S002,P0010,273,291.17,286.3404826895643,13.340482689564283
2023-11-04,S002,P0010,427,424.88,421.05935962828687,5.94064037171313
2023-11-05,S002,P0010,32,40.32,36.04485321860996,4.044853218609958
2023-11-06,S002,P0010,82,94.61,88.80377074276457,6.80377074276457
2023-11-07,S002,P0010,45,59.13,54.711329595282464,9.711329595282464
2023-11-08,S002,P0010,26,18.53,14.553498333129596,11.446501666870404
2023-11-09,S002,P0010,117,134.69,130.30472513068275,13.304725130682755
2023-11-10,S002,P0010,147,157.84,152.53097151262688,5.530971512626877
2023-11-11,S002,P0010,90,84.07,79.12995855822385,10.870041441776152
2023-11-12,S002,P0010,428,427.5,422.5656002626358,5.434399737364174
2023-11-13,S002,P0010,296,294.91,289.39124955804255,6.608750441957454
2023-11-14,S002,P0010,214,215.65,211.40084406462125,2.5991559353787466
2023-11-15,S002,P0010,58,71.22,66.58650217268777,8.586502172687773
2023-11-16,S002,P0010,1,16.08,13.025793347195172,12.025793347195172
2023-11-17,S002,P0010,270,285.0,279.5663786990758,9.566378699075813
2023-11-18,S002,P0010,57,67.77,62.7932258669334,5.793225866933398
2023-11-19,S002,P0010,50,60.38,55.86772815891378,5.867728158913778
2023-11-20,S002,P0010,70,74.56,68.61813107350764,1.3818689264923592
2023-11-21,S002,P0010,26,28.88,24.347295013772474,1.6527049862275263
2023-11-22,S002,P0010,70,63.08,56.990730772149774,13.009269227850226
2023-11-23,S002,P0010,72,79.36,73.68201769924369,1.682017699243687
2023-11-24,S002,P0010,151,166.39,161.6212197273092,10.62121972730921
2023-11-25,S002,P0010,293,303.98,299.3128546152427,6.312854615242713
2023-11-26,S002,P0010,19,28.89,24.105421222432128,5.105421222432128
2023-11-27,S002,P0010,33,29.77,25.303584770886207,7.696415229113793
2023-11-28,S002,P0010,18,10.74,9.395635446083597,8.604364553916403
2023-11-29,S002,P0010,266,263.75,257.17620607628476,8.823793923715243
2023-11-30,S002,P0010,64,64.23,58.68598752955561,5.314012470444389
2023-12-01,S002,P0010,206,211.01,205.6611400037384,0.3388599962615899
2023-12-02,S002,P0010,223,232.24,226.52325560669522,3.5232556066952156
2023-12-03,S002,P0010,112,123.49,118.06400024637392,6.064000246373922
2023-12-04,S002,P0010,113,117.81,112.97039704123017,0.029602958769828547
2023-12-05,S002,P0010,93,101.03,94.91229968455394,1.9122996845539433
2023-12-06,S002,P0010,239,246.05,239.50138582316606,0.5013858231660606
2023-12-07,S002,P0010,158,166.22,161.48599881088919,3.4859988108891855
2023-12-08,S002,P0010,361,370.64,365.1200129977285,4.120012997728509
2023-12-09,S002,P0010,399,392.48,387.55249823621625,11.447501763783748
2023-12-10,S002,P0010,73,78.61,73.43444643967878,0.43444643967877994
2023-12-11,S002,P0010,211,204.06,197.77698998024027,13.223010019759727
2023-12-12,S002,P0010,133,132.53,126.32456045749842,6.675439542501579
2023-12-13,S002,P0010,151,155.61,149.98554526243706,1.014454737562943
2023-12-14,S002,P0010,15,25.02,20.86035719972404,5.860357199724039
2023-12-15,S002,P0010,161,172.6,167.23715507558194,6.2371550755819385
2023-12-16,S002,P0010,52,51.73,46.2803897609038,5.719610239096198
2023-12-17,S002,P0010,34,28.99,23.533609022479013,10.466390977520987
2023-12-18,S002,P0010,200,201.25,195.3367382494567,4.663261750543313
2023-12-19,S002,P0010,2,9.72,9.230871380284077,7.230871380284077
2023-12-20,S002,P0010,245,264.53,257.18748347832104,12.187483478321042
2023-12-21,S002,P0010,6,22.42,17.4531531045834,11.4531531045834
2023-12-22,S002,P0010,360,378.2,372.0504978015884,12.050497801588392
2023-12-23,S002,P0010,137,153.3,147.54470205260859,10.544702052608585
2023-12-24,S002,P0010,73,71.82,66.23245811245427,6.7675418875457325
2023-12-25,S002,P0010,300,314.34,309.46323856984407,9.463238569844066
2023-12-26,S002,P0010,21,33.81,29.697202518000857,8.697202518000857
2023-12-27,S002,P0010,31,50.72,45.24032050635045,14.24032050635045
2023-12-28,S002,P0010,394,384.06,376.97024807357025,17.029751926429753
2023-12-29,S002,P0010,147,144.29,138.90527239143904,8.094727608560959
2023-12-30,S002,P0010,57,59.2,54.967641573421574,2.0323584265784262
2023-12-31,S002,P0010,37,56.92,52.818091371287785,15.818091371287785
2024-01-01,S002,P0010,347,346.37,337.1298657312766,9.870134268723405
2023-09-18,S002,P0011,27,19.58,14.926137261772825,12.073862738227175
2023-09-19,S002,P0011,382,388.52,382.5943606359271,0.594360635927103
2023-09-20,S002,P0011,86,102.93,97.6307609360533,11.630760936053306
2023-09-21,S002,P0011,13,5.91,8.418082298135335,4.581917701864665
2023-09-22,S002,P0011,45,42.27,37.730130604971635,7.2698693950283655
2023-09-23,S002,P0011,136,154.88,149.86506929641502,13.865069296415015
2023-09-24,S002,P0011,370,388.0,381.55615531745946,11.556155317459456
2023-09-25,S002,P0011,47,41.15,35.82811574159579,11.171884258404212
2023-09-26,S002,P0011,16,30.28,26.389553581742245,10.389553581742245
2023-09-27,S002,P0011,52,55.25,49.60046968726227,2.399530312737731
2023-09-28,S002,P0011,3,3.3,6.777870990663865,3.777870990663865
2023-09-29,S002,P0011,35,36.25,30.89959169957741,4.10040830042259
2023-09-30,S002,P0011,62,78.67,73.2085902241354,11.208590224135406
2023-10-01,S002,P0011,279,297.53,291.6291023705021,12.629102370502096
2023-10-02,S002,P0011,21,24.31,18.730964992912874,2.269035007087126
2023-10-03,S002,P0011,292,304.54,299.48460763143214,7.484607631432141
2023-10-04,S002,P0011,324,322.7,317.88444671986383,6.115553280136169
2023-10-05,S002,P0011,301,318.36,314.81258346533934,13.812583465339344
2023-10-06,S002,P0011,390,397.34,389.03765953520235,0.9623404647976486
2023-10-07,S002,P0011,140,148.83,143.4284835458863,3.4284835458863085
2023-10-08,S002,P0011,81,88.47,82.59107757634669,1.5910775763466916
2023-10-09,S002,P0011,96,90.53,84.51646404844325,11.483535951556746
2023-10-10,S002,P0011,218,236.33,231.58153892455215,13.581538924552149
2023-10-11,S002,P0011,89,87.36,82.79268760388258,6.207312396117416
2023-10-12,S002,P0011,84,79.62,74.32525150749878,9.674748492501223
2023-10-13,S002,P0011,4,23.33,18.556927037699573,14.556927037699573
2023-10-14,S002,P0011,47,58.54,52.95595460562207,5.955954605622068
2023-10-15,S002,P0011,140,154.77,149.35148175506112,9.351481755061116
2023-10-16,S002,P0011,37,45.6,39.85232214322447,2.8523221432244696
2023-10-17,S002,P0011,301,291.7,286.17538113538444,14.824618864615559
2023-10-18,S002,P0011,77,91.58,86.03646910216253,9.036469102162528
2023-10-19,S002,P0011,165,178.4,172.35514262714446,7.35514262714446
2023-10-20,S002,P0011,40,48.75,43.57640781314292,3.5764078131429216
2023-10-21,S002,P0011,409,409.05,404.8644936057421,4.135506394257902
2023-10-22,S002,P0011,92,94.53,88.63805459539141,3.3619454046085906
2023-10-23,S002,P0011,250,255.45,249.25731551930414,0.742684480695857
2023-10-24,S002,P0011,285,297.64,290.69299383534735,5.692993835347352
2023-10-25,S002,P0011,183,190.3,184.65591166799328,1.65591166799328
2023-10-26,S002,P0011,60,64.86,59.946055421307804,0.05394457869219593
2023-10-27,S002,P0011,62,56.93,51.931746066031835,10.068253933968165
2023-10-28,S002,P0011,406,411.66,406.20540785870514,0.20540785870514355
2023-10-29,S002,P0011,143,151.18,146.5137629407913,3.5137629407913096
2023-10-30,S002,P0011,245,258.8,252.9322986839602,7.932298683960198
2023-10-31,S002,P0011,122,127.22,121.53567662599934,0.4643233740006565
2023-11-01,S002,P0011,66,78.44,73.16056914087642,7.160569140876419
2023-11-02,S002,P0011,92,106.52,101.25680379200952,9.25680379200952
2023-11-03,S002,P0011,341,345.42,337.9821191262841,3.01788087371591
2023-11-04,S002,P0011,27,36.39,31.533975974345807,4.5339759743458075
2023-11-05,S002,P0011,0,-0.43,5.301312102784973,5.301312102784973
2023-11-06,S002,P0011,84,102.93,97.05285081637581,13.052850816375809
2023-11-07,S002,P0011,30,33.47,29.31506454535268,0.6849354546473201
2023-11-08,S002,P0011,43,60.28,55.1228421580353,12.122842158035297
2023-11-09,S002,P0011,68,64.24,58.743970058979805,9.256029941020195
2023-11-10,S002,P0011,37,31.48,27.112766746724397,9.887233253275603
2023-11-11,S002,P0011,12,27.85,23.224694145325156,11.224694145325156
2023-11-12,S002,P0011,142,137.81,131.8434068226572,10.156593177342813
2023-11-13,S002,P0011,21,19.3,14.517113278378275,6.482886721621725
2023-11-14,S002,P0011,256,274.91,268.9047289419367,12.904728941936696
2023-11-15,S002,P0011,110,120.41,114.7054133157869,4.705413315786899
2023-11-16,S002,P0011,46,55.57,50.310787782491815,4.310787782491815
2023-11-17,S002,P0011,74,72.5,68.20769775646465,5.792302243535346
2023-11-18,S002,P0011,113,105.63,100.60939406537041,12.39060593462959
2023-11-19,S002,P0011,97,107.34,102.00944075872515,5.009440758725148
2023-11-20,S002,P0011,25,27.73,22.90987181406468,2.0901281859353205
2023-11-21,S002,P0011,14,13.86,12.154978748927961,1.8450212510720387
2023-11-22,S002,P0011,2,10.8,10.504639269731296,8.504639269731296
2023-11-23,S002,P0011,253,243.72,237.75475907600782,15.245240923992185
2023-11-24,S002,P0011,307,301.04,295.62717039985944,11.372829600140562
2023-11-25,S002,P0011,65,81.32,75.43207172416567,10.432071724165667
2023-11-26,S002,P0011,115,117.5,112.12442518666253,2.8755748133374652
2023-11-27,S002,P0011,237,228.23,223.45978842186204,13.540211578137956
2023-11-28,S002,P0011,132,149.51,144.61788963678146,12.617889636781456
2023-11-29,S002,P0011,128,125.17,118.75879915209535,9.24120084790465
2023-11-30,S002,P0011,159,176.89,170.9446819301239,11.944681930123892
2023-12-01,S002,P0011,40,43.46,38.59168402334233,1.4083159766576685
2023-12-02,S002,P0011,137,146.1,141.07713988683446,4.077139886834459
2023-12-03,S002,P0011,88,101.15,95.98714548298504,7.987145482985042
2023-12-04,S002,P0011,167,176.19,171.34490498462202,4.344904984622019
2023-12-05,S002,P0011,198,209.44,204.03590761867974,6.035907618679744
2023-12-06,S002,P0011,165,171.16,165.66682957168905,0.6668295716890498
2023-12-07,S002,P0011,141,143.11,137.5228830310433,3.477116968956693
2023-12-08,S002,P0011,73,83.86,78.45142379611534,5.451423796115336
2023-12-09,S002,P0011,51,50.89,45.03159250799686,5.968407492003138
2023-12-10,S002,P0011,161,174.97,169.61087354273565,8.610873542735646
2023-12-11,S002,P0011,51,57.52,52.1070640978307,1.1070640978307011
2023-12-12,S002,P0011,66,77.0,70.96656137023449,4.966561370234487
2023-12-13,S002,P0011,101,109.09,103.80854622243945,2.808546222439446
2023-12-14,S002,P0011,364,369.47,363.7403102953042,0.259689704695802
2023-12-15,S002,P0011,40,52.21,47.78592137351173,7.7859213735117265
2023-12-16,S002,P0011,225,223.81,218.70373387669918,6.296266123300825
2023-12-17,S002,P0011,91,91.71,86.21741100857852,4.782588991421477
2023-12-18,S002,P0011,42,37.54,33.34024921911387,8.659750780886128
2023-12-19,S002,P0011,90,108.75,104.11575068764412,14.115750687644123
2023-12-20,S002,P0011,204,207.46,202.30633162052317,1.6936683794768328
2023-12-21,S002,P0011,48,54.83,50.025126331345845,2.025126331345845
2023-12-22,S002,P0011,331,345.18,338.74360119154005,7.743601191540051
2023-12-23,S002,P0011,49,41.27,35.74316151185818,13.256838488141817
2023-12-24,S002,P0011,196,205.68,200.42031959613468,4.420319596134675
2023-12-25,S002,P0011,99,92.59,86.08182127588333,12.918178724116672
2023-12-26,S002,P0011,183,200.14,192.3460304551773,9.3460304551773
2023-12-27,S002,P0011,8,14.78,11.997724191698023,3.9977241916980226
2023-12-28,S002,P0011,44,50.85,45.64653430057956,1.6465343005795603
2023-12-29,S002,P0011,13,16.32,12.26339594353162,0.73660405646838
2023-12-30,S002,P0011,29,35.96,30.39518864706293,1.3951886470629304
2023-12-31,S002,P0011,189,195.97,191.90153742808195,2.9015374280819515
2024-01-01,S002,P0011,39,53.05,48.08266702888834,9.082667028888338
2023-09-18,S002,P0012,93,97.85,91.64299785927182,1.3570021407281843
2023-09-19,S002,P0012,98,98.2,92.5187148667164,5.481285133283606
2023-09-20,S002,P0012,46,39.18,34.298369545145576,11.701630454854424
2023-09-21,S002,P0012,239,234.61,229.57189260508113,9.428107394918868
2023-09-22,S002,P0012,346,358.06,352.99366004327226,6.993660043272257
2023-09-23,S002,P0012,176,166.07,161.5031642460981,14.496835753901905
2023-09-24,S002,P0012,227,245.33,238.46003088681414,11.460030886814138
2023-09-25,S002,P0012,328,333.51,330.21494149057764,2.214941490577644
2023-09-26,S002,P0012,82,99.02,93.17633254283746,11.176332542837457
2023-09-27,S002,P0012,45,45.09,40.19238603269224,4.807613967307759
2023-09-28,S002,P0012,195,197.65,192.91096024713966,2.0890397528603444
2023-09-29,S002,P0012,92,91.3,85.7786671143008,6.221332885699198
2023-09-30,S002,P0012,179,182.57,177.2781980207003,1.7218019792996984
2023-10-01,S002,P0012,230,232.01,226.35868219174534,3.641317808254655
2023-10-02,S002,P0012,76,84.15,78.78196554567195,2.7819655456719516
2023-10-03,S002,P0012,101,106.15,100.23950502056013,0.7604949794398692
2023-10-04,S002,P0012,5,2.17,6.925938247497193,1.925938247497193
2023-10-05,S002,P0012,107,117.25,112.15995466187465,5.15995466187465
2023-10-06,S002,P0012,11,26.87,22.221820239361133,11.221820239361133
2023-10-07,S002,P0012,89,97.92,91.52811064403069,2.52811064403069
2023-10-08,S002,P0012,20,12.62,11.16376902909137,8.83623097090863
2023-10-09,S002,P0012,4,0.25,5.555210421699407,1.5552104216994067
2023-10-10,S002,P0012,69,75.37,70.87006646494895,1.8700664649489482
2023-10-11,S002,P0012,135,133.9,127.88329432949419,7.116705670505809
2023-10-12,S002,P0012,242,235.74,231.63124127010235,10.36875872989765
2023-10-13,S002,P0012,27,19.12,14.574958759312413,12.425041240687587
2023-10-14,S002,P0012,224,236.19,232.51746307998897,8.517463079988971
2023-10-15,S002,P0012,66,77.86,72.33585512990791,6.335855129907912
2023-10-16,S002,P0012,124,133.95,127.81264223330342,3.8126422333034213
2023-10-17,S002,P0012,35,32.63,28.121113594385015,6.878886405614985
2023-10-18,S002,P0012,341,352.82,349.39877120986546,8.398771209865458
2023-10-19,S002,P0012,312,331.0,325.48827906044795,13.488279060447951
2023-10-20,S002,P0012,84,102.55,96.28342940092163,12.283429400921634
2023-10-21,S002,P0012,69,70.39,65.43351132503946,3.5664886749605387
2023-10-22,S002,P0012,46,58.44,53.192520499546994,7.192520499546994
2023-10-23,S002,P0012,43,37.44,33.51309252010226,9.486907479897738
2023-10-24,S002,P0012,277,277.34,272.2879239114587,4.712076088541323
2023-10-25,S002,P0012,343,357.98,352.6356197739781,9.635619773978078
2023-10-26,S002,P0012,78,94.63,88.56765418935275,10.567654189352751
2023-10-27,S002,P0012,378,392.87,388.2194283486886,10.21942834868861
2023-10-28,S002,P0012,446,441.54,435.4842100501003,10.515789949899727
2023-10-29,S002,P0012,245,244.85,237.244856544691,7.755143455308996
2023-10-30,S002,P0012,216,210.2,204.5282688868202,11.4717311131798
2023-10-31,S002,P0012,99,113.9,108.38325216215634,9.383252162156339
2023-11-01,S002,P0012,96,86.78,81.67182850644085,14.328171493559154
2023-11-02,S002,P0012,459,460.13,452.5542775942725,6.445722405727508
2023-11-03,S002,P0012,16,27.47,22.236605606171835,6.236605606171835
2023-11-04,S002,P0012,93,95.05,89.80342144694737,3.196578553052632
2023-11-05,S002,P0012,55,51.53,45.9907421770492,9.0092578229508
2023-11-06,S002,P0012,93,103.43,99.31922145594658,6.319221455946575
2023-11-07,S002,P0012,26,18.46,14.690672055889578,11.309327944110422
2023-11-08,S002,P0012,415,418.64,412.4868187951196,2.513181204880425
2023-11-09,S002,P0012,26,41.77,36.90381050666012,10.903810506660122
2023-11-10,S002,P0012,288,279.71,272.59957073149553,15.400429268504467
2023-11-11,S002,P0012,98,98.16,92.24988690510497,5.750113094895028
2023-11-12,S002,P0012,258,277.25,271.55419103007506,13.55419103007506
2023-11-13,S002,P0012,45,63.06,57.316409857672824,12.316409857672824
2023-11-14,S002,P0012,86,103.82,99.09872871334164,13.098728713341643
2023-11-15,S002,P0012,99,101.24,94.64161247306234,4.358387526937662
2023-11-16,S002,P0012,67,83.61,77.99934165837111,10.999341658371108
2023-11-17,S002,P0012,47,39.04,34.75252791441718,12.247472085582821
2023-11-18,S002,P0012,370,378.1,371.89075271258093,1.8907527125809338
2023-11-19,S002,P0012,215,231.45,226.18624134189912,11.18624134189912
2023-11-20,S002,P0012,21,27.77,22.82232598907007,1.8223259890700696
2023-11-21,S002,P0012,271,282.42,277.5792275856413,6.57922758564132
2023-11-22,S002,P0012,199,205.09,199.4320812803939,0.43208128039390203
2023-11-23,S002,P0012,21,40.36,35.94285723424138,14.94285723424138
2023-11-24,S002,P0012,49,50.84,45.34474061495766,3.655259385042342
2023-11-25,S002,P0012,276,276.06,269.4339063764894,6.5660936235105964
2023-11-26,S002,P0012,299,304.7,299.5917750116681,0.5917750116681191
2023-11-27,S002,P0012,143,139.2,133.8832417451071,9.116758254892886
2023-11-28,S002,P0012,113,116.86,112.65364317431758,0.3463568256824203
2023-11-29,S002,P0012,262,259.18,252.95746486106526,9.042535138934738
2023-11-30,S002,P0012,140,138.57,133.03075659656102,6.9692434034389805
2023-12-01,S002,P0012,25,27.04,22.02768654369986,2.9723134563001388
2023-12-02,S002,P0012,4,11.88,10.853528477484286,6.853528477484286
2023-12-03,S002,P0012,80,82.49,77.23878849562718,2.761211504372824
2023-12-04,S002,P0012,347,349.25,342.6070078818654,4.3929921181346
2023-12-05,S002,P0012,60,79.25,74.32260362205018,14.322603622050181
2023-12-06,S002,P0012,79,94.4,89.05632874017175,10.05632874017175
2023-12-07,S002,P0012,248,248.57,242.80296701703972,5.19703298296028
2023-12-08,S002,P0012,70,64.03,58.14350557091633,11.856494429083668
2023-12-09,S002,P0012,199,197.0,191.90811242744417,7.091887572555834
2023-12-10,S002,P0012,89,105.63,99.46966935010374,10.469669350103743
2023-12-11,S002,P0012,165,155.55,150.18108980517556,14.81891019482444
2023-12-12,S002,P0012,8,14.61,11.870801931585262,3.8708019315852624
2023-12-13,S002,P0012,97,114.27,108.52383660763411,11.52383660763411
2023-12-14,S002,P0012,11,18.18,14.256702212098597,3.256702212098597
2023-12-15,S002,P0012,383,398.6,395.6645640120897,12.664564012089727
2023-12-16,S002,P0012,47,49.55,44.8785133838995,2.1214866161004977
2023-12-17,S002,P0012,22,22.55,17.334534946961597,4.665465053038403
2023-12-18,S002,P0012,66,69.29,65.00325335387856,0.9967466461214372
2023-12-19,S002,P0012,26,41.34,36.317973717486225,10.317973717486225
2023-12-20,S002,P0012,80,70.58,65.22315207790882,14.776847922091179
2023-12-21,S002,P0012,461,453.97,449.1422461822468,11.857753817753178
2023-12-22,S002,P0012,71,74.48,69.04037815480835,1.9596218451916485
2023-12-23,S002,P0012,29,22.77,17.660558462739292,11.339441537260708
2023-12-24,S002,P0012,207,219.77,213.60937667397758,6.609376673977579
2023-12-25,S002,P0012,158,162.9,157.73342932361936,0.26657067638063836
2023-12-26,S002,P0012,256,264.51,257.25513606516097,1.2551360651609684
2023-12-27,S002,P0012,61,53.76,49.23717318605593,11.762826813944073
2023-12-28,S002,P0012,35,47.29,42.51969079063629,7.5196907906362895
2023-12-29,S002,P0012,63,71.52,65.93775565109641,2.93775565109641
2023-12-30,S002,P0012,119,112.14,108.17685486170177,10.82314513829823
2023-12-31,S002,P0012,194,205.65,200.37994436774557,6.379944367745566
2024-01-01,S002,P0012,130,139.71,134.151137734497,4.151137734497013
2023-09-18,S002,P0013,354,369.7,364.8006986441558,10.800698644155773
2023-09-19,S002,P0013,134,139.2,134.25211152376443,0.2521115237644267
2023-09-20,S002,P0013,115,124.19,117.68928400282789,2.6892840028278897
2023-09-21,S002,P0013,47,40.22,35.04605632461285,11.953943675387151
2023-09-22,S002,P0013,249,262.51,256.44981678429764,7.449816784297639
2023-09-23,S002,P0013,281,272.58,266.4181091399887,14.581890860011299
2023-09-24,S002,P0013,45,60.0,54.452059753955915,9.452059753955915
2023-09-25,S002,P0013,100,98.53,92.52609169740612,7.473908302593884
2023-09-26,S002,P0013,38,36.98,31.207466532158076,6.792533467841924
2023-09-27,S002,P0013,3,-0.27,4.939409941145725,1.9394099411457253
2023-09-28,S002,P0013,12,26.35,22.244755863524666,10.244755863524666
2023-09-29,S002,P0013,402,401.06,397.28348328275973,4.7165167172402676
2023-09-30,S002,P0013,100,102.1,96.41156136195116,3.588438638048842
2023-10-01,S002,P0013,152,145.09,138.8784058106405,13.121594189359513
2023-10-02,S002,P0013,25,37.1,33.026147561949244,8.026147561949244
2023-10-03,S002,P0013,147,147.21,141.16851474662857,5.831485253371426
2023-10-04,S002,P0013,60,61.14,55.71483316479262,4.285166835207377
2023-10-05,S002,P0013,131,126.86,120.93055567559615,10.069444324403847
2023-10-06,S002,P0013,35,54.34,49.90058994861812,14.90058994861812
2023-10-07,S002,P0013,78,80.06,74.4333992705231,3.566600729476903
2023-10-08,S002,P0013,91,87.39,82.1741994707556,8.825800529244404
2023-10-09,S002,P0013,227,233.21,227.8000151502637,0.8000151502637038
2023-10-10,S002,P0013,67,73.99,68.40384301851245,1.4038430185124469
2023-10-11,S002,P0013,346,348.89,344.1258867795629,1.8741132204370956
2023-10-12,S002,P0013,32,43.74,39.84813662512803,7.848136625128028
2023-10-13,S002,P0013,147,144.15,138.67069260643837,8.329307393561635
2023-10-14,S002,P0013,24,23.75,17.526477176514497,6.473522823485503
2023-10-15,S002,P0013,24,36.78,31.75398793039448,7.75398793039448
2023-10-16,S002,P0013,136,148.71,142.70008416779444,6.700084167794444
2023-10-17,S002,P0013,202,217.33,212.123876624868,10.12387662486799
2023-10-18,S002,P0013,169,188.26,183.81287656596405,14.812876565964046
2023-10-19,S002,P0013,68,78.67,73.6463499151823,5.646349915182299
2023-10-20,S002,P0013,90,99.83,94.17699914384347,4.176999143843474
2023-10-21,S002,P0013,113,126.19,120.25624528272047,7.256245282720471
2023-10-22,S002,P0013,6,21.94,15.86900602205027,9.86900602205027
2023-10-23,S002,P0013,193,186.98,182.25520195456227,10.744798045437733
2023-10-24,S002,P0013,47,48.05,43.08715215237804,3.9128478476219613
2023-10-25,S002,P0013,101,111.2,107.07542792489133,6.075427924891329
2023-10-26,S002,P0013,30,37.35,33.15799546416374,3.15799546416374
2023-10-27,S002,P0013,268,258.82,253.5773177497751,14.42268225022491
2023-10-28,S002,P0013,170,179.86,174.51876673366831,4.518766733668315
2023-10-29,S002,P0013,77,71.5,66.28685532713018,10.713144672869817
2023-10-30,S002,P0013,226,230.9,225.08455141712597,0.9154485828740349
2023-10-31,S002,P0013,39,32.46,28.04406844368212,10.955931556317879
2023-11-01,S002,P0013,48,65.97,60.83218385800012,12.832183858000121
2023-11-02,S002,P0013,105,124.46,117.50817162347256,12.508171623472563
2023-11-03,S002,P0013,20,32.08,27.292370162994413,7.292370162994413
2023-11-04,S002,P0013,162,170.05,164.70289909201227,2.7028990920122737
2023-11-05,S002,P0013,347,339.03,335.1134473310105,11.88655266898951
2023-11-06,S002,P0013,82,92.22,86.37563652042444,4.375636520424436
2023-11-07,S002,P0013,191,198.66,192.07397858176682,1.0739785817668235
2023-11-08,S002,P0013,122,135.58,129.4702877013481,7.470287701348099
2023-11-09,S002,P0013,20,39.17,34.56125742387537,14.561257423875368
2023-11-10,S002,P0013,25,30.64,26.53026804426633,1.5302680442663288
2023-11-11,S002,P0013,125,118.61,112.26258539665383,12.737414603346167
2023-11-12,S002,P0013,23,30.34,26.807386900785467,3.807386900785467
2023-11-13,S002,P0013,201,205.78,200.78748260174308,0.21251739825692084
2023-11-14,S002,P0013,7,6.76,7.88661990117379,0.8866199011737903
2023-11-15,S002,P0013,243,235.23,230.16515348837524,12.834846511624761
2023-11-16,S002,P0013,131,136.64,130.99978329149923,0.00021670850077271098
2023-11-17,S002,P0013,104,120.31,114.65405464036792,10.654054640367917
2023-11-18,S002,P0013,261,273.46,267.3394475700677,6.339447570067705
2023-11-19,S002,P0013,72,81.51,76.56105295677821,4.561052956778212
2023-11-20,S002,P0013,466,461.6,451.3501659967093,14.64983400329072
2023-11-21,S002,P0013,59,75.56,72.37937572730095,13.379375727300953
2023-11-22,S002,P0013,93,90.7,85.34650511855361,7.653494881446392
2023-11-23,S002,P0013,246,240.05,234.3868031517448,11.6131968482552
2023-11-24,S002,P0013,40,52.39,48.111514207911284,8.111514207911284
2023-11-25,S002,P0013,141,139.89,134.61177873851503,6.388221261484972
2023-11-26,S002,P0013,178,170.97,165.2688482676026,12.731151732397393
2023-11-27,S002,P0013,261,277.58,272.5247660035529,11.524766003552884
2023-11-28,S002,P0013,154,167.09,162.0893872372093,8.089387237209309
2023-11-29,S002,P0013,414,409.03,405.52418987732926,8.475810122670737
2023-11-30,S002,P0013,2,21.29,16.510154359016767,14.510154359016767
2023-12-01,S002,P0013,41,36.87,32.14272508029737,8.857274919702633
2023-12-02,S002,P0013,292,300.94,294.56789682052164,2.5678968205216393
2023-12-03,S002,P0013,227,244.6,239.0271905452032,12.027190545203212
2023-12-04,S002,P0013,87,96.02,89.86268385658403,2.8626838565840274
2023-12-05,S002,P0013,413,424.09,420.6468712390965,7.6468712390965266
2023-12-06,S002,P0013,326,317.0,310.8059182568458,15.194081743154186
2023-12-07,S002,P0013,147,151.17,145.7369111902329,1.2630888097671118
2023-12-08,S002,P0013,39,36.54,31.343785193342,7.656214806657999
2023-12-09,S002,P0013,1,-6.66,2.389477810496082,1.389477810496082
2023-12-10,S002,P0013,156,167.77,163.08743123975424,7.087431239754238
2023-12-11,S002,P0013,74,83.56,78.49837676836937,4.4983767683693685
2023-12-12,S002,P0013,1,-8.43,2.246392225655052,1.2463922256550521
2023-12-13,S002,P0013,26,28.52,22.93411636857683,3.065883631423169
2023-12-14,S002,P0013,100,112.08,107.01209669004542,7.012096690045425
2023-12-15,S002,P0013,93,101.57,96.03133192063623,3.0313319206362337
2023-12-16,S002,P0013,308,315.79,310.54130463908183,2.5413046390818295
2023-12-17,S002,P0013,68,62.55,57.921384541824466,10.078615458175534
2023-12-18,S002,P0013,216,217.68,213.05798654249702,2.9420134575029806
2023-12-19,S002,P0013,56,73.13,68.92508420072481,12.925084200724811
2023-12-20,S002,P0013,12,29.23,24.11949091392357,12.11949091392357
2023-12-21,S002,P0013,222,212.71,207.78764250053567,14.212357499464332
2023-12-22,S002,P0013,225,227.46,222.92992773684773,2.0700722631522694
2023-12-23,S002,P0013,21,34.9,29.465215527780163,8.465215527780163
2023-12-24,S002,P0013,193,207.79,202.90626929130246,9.906269291302465
2023-12-25,S002,P0013,103,103.32,97.41910559178214,5.580894408217858
2023-12-26,S002,P0013,329,325.7,320.77253717603116,8.227462823968835
2023-12-27,S002,P0013,51,64.34,58.110929885603355,7.110929885603355
2023-12-28,S002,P0013,137,145.86,140.4557626444423,3.455762644442302
2023-12-29,S002,P0013,217,213.05,207.584973504378,9.415026495621987
2023-12-30,S002,P0013,201,205.6,200.7026271336574,0.29737286634261295
2023-12-31,S002,P0013,104,116.23,111.54689130123705,7.5468913012370535
2024-01-01,S002,P0013,19,27.31,22.168259915385736,3.168259915385736
2023-09-18,S002,P0014,49,55.48,50.27293481502717,1.2729348150271704
2023-09-19,S002,P0014,261,251.1,245.13012246240595,15.86987753759405
2023-09-20,S002,P0014,175,182.57,176.876186165518,1.8761861655179928
2023-09-21,S002,P0014,6,16.39,12.87224947235621,6.872249472356209
2023-09-22,S002,P0014,25,22.47,17.82799676084456,7.1720032391554405
2023-09-23,S002,P0014,3,-4.12,2.840616618626831,0.1593833813731691
2023-09-24,S002,P0014,150,153.64,147.02119559000215,2.9788044099978492
2023-09-25,S002,P0014,62,74.35,69.86815091592852,7.868150915928524
2023-09-26,S002,P0014,39,31.88,27.665341605792065,11.334658394207935
2023-09-27,S002,P0014,66,77.5,72.53809977011983,6.538099770119828
2023-09-28,S002,P0014,136,142.11,136.04668044959942,0.04668044959942108
2023-09-29,S002,P0014,101,118.33,112.79280479306786,11.792804793067859
2023-09-30,S002,P0014,157,158.97,154.1816827910763,2.818317208923702
2023-10-01,S002,P0014,5,14.69,12.421620218415178,7.421620218415178
2023-10-02,S002,P0014,257,248.58,242.5706770878516,14.429322912148393
2023-10-03,S002,P0014,42,50.86,44.571371897065916,2.571371897065916
2023-10-04,S002,P0014,117,134.7,129.28102320836874,12.281023208368737
2023-10-05,S002,P0014,214,219.92,214.502823858307,0.5028238583070106
2023-10-06,S002,P0014,0,17.23,13.623361862430311,13.623361862430311
2023-10-07,S002,P0014,230,227.24,223.43780982071976,6.562190179280236
2023-10-08,S002,P0014,227,219.81,213.84029823376227,13.159701766237731
2023-10-09,S002,P0014,287,277.78,271.932063906031,15.067936093969024
2023-10-10,S002,P0014,283,288.8,283.1086706813609,0.1086706813608771
2023-10-11,S002,P0014,168,174.77,169.67457181361368,1.6745718136136816
2023-10-12,S002,P0014,130,144.4,137.83065682647486,7.830656826474865
2023-10-13,S002,P0014,139,130.35,124.91695734258252,14.08304265741748
2023-10-14,S002,P0014,128,139.48,134.05555676680922,6.055556766809218
2023-10-15,S002,P0014,180,170.08,164.6714523093289,15.328547690671087
2023-10-16,S002,P0014,37,53.1,49.58152578929294,12.58152578929294
2023-10-17,S002,P0014,165,174.81,169.1693735060777,4.169373506077704
2023-10-18,S002,P0014,377,370.29,365.02377258008823,11.976227419911766
2023-10-19,S002,P0014,143,133.09,127.68207752788396,15.317922472116038
2023-10-20,S002,P0014,178,178.7,171.8743510567836,6.12564894321639
2023-10-21,S002,P0014,352,350.59,345.0403821340725,6.959617865927498
2023-10-22,S002,P0014,339,334.96,330.2809410427045,8.719058957295488
2023-10-23,S002,P0014,10,16.27,13.024057123544361,3.0240571235443614
2023-10-24,S002,P0014,44,61.47,56.30041421150416,12.300414211504162
2023-10-25,S002,P0014,23,37.42,32.627262929043106,9.627262929043106
2023-10-26,S002,P0014,245,256.17,250.87374673410596,5.873746734105964
2023-10-27,S002,P0014,30,49.22,44.613579125394686,14.613579125394686
2023-10-28,S002,P0014,182,185.04,179.19606973231225,2.803930267687747
2023-10-29,S002,P0014,78,83.81,78.11250096089798,0.11250096089797523
2023-10-30,S002,P0014,63,57.45,52.77033253939249,10.229667460607509
2023-10-31,S002,P0014,51,48.7,43.60528180252395,7.3947181974760525
2023-11-01,S002,P0014,338,351.66,344.4752761964178,6.475276196417781
2023-11-02,S002,P0014,265,269.75,265.08684962904283,0.08684962904283111
2023-11-03,S002,P0014,188,179.57,173.8694672579315,14.13053274206851
2023-11-04,S002,P0014,25,23.7,17.900575580829788,7.099424419170212
2023-11-05,S002,P0014,213,225.03,220.7176223610175,7.717622361017504
2023-11-06,S002,P0014,66,85.64,79.92929667837603,13.929296678376033
2023-11-07,S002,P0014,193,184.54,179.74009876544648,13.259901234553524
2023-11-08,S002,P0014,74,92.65,86.96151108511786,12.961511085117863
2023-11-09,S002,P0014,13,6.34,8.097321722096074,4.9026782779039255
2023-11-10,S002,P0014,7,25.75,21.643103957480996,14.643103957480996
2023-11-11,S002,P0014,45,63.82,58.396624247283484,13.396624247283484
2023-11-12,S002,P0014,65,68.88,64.00124726557169,0.998752734428308
2023-11-13,S002,P0014,110,100.85,94.16013067171153,15.839869328288472
2023-11-14,S002,P0014,85,97.82,91.9980012584713,6.998001258471305
2023-11-15,S002,P0014,259,274.7,269.1555468805768,10.155546880576821
2023-11-16,S002,P0014,263,268.79,263.7422063855439,0.7422063855439092
2023-11-17,S002,P0014,167,173.86,168.39009751773716,1.3900975177371606
2023-11-18,S002,P0014,201,208.41,203.42365686021293,2.4236568602129296
2023-11-19,S002,P0014,207,202.61,196.5864840521689,10.413515947831087
2023-11-20,S002,P0014,158,167.53,162.8906733518138,4.890673351813803
2023-11-21,S002,P0014,275,275.93,269.16900264491323,5.830997355086765
2023-11-22,S002,P0014,67,64.63,60.14327590676602,6.856724093233979
2023-11-23,S002,P0014,93,101.03,95.22908871934784,2.2290887193478426
2023-11-24,S002,P0014,57,59.66,54.754805888735376,2.245194111264624
2023-11-25,S002,P0014,26,34.98,29.911125658313725,3.9111256583137255
2023-11-26,S002,P0014,336,334.62,330.905601178008,5.094398821992002
2023-11-27,S002,P0014,172,162.2,156.4602433796041,15.539756620395906
2023-11-28,S002,P0014,108,127.3,120.74816741649963,12.748167416499626
2023-11-29,S002,P0014,91,109.69,105.01257891164339,14.012578911643388
2023-11-30,S002,P0014,20,25.92,21.77051251844847,1.77051251844847
2023-12-01,S002,P0014,37,36.53,31.579099497511777,5.420900502488223
2023-12-02,S002,P0014,179,179.74,173.84451333161599,5.155486668384015
2023-12-03,S002,P0014,78,68.87,64.1738099871762,13.826190012823801
2023-12-04,S002,P0014,213,207.04,202.05647110900577,10.94352889099423
2023-12-05,S002,P0014,46,49.36,44.49835330743468,1.5016466925653233
2023-12-06,S002,P0014,0,-5.19,2.8698072977990563,2.8698072977990563
2023-12-07,S002,P0014,104,119.9,113.38109968325747,9.381099683257474
2023-12-08,S002,P0014,88,87.97,82.91099280915019,5.089007190849813
2023-12-09,S002,P0014,27,37.57,33.693094524723705,6.693094524723705
2023-12-10,S002,P0014,11,18.49,14.04543063029621,3.0454306302962095
2023-12-11,S002,P0014,281,294.43,290.23879782622134,9.238797826221344
2023-12-12,S002,P0014,255,255.7,251.03315904009162,3.9668409599083816
2023-12-13,S002,P0014,42,45.04,39.80145998058634,2.198540019413663
2023-12-14,S002,P0014,88,87.5,82.80157459865242,5.198425401347578
2023-12-15,S002,P0014,277,269.26,264.8430371396107,12.156962860389285
2023-12-16,S002,P0014,103,112.23,107.13989148779285,4.139891487792852
2023-12-17,S002,P0014,36,29.89,24.98581376062487,11.014186239375132
2023-12-18,S002,P0014,21,35.88,30.86780480154364,9.867804801543642
2023-12-19,S002,P0014,295,291.53,286.80618045894767,8.193819541052335
2023-12-20,S002,P0014,315,314.2,308.98876647433906,6.011233525660941
2023-12-21,S002,P0014,142,152.95,146.58405098767398,4.584050987673976
2023-12-22,S002,P0014,138,145.69,140.13790949003229,2.1379094900322855
2023-12-23,S002,P0014,130,135.41,130.09322915663907,0.09322915663906883
2023-12-24,S002,P0014,273,272.86,266.9191149673135,6.080885032686524
2023-12-25,S002,P0014,108,103.93,98.61816365868847,9.381836341311526
2023-12-26,S002,P0014,195,190.26,185.66996528975648,9.330034710243524
2023-12-27,S002,P0014,29,20.95,15.838275506650945,13.161724493349055
2023-12-28,S002,P0014,246,243.43,237.82611014049314,8.173889859506858
2023-12-29,S002,P0014,87,90.27,85.31410249469458,1.6858975053054195
2023-12-30,S002,P0014,52,59.25,55.104876509135934,3.1048765091359343
2023-12-31,S002,P0014,119,129.5,124.48238947429704,5.482389474297037
2024-01-01,S002,P0014,327,335.72,332.0011234021074,5.001123402107396
2023-09-18,S002,P0015,57,68.01,62.72099383719327,5.720993837193269
2023-09-19,S002,P0015,92,89.65,84.9440913880271,7.055908611972896
2023-09-20,S002,P0015,246,253.98,249.0847903644361,3.0847903644360883
2023-09-21,S002,P0015,114,119.19,113.5212038448331,0.4787961551669042
2023-09-22,S002,P0015,13,18.2,13.759749230694542,0.7597492306945419
2023-09-23,S002,P0015,31,36.56,31.237366460097483,0.2373664600974834
2023-09-24,S002,P0015,99,112.81,107.79296077479455,8.792960774794551
2023-09-25,S002,P0015,412,426.47,422.5531175993864,10.553117599386383
2023-09-26,S002,P0015,161,169.71,163.9593692356088,2.95936923560879
2023-09-27,S002,P0015,23,30.05,26.66773618450121,3.6677361845012086
2023-09-28,S002,P0015,47,45.76,40.38228343004819,6.61771656995181
2023-09-29,S002,P0015,120,130.25,125.00603835708472,5.006038357084719
2023-09-30,S002,P0015,150,158.54,153.3672334938477,3.367233493847692
2023-10-01,S002,P0015,112,117.97,112.54388277335445,0.5438827733544542
2023-10-02,S002,P0015,76,74.15,68.93067497477658,7.069325025223421
2023-10-03,S002,P0015,182,195.02,187.88940731968802,5.889407319688019
2023-10-04,S002,P0015,353,353.84,349.21585037440593,3.7841496255940683
2023-10-05,S002,P0015,117,126.62,120.87670794225772,3.876707942257724
2023-10-06,S002,P0015,8,-1.42,4.691509280459859,3.308490719540141
2023-10-07,S002,P0015,229,236.86,231.99225421287196,2.9922542128719556
2023-10-08,S002,P0015,51,58.05,53.24466051932803,2.244660519328029
2023-10-09,S002,P0015,15,24.44,19.080252972136076,4.080252972136076
2023-10-10,S002,P0015,153,149.78,144.09204655670896,8.907953443291035
2023-10-11,S002,P0015,52,56.34,52.12800242946835,0.12800242946835283
2023-10-12,S002,P0015,104,121.8,116.23785920898987,12.237859208989875
2023-10-13,S002,P0015,348,353.04,349.7944762456673,1.7944762456672834
2023-10-14,S002,P0015,99,114.5,107.86701996796465,8.867019967964652
2023-10-15,S002,P0015,175,177.9,171.6711603706936,3.328839629306401
2023-10-16,S002,P0015,22,40.63,35.81159695875712,13.811596958757121
2023-10-17,S002,P0015,402,414.93,410.8309602864729,8.830960286472873
2023-10-18,S002,P0015,2,-2.64,3.950272373820342,1.9502723738203418
2023-10-19,S002,P0015,206,207.46,202.445475087082,3.554524912917998
2023-10-20,S002,P0015,131,142.49,136.90648572031202,5.90648572031202
2023-10-21,S002,P0015,138,128.41,123.21843786148578,14.781562138514218
2023-10-22,S002,P0015,304,315.44,310.7357118820604,6.7357118820604
2023-10-23,S002,P0015,152,169.69,164.19798197183198,12.197981971831979
2023-10-24,S002,P0015,203,215.54,211.14509023970373,8.145090239703734
2023-10-25,S002,P0015,82,86.01,80.84434988456823,1.1556501154317687
2023-10-26,S002,P0015,52,51.38,46.13830770382637,5.861692296173629
2023-10-27,S002,P0015,343,362.4,358.9404467997306,15.94044679973058
2023-10-28,S002,P0015,199,196.89,192.2590155980156,6.740984401984406
2023-10-29,S002,P0015,286,295.64,289.3248169677895,3.324816967789502
2023-10-30,S002,P0015,16,33.78,30.16304352751783,14.163043527517829
2023-10-31,S002,P0015,161,157.14,151.87535381861161,9.124646181388385
2023-11-01,S002,P0015,20,12.61,11.592919009893413,8.407080990106587
2023-11-02,S002,P0015,17,21.84,16.330729081546597,0.6692709184534031
2023-11-03,S002,P0015,87,83.48,77.62613980464387,9.37386019535613
2023-11-04,S002,P0015,82,92.68,86.54398195411672,4.543981954116717
2023-11-05,S002,P0015,192,208.91,203.39214661588244,11.392146615882439
2023-11-06,S002,P0015,152,163.5,158.38790027325075,6.38790027325075
2023-11-07,S002,P0015,6,17.59,13.651874157422085,7.651874157422085
2023-11-08,S002,P0015,2,6.45,7.926893710500313,5.926893710500313
2023-11-09,S002,P0015,375,375.94,370.88824836970264,4.111751630297363
2023-11-10,S002,P0015,243,247.33,241.6456648968961,1.3543351031038924
2023-11-11,S002,P0015,148,147.34,142.34840876052823,5.65159123947177
2023-11-12,S002,P0015,155,154.88,149.33527063713328,5.664729362866723
2023-11-13,S002,P0015,27,37.83,33.80767548702799,6.807675487027993
2023-11-14,S002,P0015,173,169.17,164.27745579103924,8.722544208960755
2023-11-15,S002,P0015,217,219.5,214.3999600618201,2.60003993817989
2023-11-16,S002,P0015,133,151.29,146.04721477793612,13.04721477793612
2023-11-17,S002,P0015,103,94.45,89.8287143938522,13.171285606147805
2023-11-18,S002,P0015,2,10.55,9.985594982380931,7.985594982380931
2023-11-19,S002,P0015,106,109.63,104.15990067474931,1.8400993252506908
2023-11-20,S002,P0015,147,163.72,158.06646064258805,11.066460642588055
2023-11-21,S002,P0015,8,26.17,21.941088968978427,13.941088968978427
2023-11-22,S002,P0015,69,80.98,74.48539383404173,5.48539383404173
2023-11-23,S002,P0015,17,16.05,12.603982786031601,4.396017213968399
2023-11-24,S002,P0015,80,90.97,85.10741910676155,5.107419106761554
2023-11-25,S002,P0015,284,282.85,276.6314592237704,7.368540776229622
2023-11-26,S002,P0015,6,24.87,18.6356549248162,12.635654924816201
2023-11-27,S002,P0015,40,33.82,28.766869091544017,11.233130908455983
2023-11-28,S002,P0015,21,38.55,33.54883490896145,12.548834908961453
2023-11-29,S002,P0015,277,292.23,286.41529531303,9.415295313030015
2023-11-30,S002,P0015,98,100.03,94.26049841808063,3.73950158191937
2023-12-01,S002,P0015,15,14.92,12.701138144705855,2.2988618552941453
2023-12-02,S002,P0015,349,363.84,359.7979508282657,10.797950828265698
2023-12-03,S002,P0015,121,129.2,124.41168740362394,3.4116874036239437
2023-12-04,S002,P0015,67,61.41,56.41118576078469,10.58881423921531
2023-12-05,S002,P0015,122,123.12,117.93428090377975,4.065719096220249
2023-12-06,S002,P0015,20,13.53,11.869582835716791,8.130417164283209
2023-12-07,S002,P0015,224,215.01,209.53348150366384,14.466518496336164
2023-12-08,S002,P0015,10,17.3,13.948220511940853,3.9482205119408533
2023-12-09,S002,P0015,215,223.1,216.25142831815134,1.2514283181513406
2023-12-10,S002,P0015,104,111.86,106.60639895096845,2.6063989509684546
2023-12-11,S002,P0015,122,127.2,121.39465931114306,0.6053406888569413
2023-12-12,S002,P0015,63,64.14,58.60018550877893,4.399814491221072
2023-12-13,S002,P0015,11,16.43,12.613463881873258,1.6134638818732583
2023-12-14,S002,P0015,67,85.89,81.25467096262713,14.25467096262713
2023-12-15,S002,P0015,40,31.04,25.849069803756855,14.150930196243145
2023-12-16,S002,P0015,254,256.26,251.2743722749351,2.7256277250648964
2023-12-17,S002,P0015,261,279.87,274.1742856937011,13.174285693701108
2023-12-18,S002,P0015,109,114.74,108.35855719514507,0.6414428048549325
2023-12-19,S002,P0015,81,97.28,92.13506144182355,11.135061441823552
2023-12-20,S002,P0015,322,317.83,314.0720589579867,7.927941042013288
2023-12-21,S002,P0015,128,131.86,126.71857748241257,1.2814225175874299
2023-12-22,S002,P0015,389,386.95,382.1091661843636,6.890833815636427
2023-12-23,S002,P0015,139,151.48,146.2628397476159,7.262839747615914
2023-12-24,S002,P0015,43,35.2,29.814554021588336,13.185445978411664
2023-12-25,S002,P0015,32,43.73,39.3973023554304,7.397302355430398
2023-12-26,S002,P0015,73,72.88,67.95746712544756,5.042532874552435
2023-12-27,S002,P0015,163,167.46,162.3685903999214,0.631409600078598
2023-12-28,S002,P0015,169,168.54,163.21612517531702,5.783874824682982
2023-12-29,S002,P0015,60,75.18,70.6925920084372,10.692592008437202
2023-12-30,S002,P0015,18,10.71,9.92596093661269,8.07403906338731
2023-12-31,S002,P0015,44,41.71,36.908664349187696,7.091335650812304
2024-01-01,S002,P0015,167,186.13,182.4212804712813,15.421280471281307
2023-09-18,S002,P0016,8,4.99,7.990059119419564,0.009940880580436406
2023-09-19,S002,P0016,20,34.52,29.509929112122435,9.509929112122435
2023-09-20,S002,P0016,8,12.87,11.108492237826031,3.108492237826031
2023-09-21,S002,P0016,181,189.45,184.25572111663072,3.255721116630724
2023-09-22,S002,P0016,158,175.3,170.04787545083258,12.047875450832578
2023-09-23,S002,P0016,47,46.13,40.18554679976289,6.814453200237111
2023-09-24,S002,P0016,151,148.83,142.99914226492717,8.000857735072827
2023-09-25,S002,P0016,8,1.87,6.356267505458162,1.6437324945418377
2023-09-26,S002,P0016,27,28.67,23.54461556482397,3.455384435176029
2023-09-27,S002,P0016,33,34.32,29.50329181436092,3.496708185639079
2023-09-28,S002,P0016,274,275.65,269.26615630687724,4.733843693122765
2023-09-29,S002,P0016,21,15.17,12.929980491718641,8.070019508281359
2023-09-30,S002,P0016,66,84.01,78.44452557391138,12.444525573911378
2023-10-01,S002,P0016,93,92.82,87.55567116529821,5.444328834701793
2023-10-02,S002,P0016,49,46.28,40.687964800092544,8.312035199907456
2023-10-03,S002,P0016,214,225.17,220.8896668692308,6.889666869230808
2023-10-04,S002,P0016,25,38.99,33.717132574848584,8.717132574848584
2023-10-05,S002,P0016,75,67.35,62.21969748325659,12.780302516743411
2023-10-06,S002,P0016,116,116.52,112.19276520564367,3.807234794356333
2023-10-07,S002,P0016,43,50.11,44.348544305322534,1.3485443053225339
2023-10-08,S002,P0016,111,111.84,107.2869171771,3.713082822900006
2023-10-09,S002,P0016,23,13.99,12.147393082811842,10.852606917188158
2023-10-10,S002,P0016,54,53.34,48.86488359989424,5.135116400105758
2023-10-11,S002,P0016,233,226.49,222.46067210832015,10.539327891679847
2023-10-12,S002,P0016,396,387.13,381.62008227366425,14.379917726335748
2023-10-13,S002,P0016,95,89.88,84.74240501693538,10.257594983064621
2023-10-14,S002,P0016,71,76.72,71.07225950777303,0.07225950777302614
2023-10-15,S002,P0016,176,178.95,172.4271883766521,3.5728116233478886
2023-10-16,S002,P0016,39,33.67,29.683954364272257,9.316045635727743
2023-10-17,S002,P0016,55,59.65,54.46040072878718,0.5395992712128219
2023-10-18,S002,P0016,287,285.79,281.0125701075563,5.987429892443686
2023-10-19,S002,P0016,30,23.62,19.435878011752074,10.564121988247926
2023-10-20,S002,P0016,186,205.86,200.4544306617799,14.454430661779895
2023-10-21,S002,P0016,240,255.44,250.36310546517802,10.363105465178023
2023-10-22,S002,P0016,338,350.12,343.948198849197,5.948198849197013
2023-10-23,S002,P0016,74,65.98,60.970380694707856,13.029619305292144
2023-10-24,S002,P0016,123,123.61,117.70597934128219,5.2940206587178125
2023-10-25,S002,P0016,86,90.03,85.448257361195,0.5517426388049955
2023-10-26,S002,P0016,96,88.26,83.13330120004487,12.866698799955131
2023-10-27,S002,P0016,133,129.13,123.61575636922466,9.384243630775345
2023-10-28,S002,P0016,310,310.6,304.8083363884602,5.191663611539809
2023-10-29,S002,P0016,130,136.33,131.3246566575578,1.3246566575577958
2023-10-30,S002,P0016,202,193.24,187.32007441803245,14.679925581967552
2023-10-31,S002,P0016,114,104.79,99.77613762055336,14.223862379446643
2023-11-01,S002,P0016,1,7.24,8.581887974212783,7.581887974212783
2023-11-02,S002,P0016,196,205.95,200.67763035673795,4.67763035673795
2023-11-03,S002,P0016,157,150.74,145.19359893142575,11.806401068574246
2023-11-04,S002,P0016,128,138.31,131.7809729932405,3.7809729932405105
2023-11-05,S002,P0016,413,423.27,414.0176418868954,1.017641886895376
2023-11-06,S002,P0016,48,57.98,53.322600602218344,5.322600602218344
2023-11-07,S002,P0016,71,85.08,80.22524051341087,9.225240513410867
2023-11-08,S002,P0016,67,74.06,67.83946548218336,0.8394654821833569
2023-11-09,S002,P0016,179,172.94,167.76058854874265,11.239411451257354
2023-11-10,S002,P0016,20,10.01,9.98162429457139,10.01837570542861
2023-11-11,S002,P0016,269,277.46,270.976878907651,1.9768789076509847
2023-11-12,S002,P0016,107,100.6,95.22818290081447,11.771817099185526
2023-11-13,S002,P0016,94,104.07,98.89956540800632,4.899565408006325
2023-11-14,S002,P0016,344,355.13,347.8124007722107,3.812400772210708
2023-11-15,S002,P0016,118,137.91,132.29691468427222,14.296914684272224
2023-11-16,S002,P0016,332,348.23,343.03212536463417,11.032125364634169
2023-11-17,S002,P0016,344,359.99,353.3616675638018,9.361667563801802
2023-11-18,S002,P0016,219,230.57,224.07769444329304,5.077694443293041
2023-11-19,S002,P0016,86,97.23,91.46934717078206,5.469347170782058
2023-11-20,S002,P0016,154,150.49,145.00769366693527,8.992306333064732
2023-11-21,S002,P0016,77,91.61,86.7354164718878,9.735416471887802
2023-11-22,S002,P0016,83,97.21,91.85908450181722,8.859084501817222
2023-11-23,S002,P0016,6,2.51,6.777709099836848,0.7777090998368479
2023-11-24,S002,P0016,362,366.29,360.3258619936722,1.6741380063277802
2023-11-25,S002,P0016,35,29.92,26.048181584970173,8.951818415029827
2023-11-26,S002,P0016,45,54.11,48.816373111548145,3.8163731115481454
2023-11-27,S002,P0016,40,59.6,54.634385193988734,14.634385193988734
2023-11-28,S002,P0016,64,75.75,71.29249038358225,7.292490383582248
2023-11-29,S002,P0016,36,37.04,32.64132504404927,3.3586749559507325
2023-11-30,S002,P0016,274,283.31,279.45526279962877,5.45526279962877
2023-12-01,S002,P0016,157,176.56,170.15498795430693,13.154987954306932
2023-12-02,S002,P0016,29,21.37,15.43400914018476,13.56599085981524
2023-12-03,S002,P0016,123,123.67,118.13122443315851,4.868775566841492
2023-12-04,S002,P0016,59,60.23,55.66690366905691,3.3330963309430928
2023-12-05,S002,P0016,91,90.8,85.1434111109173,5.856588889082701
2023-12-06,S002,P0016,206,198.22,192.89364273834275,13.106357261657251
2023-12-07,S002,P0016,309,320.48,315.71162193246204,6.711621932462037
2023-12-08,S002,P0016,81,93.97,88.01556781246713,7.0155678124671255
2023-12-09,S002,P0016,147,139.69,135.10177499184687,11.898225008153133
2023-12-10,S002,P0016,88,84.42,79.20332629566167,8.796673704338332
2023-12-11,S002,P0016,160,165.07,160.36224987327682,0.36224987327682356
2023-12-12,S002,P0016,121,133.66,127.61515294947444,6.615152949474435
2023-12-13,S002,P0016,130,123.98,117.65458948653557,12.34541051346443
2023-12-14,S002,P0016,453,453.16,448.9229420673031,4.077057932696903
2023-12-15,S002,P0016,302,315.73,309.78444248913837,7.784442489138371
2023-12-16,S002,P0016,214,222.68,216.98486524951772,2.984865249517725
2023-12-17,S002,P0016,304,319.28,314.9601618155433,10.960161815543302
2023-12-18,S002,P0016,46,49.39,44.49416557316561,1.5058344268343902
2023-12-19,S002,P0016,114,106.53,100.53126197214868,13.468738027851316
2023-12-20,S002,P0016,14,20.92,16.212143359472293,2.212143359472293
2023-12-21,S002,P0016,315,315.28,311.4553161510792,3.5446838489207835
2023-12-22,S002,P0016,353,343.59,336.65228820782875,16.347711792171253
2023-12-23,S002,P0016,130,142.69,137.65785814457638,7.65785814457638
2023-12-24,S002,P0016,174,178.37,171.816444457449,2.183555542551005
2023-12-25,S002,P0016,190,199.97,192.79680446017255,2.7968044601725524
2023-12-26,S002,P0016,60,50.17,44.8799567523837,15.120043247616302
2023-12-27,S002,P0016,131,138.38,133.37543708503222,2.3754370850322175
2023-12-28,S002,P0016,38,47.74,43.50312824054963,5.5031282405496285
2023-12-29,S002,P0016,178,196.18,192.6401261590492,14.640126159049203
2023-12-30,S002,P0016,336,352.64,348.9535298324957,12.95352983249569
2023-12-31,S002,P0016,12,25.09,19.466845352626514,7.466845352626514
2024-01-01,S002,P0016,110,107.61,102.05750888896172,7.942491111038279
2023-09-18,S002,P0017,66,69.68,64.63246845204301,1.367531547956986
2023-09-19,S002,P0017,106,112.68,106.88248760305319,0.8824876030531925
2023-09-20,S002,P0017,56,72.4,67.01793075215963,11.017930752159629
2023-09-21,S002,P0017,18,24.92,20.267142859519705,2.267142859519705
2023-09-22,S002,P0017,25,28.67,24.007189496167477,0.9928105038325228
2023-09-23,S002,P0017,315,332.04,325.77163727345464,10.771637273454644
2023-09-24,S002,P0017,101,112.14,106.80938596397365,5.809385963973654
2023-09-25,S002,P0017,0,13.5,12.241689359890358,12.241689359890358
2023-09-26,S002,P0017,96,92.67,86.58000450105779,9.419995498942214
2023-09-27,S002,P0017,80,79.8,74.2296991769922,5.770300823007801
2023-09-28,S002,P0017,63,73.62,68.7456747099794,5.745674709979397
2023-09-29,S002,P0017,292,283.84,279.5076648130004,12.492335186999583
2023-09-30,S002,P0017,294,290.7,287.536462989276,6.4635370107239964
2023-10-01,S002,P0017,33,42.78,37.0879623784248,4.087962378424798
2023-10-02,S002,P0017,71,64.51,59.258012638767724,11.741987361232276
2023-10-03,S002,P0017,141,142.32,136.26567123697694,4.734328763023058
2023-10-04,S002,P0017,7,-2.87,4.072396390364596,2.927603609635404
2023-10-05,S002,P0017,107,125.86,119.30259021220691,12.302590212206908
2023-10-06,S002,P0017,135,131.89,125.54557724220527,9.454422757794731
2023-10-07,S002,P0017,155,147.31,141.96212410540514,13.037875894594862
2023-10-08,S002,P0017,6,2.7,6.551651936771389,0.551651936771389
2023-10-09,S002,P0017,32,46.91,41.012377379163524,9.012377379163524
2023-10-10,S002,P0017,39,33.38,28.89824458802847,10.101755411971531
2023-10-11,S002,P0017,216,214.16,209.68470367085638,6.315296329143621
2023-10-12,S002,P0017,135,143.74,137.92176315827408,2.921763158274075
2023-10-13,S002,P0017,24,36.27,30.942766951351473,6.942766951351473
2023-10-14,S002,P0017,62,63.78,58.21923663552175,3.780763364478247
2023-10-15,S002,P0017,78,95.25,90.80204936538581,12.802049365385813
2023-10-16,S002,P0017,355,348.3,344.31318335616277,10.686816643837233
2023-10-17,S002,P0017,33,35.88,31.710760366754727,1.2892396332452734
2023-10-18,S002,P0017,5,23.05,18.44868842290042,13.448688422900421
2023-10-19,S002,P0017,0,-1.18,4.7242699569158795,4.7242699569158795
2023-10-20,S002,P0017,280,286.84,283.3595100626473,3.3595100626473027
2023-10-21,S002,P0017,46,53.54,49.321436881242036,3.321436881242036
2023-10-22,S002,P0017,180,175.63,170.04463192535815,9.955368074641854
2023-10-23,S002,P0017,33,35.04,30.5284543376425,2.4715456623574994
2023-10-24,S002,P0017,120,117.62,112.18248993404939,7.817510065950614
2023-10-25,S002,P0017,138,138.18,132.6825024113604,5.317497588639611
2023-10-26,S002,P0017,103,119.08,113.44186762056164,10.441867620561638
2023-10-27,S002,P0017,43,45.82,40.51400611366378,2.4859938863362174
2023-10-28,S002,P0017,15,14.34,12.213870550872338,2.786129449127662
2023-10-29,S002,P0017,105,120.26,114.99403350338974,9.994033503389744
2023-10-30,S002,P0017,47,59.12,54.43967406600429,7.439674066004287
2023-10-31,S002,P0017,105,116.0,110.44212538850431,5.442125388504309
2023-11-01,S002,P0017,73,77.89,72.78585089660473,0.21414910339527182
2023-11-02,S002,P0017,338,353.15,348.4501604454166,10.4501604454166
2023-11-03,S002,P0017,19,32.96,28.648543129646015,9.648543129646015
2023-11-04,S002,P0017,104,100.97,96.25589926403495,7.744100735965048
2023-11-05,S002,P0017,5,2.28,6.51429669668501,1.51429669668501
2023-11-06,S002,P0017,103,118.64,112.44208156264897,9.442081562648966
2023-11-07,S002,P0017,257,258.72,253.823398117582,3.176601882417998
2023-11-08,S002,P0017,286,293.81,288.89984452386875,2.899844523868751
2023-11-09,S002,P0017,245,252.97,247.98738891053557,2.9873889105355715
2023-11-10,S002,P0017,302,298.86,292.8109119948712,9.18908800512878
2023-11-11,S002,P0017,29,43.25,38.34558770574913,9.345587705749132
2023-11-12,S002,P0017,233,228.75,224.35409187036964,8.645908129630357
2023-11-13,S002,P0017,6,23.83,19.34367937603425,13.343679376034249
2023-11-14,S002,P0017,113,118.68,112.75329194950318,0.24670805049682087
2023-11-15,S002,P0017,183,202.21,196.46216141331251,13.462161413312515
2023-11-16,S002,P0017,130,126.32,120.06354238036211,9.936457619637892
2023-11-17,S002,P0017,74,89.77,84.91705095973418,10.917050959734183
2023-11-18,S002,P0017,21,27.68,22.265255133998906,1.265255133998906
2023-11-19,S002,P0017,37,41.77,36.63805094830101,0.3619490516989927
2023-11-20,S002,P0017,75,93.84,87.77535131642527,12.775351316425272
2023-11-21,S002,P0017,8,12.58,10.96728530042147,2.9672853004214694
2023-11-22,S002,P0017,463,468.27,465.7012109849907,2.7012109849907233
2023-11-23,S002,P0017,260,264.18,257.4028620207385,2.597137979261504
2023-11-24,S002,P0017,325,344.61,337.3952671217382,12.395267121738186
2023-11-25,S002,P0017,35,44.81,39.38623617845819,4.386236178458191
2023-11-26,S002,P0017,91,82.32,76.43194242464807,14.56805757535193
2023-11-27,S002,P0017,103,105.08,99.39496019034485,3.6050398096551532
2023-11-28,S002,P0017,90,109.22,104.27345287248502,14.273452872485024
2023-11-29,S002,P0017,261,272.85,267.6362077580221,6.636207758022124
2023-11-30,S002,P0017,224,221.05,215.4963050876653,8.503694912334709
2023-12-01,S002,P0017,193,200.06,193.34733628039993,0.34733628039992936
2023-12-02,S002,P0017,229,226.23,221.01834383823183,7.981656161768171
2023-12-03,S002,P0017,77,70.47,65.16806700919219,11.831932990807815
2023-12-04,S002,P0017,51,55.55,50.195057000910836,0.8049429990891639
2023-12-05,S002,P0017,228,222.33,216.90173277246345,11.098267227536553
2023-12-06,S002,P0017,176,183.64,178.64341314423513,2.643413144235126
2023-12-07,S002,P0017,435,425.43,421.4561356289096,13.543864371090422
2023-12-08,S002,P0017,380,379.92,374.3746143888514,5.625385611148602
2023-12-09,S002,P0017,80,81.02,75.7226776165192,4.277322383480794
2023-12-10,S002,P0017,180,192.2,185.78450419773986,5.784504197739864
2023-12-11,S002,P0017,121,129.44,124.18266056858275,3.1826605685827474
2023-12-12,S002,P0017,266,269.04,264.19490913986766,1.8050908601323385
2023-12-13,S002,P0017,41,31.58,26.40770376630519,14.59229623369481
2023-12-14,S002,P0017,262,278.28,272.447760149637,10.44776014963702
2023-12-15,S002,P0017,8,25.54,20.253304574143538,12.253304574143538
2023-12-16,S002,P0017,2,21.22,15.74722542235337,13.74722542235337
2023-12-17,S002,P0017,69,78.26,72.00828025528115,3.00828025528115
2023-12-18,S002,P0017,95,88.74,83.66677090857839,11.333229091421614
2023-12-19,S002,P0017,182,178.74,172.2331709458149,9.76682905418511
2023-12-20,S002,P0017,223,216.8,212.73003358035666,10.269966419643339
2023-12-21,S002,P0017,83,76.72,71.13918626797378,11.860813732026216
2023-12-22,S002,P0017,25,39.78,34.289015156099126,9.289015156099126
2023-12-23,S002,P0017,128,140.95,136.7240263971097,8.724026397109697
2023-12-24,S002,P0017,148,160.15,154.22234028375277,6.2223402837527715
2023-12-25,S002,P0017,18,36.07,31.006859746770857,13.006859746770857
2023-12-26,S002,P0017,197,189.78,184.42929209162577,12.570707908374231
2023-12-27,S002,P0017,44,61.43,55.96594021874063,11.965940218740627
2023-12-28,S002,P0017,381,371.44,365.9522411414798,15.047758858520183
2023-12-29,S002,P0017,41,41.76,36.344595996282926,4.655404003717074
2023-12-30,S002,P0017,84,92.52,87.0530071001397,3.053007100139695
2023-12-31,S002,P0017,293,295.73,289.95398297674654,3.046017023253455
2024-01-01,S002,P0017,12,4.01,6.837326290894869,5.162673709105131
2023-09-18,S002,P0018,12,10.72,9.857324572210846,2.142675427789154
2023-09-19,S002,P0018,6,9.44,9.400900247275395,3.400900247275395
2023-09-20,S002,P0018,190,180.13,174.44594819630032,15.554051803699679
2023-09-21,S002,P0018,194,188.44,183.46444707790678,10.535552922093217
2023-09-22,S002,P0018,16,10.74,9.96152171795647,6.038478282043529
2023-09-23,S002,P0018,42,40.75,36.287631080604456,5.712368919395544
2023-09-24,S002,P0018,170,173.5,168.39506938161537,1.6049306183846284
2023-09-25,S002,P0018,19,12.22,11.463246227503674,7.536753772496326
2023-09-26,S002,P0018,204,209.51,204.25123728343016,0.2512372834301573
2023-09-27,S002,P0018,168,168.44,163.66342350636634,4.3365764936336575
2023-09-28,S002,P0018,122,133.57,128.20458458491237,6.204584584912368
2023-09-29,S002,P0018,257,252.4,247.49439828871425,9.505601711285749
2023-09-30,S002,P0018,133,145.99,140.58700073950928,7.5870007395092784
2023-10-01,S002,P0018,35,30.03,26.03768299585915,8.96231700414085
2023-10-02,S002,P0018,65,80.57,74.41054749058475,9.410547490584747
2023-10-03,S002,P0018,0,1.09,5.652619109241286,5.652619109241286
2023-10-04,S002,P0018,26,22.53,17.12896778410529,8.871032215894711
2023-10-05,S002,P0018,405,407.04,402.8082874935617,2.191712506438307
2023-10-06,S002,P0018,26,25.7,21.80003220668533,4.19996779331467
2023-10-07,S002,P0018,181,171.22,166.10272271673094,14.897277283269062
2023-10-08,S002,P0018,168,182.15,176.7411954744871,8.741195474487114
2023-10-09,S002,P0018,272,282.83,276.3837254782977,4.38372547829772
2023-10-10,S002,P0018,133,142.07,135.98647181310258,2.9864718131025825
2023-10-11,S002,P0018,207,219.98,214.71701230810874,7.717012308108735
2023-10-12,S002,P0018,42,32.05,27.124368133046463,14.875631866953537
2023-10-13,S002,P0018,177,167.38,163.0828268805879,13.917173119412098
2023-10-14,S002,P0018,38,34.58,29.562488610534064,8.437511389465936
2023-10-15,S002,P0018,454,446.6,435.9518636656424,18.048136334357594
2023-10-16,S002,P0018,179,189.91,184.666271519416,5.666271519416
2023-10-17,S002,P0018,161,173.32,167.22804023459219,6.228040234592186
2023-10-18,S002,P0018,36,30.92,27.80800699698926,8.19199300301074
2023-10-19,S002,P0018,16,29.32,24.569722450111584,8.569722450111584
2023-10-20,S002,P0018,111,101.26,95.5257033738994,15.474296626100596
2023-10-21,S002,P0018,188,206.29,201.53635909936435,13.536359099364347
2023-10-22,S002,P0018,86,101.54,95.49431319291423,9.494313192914234
2023-10-23,S002,P0018,37,41.23,36.052827572607605,0.9471724273923954
2023-10-24,S002,P0018,193,211.73,206.44852854990626,13.448528549906257
2023-10-25,S002,P0018,56,72.05,66.22671506959165,10.226715069591648
2023-10-26,S002,P0018,362,361.41,355.61222673986765,6.387773260132349
2023-10-27,S002,P0018,247,256.47,250.96398333163845,3.9639833316384454
2023-10-28,S002,P0018,394,389.35,382.29284648208164,11.707153517918357
2023-10-29,S002,P0018,61,66.95,61.99412624455451,0.9941262445545078
2023-10-30,S002,P0018,123,124.35,117.71852635020868,5.281473649791323
2023-10-31,S002,P0018,27,17.55,13.443843311925058,13.556156688074942
2023-11-01,S002,P0018,454,449.03,448.252931027298,5.747068972701982
2023-11-02,S002,P0018,38,42.45,37.02573057075752,0.9742694292424829
2023-11-03,S002,P0018,36,36.93,32.21943066532545,3.780569334674553
2023-11-04,S002,P0018,20,19.03,15.13523811980965,4.8647618801903505
2023-11-05,S002,P0018,73,64.7,59.284720567910625,13.715279432089375
2023-11-06,S002,P0018,400,413.04,405.73228292573646,5.732282925736456
2023-11-07,S002,P0018,94,113.03,107.78343560801633,13.783435608016333
2023-11-08,S002,P0018,67,83.84,78.53875353987979,11.538753539879792
2023-11-09,S002,P0018,85,75.1,70.85030759694365,14.14969240305635
2023-11-10,S002,P0018,42,37.86,33.311859541915055,8.688140458084945
2023-11-11,S002,P0018,146,144.8,139.40498420372924,6.595015796270758
2023-11-12,S002,P0018,52,47.23,42.240315355587356,9.759684644412644
2023-11-13,S002,P0018,68,71.42,66.58995297736254,1.4100470226374568
2023-11-14,S002,P0018,1,10.68,10.391629303721539,9.391629303721539
2023-11-15,S002,P0018,354,359.02,353.2983068330933,0.7016931669066935
2023-11-16,S002,P0018,123,121.82,116.12577429235324,6.874225707646758
2023-11-17,S002,P0018,38,33.68,29.372612821436093,8.627387178563907
2023-11-18,S002,P0018,186,181.91,176.56220314148135,9.437796858518652
2023-11-19,S002,P0018,158,148.01,143.15141229410443,14.848587705895568
2023-11-20,S002,P0018,215,212.32,206.9851442020041,8.014855797995892
2023-11-21,S002,P0018,272,291.22,287.4271043910244,15.427104391024386
2023-11-22,S002,P0018,160,170.25,164.48217649568892,4.482176495688918
2023-11-23,S002,P0018,14,30.26,26.07123527336691,12.07123527336691
2023-11-24,S002,P0018,163,168.35,162.1610917175197,0.838908282480304
2023-11-25,S002,P0018,89,105.73,99.74217204958182,10.742172049581825
2023-11-26,S002,P0018,57,47.24,42.180914151336985,14.819085848663015
2023-11-27,S002,P0018,54,68.54,63.99331060211598,9.993310602115983
2023-11-28,S002,P0018,112,120.47,114.97600994124814,2.9760099412481367
2023-11-29,S002,P0018,149,153.55,147.68037438714154,1.3196256128584594
2023-11-30,S002,P0018,253,262.29,256.09754693988737,3.0975469398873656
2023-12-01,S002,P0018,33,29.66,24.222088359859782,8.777911640140218
2023-12-02,S002,P0018,176,166.58,161.393393886301,14.606606113699002
2023-12-03,S002,P0018,114,114.32,108.0986017097578,5.901398290242199
2023-12-04,S002,P0018,390,398.55,391.648700047376,1.6487000473759963
2023-12-05,S002,P0018,128,135.56,130.0148149171908,2.0148149171907903
2023-12-06,S002,P0018,11,23.67,18.66496956328134,7.664969563281339
2023-12-07,S002,P0018,138,141.58,137.308896656616,0.6911033433839862
2023-12-08,S002,P0018,179,170.21,163.66261854554457,15.337381454455425
2023-12-09,S002,P0018,9,12.46,11.489078093124164,2.4890780931241636
2023-12-10,S002,P0018,29,25.72,20.63907740037296,8.360922599627042
2023-12-11,S002,P0018,68,65.88,60.501863542510634,7.498136457489366
2023-12-12,S002,P0018,223,220.08,215.242504308629,7.757495691370991
2023-12-13,S002,P0018,306,317.51,311.88319917786674,5.883199177866743
2023-12-14,S002,P0018,402,408.86,404.8094730234281,2.8094730234280973
2023-12-15,S002,P0018,6,20.41,16.33080111516173,10.33080111516173
2023-12-16,S002,P0018,54,66.91,60.97774075376106,6.977740753761061
2023-12-17,S002,P0018,130,145.72,139.81703284166534,9.817032841665338
2023-12-18,S002,P0018,284,300.11,293.7672936046203,9.767293604620306
2023-12-19,S002,P0018,157,176.6,170.50603497287452,13.506034972874517
2023-12-20,S002,P0018,360,356.41,349.67013195590164,10.329868044098362
2023-12-21,S002,P0018,189,192.11,186.13752629973152,2.862473700268481
2023-12-22,S002,P0018,112,112.85,106.53005310460746,5.469946895392539
2023-12-23,S002,P0018,121,121.22,116.06418854512887,4.9358114548711285
2023-12-24,S002,P0018,58,56.6,52.05399467893421,5.94600532106579
2023-12-25,S002,P0018,69,62.92,57.885688412223146,11.114311587776854
2023-12-26,S002,P0018,386,404.51,397.2825273686659,11.28252736866591
2023-12-27,S002,P0018,48,65.71,61.345050360536455,13.345050360536455
2023-12-28,S002,P0018,157,160.06,154.3687405892946,2.631259410705411
2023-12-29,S002,P0018,83,87.87,82.21221631711511,0.7877836828848928
2023-12-30,S002,P0018,359,354.21,349.57344369078686,9.42655630921314
2023-12-31,S002,P0018,101,103.11,97.77344674761557,3.2265532523844342
2024-01-01,S002,P0018,30,33.33,29.020405717122593,0.9795942828774074
2023-09-18,S002,P0019,103,119.64,114.23020765815617,11.230207658156175
2023-09-19,S002,P0019,99,115.88,110.93519758011767,11.935197580117674
2023-09-20,S002,P0019,49,43.3,38.774153052858864,10.225846947141136
2023-09-21,S002,P0019,316,333.08,326.4433568448823,10.443356844882317
2023-09-22,S002,P0019,70,71.77,65.53615413925237,4.463845860747625
2023-09-23,S002,P0019,28,26.23,21.652620152040825,6.347379847959175
2023-09-24,S002,P0019,16,35.55,29.29002952440316,13.29002952440316
2023-09-25,S002,P0019,1,5.86,7.9226002534024556,6.9226002534024556
2023-09-26,S002,P0019,321,316.59,310.97238395710133,10.027616042898671
2023-09-27,S002,P0019,447,443.99,432.8409280635594,14.159071936440625
2023-09-28,S002,P0019,397,388.73,381.6203473036207,15.37965269637931
2023-09-29,S002,P0019,315,310.38,305.35954612002666,9.640453879973336
2023-09-30,S002,P0019,40,50.45,45.578303711225644,5.578303711225644
2023-10-01,S002,P0019,86,103.84,98.26001239546038,12.260012395460379
2023-10-02,S002,P0019,133,130.08,124.56547059070932,8.434529409290676
2023-10-03,S002,P0019,41,44.46,39.73803545059383,1.2619645494061729
2023-10-04,S002,P0019,183,189.23,183.22765281620542,0.22765281620542055
2023-10-05,S002,P0019,172,180.87,175.3242726516507,3.3242726516506877
2023-10-06,S002,P0019,131,148.82,143.15077739384012,12.150777393840116
2023-10-07,S002,P0019,321,339.45,333.9111076831785,12.9111076831785
2023-10-08,S002,P0019,6,13.25,11.835882986094617,5.835882986094617
2023-10-09,S002,P0019,285,289.28,284.0049424889619,0.9950575110381124
2023-10-10,S002,P0019,151,148.73,143.71718286920083,7.282817130799174
2023-10-11,S002,P0019,383,375.69,371.04478284597997,11.955217154020033
2023-10-12,S002,P0019,55,59.17,53.872273884068875,1.1277261159311252
2023-10-13,S002,P0019,70,84.12,78.7579685189638,8.757968518963807
2023-10-14,S002,P0019,52,51.37,45.45631847571589,6.543681524284111
2023-10-15,S002,P0019,103,113.61,107.85117285391661,4.851172853916609
2023-10-16,S002,P0019,163,157.8,151.78164320683442,11.218356793165583
2023-10-17,S002,P0019,19,36.45,31.541025593852716,12.541025593852716
2023-10-18,S002,P0019,80,75.22,70.55331308520432,9.446686914795677
2023-10-19,S002,P0019,101,119.76,114.55337200569845,13.55337200569845
2023-10-20,S002,P0019,357,348.35,343.3320381544687,13.667961845531295
2023-10-21,S002,P0019,48,42.4,36.89175707990056,11.108242920099443
2023-10-22,S002,P0019,19,34.12,29.745256653437686,10.745256653437686
2023-10-23,S002,P0019,5,2.34,6.782039519139575,1.782039519139575
2023-10-24,S002,P0019,168,170.5,165.7685396612226,2.2314603387773957
2023-10-25,S002,P0019,121,127.58,122.07991886890926,1.0799188689092603
2023-10-26,S002,P0019,140,145.86,140.2948946352606,0.2948946352605901
2023-10-27,S002,P0019,172,162.99,157.364910106676,14.635089893323993
2023-10-28,S002,P0019,19,33.27,28.511472964473494,9.511472964473494
2023-10-29,S002,P0019,20,20.11,15.08069760963383,4.91930239036617
2023-10-30,S002,P0019,151,164.99,159.68057677205053,8.680576772050529
2023-10-31,S002,P0019,59,54.66,49.852296303397935,9.147703696602065
2023-11-01,S002,P0019,194,207.8,202.79218081794107,8.792180817941073
2023-11-02,S002,P0019,94,88.41,82.89804477866636,11.10195522133364
2023-11-03,S002,P0019,171,187.63,182.199314994414,11.19931499441401
2023-11-04,S002,P0019,129,126.73,120.36878535207038,8.631214647929625
2023-11-05,S002,P0019,56,53.52,48.89206640600341,7.1079335939965915
2023-11-06,S002,P0019,9,1.06,5.826393386509231,3.173606613490769
2023-11-07,S002,P0019,23,25.62,20.346043867337677,2.653956132662323
2023-11-08,S002,P0019,95,95.56,90.11674414599753,4.883255854002471
2023-11-09,S002,P0019,238,242.03,237.95157453014235,0.04842546985764784
2023-11-10,S002,P0019,324,327.25,321.22200531578125,2.777994684218754
2023-11-11,S002,P0019,271,283.82,279.32560974515127,8.325609745151269
2023-11-12,S002,P0019,8,-1.35,4.811263657316967,3.1887363426830326
2023-11-13,S002,P0019,116,130.66,124.81725506869607,8.81725506869607
2023-11-14,S002,P0019,137,156.49,151.46874860520484,14.468748605204837
2023-11-15,S002,P0019,105,99.75,93.20389868863074,11.796101311369256
2023-11-16,S002,P0019,339,355.74,350.32305859983603,11.323058599836031
2023-11-17,S002,P0019,43,53.38,49.191184607850786,6.191184607850786
2023-11-18,S002,P0019,66,82.79,77.30238872282256,11.302388722822556
2023-11-19,S002,P0019,129,128.74,123.39540251350807,5.604597486491926
2023-11-20,S002,P0019,63,59.24,54.611941690827905,8.388058309172095
2023-11-21,S002,P0019,29,46.26,41.8372476902083,12.8372476902083
2023-11-22,S002,P0019,84,75.99,72.02499900192929,11.975000998070712
2023-11-23,S002,P0019,99,108.16,102.88212312885838,3.8821231288583817
2023-11-24,S002,P0019,24,22.82,17.835045996389972,6.164954003610028
2023-11-25,S002,P0019,55,64.62,59.54677260514603,4.546772605146032
2023-11-26,S002,P0019,21,30.84,26.12149601242825,5.121496012428249
2023-11-27,S002,P0019,79,95.17,90.01670454938473,11.016704549384727
2023-11-28,S002,P0019,63,65.35,60.97240972364604,2.027590276353962
2023-11-29,S002,P0019,71,74.17,69.03688871106517,1.963111288934826
2023-11-30,S002,P0019,92,100.31,94.97080487873585,2.970804878735848
2023-12-01,S002,P0019,112,129.53,124.05680178938857,12.056801789388572
2023-12-02,S002,P0019,167,179.15,173.9842525559347,6.984252555934688
2023-12-03,S002,P0019,221,232.91,228.55238996534592,7.552389965345924
2023-12-04,S002,P0019,364,372.83,366.19965820220375,2.19965820220375
2023-12-05,S002,P0019,4,-5.96,2.911019612952799,1.0889803870472008
2023-12-06,S002,P0019,6,23.17,18.01488908657354,12.01488908657354
2023-12-07,S002,P0019,116,116.11,110.96628532432462,5.033714675675384
2023-12-08,S002,P0019,146,158.98,152.6326044097271,6.632604409727094
2023-12-09,S002,P0019,49,59.72,54.45012021212766,5.450120212127658
2023-12-10,S002,P0019,192,195.58,190.51137940571942,1.488620594280576
2023-12-11,S002,P0019,10,25.74,20.72663259299278,10.726632592992779
2023-12-12,S002,P0019,250,248.89,242.65137720757804,7.348622792421963
2023-12-13,S002,P0019,47,60.66,54.854292980865566,7.854292980865566
2023-12-14,S002,P0019,180,186.54,181.48636181540664,1.4863618154066387
2023-12-15,S002,P0019,126,125.29,119.69842345738425,6.301576542615749
2023-12-16,S002,P0019,19,19.31,14.548981858302465,4.451018141697535
2023-12-17,S002,P0019,153,170.11,164.46163917851294,11.46163917851294
2023-12-18,S002,P0019,75,87.23,82.42700314764905,7.427003147649046
2023-12-19,S002,P0019,337,349.61,343.94385450820516,6.943854508205163
2023-12-20,S002,P0019,228,233.91,229.78909075876336,1.7890907587633649
2023-12-21,S002,P0019,62,79.46,73.34935529220394,11.349355292203938
2023-12-22,S002,P0019,80,86.9,81.54560316702532,1.5456031670253196
2023-12-23,S002,P0019,13,21.66,15.9726538579046,2.9726538579046
2023-12-24,S002,P0019,69,67.33,62.208561328464384,6.791438671535616
2023-12-25,S002,P0019,80,93.11,87.59114913264565,7.591149132645654
2023-12-26,S002,P0019,289,303.78,298.1621960315547,9.162196031554686
2023-12-27,S002,P0019,57,62.7,57.617901534492404,0.6179015344924039
2023-12-28,S002,P0019,355,354.35,348.60100909363166,6.39899090636834
2023-12-29,S002,P0019,206,205.32,199.17025693926468,6.829743060735325
2023-12-30,S002,P0019,53,48.42,43.67925379574291,9.320746204257091
2023-12-31,S002,P0019,284,297.35,291.37354695783904,7.373546957839039
2024-01-01,S002,P0019,240,230.12,223.64283270221955,16.35716729778045
2023-09-18,S002,P0020,1,11.87,11.034880748844962,10.034880748844962
2023-09-19,S002,P0020,79,75.42,70.67568685478231,8.324313145217687
2023-09-20,S002,P0020,26,42.2,37.743760909967406,11.743760909967406
2023-09-21,S002,P0020,58,67.8,62.13629878708576,4.136298787085757
2023-09-22,S002,P0020,268,258.88,254.36609004352647,13.63390995647353
2023-09-23,S002,P0020,156,151.35,146.0278899083845,9.972110091615491
2023-09-24,S002,P0020,415,433.2,424.72274735908184,9.722747359081836
2023-09-25,S002,P0020,61,78.13,72.83701325922567,11.837013259225671
2023-09-26,S002,P0020,163,176.88,171.7723300422952,8.77233004229521
2023-09-27,S002,P0020,238,248.83,241.76597395377587,3.7659739537758696
2023-09-28,S002,P0020,73,69.66,64.03770218711298,8.962297812887016
2023-09-29,S002,P0020,139,147.6,143.0763233944818,4.07632339448179
2023-09-30,S002,P0020,55,63.5,57.30115200335359,2.301152003353593
2023-10-01,S002,P0020,399,394.12,388.1096625814767,10.890337418523302
2023-10-02,S002,P0020,67,74.54,68.96226311499325,1.9622631149932488
2023-10-03,S002,P0020,39,51.21,45.29931277684818,6.299312776848183
2023-10-04,S002,P0020,191,195.78,190.78125262024025,0.21874737975974767
2023-10-05,S002,P0020,71,74.84,69.65526551795541,1.3447344820445863
2023-10-06,S002,P0020,36,38.66,33.7366485882028,2.2633514117972027
2023-10-07,S002,P0020,320,331.75,325.5503394647944,5.5503394647943765
2023-10-08,S002,P0020,27,26.02,21.102539760855283,5.897460239144717
2023-10-09,S002,P0020,60,70.89,65.10832825236511,5.108328252365112
2023-10-10,S002,P0020,45,51.47,45.27807440082741,0.278074400827407
2023-10-11,S002,P0020,165,183.11,178.6182729844597,13.618272984459708
2023-10-12,S002,P0020,375,366.23,360.0834131499445,14.916586850055523
2023-10-13,S002,P0020,117,108.57,102.91294736598503,14.087052634014967
2023-10-14,S002,P0020,176,179.31,173.38889821309428,2.6111017869057207
2023-10-15,S002,P0020,222,232.12,227.48480559538024,5.484805595380237
2023-10-16,S002,P0020,110,129.74,124.18114262957101,14.181142629571013
2023-10-17,S002,P0020,19,22.31,17.76468658185591,1.2353134181440915
2023-10-18,S002,P0020,211,227.73,223.73289689993817,12.732896899938169
2023-10-19,S002,P0020,316,320.85,314.7751480817404,1.224851918259617
2023-10-20,S002,P0020,64,75.45,70.30843043377672,6.308430433776721
2023-10-21,S002,P0020,234,229.91,225.03275050177484,8.967249498225158
2023-10-22,S002,P0020,351,343.08,338.25538902692836,12.744610973071644
2023-10-23,S002,P0020,43,50.18,44.97668190600133,1.9766819060013319
2023-10-24,S002,P0020,121,125.31,119.48006301835304,1.5199369816469641
2023-10-25,S002,P0020,101,114.32,108.34342353712563,7.343423537125631
2023-10-26,S002,P0020,139,138.62,134.0398008985684,4.960199101431613
2023-10-27,S002,P0020,26,45.55,40.46182348190177,14.461823481901767
2023-10-28,S002,P0020,25,43.99,39.39969356230086,14.399693562300861
2023-10-29,S002,P0020,128,142.32,137.08636944610197,9.086369446101969
2023-10-30,S002,P0020,73,84.09,79.20848986094671,6.208489860946713
2023-10-31,S002,P0020,389,387.42,381.4791037541083,7.52089624589172
2023-11-01,S002,P0020,240,232.77,227.39029660520157,12.60970339479843
2023-11-02,S002,P0020,21,32.05,27.09946419111341,6.099464191113409
2023-11-03,S002,P0020,39,29.44,25.12530250060675,13.87469749939325
2023-11-04,S002,P0020,101,106.68,100.68325166883714,0.31674833116285583
2023-11-05,S002,P0020,28,19.61,14.555728846457836,13.444271153542164
2023-11-06,S002,P0020,21,32.14,28.253011913541393,7.253011913541393
2023-11-07,S002,P0020,67,68.89,64.56594704908771,2.434052950912289
2023-11-08,S002,P0020,141,141.32,136.5314986871076,4.468501312892414
2023-11-09,S002,P0020,224,240.56,235.92257929040017,11.922579290400165
2023-11-10,S002,P0020,64,68.62,63.77819361948304,0.22180638051695922
2023-11-11,S002,P0020,155,157.12,152.22580243235154,2.774197567648457
2023-11-12,S002,P0020,44,54.74,49.27712550440984,5.277125504409838
2023-11-13,S002,P0020,254,271.08,265.83692916033476,11.836929160334762
2023-11-14,S002,P0020,439,433.48,423.96141750135143,15.038582498648566
2023-11-15,S002,P0020,270,268.14,263.11902933646473,6.880970663535265
2023-11-16,S002,P0020,7,23.44,18.3502086042246,11.350208604224601
2023-11-17,S002,P0020,30,23.24,18.978463975898578,11.021536024101422
2023-11-18,S002,P0020,56,57.71,51.99799007423317,4.002009925766828
2023-11-19,S002,P0020,354,352.75,348.7397235302696,5.2602764697304
2023-11-20,S002,P0020,331,334.83,331.25465098196753,0.25465098196752933
2023-11-21,S002,P0020,340,348.9,343.7500860175258,3.7500860175258026
2023-11-22,S002,P0020,15,33.87,29.71910958678483,14.719109586784828
2023-11-23,S002,P0020,70,77.45,71.70185049700697,1.7018504970069728
2023-11-24,S002,P0020,105,105.94,100.53363122696766,4.466368773032343
2023-11-25,S002,P0020,38,43.86,39.617408024009904,1.6174080240099045
2023-11-26,S002,P0020,174,167.17,162.67697456298572,11.32302543701428
2023-11-27,S002,P0020,47,46.85,41.8140002605209,5.185999739479101
2023-11-28,S002,P0020,173,178.28,171.47028874807677,1.5297112519232314
2023-11-29,S002,P0020,149,159.29,152.74361068580023,3.7436106858002347
2023-11-30,S002,P0020,75,90.0,84.86646008006554,9.866460080065536
2023-12-01,S002,P0020,159,175.71,169.5364721930095,10.536472193009502
2023-12-02,S002,P0020,63,71.78,66.7162769894601,3.7162769894600984
2023-12-03,S002,P0020,17,32.93,28.339421154680778,11.339421154680778
2023-12-04,S002,P0020,20,39.61,34.65532405475112,14.65532405475112
2023-12-05,S002,P0020,203,199.23,193.44708710099954,9.55291289900046
2023-12-06,S002,P0020,169,163.69,157.64811941496518,11.35188058503482
2023-12-07,S002,P0020,167,165.56,160.89109210951815,6.108907890481845
2023-12-08,S002,P0020,236,228.12,223.5103175871246,12.489682412875396
2023-12-09,S002,P0020,148,139.49,135.06909143475093,12.93090856524907
2023-12-10,S002,P0020,76,74.63,68.9834276311518,7.016572368848202
2023-12-11,S002,P0020,87,95.8,89.76430969548376,2.7643096954837603
2023-12-12,S002,P0020,79,91.98,86.61046287339505,7.610462873395051
2023-12-13,S002,P0020,74,72.76,67.30445100172837,6.695548998271633
2023-12-14,S002,P0020,0,0.35,5.812911989848837,5.812911989848837
2023-12-15,S002,P0020,209,201.51,194.69095894972304,14.30904105027696
2023-12-16,S002,P0020,109,128.87,123.51504940579716,14.515049405797157
2023-12-17,S002,P0020,334,348.85,343.2900165738284,9.290016573828382
2023-12-18,S002,P0020,73,91.54,85.48289020030853,12.482890200308532
2023-12-19,S002,P0020,29,28.25,22.70521005362003,6.2947899463799715
2023-12-20,S002,P0020,106,104.39,100.0614128706008,5.938587129399195
2023-12-21,S002,P0020,64,83.95,78.6686227993068,14.668622799306803
2023-12-22,S002,P0020,161,170.8,165.4687149760489,4.4687149760488865
2023-12-23,S002,P0020,68,71.81,66.30209352060531,1.697906479394689
2023-12-24,S002,P0020,111,120.43,114.92176841458635,3.921768414586353
2023-12-25,S002,P0020,148,161.9,155.47375086256673,7.473750862566732
2023-12-26,S002,P0020,37,44.68,39.42886445509881,2.428864455098811
2023-12-27,S002,P0020,412,419.32,412.40193465104977,0.4019346510497712
2023-12-28,S002,P0020,294,304.25,297.8172501170444,3.8172501170444093
2023-12-29,S002,P0020,92,101.96,96.274740989089,4.274740989088997
2023-12-30,S002,P0020,269,280.83,275.7338938071787,6.733893807178674
2023-12-31,S002,P0020,158,176.94,171.70086508481296,13.70086508481296
2024-01-01,S002,P0020,225,222.74,217.68740801965015,7.3125919803498505
2023-09-18,S003,P0001,43,46.22,40.780755828535014,2.219244171464986
2023-09-19,S003,P0001,71,68.2,64.19506151297679,6.8049384870232075
2023-09-20,S003,P0001,69,83.71,78.28196698913966,9.281966989139661
2023-09-21,S003,P0001,25,22.32,17.532190574943094,7.467809425056906
2023-09-22,S003,P0001,41,47.96,41.99389004307737,0.9938900430773714
2023-09-23,S003,P0001,78,79.12,73.22540554910132,4.774594450898675
2023-09-24,S003,P0001,10,21.51,16.827222556844383,6.827222556844383
2023-09-25,S003,P0001,102,97.09,91.08847194597534,10.911528054024657
2023-09-26,S003,P0001,214,223.01,216.9287701416971,2.9287701416971004
2023-09-27,S003,P0001,37,56.01,49.976253651358384,12.976253651358384
2023-09-28,S003,P0001,166,182.37,177.1407384351683,11.140738435168288
2023-09-29,S003,P0001,104,102.59,96.76799724088079,7.2320027591192115
2023-09-30,S003,P0001,150,146.69,141.99338015994294,8.006619840057056
2023-10-01,S003,P0001,25,34.34,29.692428659145254,4.6924286591452535
2023-10-02,S003,P0001,182,174.17,168.67939201044996,13.32060798955004
2023-10-03,S003,P0001,116,134.45,128.79412696743094,12.794126967430941
2023-10-04,S003,P0001,217,221.96,214.8381999930979,2.161800006902098
2023-10-05,S003,P0001,52,49.91,44.96113709834769,7.038862901652308
2023-10-06,S003,P0001,172,168.83,163.36128530425407,8.638714695745932
2023-10-07,S003,P0001,47,65.7,61.07035127236618,14.070351272366182
2023-10-08,S003,P0001,131,138.92,133.3850502370496,2.3850502370495974
2023-10-09,S003,P0001,73,79.55,74.0771838347232,1.0771838347232006
2023-10-10,S003,P0001,26,22.55,17.84912939304661,8.15087060695339
2023-10-11,S003,P0001,67,84.86,79.68438208389766,12.68438208389766
2023-10-12,S003,P0001,79,95.34,90.4043526902162,11.4043526902162
2023-10-13,S003,P0001,382,389.22,383.02761519993715,1.027615199937145
2023-10-14,S003,P0001,2,-4.79,2.9360441548532847,0.9360441548532847
2023-10-15,S003,P0001,186,202.92,197.38518540641275,11.385185406412745
2023-10-16,S003,P0001,222,239.21,234.18491608436682,12.184916084366819
2023-10-17,S003,P0001,350,355.89,350.19839658675954,0.19839658675954297
2023-10-18,S003,P0001,129,121.54,117.12283936825767,11.877160631742328
2023-10-19,S003,P0001,278,284.19,279.0062191524182,1.0062191524182253
2023-10-20,S003,P0001,282,288.75,282.6946422305608,0.6946422305608166
2023-10-21,S003,P0001,151,156.86,151.6011076982935,0.6011076982935037
2023-10-22,S003,P0001,198,206.31,200.8762778486024,2.876277848602399
2023-10-23,S003,P0001,137,133.92,127.53224812178857,9.46775187821143
2023-10-24,S003,P0001,53,69.94,65.11113734865252,12.11113734865252
2023-10-25,S003,P0001,338,345.25,338.0091020028063,0.009102002806287146
2023-10-26,S003,P0001,148,139.78,134.71343050408476,13.286569495915245
2023-10-27,S003,P0001,19,12.38,11.29158967675718,7.70841032324282
2023-10-28,S003,P0001,2,-4.45,2.92787622876771,0.92787622876771
2023-10-29,S003,P0001,34,30.28,26.368885118392456,7.6311148816075445
2023-10-30,S003,P0001,183,188.18,183.6397157073682,0.6397157073681967
2023-10-31,S003,P0001,157,152.08,147.0383915734243,9.961608426575708
2023-11-01,S003,P0001,297,303.46,299.1615807575625,2.16158075756249
2023-11-02,S003,P0001,85,87.14,81.9457001870139,3.054299812986102
2023-11-03,S003,P0001,290,286.42,281.74924747919385,8.250752520806145
2023-11-04,S003,P0001,320,339.72,334.38999951452394,14.389999514523936
2023-11-05,S003,P0001,40,44.62,39.206169973679096,0.7938300263209044
2023-11-06,S003,P0001,63,76.32,71.68965336392822,8.689653363928215
2023-11-07,S003,P0001,379,396.6,389.0232980132739,10.023298013273916
2023-11-08,S003,P0001,35,43.09,38.970341354699315,3.9703413546993147
2023-11-09,S003,P0001,38,31.25,26.751050733804373,11.248949266195627
2023-11-10,S003,P0001,43,43.24,38.403076307680635,4.596923692319365
2023-11-11,S003,P0001,219,234.45,229.80840207826412,10.808402078264123
2023-11-12,S003,P0001,110,108.12,102.16957745109752,7.830422548902476
2023-11-13,S003,P0001,103,107.61,102.22211530447753,0.7778846955224736
2023-11-14,S003,P0001,71,65.43,60.82148595937546,10.178514040624542
2023-11-15,S003,P0001,228,240.69,235.12657813521653,7.126578135216533
2023-11-16,S003,P0001,172,175.66,170.4230749602653,1.5769250397347037
2023-11-17,S003,P0001,220,237.01,232.31052709578998,12.310527095789979
2023-11-18,S003,P0001,40,48.59,43.143223786762555,3.1432237867625545
2023-11-19,S003,P0001,15,25.15,20.382782327845163,5.382782327845163
2023-11-20,S003,P0001,92,82.61,77.70814241653987,14.291857583460128
2023-11-21,S003,P0001,220,219.66,214.72052212137302,5.279477878626977
2023-11-22,S003,P0001,4,21.17,16.269749804472724,12.269749804472724
2023-11-23,S003,P0001,256,265.62,258.12843402993667,2.1284340299366704
2023-11-24,S003,P0001,16,21.33,16.160759527487343,0.16075952748734323
2023-11-25,S003,P0001,119,114.18,108.70276218955253,10.29723781044747
2023-11-26,S003,P0001,4,2.89,7.1088175739752275,3.1088175739752275
2023-11-27,S003,P0001,182,187.57,182.01371583079168,0.013715830791682038
2023-11-28,S003,P0001,165,174.48,169.36664107443283,4.366641074432835
2023-11-29,S003,P0001,150,161.32,155.6112202811182,5.611220281118193
2023-11-30,S003,P0001,9,14.7,11.827120935292395,2.8271209352923954
2023-12-01,S003,P0001,8,-1.44,4.707607192444156,3.292392807555844
2023-12-02,S003,P0001,73,83.27,77.20062317130882,4.20062317130882
2023-12-03,S003,P0001,250,261.87,255.6692756825074,5.66927568250739
2023-12-04,S003,P0001,50,55.04,50.007083642067386,0.007083642067385654
2023-12-05,S003,P0001,12,8.6,9.27375561178307,2.72624438821693
2023-12-06,S003,P0001,17,27.56,22.29345188364163,5.29345188364163
2023-12-07,S003,P0001,202,195.63,190.77802822519044,11.22197177480956
2023-12-08,S003,P0001,149,151.54,146.51737803455558,2.482621965444423
2023-12-09,S003,P0001,32,48.01,43.179182027217564,11.179182027217564
2023-12-10,S003,P0001,236,245.38,240.37214703736618,4.372147037366176
2023-12-11,S003,P0001,77,92.51,86.32084541140132,9.320845411401322
2023-12-12,S003,P0001,38,43.7,38.5298254297157,0.5298254297157001
2023-12-13,S003,P0001,184,181.01,174.88294906538022,9.117050934619783
2023-12-14,S003,P0001,105,119.31,114.01225914720021,9.012259147200211
2023-12-15,S003,P0001,100,100.96,95.20129805188208,4.798701948117923
2023-12-16,S003,P0001,16,32.15,26.71933810679476,10.719338106794758
2023-12-17,S003,P0001,97,98.55,92.80230839485148,4.1976916051485205
2023-12-18,S003,P0001,1,-8.93,2.278881119961949,1.278881119961949
2023-12-19,S003,P0001,275,268.15,261.1424471076606,13.857552892339413
2023-12-20,S003,P0001,65,69.28,64.26290449891829,0.7370955010817113
2023-12-21,S003,P0001,52,55.04,50.02994433595954,1.9700556640404585
2023-12-22,S003,P0001,266,258.74,252.8964191297593,13.103580870240705
2023-12-23,S003,P0001,60,76.31,70.79850991511421,10.79850991511421
2023-12-24,S003,P0001,183,173.21,168.19138436805656,14.80861563194344
2023-12-25,S003,P0001,30,21.56,15.856327816712444,14.143672183287556
2023-12-26,S003,P0001,64,67.31,62.753908339560425,1.2460916604395749
2023-12-27,S003,P0001,31,34.62,28.786830093298903,2.213169906701097
2023-12-28,S003,P0001,287,283.77,279.1395784385513,7.860421561448675
2023-12-29,S003,P0001,108,107.48,102.5481493854947,5.451850614505304
2023-12-30,S003,P0001,31,31.97,27.11895694154878,3.881043058451219
2023-12-31,S003,P0001,24,17.63,13.179849158094214,10.820150841905786
2024-01-01,S003,P0001,114,119.97,115.37694212430607,1.376942124306069
2023-09-18,S003,P0002,194,207.11,202.24117477780416,8.241174777804162
2023-09-19,S003,P0002,43,34.75,29.507575402170694,13.492424597829306
2023-09-20,S003,P0002,168,174.84,169.39642376186072,1.3964237618607171
2023-09-21,S003,P0002,17,15.11,12.168486941715958,4.831513058284042
2023-09-22,S003,P0002,24,35.96,30.501344936445243,6.501344936445243
2023-09-23,S003,P0002,65,67.19,61.511853698942275,3.488146301057725
2023-09-24,S003,P0002,337,355.68,349.47046848417915,12.47046848417915
2023-09-25,S003,P0002,62,68.32,64.03814017584456,2.0381401758445605
2023-09-26,S003,P0002,124,126.36,120.61575936678088,3.3842406332191217
2023-09-27,S003,P0002,316,307.5,302.8126849052042,13.187315094795792
2023-09-28,S003,P0002,118,123.42,117.81083726546586,0.18916273453413623
2023-09-29,S003,P0002,340,344.66,338.62887692185154,1.3711230781484574
2023-09-30,S003,P0002,20,23.76,19.409574631769143,0.5904253682308571
2023-10-01,S003,P0002,126,129.37,123.91991298560151,2.0800870143984866
2023-10-02,S003,P0002,3,-3.51,3.9731105473580843,0.9731105473580843
2023-10-03,S003,P0002,132,128.78,122.25843743905469,9.741562560945312
2023-10-04,S003,P0002,258,252.06,245.88058642806584,12.11941357193416
2023-10-05,S003,P0002,214,215.42,210.60126030359126,3.3987396964087395
2023-10-06,S003,P0002,70,87.84,82.68597215920451,12.68597215920451
2023-10-07,S003,P0002,341,360.37,352.62189609941714,11.621896099417143
2023-10-08,S003,P0002,46,49.05,44.621751046397435,1.378248953602565
2023-10-09,S003,P0002,69,73.47,68.15972147299473,0.8402785270052675
2023-10-10,S003,P0002,134,130.25,124.71368430160709,9.286315698392912
2023-10-11,S003,P0002,31,28.76,23.886291179312146,7.1137088206878545
2023-10-12,S003,P0002,221,240.47,235.47593969828773,14.475939698287732
2023-10-13,S003,P0002,90,100.72,94.64623771248023,4.646237712480229
2023-10-14,S003,P0002,197,209.07,203.27066845363782,6.270668453637825
2023-10-15,S003,P0002,154,153.75,147.67423180392132,6.325768196078684
2023-10-16,S003,P0002,79,92.96,86.1072666180264,7.107266618026401
2023-10-17,S003,P0002,143,144.06,139.07973535420658,3.9202646457934236
2023-10-18,S003,P0002,36,36.74,31.829909477230643,4.170090522769357
2023-10-19,S003,P0002,257,247.11,241.53042750467432,15.469572495325679
2023-10-20,S003,P0002,44,35.65,30.846190750980025,13.153809249019975
2023-10-21,S003,P0002,146,147.85,142.99704297704244,3.0029570229575597
2023-10-22,S003,P0002,279,287.64,283.26790400419003,4.267904004190029
2023-10-23,S003,P0002,35,50.5,45.103755118844006,10.103755118844006
2023-10-24,S003,P0002,196,196.14,191.7378938960697,4.262106103930307
2023-10-25,S003,P0002,66,57.14,52.336796081435395,13.663203918564605
2023-10-26,S003,P0002,352,344.92,337.9144832101851,14.085516789814903
2023-10-27,S003,P0002,82,86.32,80.4138872376748,1.5861127623252003
2023-10-28,S003,P0002,106,108.48,103.5672302883664,2.432769711633597
2023-10-29,S003,P0002,131,140.96,136.5691312405435,5.5691312405434985
2023-10-30,S003,P0002,56,65.67,61.341970462822914,5.341970462822914
2023-10-31,S003,P0002,18,12.7,11.11819852806617,6.88180147193383
2023-11-01,S003,P0002,91,100.96,94.55325991916322,3.5532599191632244
2023-11-02,S003,P0002,99,90.13,84.75403178091003,14.245968219089974
2023-11-03,S003,P0002,262,252.19,247.2326814867814,14.767318513218612
2023-11-04,S003,P0002,55,72.42,67.04891824900082,12.04891824900082
2023-11-05,S003,P0002,74,81.88,75.79483222027922,1.7948322202792184
2023-11-06,S003,P0002,150,162.7,157.51270751759756,7.512707517597562
2023-11-07,S003,P0002,71,70.16,64.88261488006779,6.117385119932209
2023-11-08,S003,P0002,98,93.1,86.64139633208143,11.358603667918572
2023-11-09,S003,P0002,262,263.41,257.3697465017848,4.630253498215211
2023-11-10,S003,P0002,58,66.12,61.045803094238536,3.0458030942385363
2023-11-11,S003,P0002,259,252.1,246.9788510572502,12.02114894274979
2023-11-12,S003,P0002,416,434.76,427.84592937860975,11.845929378609753
2023-11-13,S003,P0002,33,46.22,40.88970151170548,7.889701511705482
2023-11-14,S003,P0002,226,234.74,229.85694276848852,3.8569427684885227
2023-11-15,S003,P0002,71,63.11,57.37159236141261,13.62840763858739
2023-11-16,S003,P0002,5,-3.28,4.131729699752708,0.8682703002472918
2023-11-17,S003,P0002,237,254.13,248.1599716967731,11.159971696773113
2023-11-18,S003,P0002,296,300.96,295.7474056987419,0.2525943012581138
2023-11-19,S003,P0002,176,169.13,163.5833058794434,12.416694120556599
2023-11-20,S003,P0002,132,139.77,134.3983585022111,2.398358502211096
2023-11-21,S003,P0002,246,251.1,244.61479314891994,1.3852068510800564
2023-11-22,S003,P0002,2,16.75,13.512113417095058,11.512113417095058
2023-11-23,S003,P0002,122,126.94,120.21148532299347,1.7885146770065319
2023-11-24,S003,P0002,81,90.67,85.50531610820423,4.505316108204227
2023-11-25,S003,P0002,161,167.8,162.76759020675544,1.7675902067554432
2023-11-26,S003,P0002,69,77.03,71.73008949070604,2.7300894907060353
2023-11-27,S003,P0002,113,111.74,106.97253309876677,6.027466901233225
2023-11-28,S003,P0002,9,0.45,5.995663274967424,3.0043367250325757
2023-11-29,S003,P0002,451,464.9,460.36460608493405,9.364606084934053
2023-11-30,S003,P0002,36,26.93,22.335612280439634,13.664387719560366
2023-12-01,S003,P0002,178,196.37,191.16777699230454,13.167776992304539
2023-12-02,S003,P0002,19,24.11,18.375461685658173,0.6245383143418266
2023-12-03,S003,P0002,255,247.17,241.80612793734048,13.193872062659523
2023-12-04,S003,P0002,306,315.71,310.04254018215556,4.042540182155562
2023-12-05,S003,P0002,90,92.12,86.33361037191342,3.666389628086577
2023-12-06,S003,P0002,24,28.05,22.887477925229856,1.112522074770144
2023-12-07,S003,P0002,105,116.56,111.6138321823525,6.613832182352496
2023-12-08,S003,P0002,283,285.81,280.1720497518078,2.8279502481922236
2023-12-09,S003,P0002,103,115.98,110.184406238033,7.184406238033006
2023-12-10,S003,P0002,71,84.95,79.38836102905857,8.388361029058572
2023-12-11,S003,P0002,186,195.64,191.11489947828812,5.114899478288123
2023-12-12,S003,P0002,82,85.15,80.12014187436688,1.8798581256331204
2023-12-13,S003,P0002,154,159.51,153.2570032727464,0.7429967272535976
2023-12-14,S003,P0002,90,103.78,98.32682819568242,8.326828195682424
2023-12-15,S003,P0002,291,302.16,295.43346467309163,4.433464673091635
2023-12-16,S003,P0002,53,52.09,47.25182672718658,5.748173272813418
2023-12-17,S003,P0002,294,289.27,282.9706271850898,11.029372814910175
2023-12-18,S003,P0002,80,85.21,80.54408035673012,0.5440803567301202
2023-12-19,S003,P0002,18,35.37,30.582995088014776,12.582995088014776
2023-12-20,S003,P0002,321,334.36,330.05369782043533,9.053697820435332
2023-12-21,S003,P0002,82,97.73,91.52526631258527,9.525266312585273
2023-12-22,S003,P0002,33,36.47,30.84731197624481,2.1526880237551893
2023-12-23,S003,P0002,349,353.99,348.6181699558638,0.38183004413622257
2023-12-24,S003,P0002,217,218.38,212.99295214200203,4.007047857997975
2023-12-25,S003,P0002,218,218.62,214.10444594172134,3.8955540582786625
2023-12-26,S003,P0002,286,296.31,290.5079242153207,4.507924215320713
2023-12-27,S003,P0002,269,261.34,256.01019787214653,12.989802127853466
2023-12-28,S003,P0002,171,161.12,155.2377273007282,15.76227269927179
2023-12-29,S003,P0002,314,326.27,320.6193387697783,6.619338769778324
2023-12-30,S003,P0002,174,170.53,165.50698905317702,8.493010946822977
2023-12-31,S003,P0002,321,324.28,317.1448687764496,3.8551312235504156
2024-01-01,S003,P0002,229,234.86,229.53928896155702,0.5392889615570198
2023-09-18,S003,P0003,0,1.65,6.5820071415650325,6.5820071415650325
2023-09-19,S003,P0003,90,100.01,93.70895616154911,3.7089561615491107
2023-09-20,S003,P0003,91,100.6,94.42669416796794,3.4266941679679377
2023-09-21,S003,P0003,181,197.95,193.76621175436085,12.766211754360853
2023-09-22,S003,P0003,126,141.15,136.52277052302924,10.522770523029237
2023-09-23,S003,P0003,17,11.88,10.519471106802392,6.480528893197608
2023-09-24,S003,P0003,182,199.64,193.33028185595066,11.330281855950659
2023-09-25,S003,P0003,173,165.0,158.88132294245884,14.118677057541163
2023-09-26,S003,P0003,271,263.8,256.9451633666683,14.054836633331718
2023-09-27,S003,P0003,53,47.63,42.844342732591926,10.155657267408074
2023-09-28,S003,P0003,251,256.67,250.3429652045626,0.6570347954373972
2023-09-29,S003,P0003,153,158.39,153.34731382347775,0.347313823477748
2023-09-30,S003,P0003,7,17.77,13.578516608369915,6.578516608369915
2023-10-01,S003,P0003,51,50.09,45.242592871319104,5.757407128680896
2023-10-02,S003,P0003,155,170.7,165.31317839209967,10.313178392099672
2023-10-03,S003,P0003,308,321.33,316.3288452560787,8.328845256078694
2023-10-04,S003,P0003,103,95.4,89.65378594138755,13.346214058612446
2023-10-05,S003,P0003,82,80.53,74.53161706185843,7.468382938141573
2023-10-06,S003,P0003,2,2.98,6.542624997068428,4.542624997068428
2023-10-07,S003,P0003,257,258.74,253.09005901013933,3.9099409898606723
2023-10-08,S003,P0003,47,46.51,41.717496228871326,5.282503771128674
2023-10-09,S003,P0003,58,61.42,56.44325978874306,1.5567402112569368
2023-10-10,S003,P0003,19,27.22,22.140541848520005,3.140541848520005
2023-10-11,S003,P0003,19,25.97,21.90025660995463,2.9002566099546314
2023-10-12,S003,P0003,351,364.99,360.44709614517916,9.44709614517916
2023-10-13,S003,P0003,149,160.73,154.76417430825276,5.764174308252763
2023-10-14,S003,P0003,46,54.9,50.34103997124981,4.341039971249813
2023-10-15,S003,P0003,258,272.54,267.6664328294914,9.666432829491384
2023-10-16,S003,P0003,71,71.02,65.53981513817962,5.46018486182038
2023-10-17,S003,P0003,87,104.26,98.60726580216209,11.60726580216209
2023-10-18,S003,P0003,53,58.9,53.754458546397935,0.7544585463979345
2023-10-19,S003,P0003,53,59.55,54.57888602564674,1.5788860256467387
2023-10-20,S003,P0003,264,260.67,254.67840794103705,9.321592058962949
2023-10-21,S003,P0003,46,48.68,43.60455940095383,2.395440599046168
2023-10-22,S003,P0003,73,84.22,79.23881221840286,6.238812218402856
2023-10-23,S003,P0003,49,39.46,34.617248124570665,14.382751875429335
2023-10-24,S003,P0003,1,19.97,15.161634757319664,14.161634757319664
2023-10-25,S003,P0003,77,78.95,72.52907387918772,4.47092612081228
2023-10-26,S003,P0003,364,363.88,359.6758325062454,4.324167493754601
2023-10-27,S003,P0003,374,373.07,370.0351131556975,3.964886844302498
2023-10-28,S003,P0003,237,255.21,248.45062555934751,11.450625559347515
2023-10-29,S003,P0003,40,33.93,29.462836060939416,10.537163939060584
2023-10-30,S003,P0003,7,-2.15,4.410621309026121,2.589378690973879
2023-10-31,S003,P0003,76,93.44,87.26169939682802,11.261699396828021
2023-11-01,S003,P0003,172,175.3,170.1444367986618,1.8555632013382137
2023-11-02,S003,P0003,57,67.53,62.4659803748244,5.465980374824397
2023-11-03,S003,P0003,18,31.71,26.954405765622255,8.954405765622255
2023-11-04,S003,P0003,12,3.07,6.661973309461095,5.338026690538905
2023-11-05,S003,P0003,32,51.07,44.86708959013,12.86708959013
2023-11-06,S003,P0003,334,341.62,334.2741362031787,0.27413620317872756
2023-11-07,S003,P0003,159,176.63,170.9078162890959,11.907816289095905
2023-11-08,S003,P0003,95,112.47,107.23784456779768,12.23784456779768
2023-11-09,S003,P0003,3,19.85,15.33069425039733,12.33069425039733
2023-11-10,S003,P0003,218,217.31,212.77492685097357,5.225073149026429
2023-11-11,S003,P0003,34,48.22,43.460035871364,9.460035871364
2023-11-12,S003,P0003,14,18.56,14.642151730614945,0.6421517306149447
2023-11-13,S003,P0003,179,197.78,193.65043805427678,14.650438054276776
2023-11-14,S003,P0003,315,307.09,302.0244902757726,12.97550972422738
2023-11-15,S003,P0003,118,126.18,119.67610716736007,1.6761071673600725
2023-11-16,S003,P0003,324,340.66,333.77733335229755,9.777333352297546
2023-11-17,S003,P0003,120,138.5,132.26614088887038,12.266140888870382
2023-11-18,S003,P0003,16,24.53,19.59109090949167,3.591090909491669
2023-11-19,S003,P0003,217,229.66,224.24691168600165,7.246911686001653
2023-11-20,S003,P0003,286,302.53,295.1796685562999,9.179668556299873
2023-11-21,S003,P0003,311,303.72,298.0944240608202,12.905575939179812
2023-11-22,S003,P0003,199,203.08,196.9253944553798,2.074605544620198
2023-11-23,S003,P0003,3,20.06,16.128615543292405,13.128615543292405
2023-11-24,S003,P0003,43,54.86,49.01209561110082,6.012095611100818
2023-11-25,S003,P0003,185,202.15,196.63113081584203,11.631130815842027
2023-11-26,S003,P0003,51,59.21,54.07617162131265,3.0761716213126533
2023-11-27,S003,P0003,65,58.89,53.594716800073705,11.405283199926295
2023-11-28,S003,P0003,161,164.94,160.0104249455803,0.9895750544197028
2023-11-29,S003,P0003,68,80.13,73.69697991624395,5.696979916243947
2023-11-30,S003,P0003,273,266.76,261.34990282843853,11.65009717156147
2023-12-01,S003,P0003,76,78.33,73.2230466785878,2.7769533214121935
2023-12-02,S003,P0003,34,30.34,26.422761218695968,7.5772387813040325
2023-12-03,S003,P0003,76,74.83,69.46221470261031,6.537785297389689
2023-12-04,S003,P0003,304,318.91,313.4503144929684,9.450314492968403
2023-12-05,S003,P0003,75,80.07,74.3535569427853,0.6464430572146966
2023-12-06,S003,P0003,60,74.31,67.822674983352,7.822674983352002
2023-12-07,S003,P0003,18,29.35,24.75458011193382,6.754580111933819
2023-12-08,S003,P0003,11,9.87,10.535795904315785,0.46420409568421483
2023-12-09,S003,P0003,27,34.11,29.44786789995188,2.4478678999518806
2023-12-10,S003,P0003,7,16.74,13.402370984166135,6.402370984166135
2023-12-11,S003,P0003,315,313.57,306.2127196664778,8.787280333522176
2023-12-12,S003,P0003,115,132.45,126.18903138879115,11.18903138879115
2023-12-13,S003,P0003,10,20.61,15.504133347253736,5.504133347253736
2023-12-14,S003,P0003,59,76.31,71.32944072250686,12.32944072250686
2023-12-15,S003,P0003,62,59.09,54.335921083976416,7.664078916023584
2023-12-16,S003,P0003,268,267.3,261.32814341731455,6.67185658268545
2023-12-17,S003,P0003,79,87.7,81.96745122966998,2.967451229669976
2023-12-18,S003,P0003,69,87.82,83.12059735602017,14.12059735602017
2023-12-19,S003,P0003,122,131.63,125.35112037666372,3.351120376663715
2023-12-20,S003,P0003,80,72.61,67.17193554797622,12.828064452023781
2023-12-21,S003,P0003,279,276.7,269.1635307444478,9.836469255552174
2023-12-22,S003,P0003,215,215.28,210.01940179300976,4.980598206990237
2023-12-23,S003,P0003,39,49.71,44.412911089468025,5.412911089468025
2023-12-24,S003,P0003,59,53.14,49.072793719787484,9.927206280212516
2023-12-25,S003,P0003,88,91.13,85.41495139385508,2.585048606144923
2023-12-26,S003,P0003,308,318.27,315.0313466989901,7.031346698990092
2023-12-27,S003,P0003,40,58.25,53.24032730676038,13.240327306760378
2023-12-28,S003,P0003,223,220.11,214.32179360477306,8.678206395226937
2023-12-29,S003,P0003,43,36.17,30.722207038091575,12.277792961908425
2023-12-30,S003,P0003,265,283.5,278.9925706112095,13.992570611209487
2023-12-31,S003,P0003,144,148.29,143.79589314507075,0.2041068549292504
2024-01-01,S003,P0003,9,0.58,5.37186462183076,3.6281353781692403
2023-09-18,S003,P0004,6,-0.42,4.918817365204722,1.0811826347952778
2023-09-19,S003,P0004,66,84.11,78.16047250147706,12.16047250147706
2023-09-20,S003,P0004,432,425.74,421.6095475018944,10.390452498105617
2023-09-21,S003,P0004,170,187.51,182.0506084841527,12.05060848415269
2023-09-22,S003,P0004,129,145.39,140.41414286826,11.41414286826
2023-09-23,S003,P0004,442,445.13,434.78553299935527,7.214467000644731
2023-09-24,S003,P0004,303,293.77,289.61228890353595,13.387711096464045
2023-09-25,S003,P0004,200,205.62,200.65791253666924,0.6579125366692438
2023-09-26,S003,P0004,11,21.89,16.3613922180192,5.361392218019201
2023-09-27,S003,P0004,105,120.19,115.0227041453259,10.022704145325903
2023-09-28,S003,P0004,170,169.18,163.3965758752642,6.603424124735795
2023-09-29,S003,P0004,27,39.45,34.7825515321998,7.782551532199797
2023-09-30,S003,P0004,256,266.38,261.10952402322783,5.109524023227834
2023-10-01,S003,P0004,55,47.46,42.63165237334725,12.36834762665275
2023-10-02,S003,P0004,50,51.34,45.271667434235255,4.728332565764745
2023-10-03,S003,P0004,61,62.62,57.53703800082062,3.4629619991793774
2023-10-04,S003,P0004,68,62.36,58.09069003903217,9.909309960967832
2023-10-05,S003,P0004,149,164.6,159.3049905692117,10.304990569211697
2023-10-06,S003,P0004,287,294.18,289.28010549905565,2.280105499055651
2023-10-07,S003,P0004,59,70.19,64.46240380554772,5.462403805547723
2023-10-08,S003,P0004,73,82.77,78.04213588910098,5.042135889100976
2023-10-09,S003,P0004,91,100.77,94.08612453321413,3.0861245332141323
2023-10-10,S003,P0004,36,40.04,35.104688264247045,0.895311735752955
2023-10-11,S003,P0004,115,111.79,107.45031269536335,7.549687304636649
2023-10-12,S003,P0004,279,286.06,280.85960646531987,1.859606465319871
2023-10-13,S003,P0004,61,60.51,54.829590136956014,6.170409863043986
2023-10-14,S003,P0004,25,42.37,36.645830309962534,11.645830309962534
2023-10-15,S003,P0004,53,66.21,61.19535318850272,8.195353188502722
2023-10-16,S003,P0004,140,147.78,141.29308079762276,1.293080797622764
2023-10-17,S003,P0004,200,204.84,198.61748401962677,1.3825159803732276
2023-10-18,S003,P0004,18,18.21,13.957207904372396,4.042792095627604
2023-10-19,S003,P0004,382,396.02,387.98243083263594,5.982430832635941
2023-10-20,S003,P0004,83,85.45,80.14854730264919,2.8514526973508083
2023-10-21,S003,P0004,2,5.74,8.07265408982482,6.07265408982482
2023-10-22,S003,P0004,80,99.33,93.81308649144124,13.81308649144124
2023-10-23,S003,P0004,41,47.42,42.407896110084664,1.407896110084664
2023-10-24,S003,P0004,4,17.62,13.44722946883064,9.44722946883064
2023-10-25,S003,P0004,302,306.62,303.7857909045375,1.7857909045375209
2023-10-26,S003,P0004,196,197.74,193.33215636582912,2.667843634170879
2023-10-27,S003,P0004,113,110.26,104.26725340635738,8.732746593642617
2023-10-28,S003,P0004,13,13.45,12.471602948248204,0.5283970517517957
2023-10-29,S003,P0004,153,168.81,163.13090545060854,10.130905450608537
2023-10-30,S003,P0004,329,329.54,324.46800155212776,4.53199844787224
2023-10-31,S003,P0004,277,273.24,266.9696204139584,10.03037958604159
2023-11-01,S003,P0004,13,17.42,13.978275658661275,0.9782756586612749
2023-11-02,S003,P0004,39,49.29,45.171838761427296,6.171838761427296
2023-11-03,S003,P0004,87,100.49,94.75691824248503,7.756918242485028
2023-11-04,S003,P0004,15,33.79,30.179255312460533,15.179255312460533
2023-11-05,S003,P0004,61,61.63,56.19638182198483,4.803618178015171
2023-11-06,S003,P0004,91,99.23,93.44205435423399,2.4420543542339885
2023-11-07,S003,P0004,256,260.23,253.75204932699387,2.2479506730061303
2023-11-08,S003,P0004,2,1.94,6.552999470393255,4.552999470393255
2023-11-09,S003,P0004,11,12.22,11.20053177921857,0.20053177921857035
2023-11-10,S003,P0004,275,269.65,264.43312830270264,10.566871697297358
2023-11-11,S003,P0004,45,45.08,39.61031388602165,5.38968611397835
2023-11-12,S003,P0004,174,185.72,181.93524082444333,7.935240824443326
2023-11-13,S003,P0004,261,273.35,267.70993663653144,6.709936636531438
2023-11-14,S003,P0004,202,194.75,188.8596450105294,13.140354989470609
2023-11-15,S003,P0004,12,22.1,17.52317087545252,5.5231708754525215
2023-11-16,S003,P0004,32,27.03,21.939945568431682,10.060054431568318
2023-11-17,S003,P0004,47,55.22,50.06306082353154,3.0630608235315435
2023-11-18,S003,P0004,42,39.48,34.7900062298482,7.209993770151797
2023-11-19,S003,P0004,173,167.19,161.98580073862158,11.014199261378423
2023-11-20,S003,P0004,107,126.86,120.98840584099739,13.988405840997387
2023-11-21,S003,P0004,28,35.32,30.190626490375195,2.1906264903751946
2023-11-22,S003,P0004,123,131.17,125.21124917682144,2.2112491768214397
2023-11-23,S003,P0004,62,69.5,63.96886478626542,1.9688647862654207
2023-11-24,S003,P0004,123,116.97,111.99654879950546,11.003451200494538
2023-11-25,S003,P0004,19,28.58,23.653467788778862,4.653467788778862
2023-11-26,S003,P0004,33,51.62,45.16734434704185,12.167344347041848
2023-11-27,S003,P0004,344,351.53,345.8722259855376,1.872225985537625
2023-11-28,S003,P0004,100,102.85,96.40878694432024,3.5912130556797592
2023-11-29,S003,P0004,221,234.34,229.13369379084247,8.133693790842472
2023-11-30,S003,P0004,72,72.98,68.27749769366454,3.722502306335457
2023-12-01,S003,P0004,79,81.23,75.11939431294587,3.8806056870541283
2023-12-02,S003,P0004,78,95.86,89.65528841904019,11.65528841904019
2023-12-03,S003,P0004,418,410.16,404.35995751900117,13.64004248099883
2023-12-04,S003,P0004,53,70.88,65.62057741315562,12.620577413155615
2023-12-05,S003,P0004,32,41.02,36.40267595002569,4.402675950025689
2023-12-06,S003,P0004,86,81.99,75.57033418978267,10.42966581021733
2023-12-07,S003,P0004,231,231.41,225.38486509734392,5.615134902656081
2023-12-08,S003,P0004,31,47.58,42.72662190342044,11.726621903420437
2023-12-09,S003,P0004,29,19.31,15.573692164560061,13.426307835439939
2023-12-10,S003,P0004,341,337.43,333.0701621282669,7.9298378717331275
2023-12-11,S003,P0004,13,14.12,11.841142013042958,1.1588579869570417
2023-12-12,S003,P0004,154,173.43,167.80014430331065,13.800144303310645
2023-12-13,S003,P0004,177,193.35,187.56031949919856,10.560319499198556
2023-12-14,S003,P0004,240,230.96,224.9075934819286,15.092406518071414
2023-12-15,S003,P0004,34,47.64,42.89683492338048,8.896834923380482
2023-12-16,S003,P0004,66,80.66,74.35396899721546,8.35396899721546
2023-12-17,S003,P0004,125,138.81,133.91690141647334,8.916901416473337
2023-12-18,S003,P0004,116,135.31,129.6940490533688,13.694049053368786
2023-12-19,S003,P0004,237,230.72,224.48748547032488,12.512514529675116
2023-12-20,S003,P0004,27,37.04,31.7644281969129,4.764428196912899
2023-12-21,S003,P0004,191,209.09,204.32167275351287,13.321672753512871
2023-12-22,S003,P0004,161,172.91,167.629870661216,6.629870661215989
2023-12-23,S003,P0004,287,302.51,295.6484766724933,8.648476672493302
2023-12-24,S003,P0004,22,30.11,25.92335790884389,3.92335790884389
2023-12-25,S003,P0004,208,222.91,217.6577741018038,9.657774101803795
2023-12-26,S003,P0004,209,228.29,223.7629665381798,14.762966538179796
2023-12-27,S003,P0004,12,30.69,25.994154968692616,13.994154968692616
2023-12-28,S003,P0004,332,335.86,331.0302642681773,0.9697357318227091
2023-12-29,S003,P0004,154,166.69,161.86896235367277,7.868962353672771
2023-12-30,S003,P0004,157,167.12,162.05169015683208,5.0516901568320804
2023-12-31,S003,P0004,165,171.61,165.87420751745685,0.8742075174568527
2024-01-01,S003,P0004,36,54.9,49.71998159208678,13.719981592086782
2023-09-18,S003,P0005,4,11.72,10.264443393918546,6.264443393918546
2023-09-19,S003,P0005,42,59.57,54.84999633585082,12.849996335850818
2023-09-20,S003,P0005,215,226.64,223.10379509418908,8.103795094189081
2023-09-21,S003,P0005,203,200.87,194.64585022431362,8.35414977568638
2023-09-22,S003,P0005,7,2.02,6.655526546906179,0.34447345309382094
2023-09-23,S003,P0005,298,307.53,303.48580315990137,5.485803159901366
2023-09-24,S003,P0005,25,15.01,12.352713889631362,12.647286110368638
2023-09-25,S003,P0005,355,345.6,338.4438490336188,16.55615096638121
2023-09-26,S003,P0005,119,129.55,123.9060242298849,4.906024229884906
2023-09-27,S003,P0005,373,375.13,369.1612319133127,3.8387680866873097
2023-09-28,S003,P0005,22,31.03,27.228015071687864,5.228015071687864
2023-09-29,S003,P0005,34,29.16,25.36502886341249,8.63497113658751
2023-09-30,S003,P0005,142,157.56,152.71976072346905,10.71976072346905
2023-10-01,S003,P0005,122,123.86,118.25240678397539,3.7475932160246117
2023-10-02,S003,P0005,169,169.39,164.11369529857677,4.886304701423228
2023-10-03,S003,P0005,131,143.4,137.12446914059308,6.124469140593078
2023-10-04,S003,P0005,43,33.67,29.21152182892292,13.788478171077081
2023-10-05,S003,P0005,63,69.83,64.80729148561615,1.8072914856161475
2023-10-06,S003,P0005,157,151.57,145.29351898879958,11.706481011200424
2023-10-07,S003,P0005,87,84.35,79.86985103498075,7.130148965019245
2023-10-08,S003,P0005,36,34.1,29.255216982831584,6.744783017168416
2023-10-09,S003,P0005,81,71.29,66.34900764620981,14.650992353790187
2023-10-10,S003,P0005,142,132.12,125.99008665246436,16.009913347535644
2023-10-11,S003,P0005,170,180.01,174.34799981624803,4.347999816248034
2023-10-12,S003,P0005,231,246.02,240.96355294313082,9.963552943130821
2023-10-13,S003,P0005,53,54.96,49.61226812644378,3.38773187355622
2023-10-14,S003,P0005,60,57.1,52.31841186933305,7.6815881306669525
2023-10-15,S003,P0005,131,143.21,136.96487102240283,5.964871022402832
2023-10-16,S003,P0005,69,60.75,55.69777000061481,13.30222999938519
2023-10-17,S003,P0005,244,252.55,248.72268656213825,4.72268656213825
2023-10-18,S003,P0005,469,487.9,474.31516706040895,5.315167060408953
2023-10-19,S003,P0005,139,140.52,135.48450355456856,3.515496445431438
2023-10-20,S003,P0005,130,129.36,123.00097533105642,6.999024668943576
2023-10-21,S003,P0005,201,215.6,210.57159908647137,9.571599086471366
2023-10-22,S003,P0005,48,44.13,39.5672574446597,8.432742555340297
2023-10-23,S003,P0005,67,69.51,64.16319292547583,2.836807074524174
2023-10-24,S003,P0005,194,184.96,179.95558169004386,14.044418309956143
2023-10-25,S003,P0005,68,79.0,72.98457618171078,4.9845761817107785
2023-10-26,S003,P0005,189,206.3,200.9384683281126,11.938468328112606
2023-10-27,S003,P0005,43,61.77,56.53007229494561,13.530072294945612
2023-10-28,S003,P0005,7,6.9,8.255640321315592,1.2556403213155924
2023-10-29,S003,P0005,287,307.0,302.77752826271455,15.777528262714554
2023-10-30,S003,P0005,318,337.93,333.82642710118216,15.826427101182162
2023-10-31,S003,P0005,285,293.4,288.1427498764245,3.1427498764244888
2023-11-01,S003,P0005,249,242.79,236.65450094405145,12.345499055948551
2023-11-02,S003,P0005,243,241.52,235.63849959783045,7.361500402169554
2023-11-03,S003,P0005,173,171.7,166.51126251181518,6.4887374881848245
2023-11-04,S003,P0005,59,74.53,68.53531380763815,9.535313807638147
2023-11-05,S003,P0005,128,127.31,120.99597440808478,7.004025591915223
2023-11-06,S003,P0005,12,6.21,7.828724588832459,4.171275411167541
2023-11-07,S003,P0005,143,137.24,132.09625421092073,10.903745789079267
2023-11-08,S003,P0005,272,290.32,286.29911479751513,14.29911479751513
2023-11-09,S003,P0005,205,205.06,198.77415103266162,6.225848967338379
2023-11-10,S003,P0005,48,62.24,57.38357878764519,9.383578787645192
2023-11-11,S003,P0005,50,47.08,42.47857789654787,7.521422103452132
2023-11-12,S003,P0005,302,319.15,314.12335574951095,12.12335574951095
2023-11-13,S003,P0005,2,19.33,14.517246046858435,12.517246046858435
2023-11-14,S003,P0005,133,138.41,133.2637882164117,0.2637882164117116
2023-11-15,S003,P0005,178,176.05,169.5949367918884,8.405063208111613
2023-11-16,S003,P0005,55,50.32,44.85257419119997,10.14742580880003
2023-11-17,S003,P0005,96,103.73,98.54970712557596,2.5497071255759636
2023-11-18,S003,P0005,152,162.49,157.25928842461883,5.2592884246188305
2023-11-19,S003,P0005,169,173.86,167.72022308541437,1.279776914585625
2023-11-20,S003,P0005,53,65.65,60.30714317379258,7.307143173792582
2023-11-21,S003,P0005,145,145.68,139.11021026785028,5.889789732149723
2023-11-22,S003,P0005,59,52.74,48.10837177165506,10.891628228344942
2023-11-23,S003,P0005,144,148.54,142.98693951726722,1.013060482732783
2023-11-24,S003,P0005,215,210.77,204.7909627959883,10.209037204011707
2023-11-25,S003,P0005,81,88.87,82.38388782535732,1.38388782535732
2023-11-26,S003,P0005,5,9.38,9.2547948116536,4.2547948116536
2023-11-27,S003,P0005,343,338.2,333.8951209336587,9.104879066341311
2023-11-28,S003,P0005,204,202.72,197.78194284681064,6.218057153189363
2023-11-29,S003,P0005,26,16.46,12.840329660265448,13.159670339734552
2023-11-30,S003,P0005,0,1.08,5.547498951008386,5.547498951008386
2023-12-01,S003,P0005,28,31.11,26.50684599650819,1.49315400349181
2023-12-02,S003,P0005,53,63.12,57.714163583225,4.714163583225002
2023-12-03,S003,P0005,266,262.69,255.69160158729468,10.308398412705316
2023-12-04,S003,P0005,313,325.44,319.45747521827985,6.457475218279853
2023-12-05,S003,P0005,16,27.46,22.308380815130924,6.308380815130924
2023-12-06,S003,P0005,49,39.05,34.93480588179845,14.065194118201553
2023-12-07,S003,P0005,119,111.56,106.84573663154617,12.154263368453826
2023-12-08,S003,P0005,261,280.95,275.26949744776215,14.269497447762149
2023-12-09,S003,P0005,162,170.13,165.16981685557002,3.1698168555700192
2023-12-10,S003,P0005,37,44.72,39.30847078617008,2.3084707861700835
2023-12-11,S003,P0005,72,70.84,65.78746057254178,6.212539427458225
2023-12-12,S003,P0005,40,55.15,50.01241179703224,10.012411797032243
2023-12-13,S003,P0005,34,32.27,28.105903529735393,5.894096470264607
2023-12-14,S003,P0005,225,216.47,212.9561561433352,12.043843856664807
2023-12-15,S003,P0005,30,43.92,39.56413861037864,9.564138610378642
2023-12-16,S003,P0005,77,96.66,90.35402894584738,13.354028945847375
2023-12-17,S003,P0005,199,191.89,186.27046488616332,12.729535113836675
2023-12-18,S003,P0005,257,260.51,254.43736506679016,2.5626349332098357
2023-12-19,S003,P0005,64,80.25,74.46424884767234,10.464248847672337
2023-12-20,S003,P0005,34,34.27,29.4124356997716,4.587564300228401
2023-12-21,S003,P0005,25,38.3,33.80760994469933,8.80760994469933
2023-12-22,S003,P0005,47,39.83,34.98414731898243,12.01585268101757
2023-12-23,S003,P0005,62,67.27,61.78401603083637,0.21598396916363072
2023-12-24,S003,P0005,62,57.64,52.78699159235004,9.213008407649959
2023-12-25,S003,P0005,178,169.57,163.48983504994453,14.510164950055469
2023-12-26,S003,P0005,257,274.47,268.41989099464143,11.419890994641435
2023-12-27,S003,P0005,89,82.32,76.28353223034117,12.716467769658834
2023-12-28,S003,P0005,69,75.56,70.9354838454031,1.9354838454030983
2023-12-29,S003,P0005,248,264.97,256.61274675477785,8.612746754777845
2023-12-30,S003,P0005,271,288.65,283.46330777691094,12.463307776910938
2023-12-31,S003,P0005,6,12.24,11.017429451002169,5.017429451002169
2024-01-01,S003,P0005,291,298.09,291.85278440871525,0.8527844087152516
2023-09-18,S003,P0006,80,77.88,72.37856338855347,7.621436611446526
2023-09-19,S003,P0006,70,71.97,66.45254824435328,3.547451755646719
2023-09-20,S003,P0006,18,36.05,29.964633194627925,11.964633194627925
2023-09-21,S003,P0006,71,89.08,83.32736137575806,12.32736137575806
2023-09-22,S003,P0006,29,19.31,14.497107915178939,14.502892084821061
2023-09-23,S003,P0006,282,294.07,289.01027956673613,7.010279566736131
2023-09-24,S003,P0006,140,155.85,151.11538318701383,11.115383187013833
2023-09-25,S003,P0006,5,6.79,8.56525705034195,3.56525705034195
2023-09-26,S003,P0006,202,202.37,197.59111683790047,4.408883162099528
2023-09-27,S003,P0006,34,51.9,46.24465707555388,12.244657075553881
2023-09-28,S003,P0006,109,102.7,97.11851461241588,11.88148538758412
2023-09-29,S003,P0006,22,41.34,35.60506338039187,13.605063380391869
2023-09-30,S003,P0006,15,12.84,11.612312935605223,3.387687064394777
2023-10-01,S003,P0006,12,17.33,13.246393574278809,1.2463935742788088
2023-10-02,S003,P0006,35,54.52,49.50847150365635,14.508471503656352
2023-10-03,S003,P0006,236,226.53,222.17404458532758,13.825955414672421
2023-10-04,S003,P0006,24,23.74,18.92735718531219,5.072642814687811
2023-10-05,S003,P0006,218,218.76,214.54936546026732,3.4506345397326754
2023-10-06,S003,P0006,63,57.57,52.736940581240354,10.263059418759646
2023-10-07,S003,P0006,37,36.88,32.180846795938066,4.819153204061934
2023-10-08,S003,P0006,26,31.83,26.621314799510515,0.6213147995105146
2023-10-09,S003,P0006,59,53.72,49.973364565709204,9.026635434290796
2023-10-10,S003,P0006,15,20.62,16.63043878894026,1.6304387889402605
2023-10-11,S003,P0006,74,86.17,81.13770490100546,7.137704901005463
2023-10-12,S003,P0006,58,76.14,71.94368775640379,13.94368775640379
2023-10-13,S003,P0006,108,124.27,117.72298916430682,9.722989164306824
2023-10-14,S003,P0006,221,216.39,212.46577869970787,8.534221300292131
2023-10-15,S003,P0006,185,184.59,180.1809431670843,4.819056832915692
2023-10-16,S003,P0006,290,309.32,304.1613925913075,14.161392591307504
2023-10-17,S003,P0006,453,465.56,465.7730748592305,12.773074859230519
2023-10-18,S003,P0006,154,144.71,138.85494646420304,15.145053535796961
2023-10-19,S003,P0006,151,152.91,146.1863135435094,4.813686456490586
2023-10-20,S003,P0006,206,198.77,192.5042452573241,13.4957547426759
2023-10-21,S003,P0006,168,171.19,165.68369828344925,2.316301716550754
2023-10-22,S003,P0006,63,59.27,54.82303229904138,8.17696770095862
2023-10-23,S003,P0006,104,118.04,113.09237711089446,9.09237711089446
2023-10-24,S003,P0006,342,351.42,345.2427158994029,3.242715899402924
2023-10-25,S003,P0006,40,55.2,50.72712981997701,10.727129819977009
2023-10-26,S003,P0006,273,275.92,269.42686099521995,3.573139004780046
2023-10-27,S003,P0006,166,180.49,175.54490906373675,9.544909063736753
2023-10-28,S003,P0006,270,284.12,278.59626854096035,8.596268540960352
2023-10-29,S003,P0006,2,-6.56,2.643309347553916,0.6433093475539162
2023-10-30,S003,P0006,136,148.67,143.4807572038161,7.480757203816097
2023-10-31,S003,P0006,40,34.49,29.86630327225093,10.133696727749069
2023-11-01,S003,P0006,267,265.51,257.373650698083,9.626349301917003
2023-11-02,S003,P0006,180,171.04,166.14854400044788,13.851455999552115
2023-11-03,S003,P0006,15,7.96,9.075954918831224,5.924045081168776
2023-11-04,S003,P0006,167,180.36,174.446403251914,7.446403251914006
2023-11-05,S003,P0006,38,41.22,36.20802012302267,1.7919798769773294
2023-11-06,S003,P0006,293,285.0,279.8619329272781,13.138067072721924
2023-11-07,S003,P0006,30,35.05,30.69928868254903,0.6992886825490316
2023-11-08,S003,P0006,22,31.21,27.182023825272736,5.182023825272736
2023-11-09,S003,P0006,140,131.87,125.9979378185897,14.002062181410295
2023-11-10,S003,P0006,112,106.75,101.06804634694959,10.931953653050414
2023-11-11,S003,P0006,225,235.64,232.30288240219943,7.30288240219943
2023-11-12,S003,P0006,205,209.93,203.95213947234674,1.0478605276532562
2023-11-13,S003,P0006,109,106.12,100.27915312269334,8.720846877306656
2023-11-14,S003,P0006,89,79.36,73.04499094750767,15.95500905249233
2023-11-15,S003,P0006,151,167.09,162.35022421422886,11.35022421422886
2023-11-16,S003,P0006,154,164.59,158.7414084989119,4.741408498911909
2023-11-17,S003,P0006,150,146.03,141.27255425489702,8.727445745102983
2023-11-18,S003,P0006,408,427.2,422.57923231258167,14.579232312581667
2023-11-19,S003,P0006,78,77.4,72.24210581532097,5.7578941846790315
2023-11-20,S003,P0006,23,30.42,26.4014499636791,3.4014499636790987
2023-11-21,S003,P0006,172,177.11,171.56961903464077,0.43038096535923387
2023-11-22,S003,P0006,190,191.28,185.96909261914274,4.030907380857258
2023-11-23,S003,P0006,219,222.8,217.78728346880902,1.2127165311909778
2023-11-24,S003,P0006,79,83.0,77.2697308451882,1.7302691548117934
2023-11-25,S003,P0006,368,387.79,381.94246504195837,13.942465041958371
2023-11-26,S003,P0006,303,303.02,298.2233762260589,4.776623773941083
2023-11-27,S003,P0006,86,87.14,82.07895984777556,3.9210401522244354
2023-11-28,S003,P0006,112,120.75,115.22251921483539,3.222519214835387
2023-11-29,S003,P0006,131,140.34,134.9895783431618,3.98957834316181
2023-11-30,S003,P0006,51,53.07,48.594160486007866,2.4058395139921345
2023-12-01,S003,P0006,319,312.08,304.91063473872026,14.089365261279738
2023-12-02,S003,P0006,98,100.09,94.9937766841345,3.0062233158654976
2023-12-03,S003,P0006,83,87.18,82.13559117515585,0.8644088248441477
2023-12-04,S003,P0006,47,46.01,41.33893487254571,5.661065127454293
2023-12-05,S003,P0006,160,165.32,161.24314030277395,1.243140302773952
2023-12-06,S003,P0006,30,28.44,23.423144190923885,6.576855809076115
2023-12-07,S003,P0006,178,189.45,184.58730423056917,6.587304230569174
2023-12-08,S003,P0006,266,260.29,253.90835062837493,12.091649371625067
2023-12-09,S003,P0006,132,132.87,127.13892424558642,4.8610757544135765
2023-12-10,S003,P0006,30,38.64,33.68829763159225,3.688297631592249
2023-12-11,S003,P0006,5,8.51,9.12333372626032,4.12333372626032
2023-12-12,S003,P0006,53,61.14,55.49488297797075,2.4948829779707467
2023-12-13,S003,P0006,25,20.89,15.219655945652132,9.780344054347868
2023-12-14,S003,P0006,79,78.75,73.265509612525,5.734490387475006
2023-12-15,S003,P0006,83,89.19,83.40858761837043,0.4085876183704329
2023-12-16,S003,P0006,189,197.68,192.86336555521035,3.8633655552103505
2023-12-17,S003,P0006,80,72.83,67.94066332279287,12.059336677207128
2023-12-18,S003,P0006,4,22.88,17.569545019912546,13.569545019912546
2023-12-19,S003,P0006,112,106.14,100.02551336959905,11.974486630400946
2023-12-20,S003,P0006,24,43.41,39.237064763547245,15.237064763547245
2023-12-21,S003,P0006,179,188.85,183.52524911879968,4.525249118799678
2023-12-22,S003,P0006,61,54.33,48.92992227327855,12.07007772672145
2023-12-23,S003,P0006,81,83.8,79.223360972888,1.7766390271119974
2023-12-24,S003,P0006,21,39.34,34.604897025646885,13.604897025646885
2023-12-25,S003,P0006,210,229.99,223.92505918022815,13.925059180228146
2023-12-26,S003,P0006,25,31.51,26.257115444195364,1.2571154441953638
2023-12-27,S003,P0006,171,184.46,179.09269644578336,8.09269644578336
2023-12-28,S003,P0006,301,294.54,288.58808863081657,12.411911369183429
2023-12-29,S003,P0006,132,126.49,119.91611902580263,12.08388097419737
2023-12-30,S003,P0006,230,240.53,236.2825807531549,6.282580753154889
2023-12-31,S003,P0006,288,286.3,282.1735970535667,5.826402946433291
2024-01-01,S003,P0006,366,372.01,364.2828754749563,1.7171245250436868
2023-09-18,S003,P0007,128,125.08,119.53173644037678,8.468263559623225
2023-09-19,S003,P0007,327,329.67,326.1617766119422,0.8382233880578269
2023-09-20,S003,P0007,89,83.61,78.37323211266687,10.62676788733313
2023-09-21,S003,P0007,12,11.86,10.889725314691661,1.1102746853083385
2023-09-22,S003,P0007,188,190.15,185.198396925969,2.801603074030993
2023-09-23,S003,P0007,96,106.21,99.2504724391214,3.2504724391213955
2023-09-24,S003,P0007,216,229.77,224.85469819089525,8.854698190895249
2023-09-25,S003,P0007,163,169.22,163.97896033878754,0.9789603387875445
2023-09-26,S003,P0007,58,65.77,61.432514510158796,3.4325145101587964
2023-09-27,S003,P0007,93,86.96,81.88795344146563,11.112046558534374
2023-09-28,S003,P0007,87,83.2,77.80748901584539,9.192510984154609
2023-09-29,S003,P0007,38,45.89,40.42649042623172,2.426490426231723
2023-09-30,S003,P0007,313,323.55,319.0122640982204,6.012264098220385
2023-10-01,S003,P0007,236,230.37,224.56581286491195,11.434187135088052
2023-10-02,S003,P0007,166,181.88,176.81654589493752,10.81654589493752
2023-10-03,S003,P0007,167,170.6,165.67107148054737,1.3289285194526315
2023-10-04,S003,P0007,118,132.27,125.95222599313539,7.952225993135386
2023-10-05,S003,P0007,25,40.69,35.45468731252512,10.454687312525117
2023-10-06,S003,P0007,17,15.99,13.022628789995828,3.977371210004172
2023-10-07,S003,P0007,123,116.52,112.16597904702574,10.834020952974257
2023-10-08,S003,P0007,198,189.63,184.60872305082813,13.391276949171868
2023-10-09,S003,P0007,18,31.72,27.39020555108683,9.39020555108683
2023-10-10,S003,P0007,135,140.99,136.12745073236846,1.1274507323684588
2023-10-11,S003,P0007,199,215.72,210.9921777500773,11.992177750077303
2023-10-12,S003,P0007,130,128.38,122.31849444065422,7.68150555934578
2023-10-13,S003,P0007,39,49.27,45.022657991475555,6.022657991475555
2023-10-14,S003,P0007,75,87.52,82.07730873586172,7.07730873586172
2023-10-15,S003,P0007,71,68.21,63.19500814448118,7.804991855518821
2023-10-16,S003,P0007,62,64.56,59.088095528285365,2.911904471714635
2023-10-17,S003,P0007,293,304.36,298.4870667062576,5.487066706257622
2023-10-18,S003,P0007,141,142.35,135.74651858925614,5.253481410743859
2023-10-19,S003,P0007,116,124.16,118.0406206664878,2.040620666487797
2023-10-20,S003,P0007,254,271.04,265.9460694280517,11.946069428051715
2023-10-21,S003,P0007,96,99.26,94.36930692880593,1.6306930711940737
2023-10-22,S003,P0007,108,122.43,116.91419937864069,8.914199378640689
2023-10-23,S003,P0007,126,140.8,136.06906721089342,10.069067210893422
2023-10-24,S003,P0007,96,102.65,96.82612036245027,0.8261203624502684
2023-10-25,S003,P0007,306,320.64,315.18011880554235,9.18011880554235
2023-10-26,S003,P0007,159,155.1,148.82945819237273,10.170541807627274
2023-10-27,S003,P0007,36,55.9,51.13600424092125,15.136004240921253
2023-10-28,S003,P0007,43,43.57,38.82231911934391,4.177680880656091
2023-10-29,S003,P0007,216,224.4,219.6263619028797,3.626361902879694
2023-10-30,S003,P0007,140,142.25,135.5999469746253,4.400053025374689
2023-10-31,S003,P0007,117,129.3,123.01665177955034,6.016651779550344
2023-11-01,S003,P0007,39,36.2,30.13357489577652,8.866425104223481
2023-11-02,S003,P0007,27,41.65,36.15126298193594,9.151262981935943
2023-11-03,S003,P0007,79,88.53,82.05727525637002,3.057275256370019
2023-11-04,S003,P0007,105,95.07,90.22508385763132,14.774916142368681
2023-11-05,S003,P0007,272,286.7,283.4178548759312,11.417854875931198
2023-11-06,S003,P0007,112,112.8,108.21399605267405,3.786003947325952
2023-11-07,S003,P0007,35,45.12,39.485987828412306,4.485987828412306
2023-11-08,S003,P0007,61,53.8,48.878507327025844,12.121492672974156
2023-11-09,S003,P0007,346,355.24,349.1635300414116,3.1635300414116045
2023-11-10,S003,P0007,53,48.67,44.09119057560759,8.908809424392409
2023-11-11,S003,P0007,129,124.56,118.49955962232349,10.500440377676512
2023-11-12,S003,P0007,296,292.27,286.274500868872,9.725499131128004
2023-11-13,S003,P0007,141,156.11,149.89116336136007,8.891163361360071
2023-11-14,S003,P0007,421,420.41,413.68204024199986,7.317959758000143
2023-11-15,S003,P0007,267,257.85,251.82359341670573,15.176406583294266
2023-11-16,S003,P0007,44,61.73,56.201735588609296,12.201735588609296
2023-11-17,S003,P0007,109,115.97,110.24413456407004,1.2441345640700376
2023-11-18,S003,P0007,112,103.03,97.76879743551476,14.231202564485244
2023-11-19,S003,P0007,286,280.39,275.7106901289169,10.289309871083105
2023-11-20,S003,P0007,154,162.66,157.6725669314507,3.672566931450689
2023-11-21,S003,P0007,130,127.22,121.14492413807372,8.85507586192628
2023-11-22,S003,P0007,132,135.61,129.6336761643298,2.366323835670187
2023-11-23,S003,P0007,120,121.47,116.86629898075192,3.133701019248079
2023-11-24,S003,P0007,229,236.16,231.52506292458403,2.5250629245840344
2023-11-25,S003,P0007,229,232.61,226.63366529622897,2.366334703771031
2023-11-26,S003,P0007,426,426.99,422.9864109655916,3.013589034408426
2023-11-27,S003,P0007,7,20.82,15.756789172208052,8.756789172208052
2023-11-28,S003,P0007,463,466.05,462.1409343593546,0.8590656406453832
2023-11-29,S003,P0007,213,212.11,206.48984756209785,6.51015243790215
2023-11-30,S003,P0007,121,140.12,135.40301520746078,14.403015207460783
2023-12-01,S003,P0007,137,155.77,149.5042921632203,12.504292163220299
2023-12-02,S003,P0007,97,107.38,102.54340119890543,5.543401198905428
2023-12-03,S003,P0007,333,324.1,317.93743933250363,15.06256066749637
2023-12-04,S003,P0007,334,329.82,324.18258647665664,9.817413523343362
2023-12-05,S003,P0007,50,49.62,45.2083612279781,4.791638772021898
2023-12-06,S003,P0007,164,157.77,152.96473638522397,11.035263614776028
2023-12-07,S003,P0007,152,171.55,165.9255201578037,13.925520157803703
2023-12-08,S003,P0007,80,94.04,88.1660999785589,8.166099978558904
2023-12-09,S003,P0007,18,30.68,26.106923219858448,8.106923219858448
2023-12-10,S003,P0007,172,162.71,156.58611174747324,15.41388825252676
2023-12-11,S003,P0007,131,132.27,126.8026407359807,4.197359264019298
2023-12-12,S003,P0007,215,227.03,221.77990508465382,6.779905084653819
2023-12-13,S003,P0007,170,176.26,170.2237903773431,0.22379037734310714
2023-12-14,S003,P0007,57,61.9,56.42802300344442,0.571976996555577
2023-12-15,S003,P0007,15,30.3,25.454752213830787,10.454752213830787
2023-12-16,S003,P0007,102,107.03,101.03959353224084,0.9604064677591566
2023-12-17,S003,P0007,102,107.91,102.34050831876154,0.3405083187615361
2023-12-18,S003,P0007,50,40.63,35.823440338909265,14.176559661090735
2023-12-19,S003,P0007,114,127.45,121.39052245200108,7.390522452001079
2023-12-20,S003,P0007,55,72.05,66.20859704794263,11.208597047942632
2023-12-21,S003,P0007,45,63.62,57.722472607915485,12.722472607915485
2023-12-22,S003,P0007,91,101.28,96.2672333969582,5.267233396958204
2023-12-23,S003,P0007,64,67.15,61.12915591202918,2.8708440879708235
2023-12-24,S003,P0007,212,208.38,204.05444247147148,7.945557528528525
2023-12-25,S003,P0007,195,198.73,192.38529678850807,2.6147032114919284
2023-12-26,S003,P0007,375,367.33,363.78842589922016,11.211574100779842
2023-12-27,S003,P0007,172,173.51,167.11835381850562,4.881646181494375
2023-12-28,S003,P0007,244,262.15,255.84270431728066,11.842704317280663
2023-12-29,S003,P0007,100,99.58,94.13969517519732,5.860304824802682
2023-12-30,S003,P0007,124,137.7,131.91192622708462,7.911926227084621
2023-12-31,S003,P0007,56,59.85,54.89429581364212,1.1057041863578831
2024-01-01,S003,P0007,97,108.96,103.43278863940249,6.432788639402489
2023-09-18,S003,P0008,192,186.82,181.68138991844393,10.318610081556074
2023-09-19,S003,P0008,183,191.85,186.80431856521136,3.8043185652113607
2023-09-20,S003,P0008,107,115.73,110.74814719744472,3.748147197444723
2023-09-21,S003,P0008,45,47.76,42.707504687140236,2.2924953128597636
2023-09-22,S003,P0008,25,27.3,22.790167684735174,2.2098323152648263
2023-09-23,S003,P0008,100,97.62,91.80297556144518,8.19702443855482
2023-09-24,S003,P0008,153,147.14,141.24103138093182,11.758968619068185
2023-09-25,S003,P0008,49,39.74,34.71827777800439,14.281722221995608
2023-09-26,S003,P0008,53,72.72,67.29541216251627,14.295412162516271
2023-09-27,S003,P0008,75,71.57,65.92563509372572,9.074364906274283
2023-09-28,S003,P0008,23,20.48,15.972081299326137,7.0279187006738635
2023-09-29,S003,P0008,32,31.71,27.37305773801618,4.626942261983821
2023-09-30,S003,P0008,33,31.5,27.211554456551337,5.788445543448663
2023-10-01,S003,P0008,118,127.33,121.77889419155622,3.778894191556219
2023-10-02,S003,P0008,270,262.4,255.70525169357938,14.294748306420615
2023-10-03,S003,P0008,165,160.28,153.95642342977493,11.04357657022507
2023-10-04,S003,P0008,159,170.96,165.53295204037983,6.532952040379826
2023-10-05,S003,P0008,93,94.06,88.19770449793714,4.8022955020628615
2023-10-06,S003,P0008,12,27.46,22.591613568039314,10.591613568039314
2023-10-07,S003,P0008,1,16.37,12.586152890595812,11.586152890595812
2023-10-08,S003,P0008,276,286.39,280.97226649791247,4.9722664979124716
2023-10-09,S003,P0008,12,26.78,21.67066916960446,9.670669169604459
2023-10-10,S003,P0008,131,123.54,117.77838688178892,13.221613118211081
2023-10-11,S003,P0008,263,277.31,271.3688322775389,8.3688322775389
2023-10-12,S003,P0008,157,147.77,142.59584510616318,14.404154893836818
2023-10-13,S003,P0008,2,11.57,11.038169047855343,9.038169047855343
2023-10-14,S003,P0008,148,165.61,159.4927759760787,11.49277597607869
2023-10-15,S003,P0008,140,154.67,149.10949634631513,9.109496346315126
2023-10-16,S003,P0008,11,25.71,20.10131674400773,9.101316744007729
2023-10-17,S003,P0008,51,64.56,58.89641352843766,7.896413528437662
2023-10-18,S003,P0008,26,34.67,29.256401930563655,3.256401930563655
2023-10-19,S003,P0008,34,43.13,37.47746781629898,3.477467816298983
2023-10-20,S003,P0008,10,26.41,23.356197983998598,13.356197983998598
2023-10-21,S003,P0008,126,145.63,140.1021948472522,14.102194847252207
2023-10-22,S003,P0008,206,222.04,215.36739383323982,9.367393833239817
2023-10-23,S003,P0008,77,68.08,62.6748800176224,14.3251199823776
2023-10-24,S003,P0008,183,184.73,180.1652645892424,2.834735410757588
2023-10-25,S003,P0008,166,183.95,179.02340027603498,13.023400276034977
2023-10-26,S003,P0008,176,171.29,165.7873099335382,10.21269006646179
2023-10-27,S003,P0008,121,120.73,115.43607832495636,5.563921675043645
2023-10-28,S003,P0008,41,52.7,48.46396053401324,7.463960534013239
2023-10-29,S003,P0008,95,109.12,103.61328102335592,8.613281023355924
2023-10-30,S003,P0008,65,56.19,51.531548500650175,13.468451499349825
2023-10-31,S003,P0008,35,46.97,41.64292128619172,6.642921286191722
2023-11-01,S003,P0008,310,325.29,320.26353659505446,10.263536595054461
2023-11-02,S003,P0008,188,195.65,190.3810614091184,2.381061409118388
2023-11-03,S003,P0008,445,455.01,447.1464363558175,2.1464363558175137
2023-11-04,S003,P0008,96,90.7,85.06422838876414,10.935771611235864
2023-11-05,S003,P0008,4,16.75,13.428755159099575,9.428755159099575
2023-11-06,S003,P0008,19,27.43,22.608355877012066,3.608355877012066
2023-11-07,S003,P0008,97,107.87,102.55792776784969,5.557927767849691
2023-11-08,S003,P0008,7,10.8,10.716673098520316,3.7166730985203156
2023-11-09,S003,P0008,24,36.79,31.92847009774897,7.928470097748971
2023-11-10,S003,P0008,80,86.01,81.23443231308305,1.2344323130830475
2023-11-11,S003,P0008,115,113.26,108.29075071092862,6.70924928907138
2023-11-12,S003,P0008,68,69.52,63.934238308504305,4.065761691495695
2023-11-13,S003,P0008,250,262.75,255.86670493881428,5.86670493881428
2023-11-14,S003,P0008,322,326.62,321.59265902849916,0.4073409715008438
2023-11-15,S003,P0008,275,268.15,262.47109784486116,12.528902155138837
2023-11-16,S003,P0008,312,325.64,319.60129168441483,7.601291684414832
2023-11-17,S003,P0008,67,58.64,53.52247474593139,13.47752525406861
2023-11-18,S003,P0008,114,115.92,111.0700706963605,2.929929303639497
2023-11-19,S003,P0008,33,36.45,31.60393730077114,1.3960626992288603
2023-11-20,S003,P0008,42,43.83,39.7644932311358,2.235506768864198
2023-11-21,S003,P0008,92,111.21,105.2109311055068,13.210931105506802
2023-11-22,S003,P0008,301,318.02,314.6449938726726,13.644993872672615
2023-11-23,S003,P0008,203,195.52,190.70750214336948,12.292497856630519
2023-11-24,S003,P0008,81,89.35,83.98656330717714,2.9865633071771356
2023-11-25,S003,P0008,60,71.39,66.65674128127702,6.6567412812770215
2023-11-26,S003,P0008,199,217.36,212.88463040815355,13.884630408153555
2023-11-27,S003,P0008,119,116.84,112.37886629229236,6.621133707707642
2023-11-28,S003,P0008,63,65.98,61.6008406428609,1.399159357139098
2023-11-29,S003,P0008,94,108.98,103.29535093331683,9.295350933316826
2023-11-30,S003,P0008,35,26.67,21.778800872443703,13.221199127556297
2023-12-01,S003,P0008,195,191.09,185.75654515318968,9.243454846810323
2023-12-02,S003,P0008,0,-0.21,5.555150572084161,5.555150572084161
2023-12-03,S003,P0008,95,108.29,102.23247862282604,7.2324786228260365
2023-12-04,S003,P0008,4,4.92,7.339710633358635,3.339710633358635
2023-12-05,S003,P0008,183,185.11,180.20577092773132,2.794229072268678
2023-12-06,S003,P0008,46,45.73,40.57388760789092,5.426112392109083
2023-12-07,S003,P0008,61,79.64,74.27106353684323,13.27106353684323
2023-12-08,S003,P0008,26,23.7,18.73225333602588,7.267746663974119
2023-12-09,S003,P0008,317,328.35,322.9423223483742,5.942322348374205
2023-12-10,S003,P0008,22,38.97,33.99624551678142,11.996245516781421
2023-12-11,S003,P0008,10,17.15,13.491555794345782,3.491555794345782
2023-12-12,S003,P0008,281,281.89,275.83720162788376,5.162798372116242
2023-12-13,S003,P0008,164,158.18,152.31415815896665,11.685841841033351
2023-12-14,S003,P0008,102,109.25,103.37990156168215,1.3799015616821464
2023-12-15,S003,P0008,61,56.36,51.55713426534733,9.44286573465267
2023-12-16,S003,P0008,205,221.61,214.82170748406338,9.821707484063381
2023-12-17,S003,P0008,450,454.8,448.10767176238164,1.892328237618358
2023-12-18,S003,P0008,293,307.08,301.99687400811547,8.99687400811547
2023-12-19,S003,P0008,134,147.93,143.3672505844733,9.367250584473311
2023-12-20,S003,P0008,243,241.98,235.6238067174488,7.376193282551213
2023-12-21,S003,P0008,43,42.75,37.6782796004856,5.321720399514398
2023-12-22,S003,P0008,230,245.18,238.77106933132356,8.77106933132356
2023-12-23,S003,P0008,92,94.87,89.51440436901183,2.485595630988172
2023-12-24,S003,P0008,6,13.04,11.602575218216673,5.602575218216673
2023-12-25,S003,P0008,117,115.41,110.43424240471542,6.56575759528458
2023-12-26,S003,P0008,205,213.14,207.6138263517313,2.6138263517312907
2023-12-27,S003,P0008,55,62.1,56.34497201601019,1.344972016010189
2023-12-28,S003,P0008,98,110.51,104.56714219351946,6.567142193519459
2023-12-29,S003,P0008,186,201.92,197.37696977940845,11.376969779408455
2023-12-30,S003,P0008,160,155.0,148.6842608610847,11.31573913891529
2023-12-31,S003,P0008,18,13.02,11.579696678225579,6.420303321774421
2024-01-01,S003,P0008,74,82.87,77.68921655628067,3.6892165562806696
2023-09-18,S003,P0009,382,394.42,387.7291626783684,5.729162678368425
2023-09-19,S003,P0009,196,198.86,191.88265609129724,4.117343908702765
2023-09-20,S003,P0009,24,16.71,12.946394334592192,11.053605665407808
2023-09-21,S003,P0009,157,170.22,163.99239002967704,6.99239002967704
2023-09-22,S003,P0009,96,96.09,90.74182904396164,5.258170956038356
2023-09-23,S003,P0009,82,97.16,91.38852351742855,9.388523517428553
2023-09-24,S003,P0009,156,155.43,150.26862945442628,5.731370545573725
2023-09-25,S003,P0009,132,128.86,123.11435854182514,8.88564145817486
2023-09-26,S003,P0009,295,286.07,280.2783182838998,14.721681716100193
2023-09-27,S003,P0009,3,8.13,9.180707363692825,6.180707363692825
2023-09-28,S003,P0009,137,156.36,151.9980602867939,14.998060286793901
2023-09-29,S003,P0009,37,27.74,23.09949376158596,13.900506238414039
2023-09-30,S003,P0009,97,95.26,90.13864167274676,6.861358327253242
2023-10-01,S003,P0009,113,113.45,108.03132428016463,4.968675719835375
2023-10-02,S003,P0009,182,195.01,188.52815432506958,6.528154325069579
2023-10-03,S003,P0009,140,141.61,135.74703605482532,4.252963945174685
2023-10-04,S003,P0009,377,382.75,375.88565329446214,1.114346705537855
2023-10-05,S003,P0009,282,298.69,291.81128426445673,9.81128426445673
2023-10-06,S003,P0009,136,142.12,137.28343009396073,1.2834300939607317
2023-10-07,S003,P0009,117,111.03,105.51836097009271,11.481639029907285
2023-10-08,S003,P0009,175,177.68,172.13143872502437,2.868561274975633
2023-10-09,S003,P0009,93,100.2,94.43234362885718,1.4323436288571827
2023-10-10,S003,P0009,130,132.17,126.02194448142276,3.9780555185772357
2023-10-11,S003,P0009,36,52.5,47.81799333635006,11.817993336350057
2023-10-12,S003,P0009,26,29.19,25.15708829444126,0.8429117055587412
2023-10-13,S003,P0009,275,293.63,288.8460890293311,13.846089029331097
2023-10-14,S003,P0009,165,176.12,170.22645100962893,5.226451009628931
2023-10-15,S003,P0009,309,316.22,311.7784333170107,2.7784333170106947
2023-10-16,S003,P0009,328,347.25,340.8931691631077,12.8931691631077
2023-10-17,S003,P0009,262,252.06,245.61565908089267,16.38434091910733
2023-10-18,S003,P0009,123,123.69,117.69572024576999,5.304279754230009
2023-10-19,S003,P0009,172,175.3,169.81719362576285,2.1828063742371455
2023-10-20,S003,P0009,130,126.89,120.89781290267186,9.102187097328141
2023-10-21,S003,P0009,452,450.21,447.6478461516236,4.3521538483764175
2023-10-22,S003,P0009,166,163.68,158.78611658789671,7.213883412103286
2023-10-23,S003,P0009,72,83.58,78.09861407279233,6.09861407279233
2023-10-24,S003,P0009,346,345.65,337.45192337902154,8.548076620978463
2023-10-25,S003,P0009,45,55.32,50.25512762738613,5.2551276273861305
2023-10-26,S003,P0009,257,268.52,264.266863793916,7.266863793916002
2023-10-27,S003,P0009,111,117.33,112.50433159351516,1.504331593515161
2023-10-28,S003,P0009,263,260.94,255.18121704133975,7.81878295866025
2023-10-29,S003,P0009,79,82.22,76.65903721433737,2.340962785662626
2023-10-30,S003,P0009,127,142.05,135.73888369867444,8.738883698674442
2023-10-31,S003,P0009,177,180.78,175.4107801744247,1.5892198255752987
2023-11-01,S003,P0009,42,32.5,28.37497622438956,13.62502377561044
2023-11-02,S003,P0009,29,27.34,22.589236866190536,6.410763133809464
2023-11-03,S003,P0009,66,66.78,60.79267049546517,5.207329504534833
2023-11-04,S003,P0009,81,87.45,82.08582260115814,1.0858226011581422
2023-11-05,S003,P0009,160,169.77,163.6334849517381,3.6334849517380974
2023-11-06,S003,P0009,100,108.49,102.98593774949964,2.985937749499641
2023-11-07,S003,P0009,17,11.38,10.204246555674857,6.795753444325143
2023-11-08,S003,P0009,23,21.64,16.51556013474639,6.484439865253609
2023-11-09,S003,P0009,53,47.52,41.805286735346755,11.194713264653245
2023-11-10,S003,P0009,61,72.85,68.05363292754454,7.053632927544541
2023-11-11,S003,P0009,119,111.16,106.27256255239183,12.727437447608168
2023-11-12,S003,P0009,18,35.6,30.39328915830984,12.393289158309841
2023-11-13,S003,P0009,0,12.42,11.630727984594039,11.630727984594039
2023-11-14,S003,P0009,254,259.7,252.9286119398423,1.0713880601576875
2023-11-15,S003,P0009,131,124.56,117.58315193903115,13.416848060968846
2023-11-16,S003,P0009,87,81.45,75.97738611117745,11.022613888822548
2023-11-17,S003,P0009,141,153.38,146.90051544327156,5.9005154432715585
2023-11-18,S003,P0009,360,361.71,355.17472113855894,4.825278861441063
2023-11-19,S003,P0009,274,276.7,269.42168820544555,4.578311794554452
2023-11-20,S003,P0009,78,69.65,64.62083620293996,13.379163797060045
2023-11-21,S003,P0009,39,58.05,53.05403875279829,14.054038752798292
2023-11-22,S003,P0009,152,151.4,145.75144099047844,6.248559009521557
2023-11-23,S003,P0009,21,25.81,21.8197490557766,0.819749055776601
2023-11-24,S003,P0009,28,24.61,19.443381235256354,8.556618764743646
2023-11-25,S003,P0009,272,282.86,277.77470018198915,5.774700181989147
2023-11-26,S003,P0009,415,426.71,423.25472312947824,8.254723129478236
2023-11-27,S003,P0009,404,413.16,406.19389990101564,2.193899901015641
2023-11-28,S003,P0009,170,166.06,161.6384396024701,8.3615603975299
2023-11-29,S003,P0009,201,219.7,214.02700717792075,13.027007177920751
2023-11-30,S003,P0009,135,146.35,141.92828823847563,6.928288238475631
2023-12-01,S003,P0009,81,94.37,88.74837894722485,7.74837894722485
2023-12-02,S003,P0009,291,281.22,276.14908256232036,14.850917437679641
2023-12-03,S003,P0009,1,10.5,10.546315168965442,9.546315168965442
2023-12-04,S003,P0009,291,285.63,279.8467254777294,11.153274522270578
2023-12-05,S003,P0009,25,42.36,37.205327889510535,12.205327889510535
2023-12-06,S003,P0009,109,101.95,95.7091076024003,13.290892397599706
2023-12-07,S003,P0009,43,45.22,40.42115674856703,2.5788432514329713
2023-12-08,S003,P0009,297,288.48,284.3005263491249,12.69947365087512
2023-12-09,S003,P0009,4,-4.72,2.785797580787386,1.2142024192126142
2023-12-10,S003,P0009,69,71.7,66.137770943269,2.862229056730996
2023-12-11,S003,P0009,260,269.01,263.7896027608009,3.7896027608009035
2023-12-12,S003,P0009,239,240.57,235.97259262702292,3.0274073729770805
2023-12-13,S003,P0009,206,197.47,192.44562438774818,13.554375612251818
2023-12-14,S003,P0009,217,223.91,219.8368982478463,2.8368982478463067
2023-12-15,S003,P0009,210,213.57,208.4164293871705,1.5835706128295044
2023-12-16,S003,P0009,250,243.54,238.28105057647946,11.718949423520542
2023-12-17,S003,P0009,40,56.94,51.5260491095096,11.5260491095096
2023-12-18,S003,P0009,272,270.66,264.9738661752236,7.026133824776423
2023-12-19,S003,P0009,163,168.26,163.21946304791254,0.2194630479125408
2023-12-20,S003,P0009,262,279.81,273.5878034102602,11.587803410260221
2023-12-21,S003,P0009,19,17.33,13.640659930224036,5.359340069775964
2023-12-22,S003,P0009,34,34.07,29.36901175226761,4.63098824773239
2023-12-23,S003,P0009,28,19.97,16.45825121928855,11.541748780711451
2023-12-24,S003,P0009,14,29.78,24.579488780212763,10.579488780212763
2023-12-25,S003,P0009,43,58.01,52.955836669779025,9.955836669779025
2023-12-26,S003,P0009,147,163.04,158.93356856466903,11.93356856466903
2023-12-27,S003,P0009,114,109.18,104.38471468667808,9.61528531332192
2023-12-28,S003,P0009,304,295.18,290.2901187764669,13.709881223533102
2023-12-29,S003,P0009,194,207.78,203.22810438544045,9.228104385440446
2023-12-30,S003,P0009,190,188.19,183.4611828089566,6.5388171910433925
2023-12-31,S003,P0009,114,104.23,99.083244780808,14.916755219191998
2024-01-01,S003,P0009,14,13.36,11.453335247156575,2.5466647528434248
2023-09-18,S003,P0010,127,143.59,137.32184579821214,10.321845798212138
2023-09-19,S003,P0010,10,6.44,8.52256902191588,1.4774309780841204
2023-09-20,S003,P0010,26,33.31,28.04992830746354,2.0499283074635386
2023-09-21,S003,P0010,14,22.93,18.100505622374197,4.100505622374197
2023-09-22,S003,P0010,13,26.69,22.14660466548773,9.146604665487729
2023-09-23,S003,P0010,5,17.27,13.25654540549721,8.25654540549721
2023-09-24,S003,P0010,414,414.57,408.1457491474892,5.854250852510802
2023-09-25,S003,P0010,78,83.69,78.5698952457308,0.5698952457308053
2023-09-26,S003,P0010,127,126.29,120.84428780095232,6.155712199047684
2023-09-27,S003,P0010,14,10.37,9.761685855370235,4.238314144629765
2023-09-28,S003,P0010,141,144.21,138.99513880847758,2.004861191522423
2023-09-29,S003,P0010,24,15.54,12.66281100280785,11.33718899719215
2023-09-30,S003,P0010,89,101.03,95.65252988619957,6.652529886199574
2023-10-01,S003,P0010,66,81.97,76.93228859177289,10.932288591772888
2023-10-02,S003,P0010,389,396.44,388.73053640696975,0.26946359303025247
2023-10-03,S003,P0010,219,222.37,217.8244559891604,1.1755440108395874
2023-10-04,S003,P0010,116,134.18,130.41992298104535,14.419922981045346
2023-10-05,S003,P0010,22,27.85,23.75159339768038,1.7515933976803808
2023-10-06,S003,P0010,258,251.48,244.9087776328908,13.091222367109197
2023-10-07,S003,P0010,389,381.69,375.54572060742146,13.454279392578542
2023-10-08,S003,P0010,80,75.05,70.50860851747653,9.491391482523468
2023-10-09,S003,P0010,222,235.63,231.58193446842108,9.581934468421082
2023-10-10,S003,P0010,163,164.2,158.53292959055457,4.4670704094454265
2023-10-11,S003,P0010,288,281.78,276.6887066439368,11.311293356063175
2023-10-12,S003,P0010,295,309.33,303.7817545325682,8.781754532568186
2023-10-13,S003,P0010,144,159.12,152.55675057656705,8.556750576567055
2023-10-14,S003,P0010,278,274.32,267.08560999049615,10.914390009503848
2023-10-15,S003,P0010,357,360.84,352.89663566346474,4.103364336535265
2023-10-16,S003,P0010,74,80.11,75.26474649616166,1.2647464961616635
2023-10-17,S003,P0010,65,71.58,66.5966772218973,1.5966772218972949
2023-10-18,S003,P0010,58,67.17,62.72415205762748,4.724152057627478
2023-10-19,S003,P0010,238,240.15,234.78107633089792,3.2189236691020824
2023-10-20,S003,P0010,84,98.15,91.78266357032045,7.782663570320452
2023-10-21,S003,P0010,123,142.71,136.84530038878387,13.845300388783869
2023-10-22,S003,P0010,387,406.61,400.73746774834535,13.737467748345352
2023-10-23,S003,P0010,148,142.42,135.9152936815416,12.084706318458387
2023-10-24,S003,P0010,177,192.34,185.90316105912387,8.903161059123875
2023-10-25,S003,P0010,20,22.93,17.853612683827457,2.146387316172543
2023-10-26,S003,P0010,99,112.77,107.5292771437892,8.529277143789201
2023-10-27,S003,P0010,22,22.19,17.73983494804994,4.260165051950061
2023-10-28,S003,P0010,103,96.24,90.99923899876958,12.000761001230416
2023-10-29,S003,P0010,110,121.23,116.3236789772048,6.323678977204807
2023-10-30,S003,P0010,5,1.07,5.772266960055909,0.7722669600559087
2023-10-31,S003,P0010,143,145.87,139.86342562797313,3.136574372026871
2023-11-01,S003,P0010,42,41.68,36.263440438765244,5.736559561234756
2023-11-02,S003,P0010,65,72.69,67.41385249264545,2.4138524926454465
2023-11-03,S003,P0010,22,20.71,15.667171002115246,6.332828997884754
2023-11-04,S003,P0010,260,277.12,271.246829855351,11.246829855350995
2023-11-05,S003,P0010,354,373.62,370.44417795604784,16.444177956047838
2023-11-06,S003,P0010,68,72.09,66.3653548975312,1.6346451024687951
2023-11-07,S003,P0010,140,141.22,136.27467124024935,3.725328759750653
2023-11-08,S003,P0010,34,32.2,27.92293320669549,6.07706679330451
2023-11-09,S003,P0010,223,223.51,217.60874980654185,5.3912501934581485
2023-11-10,S003,P0010,323,318.61,313.5788417875135,9.421158212486489
2023-11-11,S003,P0010,198,208.38,203.3003570159094,5.300357015909412
2023-11-12,S003,P0010,247,244.26,237.82716432501672,9.172835674983276
2023-11-13,S003,P0010,146,145.28,139.64452157296026,6.355478427039742
2023-11-14,S003,P0010,24,17.23,13.828255129660544,10.171744870339456
2023-11-15,S003,P0010,45,38.05,34.22467504589571,10.775324954104292
2023-11-16,S003,P0010,245,260.85,256.2712269816443,11.271226981644304
2023-11-17,S003,P0010,22,37.04,32.61262731357398,10.61262731357398
2023-11-18,S003,P0010,71,64.88,59.911323339079644,11.088676660920356
2023-11-19,S003,P0010,29,20.27,15.169134871813268,13.830865128186732
2023-11-20,S003,P0010,317,322.13,317.4290748903775,0.42907489037747837
2023-11-21,S003,P0010,52,57.78,52.16645599649786,0.16645599649785936
2023-11-22,S003,P0010,387,390.32,382.8142127348428,4.1857872651572166
2023-11-23,S003,P0010,120,114.96,109.63243929468933,10.367560705310666
2023-11-24,S003,P0010,7,-0.1,5.735956937542781,1.264043062457219
2023-11-25,S003,P0010,245,258.49,252.35669668081306,7.356696680813059
2023-11-26,S003,P0010,232,232.99,227.90757848368986,4.092421516310139
2023-11-27,S003,P0010,13,6.51,8.515775399249392,4.484224600750608
2023-11-28,S003,P0010,404,402.37,397.2975878334878,6.702412166512204
2023-11-29,S003,P0010,310,300.27,295.1173924980694,14.882607501930579
2023-11-30,S003,P0010,50,60.19,54.60909484593104,4.60909484593104
2023-12-01,S003,P0010,139,147.22,142.90106070629025,3.9010607062902523
2023-12-02,S003,P0010,20,10.17,10.452610168780744,9.547389831219256
2023-12-03,S003,P0010,12,3.65,7.135923959548088,4.864076040451912
2023-12-04,S003,P0010,111,122.52,118.49040451209765,7.490404512097655
2023-12-05,S003,P0010,396,391.9,386.3300550031681,9.669944996831873
2023-12-06,S003,P0010,101,94.55,88.57171844026016,12.428281559739844
2023-12-07,S003,P0010,34,40.59,35.97520707615132,1.975207076151321
2023-12-08,S003,P0010,77,74.97,70.05306728182885,6.946932718171155
2023-12-09,S003,P0010,2,21.26,15.22811646134831,13.22811646134831
2023-12-10,S003,P0010,148,152.89,147.41287287983633,0.5871271201636716
2023-12-11,S003,P0010,77,72.95,67.65054941600424,9.349450583995761
2023-12-12,S003,P0010,378,385.22,380.65254288223673,2.6525428822367303
2023-12-13,S003,P0010,402,394.68,386.9554791608524,15.044520839147594
2023-12-14,S003,P0010,103,101.1,95.12338761078362,7.876612389216376
2023-12-15,S003,P0010,54,68.09,63.52959435619564,9.529594356195638
2023-12-16,S003,P0010,215,216.31,211.9633319145954,3.0366680854046137
2023-12-17,S003,P0010,172,163.32,158.28471806074205,13.715281939257949
2023-12-18,S003,P0010,180,170.96,165.0274714855858,14.972528514414194
2023-12-19,S003,P0010,3,-1.02,4.634923501985685,1.6349235019856847
2023-12-20,S003,P0010,167,172.01,166.05757831512489,0.9424216848751144
2023-12-21,S003,P0010,15,6.03,8.370574962704035,6.629425037295965
2023-12-22,S003,P0010,142,135.33,129.81277487276012,12.187225127239884
2023-12-23,S003,P0010,157,170.66,165.04370771189215,8.043707711892154
2023-12-24,S003,P0010,71,65.07,60.370545178690016,10.629454821309984
2023-12-25,S003,P0010,80,93.63,88.0378248438208,8.0378248438208
2023-12-26,S003,P0010,18,31.48,26.11098013192943,8.11098013192943
2023-12-27,S003,P0010,86,100.25,94.01643044987142,8.016430449871422
2023-12-28,S003,P0010,141,140.18,135.2563323772206,5.743667622779412
2023-12-29,S003,P0010,210,216.36,212.6166573692849,2.6166573692848942
2023-12-30,S003,P0010,38,45.35,39.87933563250428,1.8793356325042794
2023-12-31,S003,P0010,131,126.99,121.13890651778408,9.86109348221592
2024-01-01,S003,P0010,398,409.17,406.583892074941,8.58389207494099
2023-09-18,S003,P0011,63,73.49,68.9693567997162,5.969356799716195
2023-09-19,S003,P0011,60,72.72,67.32536165864303,7.325361658643033
2023-09-20,S003,P0011,148,163.0,158.00983466284544,10.009834662845435
2023-09-21,S003,P0011,332,340.32,335.30902691579774,3.3090269157977446
2023-09-22,S003,P0011,41,60.21,55.320600412022905,14.320600412022905
2023-09-23,S003,P0011,214,228.09,222.95884750185834,8.958847501858344
2023-09-24,S003,P0011,144,147.41,141.40444162189507,2.5955583781049256
2023-09-25,S003,P0011,298,307.5,303.5695073880717,5.569507388071713
2023-09-26,S003,P0011,2,19.33,14.187462985171551,12.187462985171551
2023-09-27,S003,P0011,44,50.66,45.4599873555854,1.4599873555853975
2023-09-28,S003,P0011,90,82.02,76.17345069620578,13.826549303794224
2023-09-29,S003,P0011,236,231.34,225.19358124440416,10.806418755595843
2023-09-30,S003,P0011,102,110.01,104.70005826594557,2.7000582659455716
2023-10-01,S003,P0011,164,155.22,149.60723899232727,14.392761007672732
2023-10-02,S003,P0011,62,69.0,64.28234432945912,2.2823443294591215
2023-10-03,S003,P0011,10,25.61,20.6780001984143,10.6780001984143
2023-10-04,S003,P0011,50,62.82,57.3747855199907,7.374785519990702
2023-10-05,S003,P0011,174,169.13,163.65764052814495,10.342359471855048
2023-10-06,S003,P0011,365,367.11,364.69630798849585,0.3036920115041539
2023-10-07,S003,P0011,245,238.83,234.22546794892054,10.774532051079461
2023-10-08,S003,P0011,64,64.27,58.66801363458096,5.331986365419041
2023-10-09,S003,P0011,30,33.31,29.11064236101253,0.8893576389874696
2023-10-10,S003,P0011,56,62.16,56.2847414953534,0.2847414953534013
2023-10-11,S003,P0011,68,78.14,72.98419520810178,4.984195208101781
2023-10-12,S003,P0011,213,214.57,208.48847580378006,4.511524196219938
2023-10-13,S003,P0011,136,144.73,138.489317545766,2.4893175457659993
2023-10-14,S003,P0011,305,302.69,295.2386720949745,9.761327905025496
2023-10-15,S003,P0011,374,386.91,381.54440447767007,7.544404477670071
2023-10-16,S003,P0011,91,100.23,94.41926938867084,3.419269388670841
2023-10-17,S003,P0011,42,41.89,37.31557238741928,4.68442761258072
2023-10-18,S003,P0011,155,148.02,142.62166022297112,12.378339777028884
2023-10-19,S003,P0011,291,298.14,290.9448480013463,0.055151998653684586
2023-10-20,S003,P0011,232,245.28,238.5754787853196,6.5754787853196035
2023-10-21,S003,P0011,177,181.89,176.59476765613712,0.40523234386287754
2023-10-22,S003,P0011,211,209.1,203.28997507809984,7.710024921900157
2023-10-23,S003,P0011,82,97.48,91.20557359042965,9.205573590429651
2023-10-24,S003,P0011,20,38.87,34.52965632846805,14.52965632846805
2023-10-25,S003,P0011,124,134.37,129.08689749051402,5.086897490514019
2023-10-26,S003,P0011,372,384.7,381.66341866826315,9.663418668263148
2023-10-27,S003,P0011,31,22.36,18.197373339712808,12.802626660287192
2023-10-28,S003,P0011,10,3.25,6.5542863519308545,3.4457136480691455
2023-10-29,S003,P0011,99,91.84,86.34849920803885,12.651500791961155
2023-10-30,S003,P0011,118,108.2,102.73347643969359,15.26652356030641
2023-10-31,S003,P0011,172,162.26,157.87441330735436,14.12558669264564
2023-11-01,S003,P0011,153,145.78,139.10963294791588,13.890367052084116
2023-11-02,S003,P0011,113,121.29,116.20649034840778,3.206490348407783
2023-11-03,S003,P0011,215,229.09,223.43510054369645,8.43510054369645
2023-11-04,S003,P0011,31,24.19,18.716088951228528,12.283911048771472
2023-11-05,S003,P0011,182,175.74,170.76437076115155,11.235629238848446
2023-11-06,S003,P0011,72,64.84,59.622812311336865,12.377187688663135
2023-11-07,S003,P0011,21,40.74,35.57065132107999,14.570651321079993
2023-11-08,S003,P0011,104,123.92,118.36719897692572,14.367198976925721
2023-11-09,S003,P0011,19,21.96,16.363707010156052,2.636292989843948
2023-11-10,S003,P0011,27,21.87,16.177112868169953,10.822887131830047
2023-11-11,S003,P0011,26,45.17,38.70180546683666,12.70180546683666
2023-11-12,S003,P0011,88,104.88,98.40215386026043,10.402153860260427
2023-11-13,S003,P0011,96,112.83,107.78480415288288,11.784804152882884
2023-11-14,S003,P0011,200,198.25,193.75642047921144,6.243579520788558
2023-11-15,S003,P0011,326,325.19,318.23775367524496,7.76224632475504
2023-11-16,S003,P0011,65,69.96,64.44078204013488,0.5592179598651228
2023-11-17,S003,P0011,218,224.6,221.01377930970403,3.0137793097040344
2023-11-18,S003,P0011,352,345.47,338.9611775167366,13.038822483263402
2023-11-19,S003,P0011,88,80.77,75.15207719069103,12.847922809308969
2023-11-20,S003,P0011,15,34.69,30.28077446102244,15.280774461022439
2023-11-21,S003,P0011,282,301.2,295.87634933676463,13.876349336764633
2023-11-22,S003,P0011,133,150.29,144.87388913303667,11.87388913303667
2023-11-23,S003,P0011,158,161.24,156.07154883527957,1.9284511647204283
2023-11-24,S003,P0011,256,249.28,242.1668654270336,13.8331345729664
2023-11-25,S003,P0011,145,160.99,155.57505257617174,10.575052576171743
2023-11-26,S003,P0011,336,333.78,328.9518729308075,7.048127069192503
2023-11-27,S003,P0011,124,123.61,117.55962560316343,6.4403743968365745
2023-11-28,S003,P0011,300,299.04,291.3823946576465,8.6176053423535
2023-11-29,S003,P0011,1,-2.94,4.074952701467119,3.0749527014671187
2023-11-30,S003,P0011,123,118.09,112.51060794379455,10.489392056205446
2023-12-01,S003,P0011,32,23.76,18.642609759764635,13.357390240235365
2023-12-02,S003,P0011,308,305.67,299.5642724869489,8.43572751305112
2023-12-03,S003,P0011,21,26.77,22.337491799262317,1.3374917992623168
2023-12-04,S003,P0011,87,87.38,82.24287610110208,4.757123898897916
2023-12-05,S003,P0011,373,368.42,365.0045240230178,7.99547597698222
2023-12-06,S003,P0011,232,247.99,241.62552524483834,9.625525244838343
2023-12-07,S003,P0011,30,49.64,45.460153637943016,15.460153637943016
2023-12-08,S003,P0011,80,92.95,86.49869515701681,6.498695157016812
2023-12-09,S003,P0011,314,308.68,303.67889377284916,10.321106227150835
2023-12-10,S003,P0011,44,47.29,42.88090521956914,1.1190947804308635
2023-12-11,S003,P0011,19,29.27,24.721054641653453,5.721054641653453
2023-12-12,S003,P0011,281,298.53,291.6929487464147,10.692948746414686
2023-12-13,S003,P0011,120,132.85,127.49603646823715,7.4960364682371505
2023-12-14,S003,P0011,324,333.36,326.6870613678275,2.687061367827482
2023-12-15,S003,P0011,224,229.68,223.67940273099254,0.32059726900746455
2023-12-16,S003,P0011,309,328.81,322.3812573682565,13.381257368256513
2023-12-17,S003,P0011,13,13.66,11.865676084476709,1.1343239155232911
2023-12-18,S003,P0011,193,209.2,203.8488150800851,10.848815080085103
2023-12-19,S003,P0011,82,74.99,70.6784249271568,11.321575072843203
2023-12-20,S003,P0011,93,98.26,92.16373835342884,0.8362616465711596
2023-12-21,S003,P0011,265,261.08,255.00622112729326,9.993778872706741
2023-12-22,S003,P0011,198,204.07,198.71546599020604,0.7154659902060416
2023-12-23,S003,P0011,7,14.63,12.128805243664647,5.128805243664647
2023-12-24,S003,P0011,49,62.13,57.24146173420039,8.241461734200392
2023-12-25,S003,P0011,31,38.49,33.88365134439503,2.8836513443950267
2023-12-26,S003,P0011,254,263.59,257.48354762463657,3.4835476246365715
2023-12-27,S003,P0011,3,5.31,7.580727250702114,4.580727250702114
2023-12-28,S003,P0011,187,183.15,178.60805428079328,8.391945719206717
2023-12-29,S003,P0011,165,164.93,159.47757397762396,5.522426022376038
2023-12-30,S003,P0011,118,134.71,130.40754309821213,12.40754309821213
2023-12-31,S003,P0011,290,280.86,277.01680592206964,12.983194077930364
2024-01-01,S003,P0011,108,98.4,91.94577288043158,16.054227119568424
2023-09-18,S003,P0012,72,72.77,67.24821128175125,4.751788718248747
2023-09-19,S003,P0012,30,24.38,19.300859924698116,10.699140075301884
2023-09-20,S003,P0012,174,164.86,158.68840626724688,15.311593732753124
2023-09-21,S003,P0012,173,173.59,167.58365095476734,5.416349045232664
2023-09-22,S003,P0012,29,37.39,32.455374190679834,3.4553741906798336
2023-09-23,S003,P0012,145,156.23,152.0060949731995,7.0060949731995095
2023-09-24,S003,P0012,180,195.22,189.27908378959637,9.27908378959637
2023-09-25,S003,P0012,51,51.1,45.11332307875501,5.886676921244991
2023-09-26,S003,P0012,90,80.8,74.3732674831202,15.626732516879798
2023-09-27,S003,P0012,33,49.51,44.626513822063124,11.626513822063124
2023-09-28,S003,P0012,47,58.97,53.30859470055903,6.308594700559027
2023-09-29,S003,P0012,111,125.18,118.98236382351217,7.982363823512173
2023-09-30,S003,P0012,31,50.21,45.08979582631435,14.08979582631435
2023-10-01,S003,P0012,94,87.86,82.50585283416643,11.494147165833567
2023-10-02,S003,P0012,184,198.39,193.01454758868562,9.014547588685616
2023-10-03,S003,P0012,78,74.33,68.19526817998275,9.804731820017253
2023-10-04,S003,P0012,156,163.26,157.2312312944104,1.2312312944104065
2023-10-05,S003,P0012,174,168.93,163.74882832368118,10.251171676318819
2023-10-06,S003,P0012,8,-1.91,4.572515166183499,3.427484833816501
2023-10-07,S003,P0012,23,23.7,18.419911735683776,4.580088264316224
2023-10-08,S003,P0012,304,308.65,303.7195538940992,0.28044610590080765
2023-10-09,S003,P0012,31,31.69,27.047982198986006,3.9520178010139944
2023-10-10,S003,P0012,15,31.96,26.822524249397652,11.822524249397652
2023-10-11,S003,P0012,55,51.75,46.414459288310695,8.585540711689305
2023-10-12,S003,P0012,404,416.0,413.66995331749274,9.669953317492741
2023-10-13,S003,P0012,3,21.53,16.351109848192603,13.351109848192603
2023-10-14,S003,P0012,56,49.45,45.39286582035559,10.607134179644412
2023-10-15,S003,P0012,81,87.13,81.90673585747291,0.9067358574729099
2023-10-16,S003,P0012,1,-0.15,5.3342009331249685,4.3342009331249685
2023-10-17,S003,P0012,465,471.32,467.5305905868386,2.5305905868386276
2023-10-18,S003,P0012,114,113.18,108.466888657528,5.533111342471997
2023-10-19,S003,P0012,200,211.97,206.6163253789681,6.616325378968099
2023-10-20,S003,P0012,79,70.12,64.73534985953938,14.264650140460617
2023-10-21,S003,P0012,109,128.23,121.776905726031,12.776905726031003
2023-10-22,S003,P0012,85,89.91,84.65197589410376,0.34802410589624344
2023-10-23,S003,P0012,171,180.4,175.1249931226869,4.124993122686902
2023-10-24,S003,P0012,60,52.28,47.61609538011105,12.383904619888952
2023-10-25,S003,P0012,27,27.32,22.41726906882684,4.58273093117316
2023-10-26,S003,P0012,263,281.72,276.17780016476,13.177800164760015
2023-10-27,S003,P0012,17,30.33,26.83123312170587,9.831233121705871
2023-10-28,S003,P0012,198,216.64,212.12957836968698,14.129578369686982
2023-10-29,S003,P0012,137,140.28,135.47570218570257,1.5242978142974266
2023-10-30,S003,P0012,169,176.14,171.71902840906324,2.7190284090632417
2023-10-31,S003,P0012,201,196.43,192.35117881784657,8.648821182153426
2023-11-01,S003,P0012,181,173.37,167.3131317832346,13.68686821676539
2023-11-02,S003,P0012,27,27.72,22.646026199494056,4.353973800505944
2023-11-03,S003,P0012,55,50.83,45.84136940865784,9.15863059134216
2023-11-04,S003,P0012,7,22.48,16.961924971943148,9.961924971943148
2023-11-05,S003,P0012,31,47.43,42.722835210888135,11.722835210888135
2023-11-06,S003,P0012,21,12.4,11.553266497807169,9.446733502192831
2023-11-07,S003,P0012,161,153.38,147.87708094921726,13.122919050782741
2023-11-08,S003,P0012,270,268.68,263.8524164515718,6.1475835484282015
2023-11-09,S003,P0012,155,168.74,163.80041415516638,8.80041415516638
2023-11-10,S003,P0012,2,14.59,12.178176218633913,10.178176218633913
2023-11-11,S003,P0012,134,128.41,123.08265165134934,10.917348348650663
2023-11-12,S003,P0012,122,124.08,117.72513590473733,4.2748640952626715
2023-11-13,S003,P0012,108,100.95,94.82763390094499,13.172366099055012
2023-11-14,S003,P0012,172,163.5,157.34988797720644,14.650112022793564
2023-11-15,S003,P0012,193,203.9,198.08220806107767,5.082208061077665
2023-11-16,S003,P0012,53,45.31,39.438394387015485,13.561605612984515
2023-11-17,S003,P0012,138,138.06,132.1977934265518,5.8022065734481885
2023-11-18,S003,P0012,119,128.41,121.82253915826665,2.8225391582666504
2023-11-19,S003,P0012,55,52.63,47.7895374176811,7.210462582318897
2023-11-20,S003,P0012,197,211.77,206.79904051065253,9.799040510652532
2023-11-21,S003,P0012,241,249.47,244.09610994304532,3.0961099430453203
2023-11-22,S003,P0012,194,184.59,179.99682972075072,14.003170279249275
2023-11-23,S003,P0012,427,442.55,433.2107531557341,6.210753155734096
2023-11-24,S003,P0012,15,13.87,12.505693381060484,2.4943066189395164
2023-11-25,S003,P0012,437,433.38,424.01401247714045,12.985987522859546
2023-11-26,S003,P0012,17,35.15,30.569268047094138,13.569268047094138
2023-11-27,S003,P0012,2,21.52,16.777128787075114,14.777128787075114
2023-11-28,S003,P0012,155,162.15,157.5793508346676,2.5793508346675935
2023-11-29,S003,P0012,85,87.55,81.9787717623171,3.021228237682905
2023-11-30,S003,P0012,41,57.11,51.71451705795313,10.714517057953131
2023-12-01,S003,P0012,238,232.14,226.57281068048175,11.427189319518249
2023-12-02,S003,P0012,215,225.76,220.55695835992464,5.556958359924636
2023-12-03,S003,P0012,9,14.16,12.068977106069347,3.0689771060693474
2023-12-04,S003,P0012,105,98.19,92.18659377495328,12.81340622504672
2023-12-05,S003,P0012,9,26.74,21.789120019835647,12.789120019835647
2023-12-06,S003,P0012,300,312.74,305.4936889057826,5.493688905782619
2023-12-07,S003,P0012,74,64.88,60.06563415852478,13.93436584147522
2023-12-08,S003,P0012,111,118.0,112.58289977944295,1.582899779442954
2023-12-09,S003,P0012,107,109.2,102.65461823995776,4.345381760042244
2023-12-10,S003,P0012,42,39.26,34.10044505640059,7.899554943599412
2023-12-11,S003,P0012,65,64.56,59.12660622752856,5.873393772471438
2023-12-12,S003,P0012,25,36.05,31.169126701701813,6.169126701701813
2023-12-13,S003,P0012,33,47.72,42.88811358814525,9.888113588145252
2023-12-14,S003,P0012,276,290.06,285.7107254938256,9.710725493825578
2023-12-15,S003,P0012,149,168.82,164.0759241921099,15.075924192109909
2023-12-16,S003,P0012,27,44.73,39.07123940168159,12.071239401681588
2023-12-17,S003,P0012,8,7.87,9.056990748213597,1.0569907482135967
2023-12-18,S003,P0012,8,13.1,11.885869972300164,3.8858699723001635
2023-12-19,S003,P0012,125,127.29,121.81249770120348,3.1875022987965167
2023-12-20,S003,P0012,4,9.13,9.321795753283682,5.321795753283682
2023-12-21,S003,P0012,336,355.46,349.08210740489557,13.082107404895567
2023-12-22,S003,P0012,102,98.21,91.53003346639458,10.469966533605415
2023-12-23,S003,P0012,32,46.04,40.54819914777587,8.548199147775868
2023-12-24,S003,P0012,357,375.48,371.458159287277,14.458159287276999
2023-12-25,S003,P0012,36,40.94,36.57181713737462,0.571817137374623
2023-12-26,S003,P0012,108,120.97,115.68978455201258,7.689784552012583
2023-12-27,S003,P0012,65,62.26,57.03518967173879,7.964810328261208
2023-12-28,S003,P0012,251,244.29,237.99730473105956,13.002695268940442
2023-12-29,S003,P0012,132,139.93,135.60986683283244,3.609866832832438
2023-12-30,S003,P0012,61,64.82,59.36424628603211,1.6357537139678868
2023-12-31,S003,P0012,44,61.63,57.13291910130956,13.132919101309561
2024-01-01,S003,P0012,94,101.2,95.12331785169587,1.123317851695873
2023-09-18,S003,P0013,169,159.33,152.61212320940507,16.38787679059493
2023-09-19,S003,P0013,1,7.87,9.675771256778791,8.675771256778791
2023-09-20,S003,P0013,122,121.77,116.71537220524436,5.284627794755636
2023-09-21,S003,P0013,188,207.6,202.65250476760258,14.65250476760258
2023-09-22,S003,P0013,207,221.76,216.07013178826412,9.07013178826412
2023-09-23,S003,P0013,32,32.11,28.0045710656302,3.9954289343698015
2023-09-24,S003,P0013,126,117.84,112.44950445108896,13.550495548911044
2023-09-25,S003,P0013,22,28.75,23.658786280001117,1.6587862800011166
2023-09-26,S003,P0013,34,35.87,30.109566866561195,3.8904331334388047
2023-09-27,S003,P0013,62,59.66,55.03866045579244,6.961339544207561
2023-09-28,S003,P0013,28,41.28,36.06592954986131,8.065929549861309
2023-09-29,S003,P0013,49,67.59,62.32161561813636,13.321615618136363
2023-09-30,S003,P0013,182,198.27,192.67643880623143,10.676438806231431
2023-10-01,S003,P0013,29,37.76,33.94039151274927,4.940391512749272
2023-10-02,S003,P0013,121,119.66,113.55284567808705,7.447154321912947
2023-10-03,S003,P0013,225,239.82,235.36459121912404,10.364591219124037
2023-10-04,S003,P0013,220,226.64,222.44444663525746,2.4444466352574636
2023-10-05,S003,P0013,34,28.05,23.051905919344847,10.948094080655153
2023-10-06,S003,P0013,4,-2.24,4.450695434264146,0.45069543426414604
2023-10-07,S003,P0013,24,21.9,15.431203751754477,8.568796248245523
2023-10-08,S003,P0013,102,96.83,91.25634878469079,10.743651215309214
2023-10-09,S003,P0013,136,142.04,136.81109157449254,0.8110915744925364
2023-10-10,S003,P0013,215,206.44,202.20029692313148,12.799703076868525
2023-10-11,S003,P0013,31,42.63,37.03056397733592,6.030563977335923
2023-10-12,S003,P0013,291,298.07,292.19899669315475,1.1989966931547542
2023-10-13,S003,P0013,40,58.31,53.23350299907767,13.233502999077672
2023-10-14,S003,P0013,332,346.43,338.72911594571383,6.729115945713829
2023-10-15,S003,P0013,32,40.12,35.93431058315591,3.934310583155913
2023-10-16,S003,P0013,111,120.67,114.59469825914788,3.5946982591478758
2023-10-17,S003,P0013,216,210.75,204.73698061611867,11.263019383881328
2023-10-18,S003,P0013,103,104.38,99.13508909573724,3.864910904262757
2023-10-19,S003,P0013,31,34.4,29.735320696229124,1.2646793037708761
2023-10-20,S003,P0013,174,191.32,186.0932493791337,12.09324937913371
2023-10-21,S003,P0013,224,240.6,235.38183835189227,11.38183835189227
2023-10-22,S003,P0013,98,102.58,97.26141445863084,0.7385855413691615
2023-10-23,S003,P0013,39,29.24,24.6722607366313,14.327739263368699
2023-10-24,S003,P0013,64,72.59,67.97825314304026,3.978253143040263
2023-10-25,S003,P0013,137,141.67,136.5273057676252,0.47269423237480623
2023-10-26,S003,P0013,69,75.37,71.21405749897664,2.2140574989766435
2023-10-27,S003,P0013,289,299.2,291.5221116123496,2.5221116123495904
2023-10-28,S003,P0013,306,324.05,317.536323357809,11.53632335780901
2023-10-29,S003,P0013,5,22.7,18.27200927060892,13.272009270608919
2023-10-30,S003,P0013,294,302.26,294.4379476516925,0.43794765169252514
2023-10-31,S003,P0013,135,142.74,137.14209501293143,2.142095012931435
2023-11-01,S003,P0013,8,11.63,10.737488132641404,2.7374881326414044
2023-11-02,S003,P0013,74,65.83,60.612087886255964,13.387912113744036
2023-11-03,S003,P0013,120,113.47,108.21465608123188,11.78534391876812
2023-11-04,S003,P0013,384,385.17,381.26310679986017,2.736893200139832
2023-11-05,S003,P0013,212,206.6,201.24154789088072,10.758452109119276
2023-11-06,S003,P0013,269,261.7,256.0416387205069,12.95836127949309
2023-11-07,S003,P0013,15,8.77,9.483278119028313,5.516721880971687
2023-11-08,S003,P0013,36,27.4,22.312044970587877,13.687955029412123
2023-11-09,S003,P0013,45,45.61,41.12223974590839,3.877760254091612
2023-11-10,S003,P0013,285,280.05,274.3892806906667,10.61071930933332
2023-11-11,S003,P0013,83,92.15,86.58802922681932,3.588029226819316
2023-11-12,S003,P0013,426,420.67,414.8797125253211,11.12028747467889
2023-11-13,S003,P0013,319,321.31,314.4273387433137,4.572661256686274
2023-11-14,S003,P0013,185,194.21,187.0579863778011,2.057986377801086
2023-11-15,S003,P0013,84,75.17,70.1359230289007,13.864076971099294
2023-11-16,S003,P0013,236,228.47,222.9890742469275,13.010925753072513
2023-11-17,S003,P0013,96,104.84,99.19656271038656,3.1965627103865586
2023-11-18,S003,P0013,264,266.05,259.8955679755103,4.104432024489711
2023-11-19,S003,P0013,169,161.09,155.6502697426804,13.349730257319607
2023-11-20,S003,P0013,136,136.99,132.05236232333797,3.9476376766620263
2023-11-21,S003,P0013,285,303.62,299.1810194864528,14.181019486452783
2023-11-22,S003,P0013,98,113.84,107.69291580714511,9.692915807145113
2023-11-23,S003,P0013,298,289.39,284.5862634891648,13.413736510835179
2023-11-24,S003,P0013,34,38.53,33.43142732779352,0.5685726722064786
2023-11-25,S003,P0013,116,110.93,105.78094375386488,10.219056246135125
2023-11-26,S003,P0013,146,155.74,150.20772279437205,4.207722794372046
2023-11-27,S003,P0013,182,193.93,187.21928984844195,5.219289848441946
2023-11-28,S003,P0013,178,172.21,166.43499474337003,11.565005256629973
2023-11-29,S003,P0013,7,-0.86,4.953165733169767,2.046834266830233
2023-11-30,S003,P0013,192,184.23,178.63514152749482,13.364858472505176
2023-12-01,S003,P0013,3,16.76,13.303043995926046,10.303043995926046
2023-12-02,S003,P0013,45,43.67,38.6083303479622,6.391669652037798
2023-12-03,S003,P0013,18,10.79,9.847284349422308,8.152715650577692
2023-12-04,S003,P0013,99,117.52,112.00958416347471,13.009584163474713
2023-12-05,S003,P0013,82,76.72,71.7102959674296,10.289704032570398
2023-12-06,S003,P0013,102,95.65,90.14988019814696,11.85011980185304
2023-12-07,S003,P0013,105,102.74,96.82249217588786,8.17750782411214
2023-12-08,S003,P0013,93,86.76,81.58447909312787,11.415520906872132
2023-12-09,S003,P0013,49,64.76,59.607942797062925,10.607942797062925
2023-12-10,S003,P0013,228,247.94,243.36763328314527,15.367633283145267
2023-12-11,S003,P0013,165,174.36,167.4077445815529,2.4077445815528904
2023-12-12,S003,P0013,98,98.99,93.52760886497,4.472391135029994
2023-12-13,S003,P0013,402,401.4,396.20908972752284,5.790910272477163
2023-12-14,S003,P0013,151,147.73,143.16148148129236,7.8385185187076445
2023-12-15,S003,P0013,239,242.1,236.09735792458565,2.9026420754143487
2023-12-16,S003,P0013,212,205.04,198.7874611780503,13.212538821949693
2023-12-17,S003,P0013,158,150.25,144.39135062256025,13.608649377439747
2023-12-18,S003,P0013,152,162.72,157.383738783341,5.383738783340988
2023-12-19,S003,P0013,124,143.97,138.1079804763803,14.107980476380305
2023-12-20,S003,P0013,31,25.94,21.70735413991097,9.292645860089031
2023-12-21,S003,P0013,142,158.95,152.80390699645503,10.803906996455027
2023-12-22,S003,P0013,60,61.08,56.230875906949265,3.769124093050735
2023-12-23,S003,P0013,64,82.81,77.52032044706108,13.520320447061081
2023-12-24,S003,P0013,70,62.65,57.52074636304518,12.479253636954823
2023-12-25,S003,P0013,39,56.73,51.60246535898161,12.602465358981611
2023-12-26,S003,P0013,74,77.93,72.45485028993176,1.5451497100682445
2023-12-27,S003,P0013,329,327.22,321.9531538709082,7.0468461290918185
2023-12-28,S003,P0013,23,39.29,34.90056826858823,11.90056826858823
2023-12-29,S003,P0013,116,131.31,125.44342702539163,9.443427025391628
2023-12-30,S003,P0013,119,138.79,134.44699151357764,15.446991513577643
2023-12-31,S003,P0013,88,85.5,80.73390129837966,7.266098701620336
2024-01-01,S003,P0013,115,131.32,124.87240974304684,9.872409743046845
2023-09-18,S003,P0014,63,66.93,61.35483631698229,1.6451636830177065
2023-09-19,S003,P0014,195,202.77,197.20094828530378,2.200948285303781
2023-09-20,S003,P0014,0,-5.53,2.783479694684461,2.783479694684461
2023-09-21,S003,P0014,309,321.76,316.94688027731684,7.946880277316836
2023-09-22,S003,P0014,147,157.88,152.5987268004024,5.598726800402403
2023-09-23,S003,P0014,41,31.93,27.289619317214317,13.710380682785683
2023-09-24,S003,P0014,173,177.09,172.3219653369673,0.6780346630326903
2023-09-25,S003,P0014,54,48.45,43.13727170592643,10.86272829407357
2023-09-26,S003,P0014,287,296.27,289.54994082754814,2.5499408275481414
2023-09-27,S003,P0014,328,333.05,327.0900298492106,0.9099701507893769
2023-09-28,S003,P0014,18,8.69,9.555157522914065,8.444842477085935
2023-09-29,S003,P0014,169,175.07,169.15691221805946,0.15691221805946043
2023-09-30,S003,P0014,257,250.16,244.8047205963279,12.195279403672089
2023-10-01,S003,P0014,199,217.96,213.1959550614185,14.195955061418488
2023-10-02,S003,P0014,45,46.84,41.95837038170331,3.041629618296689
2023-10-03,S003,P0014,231,248.05,241.4270314684352,10.427031468435189
2023-10-04,S003,P0014,274,270.65,265.4906570550487,8.5093429449513
2023-10-05,S003,P0014,78,75.18,69.98431646095023,8.015683539049775
2023-10-06,S003,P0014,88,106.34,100.21632497522424,12.21632497522424
2023-10-07,S003,P0014,435,430.37,425.40128455391005,9.598715446089955
2023-10-08,S003,P0014,54,54.05,49.20690338167391,4.793096618326089
2023-10-09,S003,P0014,420,410.65,405.1112866593554,14.888713340644586
2023-10-10,S003,P0014,35,33.03,28.353285979763214,6.646714020236786
2023-10-11,S003,P0014,5,4.56,7.3203272359646,2.3203272359645997
2023-10-12,S003,P0014,11,16.44,13.580394331528257,2.5803943315282574
2023-10-13,S003,P0014,101,104.91,99.5624509741541,1.4375490258458967
2023-10-14,S003,P0014,311,302.54,294.73226527606266,16.267734723937338
2023-10-15,S003,P0014,6,20.85,15.934731192889437,9.934731192889437
2023-10-16,S003,P0014,178,173.47,167.49723480659162,10.50276519340838
2023-10-17,S003,P0014,166,163.35,158.02271748738912,7.977282512610884
2023-10-18,S003,P0014,322,340.57,333.8570082148509,11.857008214850907
2023-10-19,S003,P0014,70,79.39,73.93453145462377,3.934531454623766
2023-10-20,S003,P0014,357,347.07,341.0060825457007,15.993917454299321
2023-10-21,S003,P0014,99,100.54,95.09796619223818,3.902033807761825
2023-10-22,S003,P0014,22,40.1,35.1097948459143,13.109794845914301
2023-10-23,S003,P0014,43,58.95,54.159120512191194,11.159120512191194
2023-10-24,S003,P0014,24,14.86,12.22205848537962,11.77794151462038
2023-10-25,S003,P0014,178,168.9,163.7854627726654,14.214537227334603
2023-10-26,S003,P0014,104,99.73,93.83640317328783,10.163596826712165
2023-10-27,S003,P0014,197,192.68,186.746553925547,10.253446074452995
2023-10-28,S003,P0014,30,48.47,43.34465163207692,13.344651632076918
2023-10-29,S003,P0014,43,45.49,40.281294791412655,2.7187052085873447
2023-10-30,S003,P0014,133,149.55,144.00394273404802,11.003942734048024
2023-10-31,S003,P0014,45,35.82,31.085080901086567,13.914919098913433
2023-11-01,S003,P0014,238,248.66,242.06737741818102,4.0673774181810245
2023-11-02,S003,P0014,257,267.18,261.6235823793221,4.623582379322102
2023-11-03,S003,P0014,302,307.77,303.9816656789393,1.9816656789392937
2023-11-04,S003,P0014,265,280.05,274.0434147229305,9.043414722930493
2023-11-05,S003,P0014,29,25.2,20.30591904032618,8.694080959673819
2023-11-06,S003,P0014,133,136.52,130.45841346735455,2.5415865326454536
2023-11-07,S003,P0014,158,167.82,162.2484103616185,4.248410361618511
2023-11-08,S003,P0014,58,50.68,45.34321157926035,12.656788420739652
2023-11-09,S003,P0014,65,67.74,62.675833997447114,2.324166002552886
2023-11-10,S003,P0014,117,113.17,108.56099604469972,8.43900395530028
2023-11-11,S003,P0014,42,57.88,52.567822128800074,10.567822128800074
2023-11-12,S003,P0014,49,51.18,46.037903702012635,2.9620962979873653
2023-11-13,S003,P0014,26,16.85,13.505114065210027,12.494885934789973
2023-11-14,S003,P0014,384,385.14,380.9006689539339,3.0993310460660837
2023-11-15,S003,P0014,27,30.7,26.42756945548338,0.5724305445166209
2023-11-16,S003,P0014,6,13.83,11.78091988150533,5.78091988150533
2023-11-17,S003,P0014,152,162.59,157.11600377936767,5.116003779367674
2023-11-18,S003,P0014,73,77.58,71.92943425020854,1.0705657497914558
2023-11-19,S003,P0014,115,121.14,115.83453181202393,0.8345318120239256
2023-11-20,S003,P0014,163,157.44,151.00573399975295,11.994266000247052
2023-11-21,S003,P0014,197,211.63,205.95079414823732,8.950794148237321
2023-11-22,S003,P0014,142,141.5,136.38419114314559,5.615808856854414
2023-11-23,S003,P0014,399,418.11,413.2406537567566,14.240653756756615
2023-11-24,S003,P0014,105,122.79,117.68211172658006,12.682111726580061
2023-11-25,S003,P0014,67,59.37,55.38860296693297,11.611397033067028
2023-11-26,S003,P0014,144,155.31,149.68289601252673,5.682896012526726
2023-11-27,S003,P0014,87,81.56,76.81676870300691,10.183231296993085
2023-11-28,S003,P0014,34,40.38,35.93869986302194,1.938699863021938
2023-11-29,S003,P0014,112,104.58,98.67107384497606,13.328926155023936
2023-11-30,S003,P0014,416,433.65,425.3918252533706,9.391825253370598
2023-12-01,S003,P0014,113,105.32,99.56154039768117,13.43845960231883
2023-12-02,S003,P0014,241,258.42,252.432497498229,11.432497498228997
2023-12-03,S003,P0014,169,181.25,175.1763469128965,6.176346912896491
2023-12-04,S003,P0014,18,18.49,14.535005187430581,3.4649948125694188
2023-12-05,S003,P0014,119,137.34,132.90947590060802,13.909475900608015
2023-12-06,S003,P0014,119,112.66,107.2763005236514,11.7236994763486
2023-12-07,S003,P0014,25,41.18,36.575669511264806,11.575669511264806
2023-12-08,S003,P0014,481,480.58,472.8637723531904,8.136227646809573
2023-12-09,S003,P0014,71,74.23,69.6873722771212,1.3126277228788013
2023-12-10,S003,P0014,179,174.23,168.4202802109184,10.579719789081594
2023-12-11,S003,P0014,12,22.38,17.635775280141488,5.6357752801414875
2023-12-12,S003,P0014,42,36.68,31.028758111463084,10.971241888536916
2023-12-13,S003,P0014,21,28.76,23.862281840030384,2.862281840030384
2023-12-14,S003,P0014,124,121.98,116.58287344199991,7.417126558000092
2023-12-15,S003,P0014,403,401.0,398.1911484560894,4.808851543910578
2023-12-16,S003,P0014,300,303.8,298.74972395195977,1.2502760480402344
2023-12-17,S003,P0014,199,207.44,202.26105053794896,3.261050537948961
2023-12-18,S003,P0014,6,11.99,11.385891376382512,5.385891376382512
2023-12-19,S003,P0014,153,168.58,163.02407316125363,10.024073161253625
2023-12-20,S003,P0014,96,88.05,82.91914101338102,13.080858986618978
2023-12-21,S003,P0014,227,241.21,235.4380255809142,8.4380255809142
2023-12-22,S003,P0014,0,-4.03,2.7092074457079227,2.7092074457079227
2023-12-23,S003,P0014,153,172.26,167.45960987396018,14.459609873960176
2023-12-24,S003,P0014,267,283.18,279.20423410829756,12.204234108297555
2023-12-25,S003,P0014,241,259.2,252.46441023401565,11.464410234015645
2023-12-26,S003,P0014,291,290.37,285.9814639402715,5.01853605972849
2023-12-27,S003,P0014,62,76.35,70.6077644688525,8.607764468852494
2023-12-28,S003,P0014,262,274.49,268.34631391469793,6.34631391469793
2023-12-29,S003,P0014,181,192.04,186.95802290641248,5.958022906412481
2023-12-30,S003,P0014,81,73.98,68.78767659224287,12.212323407757125
2023-12-31,S003,P0014,125,121.68,117.48247435585508,7.517525644144925
2024-01-01,S003,P0014,74,85.49,80.69745986371223,6.697459863712226
2023-09-18,S003,P0015,69,78.36,73.67754124680927,4.67754124680927
2023-09-19,S003,P0015,268,258.97,252.58509935757655,15.414900642423447
2023-09-20,S003,P0015,66,67.39,61.285718377619915,4.714281622380085
2023-09-21,S003,P0015,272,278.42,272.95365356302364,0.9536535630236358
2023-09-22,S003,P0015,374,367.3,363.7242652546644,10.275734745335626
2023-09-23,S003,P0015,69,60.0,54.955888781429664,14.044111218570336
2023-09-24,S003,P0015,118,137.02,131.4808116444322,13.480811644432208
2023-09-25,S003,P0015,100,110.98,106.39625084255044,6.396250842550444
2023-09-26,S003,P0015,237,255.22,248.2054439127839,11.205443912783892
2023-09-27,S003,P0015,185,187.09,181.9578113450313,3.0421886549686974
2023-09-28,S003,P0015,7,9.13,9.533901214850605,2.533901214850605
2023-09-29,S003,P0015,70,75.78,71.08368323677426,1.083683236774263
2023-09-30,S003,P0015,0,0.77,5.326943195219473,5.326943195219473
2023-10-01,S003,P0015,211,212.08,207.23014634283766,3.7698536571623436
2023-10-02,S003,P0015,87,84.09,78.75159030698248,8.248409693017521
2023-10-03,S003,P0015,228,241.03,235.26530591819238,7.265305918192382
2023-10-04,S003,P0015,227,240.02,234.91243283419564,7.912432834195641
2023-10-05,S003,P0015,414,404.42,398.12857695904233,15.871423040957666
2023-10-06,S003,P0015,115,121.95,116.40354642854669,1.40354642854669
2023-10-07,S003,P0015,1,-3.81,3.4628120534517888,2.4628120534517888
2023-10-08,S003,P0015,25,21.07,16.375306004275238,8.624693995724762
2023-10-09,S003,P0015,31,32.96,28.558994282511726,2.4410057174882738
2023-10-10,S003,P0015,255,260.75,255.47694680445463,0.4769468044546272
2023-10-11,S003,P0015,90,88.03,83.25709600450165,6.742903995498352
2023-10-12,S003,P0015,183,200.77,193.91049481133894,10.910494811338936
2023-10-13,S003,P0015,73,71.42,66.0222408180265,6.9777591819734965
2023-10-14,S003,P0015,301,295.3,289.63576394666154,11.364236053338459
2023-10-15,S003,P0015,151,166.81,162.15657256543182,11.156572565431816
2023-10-16,S003,P0015,6,11.0,10.69318055433364,4.69318055433364
2023-10-17,S003,P0015,265,273.68,266.95678436784414,1.9567843678441363
2023-10-18,S003,P0015,67,59.71,53.62282733517458,13.377172664825423
2023-10-19,S003,P0015,86,83.04,77.54534780538451,8.454652194615491
2023-10-20,S003,P0015,17,15.48,12.542511320911425,4.457488679088575
2023-10-21,S003,P0015,215,231.65,225.80774313233064,10.807743132330643
2023-10-22,S003,P0015,79,95.67,89.8431990498043,10.843199049804298
2023-10-23,S003,P0015,99,96.08,90.71007657446904,8.289923425530958
2023-10-24,S003,P0015,390,392.26,387.1984007708374,2.801599229162605
2023-10-25,S003,P0015,139,140.23,135.4039136259153,3.596086374084706
2023-10-26,S003,P0015,44,38.27,33.81397729936866,10.18602270063134
2023-10-27,S003,P0015,336,351.68,347.35568854164023,11.355688541640234
2023-10-28,S003,P0015,337,355.66,350.71322469801794,13.713224698017939
2023-10-29,S003,P0015,34,25.65,21.313174691431033,12.686825308568967
2023-10-30,S003,P0015,55,67.52,61.85450779939444,6.85450779939444
2023-10-31,S003,P0015,155,158.81,153.14613212639273,1.8538678736072711
2023-11-01,S003,P0015,15,7.39,8.796426889028067,6.2035731109719325
2023-11-02,S003,P0015,32,42.12,36.93079546717905,4.930795467179053
2023-11-03,S003,P0015,258,274.03,268.26540748973133,10.26540748973133
2023-11-04,S003,P0015,102,117.91,112.85619125412974,10.85619125412974
2023-11-05,S003,P0015,68,72.45,68.01386868340953,0.013868683409526739
2023-11-06,S003,P0015,264,277.03,269.90793238979677,5.90793238979677
2023-11-07,S003,P0015,45,52.55,47.49909385748848,2.4990938574884822
2023-11-08,S003,P0015,144,137.16,131.7890487277336,12.210951272266414
2023-11-09,S003,P0015,16,11.78,11.065878191610956,4.934121808389044
2023-11-10,S003,P0015,337,344.31,336.8465725293849,0.15342747061509954
2023-11-11,S003,P0015,134,133.62,129.187191383511,4.812808616489008
2023-11-12,S003,P0015,454,462.3,450.3915013334007,3.608498666599303
2023-11-13,S003,P0015,68,61.89,56.17374194267435,11.826258057325653
2023-11-14,S003,P0015,232,245.61,239.225725480425,7.225725480425012
2023-11-15,S003,P0015,58,54.6,49.56718080224099,8.43281919775901
2023-11-16,S003,P0015,12,25.41,21.326204573971207,9.326204573971207
2023-11-17,S003,P0015,310,310.25,304.609179302622,5.39082069737799
2023-11-18,S003,P0015,298,313.72,308.083179802993,10.083179802993016
2023-11-19,S003,P0015,38,37.41,32.885272854385136,5.114727145614864
2023-11-20,S003,P0015,77,96.39,90.60423278358164,13.604232783581637
2023-11-21,S003,P0015,79,83.65,77.64188200731151,1.3581179926884914
2023-11-22,S003,P0015,31,26.61,22.84782969884322,8.15217030115678
2023-11-23,S003,P0015,104,103.36,98.14499845262995,5.855001547370051
2023-11-24,S003,P0015,83,90.37,85.16041149552362,2.1604114955236184
2023-11-25,S003,P0015,231,242.44,236.99037128481513,5.990371284815126
2023-11-26,S003,P0015,161,167.72,162.52954007058946,1.5295400705894622
2023-11-27,S003,P0015,261,271.12,265.9408656876965,4.940865687696487
2023-11-28,S003,P0015,1,-8.51,2.114100154706735,1.114100154706735
2023-11-29,S003,P0015,223,236.05,230.53172320061725,7.53172320061725
2023-11-30,S003,P0015,233,226.53,221.4359768266795,11.564023173320493
2023-12-01,S003,P0015,192,183.94,178.06918007334144,13.930819926658558
2023-12-02,S003,P0015,42,43.34,38.184641587937215,3.8153584120627855
2023-12-03,S003,P0015,151,149.01,143.45844081290477,7.541559187095231
2023-12-04,S003,P0015,249,262.04,255.7954675019409,6.795467501940891
2023-12-05,S003,P0015,129,130.92,125.11970596342081,3.880294036579187
2023-12-06,S003,P0015,178,169.18,164.15312565634258,13.846874343657419
2023-12-07,S003,P0015,42,40.26,35.05885455527728,6.941145444722721
2023-12-08,S003,P0015,133,151.12,145.4181113273747,12.418111327374703
2023-12-09,S003,P0015,93,92.05,86.64070781409393,6.359292185906071
2023-12-10,S003,P0015,85,79.94,74.23247129680777,10.767528703192227
2023-12-11,S003,P0015,5,18.57,14.304597702120597,9.304597702120597
2023-12-12,S003,P0015,151,147.25,142.35920627017742,8.640793729822576
2023-12-13,S003,P0015,45,49.67,44.661753736910015,0.3382462630899852
2023-12-14,S003,P0015,222,218.59,213.58566072254203,8.41433927745797
2023-12-15,S003,P0015,149,141.6,136.06597702893416,12.934022971065843
2023-12-16,S003,P0015,10,10.59,10.119705028199283,0.11970502819928264
2023-12-17,S003,P0015,333,339.97,334.01765006645235,1.0176500664523473
2023-12-18,S003,P0015,260,251.28,245.2463274585007,14.753672541499299
2023-12-19,S003,P0015,217,215.74,211.2609385849912,5.739061415008791
2023-12-20,S003,P0015,32,41.38,36.11666876837915,4.116668768379149
2023-12-21,S003,P0015,132,146.48,141.38965385977616,9.38965385977616
2023-12-22,S003,P0015,66,80.42,74.17120859640356,8.17120859640356
2023-12-23,S003,P0015,122,141.36,136.72784272719332,14.72784272719332
2023-12-24,S003,P0015,106,118.17,112.13000026331423,6.13000026331423
2023-12-25,S003,P0015,302,320.81,315.3296966680711,13.329696668071108
2023-12-26,S003,P0015,46,59.02,53.43744819950082,7.437448199500821
2023-12-27,S003,P0015,106,110.22,104.60941699390274,1.390583006097259
2023-12-28,S003,P0015,114,108.93,103.77782687478806,10.222173125211938
2023-12-29,S003,P0015,297,305.87,299.4923171039542,2.4923171039541785
2023-12-30,S003,P0015,220,212.53,207.82775304925983,12.172246950740174
2023-12-31,S003,P0015,53,43.58,38.610089176336125,14.389910823663875
2024-01-01,S003,P0015,174,179.11,172.36242312801411,1.6375768719858854
2023-09-18,S003,P0016,54,69.92,64.61495370341227,10.614953703412269
2023-09-19,S003,P0016,141,146.92,141.29998410395098,0.2999841039509761
2023-09-20,S003,P0016,60,75.87,71.38901387049324,11.389013870493244
2023-09-21,S003,P0016,32,27.29,22.32693249907365,9.67306750092635
2023-09-22,S003,P0016,50,57.63,52.27890863534478,2.278908635344777
2023-09-23,S003,P0016,48,43.53,38.7737972170386,9.226202782961401
2023-09-24,S003,P0016,99,102.2,96.79787782971601,2.2021221702839853
2023-09-25,S003,P0016,74,64.05,58.33512739821052,15.664872601789483
2023-09-26,S003,P0016,209,207.12,201.81178306903485,7.1882169309651545
2023-09-27,S003,P0016,194,192.4,186.58613982646716,7.413860173532839
2023-09-28,S003,P0016,49,40.33,35.47993741715705,13.520062582842947
2023-09-29,S003,P0016,95,101.85,96.00190481818798,1.001904818187981
2023-09-30,S003,P0016,66,58.72,53.21011750399387,12.789882496006129
2023-10-01,S003,P0016,334,344.44,337.5752381506102,3.5752381506101756
2023-10-02,S003,P0016,268,279.79,273.64674626941877,5.64674626941877
2023-10-03,S003,P0016,159,151.47,146.10731553755218,12.892684462447818
2023-10-04,S003,P0016,15,7.92,8.810598008601287,6.189401991398713
2023-10-05,S003,P0016,180,173.53,167.966696135527,12.033303864472998
2023-10-06,S003,P0016,16,28.38,23.840363370000148,7.840363370000148
2023-10-07,S003,P0016,144,151.51,145.73386229655455,1.7338622965545483
2023-10-08,S003,P0016,65,65.58,60.50498769546358,4.4950123045364165
2023-10-09,S003,P0016,26,25.2,19.632152698528266,6.367847301471734
2023-10-10,S003,P0016,82,85.05,80.41703318663808,1.5829668133619208
2023-10-11,S003,P0016,27,34.45,29.440974592947743,2.440974592947743
2023-10-12,S003,P0016,165,157.04,153.0176335380706,11.982366461929388
2023-10-13,S003,P0016,1,4.31,6.812670922303338,5.812670922303338
2023-10-14,S003,P0016,246,256.18,250.91754758807843,4.917547588078435
2023-10-15,S003,P0016,164,181.85,175.11762888894464,11.117628888944637
2023-10-16,S003,P0016,64,74.5,69.01327885652208,5.013278856522078
2023-10-17,S003,P0016,125,131.85,125.74669620082443,0.7466962008244309
2023-10-18,S003,P0016,62,67.83,61.906960437318304,0.093039562681696
2023-10-19,S003,P0016,236,255.78,250.980329311844,14.980329311844002
2023-10-20,S003,P0016,312,305.84,299.85872990304665,12.141270096953349
2023-10-21,S003,P0016,17,21.65,15.690625462916369,1.309374537083631
2023-10-22,S003,P0016,122,135.45,130.0740087825066,8.07400878250661
2023-10-23,S003,P0016,37,29.99,26.182987787571413,10.817012212428587
2023-10-24,S003,P0016,32,24.56,19.003236928634976,12.996763071365024
2023-10-25,S003,P0016,40,34.86,29.66736677762466,10.332633222375339
2023-10-26,S003,P0016,184,186.61,182.3405358428504,1.659464157149614
2023-10-27,S003,P0016,88,96.82,91.63363949131461,3.633639491314611
2023-10-28,S003,P0016,179,189.59,185.20553328240555,6.205533282405554
2023-10-29,S003,P0016,323,341.68,334.5742724404117,11.574272440411676
2023-10-30,S003,P0016,12,9.64,9.488417002781237,2.5115829972187633
2023-10-31,S003,P0016,179,180.34,175.69938981996037,3.3006101800396266
2023-11-01,S003,P0016,72,79.23,73.03803114246281,1.0380311424628132
2023-11-02,S003,P0016,269,278.36,272.3654999539796,3.365499953979622
2023-11-03,S003,P0016,60,62.3,57.71421625816198,2.285783741838017
2023-11-04,S003,P0016,69,79.85,74.12487986251125,5.12487986251125
2023-11-05,S003,P0016,401,400.75,397.43396740218054,3.566032597819458
2023-11-06,S003,P0016,328,341.39,334.4555866589351,6.45558665893509
2023-11-07,S003,P0016,335,338.98,333.98380852163615,1.0161914783638508
2023-11-08,S003,P0016,144,137.93,133.0225089918534,10.977491008146586
2023-11-09,S003,P0016,150,155.51,149.6372162764738,0.36278372352620636
2023-11-10,S003,P0016,296,286.47,281.7396297684999,14.260370231500076
2023-11-11,S003,P0016,143,136.68,130.48105957202472,12.51894042797528
2023-11-12,S003,P0016,127,126.4,120.38592127821013,6.614078721789866
2023-11-13,S003,P0016,76,66.93,61.107474585346196,14.892525414653804
2023-11-14,S003,P0016,36,46.0,41.41144417348116,5.411444173481158
2023-11-15,S003,P0016,193,209.52,204.5087957454112,11.508795745411192
2023-11-16,S003,P0016,238,238.33,233.88296054102858,4.117039458971419
2023-11-17,S003,P0016,54,56.45,51.59780205019309,2.4021979498069115
2023-11-18,S003,P0016,222,235.25,231.81695325009315,9.81695325009315
2023-11-19,S003,P0016,31,24.07,18.29435093909872,12.70564906090128
2023-11-20,S003,P0016,130,131.57,126.07525217502723,3.924747824972769
2023-11-21,S003,P0016,260,252.59,247.83464666682224,12.165353333177762
2023-11-22,S003,P0016,212,222.86,217.62699214246538,5.626992142465383
2023-11-23,S003,P0016,17,21.96,16.46810197158806,0.5318980284119412
2023-11-24,S003,P0016,134,127.94,121.8839140085881,12.116085991411893
2023-11-25,S003,P0016,28,22.48,17.537057035938854,10.462942964061146
2023-11-26,S003,P0016,37,29.33,24.446647506500327,12.553352493499673
2023-11-27,S003,P0016,127,128.14,122.057561575395,4.942438424605001
2023-11-28,S003,P0016,377,384.64,380.54562415598616,3.545624155986161
2023-11-29,S003,P0016,362,373.89,369.8632451292142,7.863245129214192
2023-11-30,S003,P0016,53,57.36,53.03635277107938,0.036352771079378954
2023-12-01,S003,P0016,252,261.04,255.3635975013061,3.3635975013060886
2023-12-02,S003,P0016,255,260.48,255.23368819336523,0.23368819336522506
2023-12-03,S003,P0016,135,132.24,126.99314782646982,8.006852173530177
2023-12-04,S003,P0016,135,139.96,134.7708159118448,0.22918408815519342
2023-12-05,S003,P0016,132,151.18,146.17666887595678,14.176668875956778
2023-12-06,S003,P0016,43,38.25,34.30157446726872,8.698425532731278
2023-12-07,S003,P0016,328,340.17,333.6611048438824,5.661104843882413
2023-12-08,S003,P0016,45,51.3,45.46263287522079,0.4626328752207911
2023-12-09,S003,P0016,326,340.36,334.2574098852532,8.257409885253196
2023-12-10,S003,P0016,183,173.86,167.5904571545583,15.409542845441706
2023-12-11,S003,P0016,33,49.26,45.22934490776847,12.229344907768471
2023-12-12,S003,P0016,86,93.08,86.96825346391148,0.9682534639114806
2023-12-13,S003,P0016,250,255.24,249.0635558556794,0.9364441443206033
2023-12-14,S003,P0016,49,57.7,52.86446454495352,3.8644645449535204
2023-12-15,S003,P0016,141,156.92,151.63791049511758,10.63791049511758
2023-12-16,S003,P0016,20,10.82,10.500571243523593,9.499428756476407
2023-12-17,S003,P0016,49,55.75,49.86908545581903,0.8690854558190324
2023-12-18,S003,P0016,41,53.47,49.0121457892984,8.012145789298401
2023-12-19,S003,P0016,88,92.3,86.70313756269559,1.2968624373044122
2023-12-20,S003,P0016,99,96.11,90.5663539689331,8.4336460310669
2023-12-21,S003,P0016,7,1.98,6.574002505028828,0.42599749497117223
2023-12-22,S003,P0016,158,154.32,148.48660261544563,9.513397384554366
2023-12-23,S003,P0016,277,295.77,290.05358422302714,13.053584223027144
2023-12-24,S003,P0016,11,17.85,13.240291836989835,2.240291836989835
2023-12-25,S003,P0016,285,275.77,269.5210769600789,15.478923039921085
2023-12-26,S003,P0016,96,98.87,92.7982751931489,3.2017248068511037
2023-12-27,S003,P0016,305,308.93,303.5205667268368,1.4794332731631812
2023-12-28,S003,P0016,67,72.23,67.07790523822534,0.07790523822534112
2023-12-29,S003,P0016,4,23.79,18.41285781686217,14.412857816862171
2023-12-30,S003,P0016,224,224.78,220.43727417199614,3.562725828003863
2023-12-31,S003,P0016,1,6.92,8.454501639997048,7.454501639997048
2024-01-01,S003,P0016,150,143.94,137.63103000461768,12.368969995382315
2023-09-18,S003,P0017,86,87.41,81.96382071194641,4.036179288053589
2023-09-19,S003,P0017,134,131.61,125.20462359128052,8.795376408719477
2023-09-20,S003,P0017,151,157.54,152.71744895441512,1.7174489544151186
2023-09-21,S003,P0017,137,155.94,150.67554175003244,13.675541750032437
2023-09-22,S003,P0017,126,140.6,134.85253966668512,8.852539666685118
2023-09-23,S003,P0017,107,111.95,106.3806916027024,0.6193083972976012
2023-09-24,S003,P0017,161,164.68,158.85522256403254,2.1447774359674554
2023-09-25,S003,P0017,184,190.93,186.11155834845863,2.1115583484586296
2023-09-26,S003,P0017,338,351.5,343.9200138383711,5.920013838371119
2023-09-27,S003,P0017,73,71.41,65.95984292487782,7.040157075122181
2023-09-28,S003,P0017,76,70.29,64.7707580350845,11.229241964915502
2023-09-29,S003,P0017,211,217.81,212.19292150517617,1.192921505176173
2023-09-30,S003,P0017,40,31.11,27.04084725672793,12.959152743272071
2023-10-01,S003,P0017,75,82.99,77.07948386578744,2.079483865787438
2023-10-02,S003,P0017,64,73.81,67.53107267040188,3.5310726704018833
2023-10-03,S003,P0017,33,30.7,25.882298880112586,7.117701119887414
2023-10-04,S003,P0017,331,343.19,337.3316705725356,6.331670572535586
2023-10-05,S003,P0017,57,68.75,63.7128389906242,6.712838990624199
2023-10-06,S003,P0017,133,128.43,123.16627798040366,9.833722019596337
2023-10-07,S003,P0017,134,144.36,138.48473672120082,4.484736721200818
2023-10-08,S003,P0017,61,76.3,71.06762885821745,10.067628858217446
2023-10-09,S003,P0017,139,131.08,125.63015220106804,13.369847798931957
2023-10-10,S003,P0017,158,173.23,168.01493766087987,10.014937660879866
2023-10-11,S003,P0017,21,11.27,10.759862318541419,10.240137681458581
2023-10-12,S003,P0017,100,112.54,107.42474270704048,7.42474270704048
2023-10-13,S003,P0017,208,208.64,203.97926679441957,4.020733205580427
2023-10-14,S003,P0017,183,174.86,169.29787637378055,13.702123626219446
2023-10-15,S003,P0017,153,152.57,146.55371946599246,6.446280534007542
2023-10-16,S003,P0017,41,36.65,31.305361660306573,9.694638339693427
2023-10-17,S003,P0017,346,347.29,341.7987092030581,4.201290796941919
2023-10-18,S003,P0017,399,389.1,382.57688445441744,16.42311554558256
2023-10-19,S003,P0017,278,270.03,265.20094856447577,12.799051435524234
2023-10-20,S003,P0017,277,290.0,285.69392241913437,8.693922419134367
2023-10-21,S003,P0017,236,242.62,236.0439267824101,0.04392678241009662
2023-10-22,S003,P0017,361,377.48,371.2061050692445,10.206105069244472
2023-10-23,S003,P0017,398,416.92,412.43386887900397,14.433868879003967
2023-10-24,S003,P0017,103,105.12,99.94458532218971,3.0554146778102904
2023-10-25,S003,P0017,24,39.37,34.59562984555208,10.595629845552082
2023-10-26,S003,P0017,81,71.51,65.76428821535413,15.235711784645872
2023-10-27,S003,P0017,97,95.12,91.29577574872263,5.704224251277367
2023-10-28,S003,P0017,145,141.35,136.63040089363494,8.369599106365058
2023-10-29,S003,P0017,88,80.52,75.06309449263453,12.936905507365466
2023-10-30,S003,P0017,37,33.4,29.867547386615264,7.132452613384736
2023-10-31,S003,P0017,273,274.29,268.038446348098,4.9615536519020225
2023-11-01,S003,P0017,54,64.69,59.758328754920534,5.758328754920534
2023-11-02,S003,P0017,193,205.11,198.7689198005123,5.768919800512293
2023-11-03,S003,P0017,67,69.93,64.75799060303108,2.2420093969689248
2023-11-04,S003,P0017,344,348.31,343.0029044968011,0.9970955031989206
2023-11-05,S003,P0017,147,164.61,158.317202257024,11.317202257024007
2023-11-06,S003,P0017,295,301.9,293.6706372302835,1.3293627697165107
2023-11-07,S003,P0017,287,280.82,276.3081343676681,10.691865632331883
2023-11-08,S003,P0017,376,395.88,388.4490525155901,12.449052515590097
2023-11-09,S003,P0017,155,148.8,143.2593537429988,11.740646257001202
2023-11-10,S003,P0017,346,360.22,353.37099509771286,7.370995097712864
2023-11-11,S003,P0017,103,114.93,109.43517295707932,6.435172957079317
2023-11-12,S003,P0017,147,147.7,142.30988246028124,4.690117539718756
2023-11-13,S003,P0017,141,134.33,128.63741768911916,12.362582310880839
2023-11-14,S003,P0017,49,55.71,49.93958644959153,0.9395864495915305
2023-11-15,S003,P0017,259,278.6,272.48580786149523,13.485807861495232
2023-11-16,S003,P0017,396,413.41,405.2117874836889,9.211787483688909
2023-11-17,S003,P0017,69,83.58,78.42400294452618,9.42400294452618
2023-11-18,S003,P0017,58,76.53,72.19825462995459,14.19825462995459
2023-11-19,S003,P0017,361,357.72,352.0988909612472,8.901109038752793
2023-11-20,S003,P0017,211,218.2,213.83336121348415,2.833361213484153
2023-11-21,S003,P0017,147,148.28,143.86380283707652,3.13619716292348
2023-11-22,S003,P0017,221,215.18,209.74902500963805,11.250974990361954
2023-11-23,S003,P0017,139,151.79,145.459422086228,6.459422086227988
2023-11-24,S003,P0017,216,225.21,220.0537172350597,4.0537172350597075
2023-11-25,S003,P0017,229,246.12,238.9922546016739,9.992254601673892
2023-11-26,S003,P0017,104,121.91,117.320682700607,13.320682700606994
2023-11-27,S003,P0017,144,137.16,130.72392831615696,13.276071683843043
2023-11-28,S003,P0017,2,1.26,5.867818457840437,3.8678184578404373
2023-11-29,S003,P0017,95,114.29,109.23131583506766,14.231315835067662
2023-11-30,S003,P0017,63,59.98,54.86667792913991,8.133322070860089
2023-12-01,S003,P0017,45,43.55,38.82043505732078,6.179564942679221
2023-12-02,S003,P0017,23,40.11,35.274859770351114,12.274859770351114
2023-12-03,S003,P0017,395,401.65,396.7235529971652,1.7235529971652
2023-12-04,S003,P0017,75,80.05,74.62743803940036,0.37256196059964
2023-12-05,S003,P0017,72,84.68,80.31483277360408,8.314832773604081
2023-12-06,S003,P0017,5,0.17,5.447362641086627,0.4473626410866274
2023-12-07,S003,P0017,4,18.17,14.00137861821575,10.00137861821575
2023-12-08,S003,P0017,103,102.15,96.4594042637216,6.540595736278405
2023-12-09,S003,P0017,6,2.37,6.759352081448177,0.7593520814481769
2023-12-10,S003,P0017,267,278.93,272.98160675033284,5.981606750332844
2023-12-11,S003,P0017,407,423.2,413.3790749826687,6.379074982668726
2023-12-12,S003,P0017,354,363.61,359.5610136482969,5.561013648296921
2023-12-13,S003,P0017,79,96.26,89.69736719944802,10.697367199448024
2023-12-14,S003,P0017,83,83.75,77.82137728351275,5.178622716487254
2023-12-15,S003,P0017,123,119.4,113.8015718979529,9.198428102047103
2023-12-16,S003,P0017,3,8.97,9.647131879034625,6.6471318790346245
2023-12-17,S003,P0017,65,72.0,65.62205075558283,0.6220507555828334
2023-12-18,S003,P0017,113,109.61,104.36406556014248,8.635934439857522
2023-12-19,S003,P0017,152,168.93,163.944904932416,11.944904932415994
2023-12-20,S003,P0017,144,153.03,147.01787288237375,3.0178728823737515
2023-12-21,S003,P0017,46,60.04,53.95338512234959,7.953385122349587
2023-12-22,S003,P0017,209,207.17,201.8692659153059,7.130734084694097
2023-12-23,S003,P0017,58,60.99,55.63755783441679,2.362442165583211
2023-12-24,S003,P0017,18,16.28,12.43094363921692,5.56905636078308
2023-12-25,S003,P0017,251,254.36,249.06528150631084,1.9347184936891608
2023-12-26,S003,P0017,165,167.81,162.75183971528656,2.2481602847134354
2023-12-27,S003,P0017,53,67.67,62.6940199868513,9.694019986851302
2023-12-28,S003,P0017,244,244.98,239.028949926551,4.971050073448993
2023-12-29,S003,P0017,138,142.24,136.05990653587008,1.940093464129916
2023-12-30,S003,P0017,37,36.48,31.183148585698774,5.816851414301226
2023-12-31,S003,P0017,132,129.6,124.14348462934913,7.856515370650868
2024-01-01,S003,P0017,44,56.25,50.721010535640175,6.7210105356401755
2023-09-18,S003,P0018,35,31.21,26.933975953514036,8.066024046485964
2023-09-19,S003,P0018,80,93.2,87.47188172585712,7.471881725857116
2023-09-20,S003,P0018,96,92.45,86.65395619951927,9.346043800480729
2023-09-21,S003,P0018,23,35.74,30.06839155215273,7.068391552152729
2023-09-22,S003,P0018,70,61.59,56.39369090895058,13.606309091049418
2023-09-23,S003,P0018,353,364.19,359.4982319390475,6.498231939047514
2023-09-24,S003,P0018,284,276.92,269.8245721991999,14.175427800800094
2023-09-25,S003,P0018,70,81.34,75.7852460267069,5.785246026706901
2023-09-26,S003,P0018,323,342.86,337.50262703852655,14.502627038526555
2023-09-27,S003,P0018,72,88.22,82.97968083300117,10.979680833001169
2023-09-28,S003,P0018,271,262.89,256.2613829245254,14.738617075474622
2023-09-29,S003,P0018,353,363.53,359.36371299064757,6.363712990647571
2023-09-30,S003,P0018,35,34.61,29.60841304729484,5.391586952705161
2023-10-01,S003,P0018,128,133.77,127.88268741557164,0.11731258442836179
2023-10-02,S003,P0018,97,89.94,84.69228506929576,12.307714930704236
2023-10-03,S003,P0018,81,99.19,94.05335749106715,13.053357491067146
2023-10-04,S003,P0018,151,157.13,151.96035742795095,0.960357427950953
2023-10-05,S003,P0018,24,36.35,31.218731921344883,7.218731921344883
2023-10-06,S003,P0018,118,135.5,129.62571521433134,11.625715214331336
2023-10-07,S003,P0018,23,24.38,18.205945272511723,4.794054727488277
2023-10-08,S003,P0018,374,365.89,360.1106244401238,13.889375559876214
2023-10-09,S003,P0018,54,65.72,60.26083226057132,6.26083226057132
2023-10-10,S003,P0018,230,242.5,236.68230149776798,6.68230149776798
2023-10-11,S003,P0018,45,50.69,44.78597776246086,0.2140222375391403
2023-10-12,S003,P0018,37,31.07,26.697109977296662,10.302890022703338
2023-10-13,S003,P0018,345,360.72,354.9184167222824,9.918416722282416
2023-10-14,S003,P0018,119,118.97,113.77856861808642,5.221431381913575
2023-10-15,S003,P0018,19,30.18,26.082904375631678,7.082904375631678
2023-10-16,S003,P0018,180,174.69,169.4900609796597,10.509939020340312
2023-10-17,S003,P0018,68,59.28,53.73127659181665,14.268723408183348
2023-10-18,S003,P0018,106,118.43,112.77993850916879,6.779938509168787
2023-10-19,S003,P0018,157,157.07,152.16915536379673,4.830844636203267
2023-10-20,S003,P0018,166,171.36,165.43194456876304,0.5680554312369566
2023-10-21,S003,P0018,265,273.09,267.04458256863705,2.044582568637054
2023-10-22,S003,P0018,296,295.68,289.90709900683936,6.09290099316064
2023-10-23,S003,P0018,90,87.73,82.82283660652237,7.1771633934776276
2023-10-24,S003,P0018,132,143.91,137.7372819202439,5.737281920243902
2023-10-25,S003,P0018,146,154.05,148.32371856788794,2.323718567887937
2023-10-26,S003,P0018,105,124.9,118.0236819499478,13.0236819499478
2023-10-27,S003,P0018,188,191.79,186.6201438668822,1.379856133117812
2023-10-28,S003,P0018,44,52.16,47.55723836142663,3.557238361426627
2023-10-29,S003,P0018,38,48.4,43.11880232398175,5.118802323981747
2023-10-30,S003,P0018,158,177.97,172.21869379136254,14.21869379136254
2023-10-31,S003,P0018,95,89.18,83.71857815805988,11.281421841940116
2023-11-01,S003,P0018,137,143.83,138.00558598340774,1.005585983407741
2023-11-02,S003,P0018,122,125.83,120.3328466875312,1.6671533124687983
2023-11-03,S003,P0018,12,19.03,14.597106197420391,2.5971061974203913
2023-11-04,S003,P0018,120,134.37,129.59647051120808,9.596470511208082
2023-11-05,S003,P0018,420,429.99,422.3162008904305,2.31620089043048
2023-11-06,S003,P0018,162,160.48,154.01260010242905,7.987399897570953
2023-11-07,S003,P0018,94,109.42,104.1819966984337,10.181996698433693
2023-11-08,S003,P0018,126,117.85,112.28648691567636,13.713513084323637
2023-11-09,S003,P0018,37,40.54,35.48481065272642,1.5151893472735765
2023-11-10,S003,P0018,131,144.89,139.19944569263433,8.199445692634328
2023-11-11,S003,P0018,11,29.49,24.859371952217508,13.859371952217508
2023-11-12,S003,P0018,74,85.7,80.64594448897512,6.645944488975118
2023-11-13,S003,P0018,108,114.51,108.40122365594787,0.4012236559478737
2023-11-14,S003,P0018,177,194.46,189.2683795209452,12.268379520945189
2023-11-15,S003,P0018,49,57.47,52.33870066727155,3.338700667271553
2023-11-16,S003,P0018,121,130.77,124.7428266743631,3.7428266743631013
2023-11-17,S003,P0018,130,141.7,136.08548189133117,6.08548189133117
2023-11-18,S003,P0018,336,352.33,348.5351377473045,12.535137747304475
2023-11-19,S003,P0018,30,35.13,30.234504859073347,0.23450485907334695
2023-11-20,S003,P0018,81,92.84,86.62353431638812,5.623534316388117
2023-11-21,S003,P0018,40,46.47,41.23430173371986,1.2343017337198603
2023-11-22,S003,P0018,166,166.68,161.03109662120295,4.968903378797052
2023-11-23,S003,P0018,283,298.65,292.3403260047129,9.340326004712892
2023-11-24,S003,P0018,35,32.25,28.54386326757512,6.456136732424881
2023-11-25,S003,P0018,162,178.49,172.3410465463632,10.341046546363202
2023-11-26,S003,P0018,165,176.0,171.18007903361098,6.18007903361098
2023-11-27,S003,P0018,85,101.23,95.3981596090448,10.398159609044797
2023-11-28,S003,P0018,198,217.67,213.46063388806797,15.460633888067974
2023-11-29,S003,P0018,79,93.32,86.76571573284181,7.765715732841812
2023-11-30,S003,P0018,276,293.6,288.14083001401895,12.140830014018945
2023-12-01,S003,P0018,100,107.7,103.0179824039146,3.0179824039146013
2023-12-02,S003,P0018,55,67.54,62.40061562723318,7.400615627233179
2023-12-03,S003,P0018,310,308.97,303.7765861476125,6.223413852387523
2023-12-04,S003,P0018,120,116.74,111.9886736326008,8.011326367399207
2023-12-05,S003,P0018,12,13.73,11.987656449564977,0.012343550435023332
2023-12-06,S003,P0018,101,117.52,112.38052004421945,11.380520044219452
2023-12-07,S003,P0018,79,86.9,81.22783776708283,2.227837767082832
2023-12-08,S003,P0018,59,63.97,57.42754293749093,1.5724570625090735
2023-12-09,S003,P0018,40,44.4,39.68585169768532,0.3141483023146776
2023-12-10,S003,P0018,352,368.19,365.41312731765277,13.413127317652766
2023-12-11,S003,P0018,209,225.63,220.98156752929359,11.981567529293585
2023-12-12,S003,P0018,405,423.38,412.9844903413698,7.984490341369792
2023-12-13,S003,P0018,167,180.48,174.44505626218267,7.445056262182675
2023-12-14,S003,P0018,31,33.13,28.60497709011617,2.3950229098838314
2023-12-15,S003,P0018,245,244.15,238.13047740842,6.869522591579994
2023-12-16,S003,P0018,242,260.09,254.0390322858841,12.039032285884105
2023-12-17,S003,P0018,485,475.2,468.90355334557546,16.09644665442454
2023-12-18,S003,P0018,138,146.74,142.77123646700852,4.771236467008521
2023-12-19,S003,P0018,114,121.54,117.10405878385524,3.104058783855237
2023-12-20,S003,P0018,239,250.99,244.40631373987756,5.406313739877561
2023-12-21,S003,P0018,126,122.79,117.86250658439052,8.137493415609484
2023-12-22,S003,P0018,2,3.85,7.187787114752258,5.187787114752258
2023-12-23,S003,P0018,44,44.13,39.24032276116812,4.759677238831877
2023-12-24,S003,P0018,249,246.39,239.94866314360178,9.051336856398223
2023-12-25,S003,P0018,55,60.15,54.511994349057716,0.4880056509422843
2023-12-26,S003,P0018,27,21.74,16.301426328872306,10.698573671127694
2023-12-27,S003,P0018,67,81.7,75.99226694160849,8.992266941608491
2023-12-28,S003,P0018,14,14.28,12.159080916818798,1.840919083181202
2023-12-29,S003,P0018,265,267.5,261.29436677275044,3.705633227249564
2023-12-30,S003,P0018,8,18.22,13.801360416587382,5.801360416587382
2023-12-31,S003,P0018,2,2.03,6.475996548028538,4.475996548028538
2024-01-01,S003,P0018,219,211.88,206.7098922870881,12.29010771291189
2023-09-18,S003,P0019,134,153.24,148.43008859038144,14.430088590381445
2023-09-19,S003,P0019,4,21.95,16.98574920922335,12.98574920922335
2023-09-20,S003,P0019,209,215.98,211.81375160311973,2.8137516031197265
2023-09-21,S003,P0019,245,237.68,232.32610805616827,12.673891943831734
2023-09-22,S003,P0019,0,7.7,9.053003504972928,9.053003504972928
2023-09-23,S003,P0019,57,60.86,57.07936792218375,0.07936792218374933
2023-09-24,S003,P0019,248,246.05,239.61444458292556,8.385555417074443
2023-09-25,S003,P0019,171,162.56,157.19708087862006,13.802919121379944
2023-09-26,S003,P0019,282,299.13,291.88458691004104,9.884586910041037
2023-09-27,S003,P0019,30,32.14,27.747702175951964,2.2522978240480356
2023-09-28,S003,P0019,217,229.28,224.23064212589222,7.230642125892217
2023-09-29,S003,P0019,105,108.93,102.73759906249478,2.2624009375052196
2023-09-30,S003,P0019,230,249.92,243.90613837513985,13.906138375139847
2023-10-01,S003,P0019,27,20.3,15.563351586668787,11.436648413331213
2023-10-02,S003,P0019,59,78.99,73.36383657637398,14.363836576373984
2023-10-03,S003,P0019,14,17.26,13.516727472370118,0.4832725276298824
2023-10-04,S003,P0019,154,153.0,147.2896455825848,6.710354417415203
2023-10-05,S003,P0019,4,22.53,18.43198744844131,14.431987448441308
2023-10-06,S003,P0019,11,20.57,15.68282769660555,4.68282769660555
2023-10-07,S003,P0019,101,111.57,106.6493326530344,5.649332653034406
2023-10-08,S003,P0019,65,74.21,69.11092375283212,4.110923752832122
2023-10-09,S003,P0019,18,17.82,13.967011352025924,4.032988647974076
2023-10-10,S003,P0019,309,302.5,295.76757798681285,13.232422013187147
2023-10-11,S003,P0019,107,107.45,101.60947213217104,5.390527867828965
2023-10-12,S003,P0019,60,50.41,44.85780504310749,15.14219495689251
2023-10-13,S003,P0019,358,375.71,370.96915865704347,12.969158657043465
2023-10-14,S003,P0019,101,93.81,87.32001244743964,13.679987552560362
2023-10-15,S003,P0019,73,71.3,65.77495604086224,7.225043959137764
2023-10-16,S003,P0019,406,402.52,397.37597273036533,8.624027269634666
2023-10-17,S003,P0019,225,221.1,215.40739426530564,9.59260573469436
2023-10-18,S003,P0019,149,165.72,161.0897174062091,12.089717406209104
2023-10-19,S003,P0019,92,92.62,86.91864341981201,5.081356580187986
2023-10-20,S003,P0019,58,52.99,48.40656497841063,9.593435021589372
2023-10-21,S003,P0019,414,412.47,405.49040513210923,8.509594867890769
2023-10-22,S003,P0019,83,83.41,77.9578566522277,5.042143347772296
2023-10-23,S003,P0019,117,125.88,120.5421942271224,3.542194227122394
2023-10-24,S003,P0019,73,87.19,82.08013730219457,9.080137302194572
2023-10-25,S003,P0019,37,29.15,24.72646716931306,12.27353283068694
2023-10-26,S003,P0019,43,56.62,51.863218480486935,8.863218480486935
2023-10-27,S003,P0019,70,79.69,74.32008131159509,4.320081311595089
2023-10-28,S003,P0019,103,98.3,92.58525092331882,10.414749076681176
2023-10-29,S003,P0019,186,196.91,192.62396496828578,6.623964968285776
2023-10-30,S003,P0019,164,167.11,162.5869725876347,1.4130274123652953
2023-10-31,S003,P0019,167,182.01,176.7980183282025,9.798018328202488
2023-11-01,S003,P0019,117,116.95,112.57303253297957,4.426967467020432
2023-11-02,S003,P0019,304,323.38,318.68973817843687,14.689738178436869
2023-11-03,S003,P0019,37,40.04,35.18604084311995,1.8139591568800526
2023-11-04,S003,P0019,37,52.12,46.93228955694377,9.932289556943772
2023-11-05,S003,P0019,473,467.98,466.2125028969586,6.787497103041403
2023-11-06,S003,P0019,32,33.02,27.98639063669435,4.013609363305651
2023-11-07,S003,P0019,18,9.43,9.946723590952148,8.053276409047852
2023-11-08,S003,P0019,145,159.56,153.089614445913,8.089614445913014
2023-11-09,S003,P0019,353,352.92,348.7869143716667,4.213085628333317
2023-11-10,S003,P0019,136,139.68,134.65903792020734,1.3409620797926607
2023-11-11,S003,P0019,48,57.48,52.81459974899265,4.814599748992649
2023-11-12,S003,P0019,148,163.45,158.0801075783611,10.080107578361094
2023-11-13,S003,P0019,73,74.09,68.04675530841067,4.953244691589333
2023-11-14,S003,P0019,76,89.58,84.25455556211251,8.254555562112515
2023-11-15,S003,P0019,38,57.78,52.638232461275294,14.638232461275294
2023-11-16,S003,P0019,299,307.9,303.04019049243186,4.0401904924318615
2023-11-17,S003,P0019,221,240.74,235.83850962939476,14.838509629394764
2023-11-18,S003,P0019,74,71.12,65.01701623193804,8.982983768061956
2023-11-19,S003,P0019,251,262.27,255.92966370586277,4.929663705862765
2023-11-20,S003,P0019,425,415.82,412.1410960749104,12.858903925089578
2023-11-21,S003,P0019,158,149.33,143.57522679661673,14.424773203383268
2023-11-22,S003,P0019,413,408.32,404.9374076534127,8.06259234658728
2023-11-23,S003,P0019,22,31.17,27.196721737363298,5.196721737363298
2023-11-24,S003,P0019,142,142.34,138.00132655151978,3.9986734484802184
2023-11-25,S003,P0019,11,21.92,16.73041868642853,5.7304186864285285
2023-11-26,S003,P0019,230,229.82,223.01025728015986,6.989742719840137
2023-11-27,S003,P0019,93,100.15,94.44720594686814,1.447205946868138
2023-11-28,S003,P0019,469,478.75,468.76666516699845,0.23333483300154967
2023-11-29,S003,P0019,317,325.77,321.25057346657786,4.250573466577862
2023-11-30,S003,P0019,127,143.8,138.75541751851856,11.755417518518556
2023-12-01,S003,P0019,106,118.61,112.87790346386673,6.87790346386673
2023-12-02,S003,P0019,124,131.66,125.97436442098868,1.9743644209886781
2023-12-03,S003,P0019,214,221.2,214.73323650461444,0.7332365046144389
2023-12-04,S003,P0019,105,95.79,90.32926491184088,14.67073508815912
2023-12-05,S003,P0019,63,77.38,71.57904717027937,8.579047170279367
2023-12-06,S003,P0019,158,164.43,158.64677893278542,0.6467789327854234
2023-12-07,S003,P0019,152,169.58,163.34037063491078,11.340370634910784
2023-12-08,S003,P0019,103,100.37,94.42846787056774,8.571532129432256
2023-12-09,S003,P0019,60,60.1,54.917801944060585,5.082198055939415
2023-12-10,S003,P0019,38,56.22,51.303735058858635,13.303735058858635
2023-12-11,S003,P0019,262,258.24,252.14539667575878,9.854603324241225
2023-12-12,S003,P0019,1,-1.74,4.424988799115945,3.424988799115945
2023-12-13,S003,P0019,188,200.41,193.58249360750972,5.5824936075097185
2023-12-14,S003,P0019,66,56.59,51.39811241829848,14.601887581701519
2023-12-15,S003,P0019,119,114.5,107.87831247462435,11.121687525375648
2023-12-16,S003,P0019,130,124.05,118.38992210688205,11.610077893117946
2023-12-17,S003,P0019,473,474.13,468.05212506050935,4.947874939490646
2023-12-18,S003,P0019,209,216.26,212.50710912800702,3.5071091280070164
2023-12-19,S003,P0019,123,137.5,131.8307676503296,8.83076765032959
2023-12-20,S003,P0019,110,101.92,96.43690959336769,13.563090406632313
2023-12-21,S003,P0019,80,77.75,72.845749686506,7.154250313494003
2023-12-22,S003,P0019,114,130.84,124.58816395987432,10.588163959874322
2023-12-23,S003,P0019,238,239.34,233.14726393821516,4.852736061784839
2023-12-24,S003,P0019,334,341.6,334.935853261348,0.9358532613479724
2023-12-25,S003,P0019,44,51.95,46.44886597103148,2.4488659710314806
2023-12-26,S003,P0019,237,247.2,241.20780377322313,4.207803773223134
2023-12-27,S003,P0019,18,31.89,27.31674799509863,9.31674799509863
2023-12-28,S003,P0019,275,285.02,279.5892076929839,4.589207692983905
2023-12-29,S003,P0019,10,29.16,25.386429542563725,15.386429542563725
2023-12-30,S003,P0019,208,220.96,214.337115828254,6.337115828254014
2023-12-31,S003,P0019,184,181.88,177.67203309510444,6.327966904895561
2024-01-01,S003,P0019,184,197.49,192.20076586024788,8.200765860247884
2023-09-18,S003,P0020,21,27.11,22.892557034434468,1.8925570344344678
2023-09-19,S003,P0020,85,101.82,95.85829702407796,10.858297024077956
2023-09-20,S003,P0020,44,54.86,49.42455349610065,5.42455349610065
2023-09-21,S003,P0020,219,211.74,206.76274856467668,12.237251435323316
2023-09-22,S003,P0020,108,107.46,102.59124559636606,5.408754403633935
2023-09-23,S003,P0020,70,77.32,71.48479797569554,1.4847979756955425
2023-09-24,S003,P0020,42,54.14,49.204774677631875,7.204774677631875
2023-09-25,S003,P0020,156,160.36,154.8653427133195,1.1346572866804934
2023-09-26,S003,P0020,52,63.88,57.59102507044346,5.591025070443457
2023-09-27,S003,P0020,14,8.94,8.794535321093685,5.205464678906315
2023-09-28,S003,P0020,262,276.14,269.3478669898487,7.347866989848683
2023-09-29,S003,P0020,246,244.4,238.51411513481844,7.485884865181561
2023-09-30,S003,P0020,79,82.77,78.10027833310872,0.8997216668912813
2023-10-01,S003,P0020,218,226.51,222.2217407790854,4.221740779085394
2023-10-02,S003,P0020,60,58.33,53.41001813463701,6.5899818653629865
2023-10-03,S003,P0020,60,67.55,61.587328086879836,1.587328086879836
2023-10-04,S003,P0020,249,266.98,261.1155110045295,12.11551100452948
2023-10-05,S003,P0020,391,393.34,387.6701347574075,3.3298652425925184
2023-10-06,S003,P0020,88,79.53,73.96081040565971,14.039189594340286
2023-10-07,S003,P0020,281,272.61,267.3187341061146,13.681265893885382
2023-10-08,S003,P0020,243,246.66,239.35542408645236,3.6445759135476408
2023-10-09,S003,P0020,17,20.58,15.752408153970073,1.247591846029927
2023-10-10,S003,P0020,74,81.88,76.58417468811541,2.584174688115411
2023-10-11,S003,P0020,107,124.92,117.84745288037037,10.84745288037037
2023-10-12,S003,P0020,265,270.14,264.8684447112585,0.13155528874148104
2023-10-13,S003,P0020,27,31.97,27.625499460642473,0.6254994606424731
2023-10-14,S003,P0020,110,100.31,94.7529935030179,15.247006496982095
2023-10-15,S003,P0020,195,208.26,203.74605789588247,8.746057895882473
2023-10-16,S003,P0020,122,130.8,124.7856763908092,2.7856763908092006
2023-10-17,S003,P0020,171,182.84,177.16976690760913,6.16976690760913
2023-10-18,S003,P0020,309,308.56,302.8706594573345,6.129340542665489
2023-10-19,S003,P0020,34,24.69,19.251147622031183,14.748852377968817
2023-10-20,S003,P0020,336,352.72,349.06964916003534,13.06964916003534
2023-10-21,S003,P0020,63,63.41,57.39402042485736,5.605979575142641
2023-10-22,S003,P0020,83,95.12,90.43750170984754,7.437501709847538
2023-10-23,S003,P0020,103,115.78,109.78952931486157,6.789529314861568
2023-10-24,S003,P0020,237,247.14,242.12043299899503,5.120432998995028
2023-10-25,S003,P0020,472,479.57,471.96169796312216,0.03830203687783751
2023-10-26,S003,P0020,145,148.36,143.1911284795314,1.8088715204686139
2023-10-27,S003,P0020,148,144.3,138.27329471823865,9.726705281761355
2023-10-28,S003,P0020,38,42.75,37.542003211361404,0.45799678863859583
2023-10-29,S003,P0020,116,121.07,116.29723665706945,0.2972366570694476
2023-10-30,S003,P0020,77,87.5,81.99797916866248,4.997979168662482
2023-10-31,S003,P0020,2,20.1,16.16238344084813,14.162383440848131
2023-11-01,S003,P0020,31,23.41,18.173959407359412,12.826040592640588
2023-11-02,S003,P0020,167,171.85,165.9989385152836,1.001061484716388
2023-11-03,S003,P0020,221,237.88,233.04216195244715,12.042161952447145
2023-11-04,S003,P0020,216,232.66,227.1591210192155,11.15912101921549
2023-11-05,S003,P0020,196,186.29,181.7181205105542,14.2818794894458
2023-11-06,S003,P0020,77,79.94,73.96441908970137,3.035580910298634
2023-11-07,S003,P0020,142,156.03,149.85440248226888,7.854402482268881
2023-11-08,S003,P0020,55,50.01,45.111283687667296,9.888716312332704
2023-11-09,S003,P0020,286,297.95,291.9362147092949,5.936214709294916
2023-11-10,S003,P0020,31,42.97,38.11671757760591,7.116717577605911
2023-11-11,S003,P0020,30,40.81,35.70960321616149,5.70960321616149
2023-11-12,S003,P0020,285,285.35,280.61354727903654,4.386452720963462
2023-11-13,S003,P0020,84,75.01,70.20719073282261,13.79280926717739
2023-11-14,S003,P0020,106,124.98,118.46511193920315,12.465111939203155
2023-11-15,S003,P0020,98,99.44,93.77807960255726,4.221920397442744
2023-11-16,S003,P0020,327,318.15,312.59921354586186,14.400786454138142
2023-11-17,S003,P0020,295,303.32,297.5204582149593,2.5204582149593193
2023-11-18,S003,P0020,84,91.11,85.11998462446334,1.119984624463342
2023-11-19,S003,P0020,226,221.79,215.91665678215082,10.083343217849176
2023-11-20,S003,P0020,32,28.3,23.87333639413545,8.12666360586455
2023-11-21,S003,P0020,55,63.65,57.78149433313382,2.7814943331338213
2023-11-22,S003,P0020,276,279.73,272.97221680899315,3.027783191006847
2023-11-23,S003,P0020,99,101.01,94.95240252883691,4.047597471163087
2023-11-24,S003,P0020,65,66.72,61.353865857157885,3.646134142842115
2023-11-25,S003,P0020,198,207.97,203.0648616290847,5.064861629084703
2023-11-26,S003,P0020,167,166.1,161.4596316186311,5.540368381368893
2023-11-27,S003,P0020,228,241.46,236.85273422621168,8.85273422621168
2023-11-28,S003,P0020,296,295.78,289.40870182910385,6.591298170896152
2023-11-29,S003,P0020,193,183.12,178.62353012164945,14.376469878350548
2023-11-30,S003,P0020,103,94.44,89.54681617052567,13.453183829474327
2023-12-01,S003,P0020,17,15.94,12.47458684619996,4.52541315380004
2023-12-02,S003,P0020,333,325.37,319.78301568133566,13.216984318664345
2023-12-03,S003,P0020,1,18.54,14.13420452352414,13.13420452352414
2023-12-04,S003,P0020,70,64.29,58.10581243476462,11.894187565235377
2023-12-05,S003,P0020,92,83.34,77.70636433279937,14.293635667200633
2023-12-06,S003,P0020,31,40.92,35.86541600070407,4.865416000704073
2023-12-07,S003,P0020,187,199.45,192.8398426540752,5.839842654075198
2023-12-08,S003,P0020,106,123.61,118.50569575879743,12.50569575879743
2023-12-09,S003,P0020,150,145.89,140.88608534424492,9.113914655755082
2023-12-10,S003,P0020,140,158.28,153.33715214116006,13.337152141160061
2023-12-11,S003,P0020,277,277.69,271.9842472497084,5.015752750291597
2023-12-12,S003,P0020,57,51.87,46.349432298383576,10.650567701616424
2023-12-13,S003,P0020,98,107.26,101.64240699221628,3.64240699221628
2023-12-14,S003,P0020,161,175.2,169.49299975964564,8.492999759645642
2023-12-15,S003,P0020,145,141.55,136.27437276571106,8.725627234288936
2023-12-16,S003,P0020,271,278.54,272.4361033827158,1.436103382715828
2023-12-17,S003,P0020,146,147.09,142.02390317632327,3.976096823676727
2023-12-18,S003,P0020,97,112.32,107.25183805912815,10.251838059128147
2023-12-19,S003,P0020,274,274.02,269.013658893144,4.986341106856003
2023-12-20,S003,P0020,205,200.35,194.20312026299166,10.79687973700834
2023-12-21,S003,P0020,231,225.67,221.8653330343688,9.134666965631197
2023-12-22,S003,P0020,65,61.38,56.57104576260055,8.428954237399452
2023-12-23,S003,P0020,221,218.27,213.06011889436715,7.93988110563285
2023-12-24,S003,P0020,165,169.87,164.87811799938922,0.12188200061078192
2023-12-25,S003,P0020,110,110.56,105.22776686948279,4.772233130517208
2023-12-26,S003,P0020,260,256.01,249.90617009368333,10.093829906316671
2023-12-27,S003,P0020,22,14.11,11.890493920562234,10.109506079437766
2023-12-28,S003,P0020,142,152.32,145.82216889855985,3.822168898559852
2023-12-29,S003,P0020,48,38.64,33.915446827473076,14.084553172526924
2023-12-30,S003,P0020,1,-7.68,2.4038105822216522,1.4038105822216522
2023-12-31,S003,P0020,17,9.17,9.213647968165082,7.786352031834918
2024-01-01,S003,P0020,277,285.8,280.0617462824506,3.061746282450599
2023-09-18,S004,P0001,218,225.68,220.8853599629862,2.8853599629862003
2023-09-19,S004,P0001,316,317.6,312.65186862566236,3.3481313743376404
2023-09-20,S004,P0001,206,214.79,208.85228620100645,2.85228620100645
2023-09-21,S004,P0001,22,26.99,21.64641400658168,0.35358599341832075
2023-09-22,S004,P0001,385,390.71,384.3430881893274,0.656911810672625
2023-09-23,S004,P0001,156,150.18,145.08500422171605,10.914995778283952
2023-09-24,S004,P0001,45,42.63,38.00739969137112,6.99260030862888
2023-09-25,S004,P0001,165,176.68,171.4467357260433,6.4467357260433005
2023-09-26,S004,P0001,313,310.88,304.1204275098557,8.879572490144312
2023-09-27,S004,P0001,344,344.59,337.190740904034,6.809259095966013
2023-09-28,S004,P0001,186,185.5,181.27407281029377,4.725927189706226
2023-09-29,S004,P0001,10,1.84,6.057509263335545,3.942490736664455
2023-09-30,S004,P0001,79,98.52,92.89992475301705,13.899924753017046
2023-10-01,S004,P0001,132,149.36,143.9960747500338,11.996074750033813
2023-10-02,S004,P0001,170,180.42,175.8965189594355,5.896518959435497
2023-10-03,S004,P0001,135,143.33,137.53502981728144,2.5350298172814405
2023-10-04,S004,P0001,122,136.75,131.78677647008718,9.786776470087176
2023-10-05,S004,P0001,38,47.58,41.709244331506234,3.709244331506234
2023-10-06,S004,P0001,47,66.56,60.23639942073068,13.236399420730677
2023-10-07,S004,P0001,160,155.33,149.41569697043425,10.584303029565746
2023-10-08,S004,P0001,5,9.18,9.401721141737779,4.401721141737779
2023-10-09,S004,P0001,130,121.26,115.70314578051439,14.29685421948561
2023-10-10,S004,P0001,80,98.27,92.26272948994941,12.262729489949407
2023-10-11,S004,P0001,67,79.96,73.87193761251972,6.871937612519716
2023-10-12,S004,P0001,2,-6.87,2.436752553728158,0.4367525537281578
2023-10-13,S004,P0001,375,387.25,381.9400706591216,6.940070659121602
2023-10-14,S004,P0001,295,293.3,288.05988343867057,6.940116561329432
2023-10-15,S004,P0001,31,37.9,33.945699054757995,2.945699054757995
2023-10-16,S004,P0001,20,39.72,34.94749279516611,14.947492795166113
2023-10-17,S004,P0001,140,140.62,134.91456350828835,5.085436491711647
2023-10-18,S004,P0001,118,117.55,111.96759994573014,6.032400054269857
2023-10-19,S004,P0001,198,212.58,207.43968646484893,9.439686464848933
2023-10-20,S004,P0001,12,26.08,21.832242983504006,9.832242983504006
2023-10-21,S004,P0001,62,71.66,65.53282486998017,3.5328248699801748
2023-10-22,S004,P0001,203,218.73,213.01780692729704,10.017806927297045
2023-10-23,S004,P0001,93,95.98,90.54287287233738,2.4571271276626163
2023-10-24,S004,P0001,49,50.71,45.105826344191975,3.894173655808025
2023-10-25,S004,P0001,4,2.01,6.855308769467312,2.855308769467312
2023-10-26,S004,P0001,174,180.28,175.47727834666,1.4772783466600004
2023-10-27,S004,P0001,99,112.89,108.17601401156057,9.176014011560568
2023-10-28,S004,P0001,172,164.52,159.0617018653482,12.938298134651802
2023-10-29,S004,P0001,17,8.49,8.888205109762326,8.111794890237674
2023-10-30,S004,P0001,88,106.91,100.40568187443031,12.405681874430314
2023-10-31,S004,P0001,111,123.12,116.90525994205706,5.905259942057057
2023-11-01,S004,P0001,45,44.1,39.8444621869756,5.155537813024402
2023-11-02,S004,P0001,116,133.2,126.63546721978929,10.635467219789291
2023-11-03,S004,P0001,2,21.64,15.493564469862543,13.493564469862543
2023-11-04,S004,P0001,22,30.44,25.899081657344897,3.8990816573448974
2023-11-05,S004,P0001,155,169.15,163.75419223663016,8.75419223663016
2023-11-06,S004,P0001,31,48.67,43.54184199817773,12.54184199817773
2023-11-07,S004,P0001,187,206.14,201.66933757644244,14.669337576442445
2023-11-08,S004,P0001,55,72.5,66.83889013561394,11.838890135613937
2023-11-09,S004,P0001,345,335.5,330.757281661054,14.24271833894602
2023-11-10,S004,P0001,68,59.42,54.49646167310698,13.503538326893022
2023-11-11,S004,P0001,59,77.99,72.16582631415426,13.165826314154259
2023-11-12,S004,P0001,1,10.61,10.17534340762287,9.17534340762287
2023-11-13,S004,P0001,320,321.06,315.8071304986123,4.19286950138769
2023-11-14,S004,P0001,186,186.17,181.85893125502113,4.141068744978867
2023-11-15,S004,P0001,96,100.3,94.20546296790998,1.7945370320900196
2023-11-16,S004,P0001,243,253.7,248.11668654193278,5.116686541932779
2023-11-17,S004,P0001,14,23.08,18.14442735881899,4.144427358818991
2023-11-18,S004,P0001,66,73.66,68.73140306837496,2.7314030683749593
2023-11-19,S004,P0001,335,347.21,340.80155549376997,5.801555493769968
2023-11-20,S004,P0001,128,134.7,130.40017849923413,2.40017849923413
2023-11-21,S004,P0001,98,102.47,96.06472831697509,1.935271683024908
2023-11-22,S004,P0001,84,79.91,73.96338777688656,10.036612223113437
2023-11-23,S004,P0001,7,26.65,21.70414887319618,14.704148873196178
2023-11-24,S004,P0001,323,328.55,321.9781065223792,1.0218934776207789
2023-11-25,S004,P0001,333,333.04,325.6193530421777,7.380646957822307
2023-11-26,S004,P0001,65,78.83,73.32720880406731,8.327208804067311
2023-11-27,S004,P0001,192,188.58,183.05662472172418,8.943375278275823
2023-11-28,S004,P0001,212,216.41,212.62219946880862,0.622199468808617
2023-11-29,S004,P0001,309,301.24,294.56348747139106,14.436512528608944
2023-11-30,S004,P0001,228,247.21,241.42327596881935,13.423275968819354
2023-12-01,S004,P0001,316,322.0,317.2668633696647,1.2668633696646907
2023-12-02,S004,P0001,30,36.75,31.655961561259204,1.655961561259204
2023-12-03,S004,P0001,170,168.79,162.78224287251686,7.217757127483139
2023-12-04,S004,P0001,30,26.94,21.421377968065407,8.578622031934593
2023-12-05,S004,P0001,74,67.08,61.44052471074427,12.55947528925573
2023-12-06,S004,P0001,43,58.51,53.08653506094387,10.086535060943874
2023-12-07,S004,P0001,145,143.51,137.21486345855726,7.785136541442739
2023-12-08,S004,P0001,72,74.87,70.15043046756585,1.8495695324341455
2023-12-09,S004,P0001,158,159.04,154.390983891158,3.609016108842013
2023-12-10,S004,P0001,443,458.49,450.7652745848124,7.765274584812403
2023-12-11,S004,P0001,19,22.29,17.59150651656294,1.4084934834370593
2023-12-12,S004,P0001,133,144.21,138.88863226958455,5.888632269584548
2023-12-13,S004,P0001,199,213.05,207.56092138827842,8.560921388278416
2023-12-14,S004,P0001,224,217.46,213.34802991462016,10.651970085379844
2023-12-15,S004,P0001,46,65.52,60.198620447702915,14.198620447702915
2023-12-16,S004,P0001,49,58.97,53.469491328774595,4.469491328774595
2023-12-17,S004,P0001,171,180.33,175.06229739667742,4.0622973966774225
2023-12-18,S004,P0001,284,291.5,287.31854455377027,3.3185445537702662
2023-12-19,S004,P0001,40,46.79,41.323163604222195,1.323163604222195
2023-12-20,S004,P0001,3,-1.58,4.577990526526037,1.5779905265260368
2023-12-21,S004,P0001,65,67.7,62.423017658339646,2.5769823416603543
2023-12-22,S004,P0001,191,188.23,183.2324928422722,7.767507157727806
2023-12-23,S004,P0001,64,62.45,57.25476359276705,6.745236407232952
2023-12-24,S004,P0001,134,149.48,144.4516641270597,10.4516641270597
2023-12-25,S004,P0001,57,60.74,55.874488712163526,1.1255112878364741
2023-12-26,S004,P0001,359,369.21,365.49879165789514,6.49879165789514
2023-12-27,S004,P0001,40,31.32,26.719765622138826,13.280234377861174
2023-12-28,S004,P0001,118,126.11,119.6449924553765,1.6449924553764959
2023-12-29,S004,P0001,33,29.37,24.4332602728065,8.5667397271935
2023-12-30,S004,P0001,106,112.11,107.65335402704363,1.6533540270436333
2023-12-31,S004,P0001,86,95.59,89.92843623553999,3.9284362355399907
2024-01-01,S004,P0001,496,489.62,473.45510180458905,22.54489819541095
2023-09-18,S004,P0002,20,10.21,9.950818667761938,10.049181332238062
2023-09-19,S004,P0002,72,62.08,56.65904952838384,15.34095047161616
2023-09-20,S004,P0002,63,60.26,55.328153242272386,7.671846757727614
2023-09-21,S004,P0002,61,63.46,57.11014498054289,3.8898550194571087
2023-09-22,S004,P0002,143,154.79,149.1993562356044,6.199356235604398
2023-09-23,S004,P0002,26,24.84,19.247858998964137,6.752141001035863
2023-09-24,S004,P0002,64,80.44,74.60398843425638,10.60398843425638
2023-09-25,S004,P0002,153,155.41,150.02134126125299,2.978658738747015
2023-09-26,S004,P0002,239,239.9,237.11602097559316,1.883979024406841
2023-09-27,S004,P0002,27,38.19,33.17402767387343,6.174027673873432
2023-09-28,S004,P0002,41,51.38,46.30363248074831,5.303632480748313
2023-09-29,S004,P0002,28,47.73,42.29558027687598,14.295580276875981
2023-09-30,S004,P0002,226,217.54,212.83438466011046,13.165615339889541
2023-10-01,S004,P0002,189,187.52,182.66444804110057,6.33555195889943
2023-10-02,S004,P0002,14,18.16,13.603907569407788,0.396092430592212
2023-10-03,S004,P0002,54,44.57,39.52926676017154,14.470733239828462
2023-10-04,S004,P0002,51,49.14,44.1252739718747,6.874726028125302
2023-10-05,S004,P0002,117,112.91,107.70586752040936,9.294132479590644
2023-10-06,S004,P0002,44,48.46,42.99386873946732,1.0061312605326833
2023-10-07,S004,P0002,35,35.15,30.12756970879089,4.87243029120911
2023-10-08,S004,P0002,86,102.17,96.13467364529592,10.13467364529592
2023-10-09,S004,P0002,18,35.92,31.54390540222778,13.543905402227779
2023-10-10,S004,P0002,37,42.68,37.59755873500533,0.5975587350053289
2023-10-11,S004,P0002,393,400.51,397.7272891249653,4.727289124965296
2023-10-12,S004,P0002,197,187.85,182.83453743258042,14.165462567419581
2023-10-13,S004,P0002,14,33.17,28.94339005436988,14.943390054369878
2023-10-14,S004,P0002,185,191.22,185.65367711318663,0.6536771131866317
2023-10-15,S004,P0002,164,168.97,163.9916203794358,0.00837962056419883
2023-10-16,S004,P0002,9,24.46,19.867311207759258,10.867311207759258
2023-10-17,S004,P0002,105,95.08,89.97493195261961,15.025068047380387
2023-10-18,S004,P0002,54,69.49,64.20046126422676,10.20046126422676
2023-10-19,S004,P0002,345,344.13,338.4594469519602,6.540553048039783
2023-10-20,S004,P0002,168,183.34,177.77501895691518,9.775018956915176
2023-10-21,S004,P0002,155,148.02,142.27469286721475,12.725307132785247
2023-10-22,S004,P0002,247,256.16,250.41588012811314,3.4158801281131446
2023-10-23,S004,P0002,176,174.57,168.4038368998273,7.596163100172703
2023-10-24,S004,P0002,20,10.33,9.746178235775785,10.253821764224215
2023-10-25,S004,P0002,115,106.54,101.57972300457232,13.420276995427685
2023-10-26,S004,P0002,78,94.29,89.21778952846022,11.217789528460216
2023-10-27,S004,P0002,174,185.84,182.14571063978426,8.145710639784255
2023-10-28,S004,P0002,1,9.82,9.617054778511944,8.617054778511944
2023-10-29,S004,P0002,224,214.57,209.56072538681386,14.439274613186143
2023-10-30,S004,P0002,2,9.73,9.608042345071887,7.608042345071887
2023-10-31,S004,P0002,83,95.75,90.11318140021005,7.113181400210053
2023-11-01,S004,P0002,208,209.1,204.2089195377198,3.791080462280206
2023-11-02,S004,P0002,150,148.03,143.4360537111835,6.56394628881651
2023-11-03,S004,P0002,28,44.23,38.89226431560412,10.892264315604123
2023-11-04,S004,P0002,139,152.91,146.77672257155348,7.776722571553478
2023-11-05,S004,P0002,102,120.56,115.70515588912755,13.705155889127553
2023-11-06,S004,P0002,245,241.84,236.68429979815872,8.315700201841281
2023-11-07,S004,P0002,95,94.16,88.61203325118305,6.38796674881695
2023-11-08,S004,P0002,302,309.39,303.7285323342171,1.7285323342171068
2023-11-09,S004,P0002,142,152.8,145.92580448050958,3.9258044805095835
2023-11-10,S004,P0002,63,73.71,68.20774151355154,5.2077415135515395
2023-11-11,S004,P0002,116,123.65,118.5381296608889,2.538129660888899
2023-11-12,S004,P0002,35,46.29,41.46829171604846,6.468291716048462
2023-11-13,S004,P0002,80,88.53,82.7985262759522,2.7985262759521987
2023-11-14,S004,P0002,1,-0.01,5.279328872420262,4.279328872420262
2023-11-15,S004,P0002,220,227.37,223.26214328030926,3.2621432803092603
2023-11-16,S004,P0002,161,168.22,164.05853510789427,3.058535107894272
2023-11-17,S004,P0002,102,117.84,111.5007588001082,9.500758800108201
2023-11-18,S004,P0002,16,26.87,21.384017704813715,5.384017704813715
2023-11-19,S004,P0002,197,190.41,184.65157042727202,12.34842957272798
2023-11-20,S004,P0002,45,53.88,49.7896295539276,4.789629553927597
2023-11-21,S004,P0002,126,145.17,140.60225394004266,14.602253940042658
2023-11-22,S004,P0002,156,173.61,167.800341760735,11.800341760734995
2023-11-23,S004,P0002,61,66.44,60.7623298093502,0.23767019064980133
2023-11-24,S004,P0002,102,95.72,90.70149073840584,11.298509261594162
2023-11-25,S004,P0002,102,101.51,96.34890717506352,5.651092824936484
2023-11-26,S004,P0002,111,126.41,119.62901299609084,8.629012996090836
2023-11-27,S004,P0002,83,94.25,89.1987494424218,6.1987494424218
2023-11-28,S004,P0002,64,61.33,55.61093598072799,8.389064019272013
2023-11-29,S004,P0002,38,35.29,29.786822650103723,8.213177349896277
2023-11-30,S004,P0002,103,120.96,115.75510687104506,12.755106871045058
2023-12-01,S004,P0002,2,-0.28,5.622107565727962,3.622107565727962
2023-12-02,S004,P0002,42,42.49,36.5327502602322,5.4672497397678015
2023-12-03,S004,P0002,220,232.73,228.04568756009377,8.045687560093768
2023-12-04,S004,P0002,43,46.97,40.9394940011571,2.060505998842899
2023-12-05,S004,P0002,278,295.39,289.4476811706784,11.44768117067838
2023-12-06,S004,P0002,23,39.95,35.190769558245734,12.190769558245734
2023-12-07,S004,P0002,180,175.42,170.95155055220877,9.048449447791228
2023-12-08,S004,P0002,171,184.32,179.03609971561917,8.036099715619173
2023-12-09,S004,P0002,71,61.1,55.44228644159115,15.55771355840885
2023-12-10,S004,P0002,38,57.66,52.480326627439354,14.480326627439354
2023-12-11,S004,P0002,29,21.66,15.500974203575836,13.499025796424164
2023-12-12,S004,P0002,358,361.59,355.2700352701755,2.7299647298244736
2023-12-13,S004,P0002,221,225.95,220.6901764948339,0.3098235051660936
2023-12-14,S004,P0002,261,270.32,264.38398751335683,3.3839875133568285
2023-12-15,S004,P0002,61,57.13,51.59827057464843,9.401729425351569
2023-12-16,S004,P0002,103,115.52,110.50412916414459,7.504129164144587
2023-12-17,S004,P0002,31,29.56,25.064071730162,5.935928269838001
2023-12-18,S004,P0002,103,118.98,114.08554653869875,11.08554653869875
2023-12-19,S004,P0002,363,359.41,351.6391471648463,11.360852835153707
2023-12-20,S004,P0002,1,-8.73,2.3530094638773367,1.3530094638773367
2023-12-21,S004,P0002,96,111.47,106.65865056787084,10.658650567870836
2023-12-22,S004,P0002,116,113.55,108.14055227090009,7.859447729099912
2023-12-23,S004,P0002,61,56.14,51.29105825249465,9.70894174750535
2023-12-24,S004,P0002,365,361.44,355.5335975685497,9.46640243145032
2023-12-25,S004,P0002,30,32.7,28.532894901427532,1.4671050985724676
2023-12-26,S004,P0002,345,336.75,330.41037633452913,14.589623665470867
2023-12-27,S004,P0002,250,254.15,248.0200489489305,1.9799510510694915
2023-12-28,S004,P0002,93,111.52,105.92168183291898,12.921681832918978
2023-12-29,S004,P0002,13,9.08,9.989348007905342,3.010651992094658
2023-12-30,S004,P0002,241,250.25,244.39632128360972,3.3963212836097227
2023-12-31,S004,P0002,194,193.95,188.22130405946905,5.778695940530952
2024-01-01,S004,P0002,180,192.84,186.4580588585339,6.458058858533889
2023-09-18,S004,P0003,121,136.01,129.8997687491451,8.899768749145096
2023-09-19,S004,P0003,47,42.07,37.32502063585225,9.674979364147752
2023-09-20,S004,P0003,71,77.16,71.29341852312616,0.2934185231261637
2023-09-21,S004,P0003,20,37.89,33.7341109481009,13.734110948100898
2023-09-22,S004,P0003,108,107.51,102.46309989469098,5.536900105309016
2023-09-23,S004,P0003,154,148.52,142.9192226383315,11.08077736166851
2023-09-24,S004,P0003,158,166.65,162.30117526389546,4.301175263895459
2023-09-25,S004,P0003,76,73.93,68.73325063966016,7.266749360339844
2023-09-26,S004,P0003,84,90.49,85.43746349944425,1.4374634994442488
2023-09-27,S004,P0003,35,40.89,34.756512430841696,0.2434875691583045
2023-09-28,S004,P0003,323,332.84,326.15870081279144,3.1587008127914373
2023-09-29,S004,P0003,185,185.91,181.63224901826447,3.367750981735526
2023-09-30,S004,P0003,41,31.62,27.5065149770331,13.493485022966901
2023-10-01,S004,P0003,67,62.57,57.152507768734964,9.847492231265036
2023-10-02,S004,P0003,236,245.74,239.7474172767284,3.747417276728413
2023-10-03,S004,P0003,4,9.37,9.669757503979705,5.669757503979705
2023-10-04,S004,P0003,204,208.7,203.83516010947005,0.1648398905299473
2023-10-05,S004,P0003,20,27.12,21.80091468726375,1.8009146872637487
2023-10-06,S004,P0003,53,55.7,49.8488441270055,3.151155872994501
2023-10-07,S004,P0003,29,30.68,26.23221153168015,2.76778846831985
2023-10-08,S004,P0003,266,284.43,279.8636147656689,13.863614765668899
2023-10-09,S004,P0003,4,1.95,6.602381287000404,2.602381287000404
2023-10-10,S004,P0003,73,69.93,64.68092228770128,8.319077712298721
2023-10-11,S004,P0003,371,368.21,365.0773891119036,5.922610888096415
2023-10-12,S004,P0003,357,357.89,352.83767406860875,4.162325931391251
2023-10-13,S004,P0003,215,214.12,208.85532809597984,6.144671904020157
2023-10-14,S004,P0003,42,39.04,34.29502151639038,7.704978483609622
2023-10-15,S004,P0003,159,154.51,148.48873260016748,10.51126739983252
2023-10-16,S004,P0003,57,71.58,65.87676830466904,8.876768304669042
2023-10-17,S004,P0003,118,131.18,125.51720783844326,7.517207838443255
2023-10-18,S004,P0003,32,47.51,42.940292606382826,10.940292606382826
2023-10-19,S004,P0003,61,67.67,62.515113685058324,1.5151136850583242
2023-10-20,S004,P0003,371,381.17,375.2753801850686,4.275380185068627
2023-10-21,S004,P0003,5,16.15,13.471016062048195,8.471016062048195
2023-10-22,S004,P0003,32,48.62,44.07372594475441,12.073725944754408
2023-10-23,S004,P0003,40,36.3,31.22725860488029,8.77274139511971
2023-10-24,S004,P0003,251,247.84,242.17170408580154,8.828295914198463
2023-10-25,S004,P0003,408,422.04,413.3793277337712,5.37932773377122
2023-10-26,S004,P0003,78,95.04,89.06841580145729,11.068415801457292
2023-10-27,S004,P0003,92,100.5,94.73036922306434,2.7303692230643435
2023-10-28,S004,P0003,51,55.15,50.069310494683116,0.9306895053168844
2023-10-29,S004,P0003,362,357.29,351.80091688928985,10.199083110710149
2023-10-30,S004,P0003,135,130.01,124.00604009392387,10.993959906076128
2023-10-31,S004,P0003,31,46.52,41.44235648740319,10.442356487403188
2023-11-01,S004,P0003,166,177.16,170.44465633266228,4.4446563326622766
2023-11-02,S004,P0003,70,86.55,81.40886154620564,11.408861546205642
2023-11-03,S004,P0003,157,165.86,161.58063568072768,4.580635680727681
2023-11-04,S004,P0003,223,230.55,224.6856114848426,1.6856114848426103
2023-11-05,S004,P0003,43,35.77,30.691016371730036,12.308983628269964
2023-11-06,S004,P0003,30,34.43,29.63529679967339,0.3647032003266091
2023-11-07,S004,P0003,44,55.97,49.93050133822986,5.93050133822986
2023-11-08,S004,P0003,75,74.29,68.7524412403198,6.247558759680203
2023-11-09,S004,P0003,122,124.26,118.11955397523967,3.8804460247603316
2023-11-10,S004,P0003,136,129.74,124.28763569767185,11.712364302328155
2023-11-11,S004,P0003,99,89.04,83.00862281118103,15.991377188818973
2023-11-12,S004,P0003,106,103.1,97.79075337086007,8.209246629139926
2023-11-13,S004,P0003,343,360.54,352.94005432061783,9.940054320617833
2023-11-14,S004,P0003,28,22.04,17.548662988231133,10.451337011768867
2023-11-15,S004,P0003,34,50.48,45.443412285479496,11.443412285479496
2023-11-16,S004,P0003,1,-7.83,2.1307655987362435,1.1307655987362435
2023-11-17,S004,P0003,68,82.74,77.02759821525974,9.027598215259744
2023-11-18,S004,P0003,102,110.43,105.14890354373765,3.148903543737646
2023-11-19,S004,P0003,146,157.48,151.4449063374736,5.444906337473611
2023-11-20,S004,P0003,40,38.3,33.84285690900204,6.1571430909979625
2023-11-21,S004,P0003,72,74.9,69.56691029271991,2.4330897072800894
2023-11-22,S004,P0003,85,77.8,72.44899810379336,12.551001896206643
2023-11-23,S004,P0003,119,130.85,125.39918558451832,6.399185584518321
2023-11-24,S004,P0003,3,-5.22,2.8901916460063592,0.10980835399364075
2023-11-25,S004,P0003,291,294.72,289.2363228717269,1.763677128273116
2023-11-26,S004,P0003,334,328.93,322.61627916311716,11.383720836882844
2023-11-27,S004,P0003,75,84.68,79.47049714473758,4.470497144737578
2023-11-28,S004,P0003,279,295.54,289.20149289788833,10.201492897888329
2023-11-29,S004,P0003,53,45.2,40.91240735263464,12.087592647365362
2023-11-30,S004,P0003,340,345.5,338.56524754543085,1.43475245456915
2023-12-01,S004,P0003,242,258.73,252.6229332132377,10.622933213237701
2023-12-02,S004,P0003,16,16.3,13.340954787659484,2.6590452123405157
2023-12-03,S004,P0003,31,43.5,38.540690822889985,7.540690822889985
2023-12-04,S004,P0003,29,29.43,24.469032341687644,4.530967658312356
2023-12-05,S004,P0003,79,84.97,80.72542837219038,1.725428372190379
2023-12-06,S004,P0003,0,2.02,6.759806394566195,6.759806394566195
2023-12-07,S004,P0003,15,15.69,13.154114353923042,1.8458856460769582
2023-12-08,S004,P0003,218,230.98,225.34030554696045,7.340305546960451
2023-12-09,S004,P0003,284,303.41,299.0299811043842,15.029981104384206
2023-12-10,S004,P0003,27,43.03,38.21385717480895,11.21385717480895
2023-12-11,S004,P0003,55,45.31,39.66976597255659,15.33023402744341
2023-12-12,S004,P0003,212,210.07,204.5904921842121,7.40950781578789
2023-12-13,S004,P0003,21,28.51,23.538182680592364,2.5381826805923637
2023-12-14,S004,P0003,63,68.27,63.99929664045837,0.9992966404583683
2023-12-15,S004,P0003,21,34.51,29.259568902873383,8.259568902873383
2023-12-16,S004,P0003,64,76.71,71.23213662498503,7.232136624985031
2023-12-17,S004,P0003,31,34.78,29.513997144085952,1.4860028559140481
2023-12-18,S004,P0003,248,257.0,249.6979879213745,1.697987921374505
2023-12-19,S004,P0003,73,79.33,73.21407077240787,0.2140707724078652
2023-12-20,S004,P0003,415,424.47,420.19817683708936,5.198176837089363
2023-12-21,S004,P0003,111,115.57,109.86155748071532,1.1384425192846805
2023-12-22,S004,P0003,108,99.88,94.38796911333205,13.612030886667952
2023-12-23,S004,P0003,191,207.13,201.5844147124664,10.584414712466412
2023-12-24,S004,P0003,55,62.92,57.26677707403864,2.266777074038643
2023-12-25,S004,P0003,254,262.76,256.177937721635,2.177937721634976
2023-12-26,S004,P0003,34,51.9,46.06802093733237,12.06802093733237
2023-12-27,S004,P0003,12,24.08,19.910614484019305,7.910614484019305
2023-12-28,S004,P0003,273,280.34,276.01366747865075,3.0136674786507456
2023-12-29,S004,P0003,218,232.11,226.8614141389998,8.861414138999805
2023-12-30,S004,P0003,167,162.99,157.98277389885845,9.017226101141546
2023-12-31,S004,P0003,33,51.71,46.03578978093431,13.035789780934309
2024-01-01,S004,P0003,72,62.83,58.1169016931165,13.883098306883497
2023-09-18,S004,P0004,25,19.77,15.005047846900641,9.994952153099359
2023-09-19,S004,P0004,29,19.43,14.930576736641562,14.069423263358438
2023-09-20,S004,P0004,104,101.16,96.17770471219646,7.822295287803541
2023-09-21,S004,P0004,120,134.29,129.09781876007483,9.09781876007483
2023-09-22,S004,P0004,86,89.77,84.62789304878028,1.3721069512197204
2023-09-23,S004,P0004,96,96.82,91.04036470887885,4.959635291121145
2023-09-24,S004,P0004,39,54.48,49.28104851742543,10.281048517425432
2023-09-25,S004,P0004,0,-9.79,2.2154907276604194,2.2154907276604194
2023-09-26,S004,P0004,19,23.44,17.765568269427703,1.2344317305722967
2023-09-27,S004,P0004,174,164.09,158.0548521441047,15.9451478558953
2023-09-28,S004,P0004,71,64.22,58.13697368781716,12.86302631218284
2023-09-29,S004,P0004,133,152.92,145.48155123680976,12.481551236809764
2023-09-30,S004,P0004,243,255.28,249.47375618302806,6.473756183028058
2023-10-01,S004,P0004,183,176.17,170.8251459764658,12.174854023534209
2023-10-02,S004,P0004,348,339.0,333.71575089213,14.284249107869982
2023-10-03,S004,P0004,78,96.72,90.56844265973734,12.568442659737343
2023-10-04,S004,P0004,4,-2.43,4.1577613434130525,0.15776134341305248
2023-10-05,S004,P0004,31,39.2,33.78009083517584,2.780090835175841
2023-10-06,S004,P0004,13,21.02,16.07823660285305,3.0782366028530497
2023-10-07,S004,P0004,110,104.8,99.27684596446198,10.723154035538016
2023-10-08,S004,P0004,67,82.46,78.06671966764992,11.06671966764992
2023-10-09,S004,P0004,231,247.43,241.55686162376074,10.556861623760739
2023-10-10,S004,P0004,98,88.4,83.04904792233859,14.950952077661412
2023-10-11,S004,P0004,358,374.08,369.56972762829673,11.569727628296732
2023-10-12,S004,P0004,73,66.02,61.18961062566474,11.810389374335259
2023-10-13,S004,P0004,129,143.06,136.45113710725656,7.451137107256557
2023-10-14,S004,P0004,98,108.3,102.23188880532743,4.231888805327429
2023-10-15,S004,P0004,132,147.17,141.7478185355452,9.747818535545207
2023-10-16,S004,P0004,112,124.58,118.88779805953175,6.887798059531747
2023-10-17,S004,P0004,19,28.47,23.914864531376992,4.914864531376992
2023-10-18,S004,P0004,182,181.73,176.84900958076508,5.150990419234915
2023-10-19,S004,P0004,154,170.85,165.74992331444633,11.749923314446335
2023-10-20,S004,P0004,32,43.61,38.198665579553484,6.198665579553484
2023-10-21,S004,P0004,252,258.21,253.17602329808926,1.1760232980892624
2023-10-22,S004,P0004,32,50.8,45.065003192953455,13.065003192953455
2023-10-23,S004,P0004,121,130.57,124.49575878609954,3.495758786099543
2023-10-24,S004,P0004,32,32.84,27.991740378634567,4.008259621365433
2023-10-25,S004,P0004,25,30.3,26.63633585172159,1.63633585172159
2023-10-26,S004,P0004,4,6.92,8.647347919218703,4.647347919218703
2023-10-27,S004,P0004,140,138.68,133.04104126379895,6.958958736201055
2023-10-28,S004,P0004,274,270.91,265.1550552038137,8.844944796186326
2023-10-29,S004,P0004,225,221.75,215.91465428221582,9.085345717784179
2023-10-30,S004,P0004,132,129.68,123.7009372209025,8.299062779097497
2023-10-31,S004,P0004,125,137.52,131.628183446066,6.628183446066004
2023-11-01,S004,P0004,2,13.42,12.311089780318394,10.311089780318394
2023-11-02,S004,P0004,306,316.26,311.0173688056519,5.017368805651927
2023-11-03,S004,P0004,59,67.08,60.65936485466462,1.6593648546646165
2023-11-04,S004,P0004,1,4.87,7.09875264847609,6.09875264847609
2023-11-05,S004,P0004,38,40.87,35.502859336280714,2.4971406637192857
2023-11-06,S004,P0004,94,110.81,105.77791451343106,11.777914513431057
2023-11-07,S004,P0004,88,107.65,101.47015652219983,13.47015652219983
2023-11-08,S004,P0004,31,32.3,28.39856939036719,2.6014306096328106
2023-11-09,S004,P0004,13,7.51,8.612535429058957,4.387464570941043
2023-11-10,S004,P0004,435,448.34,445.87558538925583,10.875585389255832
2023-11-11,S004,P0004,47,63.72,58.55950201734874,11.559502017348741
2023-11-12,S004,P0004,219,236.8,232.65648925061566,13.656489250615664
2023-11-13,S004,P0004,85,99.11,93.4682810233466,8.468281023346606
2023-11-14,S004,P0004,274,280.37,275.990762533091,1.990762533091015
2023-11-15,S004,P0004,89,83.55,77.24522252857534,11.75477747142466
2023-11-16,S004,P0004,180,189.55,184.26484496652938,4.264844966529381
2023-11-17,S004,P0004,407,397.82,390.53630586354313,16.463694136456866
2023-11-18,S004,P0004,273,267.56,261.2125136428844,11.787486357115597
2023-11-19,S004,P0004,353,345.27,338.5070128076783,14.49298719232172
2023-11-20,S004,P0004,376,383.97,376.74967908009114,0.7496790800911413
2023-11-21,S004,P0004,65,71.62,66.37908643430663,1.379086434306629
2023-11-22,S004,P0004,130,122.5,117.9695871399074,12.030412860092596
2023-11-23,S004,P0004,2,6.45,8.920657378298385,6.920657378298385
2023-11-24,S004,P0004,112,130.67,124.89146016896022,12.891460168960222
2023-11-25,S004,P0004,146,159.67,153.28855191698682,7.288551916986819
2023-11-26,S004,P0004,340,340.56,334.09056099370844,5.909439006291564
2023-11-27,S004,P0004,266,283.44,279.697981664894,13.697981664893973
2023-11-28,S004,P0004,150,158.58,152.79216676674568,2.79216676674568
2023-11-29,S004,P0004,268,265.1,257.8314120803267,10.168587919673314
2023-11-30,S004,P0004,254,259.34,252.20138859916267,1.7986114008373306
2023-12-01,S004,P0004,0,7.91,9.48073024990806,9.48073024990806
2023-12-02,S004,P0004,94,100.93,95.43563161682738,1.4356316168273793
2023-12-03,S004,P0004,50,57.02,51.905773904564555,1.9057739045645548
2023-12-04,S004,P0004,31,40.61,35.41414027708601,4.4141402770860125
2023-12-05,S004,P0004,74,86.71,81.9479564311988,7.947956431198804
2023-12-06,S004,P0004,297,297.85,292.3155927316072,4.6844072683928175
2023-12-07,S004,P0004,45,56.24,51.58086167127952,6.580861671279521
2023-12-08,S004,P0004,128,144.06,138.16930877316852,10.169308773168524
2023-12-09,S004,P0004,7,22.59,16.94209744177118,9.942097441771178
2023-12-10,S004,P0004,5,19.87,15.646323507496845,10.646323507496845
2023-12-11,S004,P0004,2,21.75,15.731668106631481,13.731668106631481
2023-12-12,S004,P0004,1,19.05,14.696044215846628,13.696044215846628
2023-12-13,S004,P0004,246,246.71,239.96825421504258,6.0317457849574225
2023-12-14,S004,P0004,39,47.68,41.96539150173285,2.965391501732853
2023-12-15,S004,P0004,175,167.93,162.78215346197993,12.21784653802007
2023-12-16,S004,P0004,164,157.58,152.6765245593229,11.3234754406771
2023-12-17,S004,P0004,61,54.07,49.01484742416065,11.98515257583935
2023-12-18,S004,P0004,63,63.69,58.01743130934824,4.98256869065176
2023-12-19,S004,P0004,40,34.69,29.220696171023164,10.779303828976836
2023-12-20,S004,P0004,152,167.24,162.65378755210423,10.653787552104234
2023-12-21,S004,P0004,10,7.54,9.089110695699523,0.9108893043004773
2023-12-22,S004,P0004,270,278.13,271.22525776856685,1.2252577685668484
2023-12-23,S004,P0004,231,232.65,227.64683618884845,3.3531638111515463
2023-12-24,S004,P0004,173,192.12,185.8512098901963,12.851209890196287
2023-12-25,S004,P0004,54,59.56,54.2978732937393,0.2978732937393005
2023-12-26,S004,P0004,0,16.66,13.447519583358384,13.447519583358384
2023-12-27,S004,P0004,86,87.52,82.47229905870412,3.527700941295876
2023-12-28,S004,P0004,139,153.82,148.0178220966358,9.017822096635797
2023-12-29,S004,P0004,237,244.03,238.26491178740145,1.264911787401445
2023-12-30,S004,P0004,12,2.99,6.821605018199595,5.178394981800405
2023-12-31,S004,P0004,184,183.08,178.96710680507275,5.032893194927254
2024-01-01,S004,P0004,6,4.48,6.684471295657542,0.6844712956575423
2023-09-18,S004,P0005,263,279.07,273.3280486838175,10.328048683817485
2023-09-19,S004,P0005,174,170.94,164.9858727862717,9.014127213728301
2023-09-20,S004,P0005,149,145.04,138.35912163101037,10.640878368989632
2023-09-21,S004,P0005,104,99.34,93.70557419161779,10.294425808382215
2023-09-22,S004,P0005,32,32.39,27.437019357610474,4.562980642389526
2023-09-23,S004,P0005,172,162.79,156.6303213535798,15.369678646420198
2023-09-24,S004,P0005,168,172.31,167.1804610383138,0.8195389616861917
2023-09-25,S004,P0005,188,180.74,175.013233311698,12.986766688301998
2023-09-26,S004,P0005,7,6.14,7.908837838707164,0.9088378387071643
2023-09-27,S004,P0005,167,170.55,164.81373106972046,2.186268930279539
2023-09-28,S004,P0005,47,45.43,39.49554853475654,7.504451465243463
2023-09-29,S004,P0005,232,238.98,234.20176209963097,2.201762099630969
2023-09-30,S004,P0005,143,143.53,137.39133493721246,5.608665062787537
2023-10-01,S004,P0005,51,50.79,45.036352793331645,5.963647206668355
2023-10-02,S004,P0005,325,331.81,326.24841698759815,1.248416987598148
2023-10-03,S004,P0005,232,250.78,245.42250057938446,13.422500579384462
2023-10-04,S004,P0005,182,175.11,169.27065019234112,12.729349807658878
2023-10-05,S004,P0005,165,162.88,157.80024526314938,7.199754736850622
2023-10-06,S004,P0005,305,305.14,299.12609056654975,5.873909433450251
2023-10-07,S004,P0005,65,60.3,55.91983949229484,9.080160507705159
2023-10-08,S004,P0005,141,131.12,125.37035130362221,15.629648696377785
2023-10-09,S004,P0005,115,116.09,111.4393325430247,3.5606674569752954
2023-10-10,S004,P0005,352,365.01,359.16125319675245,7.161253196752455
2023-10-11,S004,P0005,72,63.42,57.40228890163881,14.597711098361188
2023-10-12,S004,P0005,65,80.94,74.2180489857004,9.218048985700406
2023-10-13,S004,P0005,59,73.4,67.83483261508971,8.83483261508971
2023-10-14,S004,P0005,243,236.51,231.91584881817278,11.084151181827224
2023-10-15,S004,P0005,4,5.44,7.676270159609294,3.6762701596092944
2023-10-16,S004,P0005,157,168.73,163.3492873228596,6.349287322859595
2023-10-17,S004,P0005,152,153.65,147.77198341111318,4.228016588886817
2023-10-18,S004,P0005,118,109.64,104.53005902773907,13.469940972260929
2023-10-19,S004,P0005,83,90.29,84.45422018376968,1.454220183769678
2023-10-20,S004,P0005,211,217.76,212.60337553151646,1.6033755315164626
2023-10-21,S004,P0005,238,256.12,251.0514631649707,13.051463164970698
2023-10-22,S004,P0005,205,196.81,192.06981890713183,12.930181092868168
2023-10-23,S004,P0005,60,54.91,50.37052519405683,9.629474805943168
2023-10-24,S004,P0005,64,61.04,57.101235492933775,6.898764507066225
2023-10-25,S004,P0005,180,185.59,181.15169150049968,1.1516915004996804
2023-10-26,S004,P0005,55,45.97,40.334970964933916,14.665029035066084
2023-10-27,S004,P0005,183,188.52,184.08102019392942,1.0810201939294188
2023-10-28,S004,P0005,70,87.22,82.05989875221809,12.05989875221809
2023-10-29,S004,P0005,53,68.71,63.392120213908484,10.392120213908484
2023-10-30,S004,P0005,185,197.01,192.4997456347293,7.499745634729294
2023-10-31,S004,P0005,86,87.05,81.02639768407047,4.973602315929526
2023-11-01,S004,P0005,83,101.37,95.5850562323142,12.585056232314201
2023-11-02,S004,P0005,3,11.76,10.619815811789126,7.619815811789126
2023-11-03,S004,P0005,51,69.72,64.80597484522005,13.80597484522005
2023-11-04,S004,P0005,301,299.85,293.6147563435496,7.385243656450427
2023-11-05,S004,P0005,175,179.83,173.1493637115054,1.8506362884945986
2023-11-06,S004,P0005,39,45.85,40.06109269568836,1.0610926956883588
2023-11-07,S004,P0005,20,13.5,11.704675805056608,8.295324194943392
2023-11-08,S004,P0005,56,46.16,40.69894073954709,15.30105926045291
2023-11-09,S004,P0005,56,59.81,54.23881841092455,1.7611815890754485
2023-11-10,S004,P0005,54,56.85,52.91444358410519,1.085556415894807
2023-11-11,S004,P0005,113,124.03,118.0235763924964,5.023576392496395
2023-11-12,S004,P0005,14,4.08,7.335667457567564,6.664332542432436
2023-11-13,S004,P0005,178,179.18,173.696647186459,4.303352813541011
2023-11-14,S004,P0005,63,77.51,71.69327693763776,8.693276937637762
2023-11-15,S004,P0005,99,92.12,86.31150291207423,12.688497087925768
2023-11-16,S004,P0005,14,15.43,12.687483591540598,1.3125164084594019
2023-11-17,S004,P0005,101,108.49,102.9811812807248,1.9811812807247975
2023-11-18,S004,P0005,196,192.07,186.48736648972107,9.512633510278931
2023-11-19,S004,P0005,38,36.0,30.080438613412557,7.919561386587443
2023-11-20,S004,P0005,20,20.26,15.248533398095244,4.751466601904756
2023-11-21,S004,P0005,289,288.54,284.2412446399348,4.758755360065209
2023-11-22,S004,P0005,70,70.41,65.01972707721562,4.98027292278438
2023-11-23,S004,P0005,162,160.05,154.77557248586058,7.224427514139421
2023-11-24,S004,P0005,29,26.36,21.01955739931764,7.980442600682359
2023-11-25,S004,P0005,112,117.91,112.40220609135378,0.4022060913537757
2023-11-26,S004,P0005,116,125.52,118.79126248859322,2.791262488593219
2023-11-27,S004,P0005,293,296.98,291.5758883447277,1.424111655272327
2023-11-28,S004,P0005,117,111.14,106.26846374543567,10.731536254564332
2023-11-29,S004,P0005,303,318.84,315.4837626866449,12.483762686644923
2023-11-30,S004,P0005,221,226.84,222.54236732597104,1.5423673259710426
2023-12-01,S004,P0005,34,47.77,43.86261616851635,9.862616168516347
2023-12-02,S004,P0005,251,267.44,261.41960194087727,10.419601940877271
2023-12-03,S004,P0005,61,64.63,59.8474693751088,1.1525306248911988
2023-12-04,S004,P0005,225,220.76,215.14342505232344,9.856574947676563
2023-12-05,S004,P0005,14,10.4,10.188271360939838,3.8117286390601617
2023-12-06,S004,P0005,111,104.37,99.5482478343952,11.451752165604802
2023-12-07,S004,P0005,83,86.63,81.29721663613296,1.7027833638670415
2023-12-08,S004,P0005,162,166.0,161.14486252138065,0.8551374786193549
2023-12-09,S004,P0005,13,30.11,26.539917876594764,13.539917876594764
2023-12-10,S004,P0005,12,22.28,16.82930675255106,4.829306752551059
2023-12-11,S004,P0005,134,130.39,124.28740796727726,9.712592032722739
2023-12-12,S004,P0005,51,68.13,63.67004351528207,12.670043515282067
2023-12-13,S004,P0005,412,404.03,396.89112827949486,15.108871720505135
2023-12-14,S004,P0005,138,148.52,143.41457240626002,5.414572406260021
2023-12-15,S004,P0005,193,199.84,193.1285600166131,0.12856001661310756
2023-12-16,S004,P0005,49,44.85,39.62020761133161,9.379792388668392
2023-12-17,S004,P0005,159,161.5,156.9040604494572,2.095939550542795
2023-12-18,S004,P0005,353,353.86,348.3322120524013,4.667787947598697
2023-12-19,S004,P0005,99,117.28,112.12519971778991,13.125199717789911
2023-12-20,S004,P0005,232,233.05,227.19191458702903,4.808085412970968
2023-12-21,S004,P0005,149,163.75,158.02637879514756,9.026378795147565
2023-12-22,S004,P0005,28,27.41,22.402133740685603,5.597866259314397
2023-12-23,S004,P0005,41,39.63,34.849852191964715,6.150147808035285
2023-12-24,S004,P0005,257,248.25,242.5726918333863,14.427308166613699
2023-12-25,S004,P0005,22,30.63,27.077514605075983,5.077514605075983
2023-12-26,S004,P0005,32,24.15,18.60725048122429,13.392749518775709
2023-12-27,S004,P0005,240,231.82,225.54360807046882,14.45639192953118
2023-12-28,S004,P0005,176,180.43,174.7739161503838,1.2260838496162023
2023-12-29,S004,P0005,85,86.66,81.38468345306302,3.615316546936981
2023-12-30,S004,P0005,150,143.88,139.14584656049408,10.854153439505922
2023-12-31,S004,P0005,134,150.68,145.35376172327938,11.353761723279376
2024-01-01,S004,P0005,112,103.44,98.202620704631,13.797379295368998
2023-09-18,S004,P0006,1,6.24,8.237531215441175,7.237531215441175
2023-09-19,S004,P0006,73,84.1,79.06437445827652,6.064374458276518
2023-09-20,S004,P0006,108,113.95,108.2934575365137,0.2934575365136993
2023-09-21,S004,P0006,132,142.11,136.83435287677636,4.834352876776364
2023-09-22,S004,P0006,79,72.01,65.9291639685712,13.070836031428797
2023-09-23,S004,P0006,120,132.25,126.05925781057005,6.059257810570045
2023-09-24,S004,P0006,31,42.18,37.03646054877919,6.036460548779189
2023-09-25,S004,P0006,318,318.16,313.9658689285514,4.0341310714485985
2023-09-26,S004,P0006,59,58.76,53.18126188218646,5.818738117813538
2023-09-27,S004,P0006,301,291.43,286.79440183256304,14.20559816743696
2023-09-28,S004,P0006,422,434.34,424.63561019384497,2.6356101938449683
2023-09-29,S004,P0006,438,432.85,425.7227800570851,12.277219942914883
2023-09-30,S004,P0006,187,206.9,201.8269599447639,14.8269599447639
2023-10-01,S004,P0006,58,61.84,56.40585482268965,1.5941451773103523
2023-10-02,S004,P0006,223,240.36,234.36381764100145,11.363817641001447
2023-10-03,S004,P0006,46,64.71,59.43133690875098,13.431336908750978
2023-10-04,S004,P0006,160,170.27,164.6839751452705,4.6839751452704945
2023-10-05,S004,P0006,25,42.55,36.82020878374681,11.820208783746807
2023-10-06,S004,P0006,120,113.14,107.34541884243498,12.654581157565019
2023-10-07,S004,P0006,107,124.5,118.6669928114614,11.666992811461398
2023-10-08,S004,P0006,183,181.53,175.25012301306293,7.749876986937068
2023-10-09,S004,P0006,65,63.42,57.848576502378506,7.151423497621494
2023-10-10,S004,P0006,216,225.93,220.93159170555128,4.931591705551284
2023-10-11,S004,P0006,196,197.36,192.143803425893,3.8561965741070026
2023-10-12,S004,P0006,88,83.44,77.65671480647154,10.343285193528459
2023-10-13,S004,P0006,6,21.1,15.831075656847801,9.831075656847801
2023-10-14,S004,P0006,120,126.77,121.30729534359186,1.3072953435918606
2023-10-15,S004,P0006,179,185.96,182.58896458340598,3.588964583405982
2023-10-16,S004,P0006,339,354.2,348.28444644215966,9.284446442159663
2023-10-17,S004,P0006,23,17.33,13.643793817667909,9.356206182332091
2023-10-18,S004,P0006,87,102.82,96.78478578228136,9.78478578228136
2023-10-19,S004,P0006,338,346.21,338.5705769944034,0.5705769944033818
2023-10-20,S004,P0006,67,63.22,57.63712452003576,9.362875479964238
2023-10-21,S004,P0006,129,120.68,115.69377354054814,13.306226459451864
2023-10-22,S004,P0006,49,40.51,35.59630791251853,13.403692087481467
2023-10-23,S004,P0006,264,271.01,266.0025841534205,2.002584153420514
2023-10-24,S004,P0006,111,128.7,123.33063457084191,12.330634570841909
2023-10-25,S004,P0006,21,31.58,27.462469545465368,6.462469545465368
2023-10-26,S004,P0006,15,18.51,14.760098930369605,0.23990106963039537
2023-10-27,S004,P0006,6,1.21,5.861095795459508,0.13890420454049224
2023-10-28,S004,P0006,266,274.09,267.69643664258285,1.696436642582853
2023-10-29,S004,P0006,227,241.98,234.47258226933977,7.472582269339767
2023-10-30,S004,P0006,83,82.26,76.79293996890362,6.2070600310963755
2023-10-31,S004,P0006,69,69.68,64.33362216165945,4.666377838340551
2023-11-01,S004,P0006,56,74.58,68.56398980048826,12.563989800488258
2023-11-02,S004,P0006,397,412.44,405.7848353973856,8.78483539738562
2023-11-03,S004,P0006,36,46.57,41.27991202004932,5.2799120200493235
2023-11-04,S004,P0006,198,204.37,198.0419988603193,0.04199886031929623
2023-11-05,S004,P0006,23,33.52,28.813016178752193,5.813016178752193
2023-11-06,S004,P0006,40,41.28,36.355549221795506,3.6444507782044937
2023-11-07,S004,P0006,422,426.8,422.40964748493514,0.40964748493513525
2023-11-08,S004,P0006,266,283.23,280.01456995387264,14.014569953872638
2023-11-09,S004,P0006,35,27.98,23.031439767192296,11.968560232807704
2023-11-10,S004,P0006,231,233.82,230.04964361637383,0.9503563836261719
2023-11-11,S004,P0006,414,415.03,411.2191895607831,2.780810439216907
2023-11-12,S004,P0006,37,49.68,45.17772324141359,8.177723241413588
2023-11-13,S004,P0006,33,28.35,22.67474561872747,10.32525438127253
2023-11-14,S004,P0006,101,92.87,86.27643794240299,14.723562057597007
2023-11-15,S004,P0006,224,233.71,227.75226387534576,3.7522638753457613
2023-11-16,S004,P0006,36,27.42,22.066792406175484,13.933207593824516
2023-11-17,S004,P0006,276,270.7,264.99187044102763,11.00812955897237
2023-11-18,S004,P0006,391,384.27,377.6262170656091,13.373782934390874
2023-11-19,S004,P0006,287,283.14,279.44385304265984,7.556146957340161
2023-11-20,S004,P0006,49,52.65,47.85020790752867,1.1497920924713299
2023-11-21,S004,P0006,299,318.72,313.77156598170535,14.77156598170535
2023-11-22,S004,P0006,6,5.32,7.747410590007194,1.7474105900071937
2023-11-23,S004,P0006,118,126.56,121.24581694869838,3.2458169486983763
2023-11-24,S004,P0006,108,103.36,98.48910823289432,9.510891767105676
2023-11-25,S004,P0006,74,85.66,80.94374798946737,6.943747989467369
2023-11-26,S004,P0006,167,174.82,168.85020950108378,1.850209501083782
2023-11-27,S004,P0006,474,484.56,470.667326932058,3.3326730679419825
2023-11-28,S004,P0006,130,123.07,118.65926765791372,11.340732342086284
2023-11-29,S004,P0006,135,154.56,149.15438940651256,14.154389406512564
2023-11-30,S004,P0006,13,22.67,18.30661184350905,5.3066118435090495
2023-12-01,S004,P0006,83,96.72,91.25789941528355,8.257899415283546
2023-12-02,S004,P0006,73,87.1,81.13956269458993,8.139562694589927
2023-12-03,S004,P0006,21,38.84,34.119268875864734,13.119268875864734
2023-12-04,S004,P0006,56,74.01,68.06469510992366,12.064695109923662
2023-12-05,S004,P0006,138,139.57,134.9069293001978,3.0930706998022117
2023-12-06,S004,P0006,249,239.8,235.18721484205983,13.81278515794017
2023-12-07,S004,P0006,18,24.85,19.285352896776175,1.2853528967761747
2023-12-08,S004,P0006,42,40.29,35.42321034187064,6.576789658129357
2023-12-09,S004,P0006,86,104.98,99.01777889389443,13.01777889389443
2023-12-10,S004,P0006,19,29.19,24.475862086440998,5.475862086440998
2023-12-11,S004,P0006,147,153.03,148.13339055940594,1.1333905594059388
2023-12-12,S004,P0006,63,66.77,60.84856903860005,2.151430961399953
2023-12-13,S004,P0006,361,364.98,359.29973394180047,1.7002660581995315
2023-12-14,S004,P0006,127,122.26,117.53498717345951,9.465012826540487
2023-12-15,S004,P0006,48,58.41,52.866278373469086,4.866278373469086
2023-12-16,S004,P0006,161,156.47,151.0153894116716,9.984610588328394
2023-12-17,S004,P0006,35,38.54,34.0684951263216,0.9315048736783993
2023-12-18,S004,P0006,12,7.93,8.538153496056662,3.461846503943338
2023-12-19,S004,P0006,68,73.59,68.18829143353383,0.18829143353383415
2023-12-20,S004,P0006,168,186.78,181.9175320869199,13.917532086919891
2023-12-21,S004,P0006,49,49.72,44.858830177658575,4.141169822341425
2023-12-22,S004,P0006,252,252.0,246.63707048070273,5.362929519297268
2023-12-23,S004,P0006,78,78.78,72.54214627346697,5.457853726533031
2023-12-24,S004,P0006,23,15.86,12.437674538497937,10.562325461502063
2023-12-25,S004,P0006,56,52.1,46.24730670224787,9.752693297752131
2023-12-26,S004,P0006,164,154.16,148.6265711207812,15.373428879218807
2023-12-27,S004,P0006,246,245.3,238.84913450446047,7.150865495539534
2023-12-28,S004,P0006,356,349.3,343.80460206532507,12.19539793467493
2023-12-29,S004,P0006,192,206.26,201.46240601001045,9.462406010010454
2023-12-30,S004,P0006,11,28.2,23.430481202327435,12.430481202327435
2023-12-31,S004,P0006,101,109.34,104.22162614875901,3.2216261487590145
2024-01-01,S004,P0006,195,204.6,199.2462663983997,4.246266398399712
2023-09-18,S004,P0007,173,168.31,163.1205732184717,9.87942678152831
2023-09-19,S004,P0007,86,98.71,92.46675292881022,6.466752928810223
2023-09-20,S004,P0007,167,185.08,180.19341133345895,13.193411333458954
2023-09-21,S004,P0007,386,405.36,398.8283686218038,12.828368621803804
2023-09-22,S004,P0007,31,40.25,35.51109995571933,4.511099955719331
2023-09-23,S004,P0007,88,106.77,100.49766838062806,12.497668380628056
2023-09-24,S004,P0007,235,249.56,243.8709824093033,8.87098240930331
2023-09-25,S004,P0007,112,114.18,107.54910969941594,4.450890300584064
2023-09-26,S004,P0007,216,235.44,231.720435304094,15.720435304093996
2023-09-27,S004,P0007,5,1.37,5.710698271622161,0.710698271622161
2023-09-28,S004,P0007,325,315.72,310.97668846118387,14.023311538816131
2023-09-29,S004,P0007,127,123.02,117.52819351007457,9.471806489925427
2023-09-30,S004,P0007,51,53.06,48.14297710159648,2.857022898403521
2023-10-01,S004,P0007,35,52.41,47.57418871928586,12.574188719285857
2023-10-02,S004,P0007,3,6.61,8.263722096193202,5.263722096193202
2023-10-03,S004,P0007,53,62.0,56.709044444334886,3.709044444334886
2023-10-04,S004,P0007,226,234.32,229.5618732522783,3.5618732522783034
2023-10-05,S004,P0007,175,189.18,184.72333548620273,9.723335486202728
2023-10-06,S004,P0007,382,401.4,397.9287673068975,15.928767306897498
2023-10-07,S004,P0007,32,48.27,43.73170504954025,11.731705049540253
2023-10-08,S004,P0007,348,344.39,337.6785414351798,10.321458564820205
2023-10-09,S004,P0007,65,73.59,68.77768761604668,3.777687616046677
2023-10-10,S004,P0007,171,177.92,172.14723646238807,1.147236462388065
2023-10-11,S004,P0007,158,150.12,144.63346334261422,13.36653665738578
2023-10-12,S004,P0007,1,-8.42,2.003115334602807,1.003115334602807
2023-10-13,S004,P0007,175,186.19,181.50807002254635,6.508070022546349
2023-10-14,S004,P0007,187,193.3,186.07364716974013,0.9263528302598729
2023-10-15,S004,P0007,210,206.55,202.15567358491742,7.844326415082577
2023-10-16,S004,P0007,25,42.26,36.89005031350896,11.890050313508958
2023-10-17,S004,P0007,219,231.32,224.64824497484824,5.6482449748482395
2023-10-18,S004,P0007,20,18.75,14.657311662399653,5.342688337600347
2023-10-19,S004,P0007,204,214.94,209.2363205862398,5.236320586239799
2023-10-20,S004,P0007,411,402.1,396.8211843400402,14.17881565995981
2023-10-21,S004,P0007,36,55.58,50.10227593019248,14.102275930192476
2023-10-22,S004,P0007,23,14.15,12.458250961881825,10.541749038118175
2023-10-23,S004,P0007,160,159.2,152.40195125387692,7.598048746123084
2023-10-24,S004,P0007,41,33.56,29.369813007035596,11.630186992964404
2023-10-25,S004,P0007,114,120.74,114.90332456334444,0.9033245633444409
2023-10-26,S004,P0007,27,25.93,21.63666495094143,5.36333504905857
2023-10-27,S004,P0007,33,47.07,41.29083503885967,8.290835038859669
2023-10-28,S004,P0007,117,122.48,117.03512190648053,0.03512190648052638
2023-10-29,S004,P0007,103,122.45,117.20153571695147,14.201535716951469
2023-10-30,S004,P0007,123,118.22,112.47763755746767,10.522362442532327
2023-10-31,S004,P0007,87,103.99,99.40142639276183,12.401426392761834
2023-11-01,S004,P0007,219,226.45,221.70242619779182,2.702426197791823
2023-11-02,S004,P0007,155,150.83,145.93495034346688,9.06504965653312
2023-11-03,S004,P0007,256,252.84,247.9623905319013,8.037609468098708
2023-11-04,S004,P0007,117,121.59,117.10561359855384,0.10561359855384467
2023-11-05,S004,P0007,260,261.03,255.49560312851185,4.504396871488154
2023-11-06,S004,P0007,32,27.34,22.561772163782614,9.438227836217386
2023-11-07,S004,P0007,83,86.78,81.33136129607476,1.6686387039252395
2023-11-08,S004,P0007,22,40.88,36.6994327852483,14.699432785248298
2023-11-09,S004,P0007,72,66.18,61.029952068150955,10.970047931849045
2023-11-10,S004,P0007,320,317.46,310.8170214562072,9.182978543792785
2023-11-11,S004,P0007,297,296.93,291.8973468269853,5.102653173014687
2023-11-12,S004,P0007,76,92.27,86.36988116833905,10.369881168339049
2023-11-13,S004,P0007,50,50.98,45.44121338894345,4.558786611056547
2023-11-14,S004,P0007,11,29.83,25.145358345874023,14.145358345874023
2023-11-15,S004,P0007,68,70.92,65.26163281337885,2.738367186621147
2023-11-16,S004,P0007,107,124.87,118.60466977698317,11.604669776983172
2023-11-17,S004,P0007,52,71.72,66.06950126620075,14.069501266200746
2023-11-18,S004,P0007,18,32.63,27.583616451816937,9.583616451816937
2023-11-19,S004,P0007,212,209.49,204.86103127403902,7.138968725960979
2023-11-20,S004,P0007,39,43.9,38.6465227196775,0.35347728032250103
2023-11-21,S004,P0007,13,18.52,13.195427592104384,0.19542759210438376
2023-11-22,S004,P0007,41,33.64,28.58173240714953,12.41826759285047
2023-11-23,S004,P0007,128,120.76,115.04489019709814,12.955109802901859
2023-11-24,S004,P0007,27,44.66,39.182931641542524,12.182931641542524
2023-11-25,S004,P0007,186,180.96,175.4639997524713,10.536000247528705
2023-11-26,S004,P0007,158,159.62,153.7308359418676,4.2691640581323895
2023-11-27,S004,P0007,40,54.87,49.93400372607144,9.934003726071438
2023-11-28,S004,P0007,26,19.64,14.616519053670917,11.383480946329083
2023-11-29,S004,P0007,160,171.64,166.16258768953367,6.162587689533666
2023-11-30,S004,P0007,88,88.09,83.299935172758,4.700064827242002
2023-12-01,S004,P0007,81,80.21,74.67039467168406,6.329605328315935
2023-12-02,S004,P0007,264,277.57,271.54420528309714,7.544205283097142
2023-12-03,S004,P0007,66,56.36,51.82783466717927,14.172165332820732
2023-12-04,S004,P0007,60,72.52,67.13946249789782,7.139462497897824
2023-12-05,S004,P0007,335,338.92,334.05198295220697,0.9480170477930301
2023-12-06,S004,P0007,168,185.08,180.4993062982141,12.499306298214094
2023-12-07,S004,P0007,187,198.3,191.8033584545288,4.803358454528791
2023-12-08,S004,P0007,38,28.61,23.463639173634725,14.536360826365275
2023-12-09,S004,P0007,65,59.05,53.842672278898384,11.157327721101616
2023-12-10,S004,P0007,60,70.25,64.50586542811021,4.505865428110212
2023-12-11,S004,P0007,271,270.69,265.466989282169,5.533010717831019
2023-12-12,S004,P0007,52,65.58,61.08087326894089,9.080873268940891
2023-12-13,S004,P0007,31,44.86,39.9105699194585,8.910569919458503
2023-12-14,S004,P0007,67,61.57,56.46051106792682,10.539488932073183
2023-12-15,S004,P0007,117,116.83,112.16681840140794,4.833181598592063
2023-12-16,S004,P0007,353,344.93,338.7798960173373,14.220103982662692
2023-12-17,S004,P0007,79,88.89,82.44936759008539,3.4493675900853873
2023-12-18,S004,P0007,193,206.94,202.18639874356876,9.186398743568759
2023-12-19,S004,P0007,62,77.33,71.50345162567983,9.50345162567983
2023-12-20,S004,P0007,96,105.51,99.76076495796394,3.760764957963943
2023-12-21,S004,P0007,11,8.47,9.03478842040574,1.9652115795942606
2023-12-22,S004,P0007,217,212.64,207.03731712351626,9.96268287648374
2023-12-23,S004,P0007,10,26.5,22.262633485254163,12.262633485254163
2023-12-24,S004,P0007,4,-2.85,4.615501977108999,0.6155019771089991
2023-12-25,S004,P0007,24,28.92,23.572759626216083,0.427240373783917
2023-12-26,S004,P0007,89,88.83,83.88415717206689,5.115842827933108
2023-12-27,S004,P0007,116,110.55,105.52428936006126,10.47571063993874
2023-12-28,S004,P0007,337,353.54,348.94864039862085,11.948640398620853
2023-12-29,S004,P0007,152,163.88,158.3363179442728,6.336317944272793
2023-12-30,S004,P0007,247,245.64,239.42378277833186,7.576217221668145
2023-12-31,S004,P0007,83,77.41,71.50003799621008,11.499962003789918
2024-01-01,S004,P0007,117,116.06,111.57534092838594,5.424659071614059
2023-09-18,S004,P0008,98,103.45,98.7144802125019,0.714480212501897
2023-09-19,S004,P0008,201,198.41,192.39401550554263,8.605984494457374
2023-09-20,S004,P0008,218,218.81,212.79191984213782,5.2080801578621845
2023-09-21,S004,P0008,54,61.01,57.12075446027403,3.1207544602740285
2023-09-22,S004,P0008,27,42.73,37.964959477530314,10.964959477530314
2023-09-23,S004,P0008,142,148.2,142.81342103706248,0.8134210370624828
2023-09-24,S004,P0008,137,135.25,129.29725152396367,7.702748476036334
2023-09-25,S004,P0008,39,38.05,33.383750706218564,5.616249293781436
2023-09-26,S004,P0008,65,74.75,68.87389091054524,3.873890910545242
2023-09-27,S004,P0008,63,82.79,77.67890804296536,14.678908042965361
2023-09-28,S004,P0008,22,35.23,30.008298102870597,8.008298102870597
2023-09-29,S004,P0008,6,2.72,6.927046426253316,0.927046426253316
2023-09-30,S004,P0008,334,352.62,348.5977310659631,14.597731065963103
2023-10-01,S004,P0008,48,38.56,33.478301218216416,14.521698781783584
2023-10-02,S004,P0008,116,109.49,103.73294298867089,12.267057011329115
2023-10-03,S004,P0008,74,64.01,58.538958132422216,15.461041867577784
2023-10-04,S004,P0008,223,228.34,223.52612716524408,0.5261271652440769
2023-10-05,S004,P0008,69,69.95,64.70146580471804,4.29853419528196
2023-10-06,S004,P0008,34,36.04,30.464070656789225,3.535929343210775
2023-10-07,S004,P0008,128,122.7,117.95695943716427,10.043040562835728
2023-10-08,S004,P0008,2,17.33,13.185178715945403,11.185178715945403
2023-10-09,S004,P0008,210,216.57,211.83677661538812,1.8367766153881178
2023-10-10,S004,P0008,60,77.23,71.16998579171948,11.169985791719483
2023-10-11,S004,P0008,86,86.41,81.34729925935751,4.652700740642487
2023-10-12,S004,P0008,66,70.31,64.61458303768632,1.385416962313684
2023-10-13,S004,P0008,122,123.64,117.15252370364684,4.847476296353165
2023-10-14,S004,P0008,64,59.14,54.66075725805219,9.339242741947807
2023-10-15,S004,P0008,105,99.1,94.05256166590061,10.947438334099388
2023-10-16,S004,P0008,47,50.35,45.00738683414494,1.9926131658550617
2023-10-17,S004,P0008,266,283.37,279.9138164176963,13.913816417696296
2023-10-18,S004,P0008,23,28.19,23.807227896296702,0.8072278962967019
2023-10-19,S004,P0008,267,282.56,276.36945385285713,9.369453852857134
2023-10-20,S004,P0008,130,146.39,140.97174012367867,10.971740123678671
2023-10-21,S004,P0008,198,205.49,199.45729493082916,1.457294930829164
2023-10-22,S004,P0008,44,61.77,55.72169294435302,11.721692944353023
2023-10-23,S004,P0008,132,131.96,125.39611605701158,6.603883942988418
2023-10-24,S004,P0008,375,372.43,365.28109244548216,9.718907554517841
2023-10-25,S004,P0008,198,189.62,184.3441381194105,13.655861880589498
2023-10-26,S004,P0008,3,10.61,10.298324891707164,7.298324891707164
2023-10-27,S004,P0008,262,271.18,266.2361961187746,4.236196118774615
2023-10-28,S004,P0008,14,12.54,11.804837481171795,2.195162518828205
2023-10-29,S004,P0008,72,81.44,75.26014056135301,3.260140561353012
2023-10-30,S004,P0008,3,-0.67,4.699864179265733,1.6998641792657327
2023-10-31,S004,P0008,56,70.62,65.32140514089654,9.321405140896545
2023-11-01,S004,P0008,16,32.2,28.089844338672947,12.089844338672947
2023-11-02,S004,P0008,190,186.84,181.81812082544116,8.181879174558844
2023-11-03,S004,P0008,5,1.13,5.584569830302843,0.5845698303028426
2023-11-04,S004,P0008,163,167.3,162.49622183496382,0.5037781650361808
2023-11-05,S004,P0008,25,43.49,39.42296771466884,14.422967714668843
2023-11-06,S004,P0008,240,244.76,238.1041335684854,1.8958664315146052
2023-11-07,S004,P0008,157,165.29,161.17562435838218,4.17562435838218
2023-11-08,S004,P0008,241,258.02,252.19201673388187,11.192016733881871
2023-11-09,S004,P0008,301,293.54,289.83967186137386,11.160328138626141
2023-11-10,S004,P0008,126,143.03,136.9664492862463,10.966449286246302
2023-11-11,S004,P0008,63,67.07,60.541138644987385,2.4588613550126155
2023-11-12,S004,P0008,151,163.74,158.54610905854676,7.546109058546762
2023-11-13,S004,P0008,267,259.51,253.17558676383942,13.82441323616058
2023-11-14,S004,P0008,118,110.99,106.02027577354079,11.979724226459211
2023-11-15,S004,P0008,159,177.62,171.13908385396886,12.139083853968856
2023-11-16,S004,P0008,215,223.05,217.74260603636816,2.7426060363681586
2023-11-17,S004,P0008,34,33.11,28.925114154336953,5.074885845663047
2023-11-18,S004,P0008,407,398.98,397.6780545817631,9.321945418236908
2023-11-19,S004,P0008,12,22.24,17.87213374516577,5.872133745165769
2023-11-20,S004,P0008,120,119.94,114.22173647322003,5.778263526779966
2023-11-21,S004,P0008,156,169.8,164.26077735385303,8.26077735385303
2023-11-22,S004,P0008,210,210.59,205.21658640822457,4.783413591775428
2023-11-23,S004,P0008,261,253.61,247.90818366719628,13.091816332803717
2023-11-24,S004,P0008,27,28.04,23.674212551566516,3.325787448433484
2023-11-25,S004,P0008,272,279.19,273.24287347019026,1.2428734701902613
2023-11-26,S004,P0008,92,93.96,87.915041015202,4.084958984798007
2023-11-27,S004,P0008,99,105.82,100.43585408663307,1.4358540866330713
2023-11-28,S004,P0008,77,86.89,81.89234402721873,4.892344027218726
2023-11-29,S004,P0008,103,110.29,105.10660035832305,2.1066003583230497
2023-11-30,S004,P0008,168,175.54,169.74982816722468,1.7498281672246776
2023-12-01,S004,P0008,93,107.21,101.70087025450371,8.700870254503712
2023-12-02,S004,P0008,239,253.43,248.83262269281818,9.832622692818177
2023-12-03,S004,P0008,186,183.54,178.4523050104709,7.547694989529106
2023-12-04,S004,P0008,27,46.78,41.6469409746327,14.646940974632699
2023-12-05,S004,P0008,121,118.34,112.12182682500458,8.878173174995425
2023-12-06,S004,P0008,330,338.81,333.1661703694225,3.1661703694225025
2023-12-07,S004,P0008,426,436.19,432.099228976075,6.099228976074983
2023-12-08,S004,P0008,378,380.63,373.54405322793735,4.455946772062646
2023-12-09,S004,P0008,94,93.19,86.81602622419425,7.183973775805754
2023-12-10,S004,P0008,31,45.59,40.500452768384896,9.500452768384896
2023-12-11,S004,P0008,19,27.79,22.571641324202346,3.5716413242023464
2023-12-12,S004,P0008,129,144.83,138.10585098027158,9.105850980271583
2023-12-13,S004,P0008,42,46.93,42.49336746369519,0.49336746369519346
2023-12-14,S004,P0008,108,126.63,121.10268396404257,13.10268396404257
2023-12-15,S004,P0008,61,62.38,57.27889909185437,3.7211009081456297
2023-12-16,S004,P0008,243,245.69,240.03634604079838,2.963653959201622
2023-12-17,S004,P0008,148,140.22,135.82008648714867,12.179913512851329
2023-12-18,S004,P0008,158,149.33,144.46609395652564,13.53390604347436
2023-12-19,S004,P0008,166,158.23,151.92032601333386,14.079673986666137
2023-12-20,S004,P0008,92,110.28,104.55292145115813,12.552921451158127
2023-12-21,S004,P0008,229,224.38,220.10829785983577,8.891702140164227
2023-12-22,S004,P0008,144,140.6,135.4804851354773,8.519514864522705
2023-12-23,S004,P0008,65,81.54,76.55359810054803,11.55359810054803
2023-12-24,S004,P0008,248,260.74,255.6198651128072,7.61986511280719
2023-12-25,S004,P0008,110,100.26,94.05645499203706,15.943545007962939
2023-12-26,S004,P0008,309,309.59,302.64418118444894,6.355818815551061
2023-12-27,S004,P0008,441,435.81,431.80914443097436,9.190855569025643
2023-12-28,S004,P0008,105,104.03,98.46398933348645,6.536010666513548
2023-12-29,S004,P0008,71,79.29,73.0967646910483,2.096764691048307
2023-12-30,S004,P0008,188,205.62,201.43528208306117,13.435282083061168
2023-12-31,S004,P0008,55,46.23,41.703574495963636,13.296425504036364
2024-01-01,S004,P0008,365,368.91,364.64508823449194,0.3549117655080636
2023-09-18,S004,P0009,87,86.86,81.6326948942188,5.367305105781199
2023-09-19,S004,P0009,18,28.4,23.414029142190586,5.414029142190586
2023-09-20,S004,P0009,92,91.2,85.91194757058051,6.088052429419491
2023-09-21,S004,P0009,62,56.15,51.52383866188837,10.47616133811163
2023-09-22,S004,P0009,69,85.76,80.82754355885625,11.827543558856249
2023-09-23,S004,P0009,95,85.95,81.17878545613898,13.821214543861018
2023-09-24,S004,P0009,56,72.55,68.17293317552353,12.172933175523525
2023-09-25,S004,P0009,198,203.12,197.67144435589182,0.32855564410817806
2023-09-26,S004,P0009,59,71.94,65.56776023620998,6.567760236209978
2023-09-27,S004,P0009,105,112.84,108.26578702260241,3.26578702260241
2023-09-28,S004,P0009,2,-6.83,2.6503437425341154,0.6503437425341154
2023-09-29,S004,P0009,338,343.03,337.84407247470233,0.1559275252976704
2023-09-30,S004,P0009,44,54.38,49.31501167399615,5.315011673996153
2023-10-01,S004,P0009,58,59.46,54.40575780348344,3.5942421965165607
2023-10-02,S004,P0009,230,221.52,215.5338508826166,14.466149117383395
2023-10-03,S004,P0009,117,108.33,103.80160607123972,13.198393928760282
2023-10-04,S004,P0009,147,153.38,146.9151751220996,0.08482487790038817
2023-10-05,S004,P0009,66,60.39,55.61753324523619,10.382466754763811
2023-10-06,S004,P0009,18,9.9,9.255261744769129,8.744738255230871
2023-10-07,S004,P0009,61,54.46,49.83475570696665,11.165244293033354
2023-10-08,S004,P0009,135,154.97,149.72836766845563,14.728367668455633
2023-10-09,S004,P0009,147,154.37,148.99278708975243,1.9927870897524258
2023-10-10,S004,P0009,220,232.39,227.08285507880913,7.082855078809132
2023-10-11,S004,P0009,56,74.07,68.22057753198186,12.22057753198186
2023-10-12,S004,P0009,45,47.06,42.04484411858912,2.9551558814108816
2023-10-13,S004,P0009,255,262.64,256.8075777716035,1.807577771603519
2023-10-14,S004,P0009,226,224.85,221.33029423770148,4.66970576229852
2023-10-15,S004,P0009,339,346.33,338.45723314875687,0.5427668512431296
2023-10-16,S004,P0009,228,218.51,213.19613418074516,14.803865819254838
2023-10-17,S004,P0009,35,38.35,34.13498268458113,0.8650173154188678
2023-10-18,S004,P0009,474,481.23,471.66919441109917,2.33080558890083
2023-10-19,S004,P0009,90,103.89,98.90473182938739,8.904731829387387
2023-10-20,S004,P0009,34,36.31,31.06184472060582,2.9381552793941808
2023-10-21,S004,P0009,179,194.77,187.69646397971684,8.696463979716839
2023-10-22,S004,P0009,74,90.93,86.16623236946853,12.166232369468531
2023-10-23,S004,P0009,45,47.01,42.18780445910768,2.8121955408923185
2023-10-24,S004,P0009,362,364.53,359.3158021081961,2.6841978918038762
2023-10-25,S004,P0009,30,31.46,27.688561751885537,2.311438248114463
2023-10-26,S004,P0009,57,64.06,58.708224212318925,1.7082242123189246
2023-10-27,S004,P0009,107,119.93,114.23910344574794,7.2391034457479435
2023-10-28,S004,P0009,129,144.51,139.13467305208658,10.134673052086583
2023-10-29,S004,P0009,1,0.94,5.7458157817001805,4.7458157817001805
2023-10-30,S004,P0009,69,70.34,64.26559192783198,4.734408072168023
2023-10-31,S004,P0009,339,346.34,339.2013071138075,0.201307113807502
2023-11-01,S004,P0009,50,55.13,49.68708441580739,0.31291558419260923
2023-11-02,S004,P0009,107,125.13,119.70170951159872,12.701709511598722
2023-11-03,S004,P0009,401,420.14,414.4545722639848,13.4545722639848
2023-11-04,S004,P0009,344,352.88,349.2586162793642,5.258616279364219
2023-11-05,S004,P0009,218,216.49,211.3464489175716,6.653551082428407
2023-11-06,S004,P0009,81,76.28,71.19396033994943,9.806039660050573
2023-11-07,S004,P0009,74,89.36,84.84081584978523,10.84081584978523
2023-11-08,S004,P0009,40,59.03,53.33260749450554,13.332607494505538
2023-11-09,S004,P0009,239,248.97,241.60787852971538,2.6078785297153786
2023-11-10,S004,P0009,417,411.75,406.2665228505697,10.733477149430314
2023-11-11,S004,P0009,48,44.23,39.170118701716866,8.829881298283134
2023-11-12,S004,P0009,11,26.22,22.546755676296748,11.546755676296748
2023-11-13,S004,P0009,159,171.83,166.59345645868524,7.593456458685239
2023-11-14,S004,P0009,228,220.08,215.13907381190617,12.860926188093828
2023-11-15,S004,P0009,128,145.68,140.68485990872512,12.684859908725116
2023-11-16,S004,P0009,6,22.14,17.897862367358208,11.897862367358208
2023-11-17,S004,P0009,89,104.14,99.20882044941368,10.208820449413679
2023-11-18,S004,P0009,44,48.49,43.5165696496415,0.48343035035850335
2023-11-19,S004,P0009,329,319.06,314.64337492240617,14.356625077593833
2023-11-20,S004,P0009,254,268.65,264.1079523242037,10.107952324203723
2023-11-21,S004,P0009,193,187.38,181.16204116091166,11.837958839088344
2023-11-22,S004,P0009,2,-5.22,2.926642548553926,0.926642548553926
2023-11-23,S004,P0009,11,10.7,10.128974748974105,0.8710252510258947
2023-11-24,S004,P0009,81,98.91,93.70660093600998,12.706600936009977
2023-11-25,S004,P0009,69,86.15,80.77163075537288,11.771630755372883
2023-11-26,S004,P0009,56,58.0,53.59795966797175,2.4020403320282497
2023-11-27,S004,P0009,59,74.59,68.76697052842061,9.766970528420615
2023-11-28,S004,P0009,64,79.24,73.23595476198315,9.235954761983152
2023-11-29,S004,P0009,8,3.25,6.589045724136122,1.4109542758638778
2023-11-30,S004,P0009,245,258.52,252.1732261395532,7.173226139553208
2023-12-01,S004,P0009,223,227.45,223.09321816030996,0.09321816030995933
2023-12-02,S004,P0009,64,69.95,64.48384395415209,0.4838439541520927
2023-12-03,S004,P0009,120,116.08,112.15464733047283,7.845352669527173
2023-12-04,S004,P0009,345,351.2,343.60320417713893,1.3967958228610655
2023-12-05,S004,P0009,25,44.35,39.4020561901563,14.402056190156301
2023-12-06,S004,P0009,441,441.32,433.30150013819207,7.698499861807932
2023-12-07,S004,P0009,133,134.03,129.25940328842006,3.74059671157994
2023-12-08,S004,P0009,377,386.48,381.11350011972826,4.113500119728258
2023-12-09,S004,P0009,4,-2.04,4.517226870575439,0.5172268705754393
2023-12-10,S004,P0009,31,23.12,18.110931355246095,12.889068644753905
2023-12-11,S004,P0009,434,449.59,447.358724082511,13.358724082511003
2023-12-12,S004,P0009,172,189.97,184.0104462791409,12.010446279140893
2023-12-13,S004,P0009,222,221.7,215.92193909557778,6.078060904422216
2023-12-14,S004,P0009,236,230.66,224.19554104686506,11.80445895313494
2023-12-15,S004,P0009,16,18.94,15.148357194424001,0.8516428055759988
2023-12-16,S004,P0009,108,125.25,120.42521101922775,12.425211019227746
2023-12-17,S004,P0009,362,373.45,369.61111801736536,7.6111180173653565
2023-12-18,S004,P0009,74,87.19,82.64827937767305,8.648279377673049
2023-12-19,S004,P0009,245,237.24,231.9365433382588,13.063456661741213
2023-12-20,S004,P0009,32,44.95,40.93588215012659,8.935882150126588
2023-12-21,S004,P0009,165,180.26,175.0736605685115,10.073660568511514
2023-12-22,S004,P0009,37,43.96,39.59585557619441,2.5958555761944098
2023-12-23,S004,P0009,57,52.07,46.6773814028942,10.322618597105802
2023-12-24,S004,P0009,201,191.24,185.97348366228093,15.026516337719073
2023-12-25,S004,P0009,157,149.32,144.87446152160712,12.125538478392883
2023-12-26,S004,P0009,177,192.1,186.23604725011694,9.23604725011694
2023-12-27,S004,P0009,96,104.12,98.40247808764215,2.4024780876421516
2023-12-28,S004,P0009,147,159.06,152.65934644546866,5.659346445468657
2023-12-29,S004,P0009,73,80.5,74.84604412374367,1.8460441237436669
2023-12-30,S004,P0009,116,132.51,126.34511878105423,10.345118781054225
2023-12-31,S004,P0009,240,243.74,238.42179529401108,1.5782047059889237
2024-01-01,S004,P0009,47,66.94,60.78472703609778,13.784727036097777
2023-09-18,S004,P0010,89,100.72,95.26784304403712,6.267843044037122
2023-09-19,S004,P0010,8,17.93,13.47664160275161,5.476641602751609
2023-09-20,S004,P0010,308,324.47,318.11674274083697,10.116742740836969
2023-09-21,S004,P0010,222,228.14,223.0767338209326,1.0767338209325885
2023-09-22,S004,P0010,38,49.33,44.68432121611312,6.684321216113119
2023-09-23,S004,P0010,82,83.25,77.4105478932036,4.589452106796401
2023-09-24,S004,P0010,80,72.23,66.92917987891593,13.070820121084068
2023-09-25,S004,P0010,64,63.46,58.06633577889887,5.933664221101132
2023-09-26,S004,P0010,113,114.01,108.88130462242786,4.118695377572138
2023-09-27,S004,P0010,97,109.36,103.92815618322305,6.928156183223052
2023-09-28,S004,P0010,230,239.02,234.1838618240938,4.18386182409381
2023-09-29,S004,P0010,31,21.87,16.278929100281243,14.721070899718757
2023-09-30,S004,P0010,105,124.23,117.72791667782884,12.727916677828844
2023-10-01,S004,P0010,61,69.35,63.9270488505004,2.927048850500398
2023-10-02,S004,P0010,103,113.65,108.58564247276965,5.585642472769649
2023-10-03,S004,P0010,228,235.71,231.53904090637852,3.539040906378517
2023-10-04,S004,P0010,126,117.75,112.74293963914077,13.257060360859228
2023-10-05,S004,P0010,117,119.12,113.56833699063293,3.431663009367071
2023-10-06,S004,P0010,2,-4.49,2.9323331434819453,0.9323331434819453
2023-10-07,S004,P0010,20,26.16,21.032383989607297,1.0323839896072968
2023-10-08,S004,P0010,57,57.11,52.12700936761075,4.8729906323892465
2023-10-09,S004,P0010,239,249.65,244.92361673024348,5.923616730243481
2023-10-10,S004,P0010,37,53.81,49.70377956777248,12.703779567772479
2023-10-11,S004,P0010,226,233.54,227.99861780190315,1.9986178019031513
2023-10-12,S004,P0010,180,193.51,188.00906099807906,8.009060998079065
2023-10-13,S004,P0010,12,23.92,18.362156978504043,6.362156978504043
2023-10-14,S004,P0010,97,106.71,100.5467139502802,3.546713950280207
2023-10-15,S004,P0010,139,157.12,152.58428436268767,13.584284362687669
2023-10-16,S004,P0010,30,48.19,43.08093175880603,13.080931758806031
2023-10-17,S004,P0010,158,167.13,162.8132368953536,4.8132368953536115
2023-10-18,S004,P0010,319,331.91,326.68726153085794,7.687261530857938
2023-10-19,S004,P0010,127,138.43,132.4463536773963,5.446353677396303
2023-10-20,S004,P0010,137,135.79,129.75059342207254,7.249406577927459
2023-10-21,S004,P0010,172,165.18,160.20786412857322,11.79213587142678
2023-10-22,S004,P0010,34,40.8,35.43986966990231,1.4398696699023077
2023-10-23,S004,P0010,29,36.63,31.652440381586153,2.6524403815861533
2023-10-24,S004,P0010,80,91.51,86.14460723901466,6.144607239014661
2023-10-25,S004,P0010,217,223.15,217.67476845475323,0.6747684547532344
2023-10-26,S004,P0010,129,145.47,140.37700408439179,11.377004084391785
2023-10-27,S004,P0010,117,114.92,108.17969199652113,8.820308003478871
2023-10-28,S004,P0010,165,175.12,169.92785603979388,4.92785603979388
2023-10-29,S004,P0010,71,67.68,61.79652977606818,9.203470223931816
2023-10-30,S004,P0010,81,82.79,77.52168561197387,3.478314388026135
2023-10-31,S004,P0010,34,36.33,30.53518807191199,3.464811928088011
2023-11-01,S004,P0010,198,188.77,184.8615493552491,13.13845064475089
2023-11-02,S004,P0010,52,61.18,55.06845096238483,3.06845096238483
2023-11-03,S004,P0010,205,219.25,213.37347441794063,8.373474417940628
2023-11-04,S004,P0010,63,63.46,58.07312996477138,4.926870035228617
2023-11-05,S004,P0010,291,305.39,300.0878200715889,9.087820071588908
2023-11-06,S004,P0010,19,33.1,28.96574097504804,9.965740975048039
2023-11-07,S004,P0010,4,22.82,16.875893072521162,12.875893072521162
2023-11-08,S004,P0010,86,102.85,96.91175315285209,10.911753152852086
2023-11-09,S004,P0010,50,56.93,52.085151569412446,2.085151569412446
2023-11-10,S004,P0010,3,10.24,9.92086349959143,6.92086349959143
2023-11-11,S004,P0010,43,49.57,45.29358779670475,2.293587796704749
2023-11-12,S004,P0010,16,13.37,11.959186448248087,4.0408135517519135
2023-11-13,S004,P0010,135,135.97,129.4763207964861,5.523679203513893
2023-11-14,S004,P0010,58,49.62,44.593907501476544,13.406092498523456
2023-11-15,S004,P0010,75,74.53,68.02508598594662,6.9749140140533825
2023-11-16,S004,P0010,6,3.94,6.627134923011807,0.6271349230118073
2023-11-17,S004,P0010,186,189.27,184.3113615272656,1.6886384727343966
2023-11-18,S004,P0010,27,20.05,15.899576355439326,11.100423644560674
2023-11-19,S004,P0010,150,140.24,135.00027521838766,14.999724781612343
2023-11-20,S004,P0010,256,273.45,268.42752651021243,12.42752651021243
2023-11-21,S004,P0010,17,36.68,31.24065256343885,14.24065256343885
2023-11-22,S004,P0010,401,410.19,407.1515992835871,6.151599283587075
2023-11-23,S004,P0010,31,48.75,44.190209882668455,13.190209882668455
2023-11-24,S004,P0010,27,42.29,36.865541384057025,9.865541384057025
2023-11-25,S004,P0010,98,111.53,106.26318070005577,8.26318070005577
2023-11-26,S004,P0010,340,356.38,350.362649980366,10.362649980365973
2023-11-27,S004,P0010,134,131.87,125.99177858064176,8.008221419358236
2023-11-28,S004,P0010,103,97.4,91.77418467421039,11.225815325789611
2023-11-29,S004,P0010,111,115.26,109.63092807680582,1.3690719231941841
2023-11-30,S004,P0010,108,126.29,119.95577068030352,11.955770680303516
2023-12-01,S004,P0010,60,69.39,64.19951220385425,4.199512203854255
2023-12-02,S004,P0010,258,268.8,264.3541026615168,6.354102661516777
2023-12-03,S004,P0010,78,74.61,68.80038093314079,9.199619066859213
2023-12-04,S004,P0010,74,77.47,71.60640594443888,2.393594055561124
2023-12-05,S004,P0010,340,344.99,338.6385963991955,1.3614036008045218
2023-12-06,S004,P0010,36,39.97,35.94230244760945,0.0576975523905503
2023-12-07,S004,P0010,59,54.4,50.742365336519455,8.257634663480545
2023-12-08,S004,P0010,182,181.12,175.59214599469124,6.407854005308764
2023-12-09,S004,P0010,309,316.27,310.31265300767916,1.3126530076791596
2023-12-10,S004,P0010,77,78.12,73.16046034157745,3.8395396584225523
2023-12-11,S004,P0010,9,0.38,5.5448043381790395,3.4551956618209605
2023-12-12,S004,P0010,23,33.79,28.736821761020174,5.736821761020174
2023-12-13,S004,P0010,304,322.74,317.9576904379268,13.957690437926772
2023-12-14,S004,P0010,311,316.48,310.88769311309346,0.11230688690653778
2023-12-15,S004,P0010,81,90.41,84.79864373344475,3.7986437334447487
2023-12-16,S004,P0010,94,84.77,79.45669120125548,14.543308798744519
2023-12-17,S004,P0010,58,53.04,48.34472849562992,9.655271504370077
2023-12-18,S004,P0010,217,225.6,220.4702137526553,3.4702137526552974
2023-12-19,S004,P0010,91,86.25,81.05325413574074,9.946745864259256
2023-12-20,S004,P0010,205,199.2,193.39033353073938,11.609666469260617
2023-12-21,S004,P0010,11,1.45,5.855431405200901,5.144568594799099
2023-12-22,S004,P0010,115,132.95,126.64568030280643,11.645680302806426
2023-12-23,S004,P0010,310,313.5,305.99153788816477,4.008462111835229
2023-12-24,S004,P0010,79,82.16,76.88093676320788,2.1190632367921154
2023-12-25,S004,P0010,18,21.29,15.821551938668753,2.178448061331247
2023-12-26,S004,P0010,126,125.16,119.37199648210841,6.628003517891585
2023-12-27,S004,P0010,61,63.66,57.832744492008395,3.167255507991605
2023-12-28,S004,P0010,121,128.14,121.80970671152605,0.8097067115260472
2023-12-29,S004,P0010,145,160.7,154.62699281949403,9.626992819494035
2023-12-30,S004,P0010,264,256.93,250.56514076881183,13.43485923118817
2023-12-31,S004,P0010,47,47.03,41.86049156456072,5.139508435439282
2024-01-01,S004,P0010,113,121.11,116.4803984898748,3.4803984898748013
2023-09-18,S004,P0011,124,134.93,130.4045639712223,6.404563971222302
2023-09-19,S004,P0011,245,257.72,251.3616630873609,6.36166308736091
2023-09-20,S004,P0011,8,20.71,15.776424784665991,7.776424784665991
2023-09-21,S004,P0011,65,74.63,69.08901602037909,4.089016020379091
2023-09-22,S004,P0011,247,239.22,233.6573523079727,13.342647692027299
2023-09-23,S004,P0011,35,47.31,42.60950712526078,7.609507125260777
2023-09-24,S004,P0011,134,138.07,132.54277847165582,1.4572215283441778
2023-09-25,S004,P0011,22,20.29,15.161083830129552,6.838916169870448
2023-09-26,S004,P0011,236,239.34,234.9832808372715,1.0167191627284922
2023-09-27,S004,P0011,135,140.82,136.01583548988754,1.015835489887536
2023-09-28,S004,P0011,143,142.77,136.2663967845408,6.733603215459198
2023-09-29,S004,P0011,0,3.33,6.910477527768979,6.910477527768979
2023-09-30,S004,P0011,153,163.02,158.13770939098077,5.137709390980774
2023-10-01,S004,P0011,27,38.74,33.99379603847473,6.993796038474727
2023-10-02,S004,P0011,128,129.0,122.98520646203873,5.014793537961268
2023-10-03,S004,P0011,352,349.07,342.8747592477941,9.125240752205912
2023-10-04,S004,P0011,55,50.27,45.39112477062457,9.608875229375428
2023-10-05,S004,P0011,445,450.55,447.7002672267024,2.700267226702408
2023-10-06,S004,P0011,6,19.48,14.47166956923445,8.47166956923445
2023-10-07,S004,P0011,136,153.31,146.91615223000213,10.916152230002126
2023-10-08,S004,P0011,190,187.31,180.73845702303643,9.261542976963568
2023-10-09,S004,P0011,101,95.24,89.58497547706376,11.415024522936235
2023-10-10,S004,P0011,268,265.31,258.23059165881955,9.769408341180451
2023-10-11,S004,P0011,90,93.04,87.15525928648368,2.844740713516316
2023-10-12,S004,P0011,35,46.77,42.006993638546774,7.006993638546774
2023-10-13,S004,P0011,443,459.31,450.83646047312607,7.836460473126067
2023-10-14,S004,P0011,62,73.03,69.47138434311654,7.47138434311654
2023-10-15,S004,P0011,107,103.2,97.89967131631539,9.100328683684609
2023-10-16,S004,P0011,357,367.89,365.92320712665844,8.92320712665844
2023-10-17,S004,P0011,150,164.81,158.5431565939516,8.543156593951608
2023-10-18,S004,P0011,198,192.74,186.31123089729618,11.688769102703816
2023-10-19,S004,P0011,3,11.33,10.466806371296453,7.466806371296453
2023-10-20,S004,P0011,204,195.19,188.3864751089627,15.613524891037287
2023-10-21,S004,P0011,435,437.63,432.42513779600324,2.5748622039967586
2023-10-22,S004,P0011,330,341.0,334.24738590815275,4.247385908152751
2023-10-23,S004,P0011,253,266.33,261.9673962897584,8.967396289758426
2023-10-24,S004,P0011,283,277.92,272.25983901509767,10.740160984902332
2023-10-25,S004,P0011,100,118.63,112.88551217710219,12.885512177102186
2023-10-26,S004,P0011,60,71.51,64.80261911813952,4.802619118139518
2023-10-27,S004,P0011,7,25.47,20.66613528463032,13.666135284630322
2023-10-28,S004,P0011,76,66.25,60.46859691182361,15.53140308817639
2023-10-29,S004,P0011,93,97.7,92.01244815538439,0.9875518446156093
2023-10-30,S004,P0011,67,65.17,59.87827727270057,7.121722727299428
2023-10-31,S004,P0011,233,229.41,223.94647042564054,9.053529574359459
2023-11-01,S004,P0011,164,163.47,158.6629185912941,5.337081408705899
2023-11-02,S004,P0011,193,189.35,183.94637002012342,9.053629979876575
2023-11-03,S004,P0011,45,64.45,58.33433725243553,13.334337252435532
2023-11-04,S004,P0011,52,63.8,58.146920538926096,6.146920538926096
2023-11-05,S004,P0011,223,241.27,236.2802505904553,13.280250590455296
2023-11-06,S004,P0011,366,369.9,364.2697550291624,1.7302449708375889
2023-11-07,S004,P0011,89,84.29,79.57236975274222,9.427630247257781
2023-11-08,S004,P0011,392,401.42,397.24485685996694,5.244856859966944
2023-11-09,S004,P0011,53,50.88,45.45615887008474,7.543841129915258
2023-11-10,S004,P0011,148,159.64,153.69706364770093,5.697063647700929
2023-11-11,S004,P0011,70,84.73,79.58670564384933,9.586705643849328
2023-11-12,S004,P0011,99,97.56,92.18026345911731,6.819736540882687
2023-11-13,S004,P0011,146,140.64,134.25258315807608,11.747416841923922
2023-11-14,S004,P0011,290,304.69,298.66149936289963,8.661499362899633
2023-11-15,S004,P0011,10,15.02,12.443872479288625,2.4438724792886255
2023-11-16,S004,P0011,245,261.42,255.57775216251747,10.57775216251747
2023-11-17,S004,P0011,249,266.35,260.69288754715984,11.692887547159842
2023-11-18,S004,P0011,71,90.37,84.50009943691464,13.500099436914638
2023-11-19,S004,P0011,29,37.22,32.20282703424988,3.2028270342498786
2023-11-20,S004,P0011,118,123.63,117.83553430153214,0.16446569846786474
2023-11-21,S004,P0011,390,401.76,397.2845850033775,7.284585003377515
2023-11-22,S004,P0011,156,164.17,158.14580875106753,2.145808751067534
2023-11-23,S004,P0011,192,211.01,205.74331403047336,13.743314030473357
2023-11-24,S004,P0011,118,130.84,124.88177339794407,6.881773397944073
2023-11-25,S004,P0011,283,298.2,291.43713213243115,8.437132132431145
2023-11-26,S004,P0011,292,295.26,289.851037118095,2.1489628819049926
2023-11-27,S004,P0011,261,277.53,271.4175618656101,10.417561865610082
2023-11-28,S004,P0011,4,4.39,6.787354232893421,2.7873542328934207
2023-11-29,S004,P0011,411,401.31,397.7780075148589,13.221992485141072
2023-11-30,S004,P0011,370,370.81,363.74746211867046,6.252537881329545
2023-12-01,S004,P0011,53,48.35,44.18259552465656,8.817404475343437
2023-12-02,S004,P0011,103,120.97,115.64649119762674,12.646491197626744
2023-12-03,S004,P0011,66,61.63,55.64404549986919,10.355954500130807
2023-12-04,S004,P0011,85,82.09,76.17915239216947,8.82084760783053
2023-12-05,S004,P0011,61,66.47,60.37485233927434,0.6251476607256592
2023-12-06,S004,P0011,266,263.32,257.2022593787749,8.797740621225103
2023-12-07,S004,P0011,18,32.14,27.328328822282916,9.328328822282916
2023-12-08,S004,P0011,201,193.09,187.05361080701462,13.946389192985379
2023-12-09,S004,P0011,101,116.0,111.92164376269443,10.92164376269443
2023-12-10,S004,P0011,22,34.17,29.586285973086326,7.586285973086326
2023-12-11,S004,P0011,125,135.25,129.9187838144021,4.918783814402104
2023-12-12,S004,P0011,213,220.75,215.50332972930465,2.503329729304653
2023-12-13,S004,P0011,50,50.83,45.214273912799875,4.785726087200125
2023-12-14,S004,P0011,349,343.1,336.9567308539241,12.043269146075886
2023-12-15,S004,P0011,51,52.28,47.17561555862203,3.8243844413779726
2023-12-16,S004,P0011,196,205.99,200.4313250993376,4.431325099337613
2023-12-17,S004,P0011,46,60.55,56.40145775293882,10.401457752938818
2023-12-18,S004,P0011,285,299.17,290.5822703377745,5.582270337774503
2023-12-19,S004,P0011,247,248.98,241.88716141299312,5.112838587006877
2023-12-20,S004,P0011,100,94.19,88.70488891241224,11.295111087587756
2023-12-21,S004,P0011,101,114.45,107.93283068949972,6.932830689499724
2023-12-22,S004,P0011,158,156.18,150.9378994881209,7.062100511879095
2023-12-23,S004,P0011,44,46.23,41.20060505758249,2.799394942417507
2023-12-24,S004,P0011,2,7.13,8.602900147442575,6.6029001474425755
2023-12-25,S004,P0011,156,167.7,162.38075415979466,6.380754159794662
2023-12-26,S004,P0011,132,148.22,143.5077544191339,11.507754419133903
2023-12-27,S004,P0011,44,43.62,38.84744307307282,5.152556926927183
2023-12-28,S004,P0011,266,257.46,250.80734756533462,15.192652434665376
2023-12-29,S004,P0011,241,231.97,226.37283847130664,14.627161528693364
2023-12-30,S004,P0011,291,285.47,279.1309039756249,11.869096024375096
2023-12-31,S004,P0011,30,44.41,39.749616978148495,9.749616978148495
2024-01-01,S004,P0011,107,123.65,118.09599713671582,11.095997136715823
2023-09-18,S004,P0012,139,138.22,132.10476597547017,6.895234024529827
2023-09-19,S004,P0012,67,71.52,66.13226292591682,0.8677370740831805
2023-09-20,S004,P0012,269,266.73,261.1569361028661,7.843063897133902
2023-09-21,S004,P0012,349,350.33,344.83116024323994,4.168839756760065
2023-09-22,S004,P0012,105,100.72,95.33384307195814,9.666156928041858
2023-09-23,S004,P0012,289,298.9,290.8569312061296,1.856931206129616
2023-09-24,S004,P0012,164,164.69,158.31779383780025,5.682206162199748
2023-09-25,S004,P0012,43,62.36,57.22273586031018,14.22273586031018
2023-09-26,S004,P0012,38,50.22,45.1328525744608,7.132852574460799
2023-09-27,S004,P0012,66,57.76,52.15516791656856,13.844832083431442
2023-09-28,S004,P0012,140,158.69,153.15033776856342,13.150337768563418
2023-09-29,S004,P0012,97,99.8,94.10587789004688,2.8941221099531163
2023-09-30,S004,P0012,326,326.35,321.06334119925964,4.936658800740361
2023-10-01,S004,P0012,377,396.4,389.24069137140555,12.240691371405546
2023-10-02,S004,P0012,132,145.93,140.37072348721645,8.370723487216452
2023-10-03,S004,P0012,55,57.79,52.43088339333706,2.569116606662938
2023-10-04,S004,P0012,266,272.01,266.61546122049003,0.6154612204900332
2023-10-05,S004,P0012,235,231.94,226.69258891230538,8.307411087694618
2023-10-06,S004,P0012,304,301.51,294.44568064269936,9.554319357300642
2023-10-07,S004,P0012,185,191.31,185.27865108047325,0.27865108047325293
2023-10-08,S004,P0012,37,29.28,24.103960290023846,12.896039709976154
2023-10-09,S004,P0012,50,56.88,51.86871311164428,1.8687131116442828
2023-10-10,S004,P0012,271,277.56,271.9399022965092,0.9399022965092172
2023-10-11,S004,P0012,20,35.79,30.790186783099017,10.790186783099017
2023-10-12,S004,P0012,200,200.94,194.2628560765023,5.737143923497712
2023-10-13,S004,P0012,418,412.02,406.621636883959,11.378363116040987
2023-10-14,S004,P0012,75,82.06,76.6135933365253,1.6135933365252981
2023-10-15,S004,P0012,100,98.65,92.43698297403694,7.563017025963063
2023-10-16,S004,P0012,93,111.35,106.3026587598419,13.302658759841904
2023-10-17,S004,P0012,77,95.44,90.45093231013192,13.450932310131918
2023-10-18,S004,P0012,195,212.49,207.25786777884036,12.257867778840364
2023-10-19,S004,P0012,112,102.97,96.79280314682734,15.207196853172661
2023-10-20,S004,P0012,187,199.0,193.5932127717601,6.593212771760108
2023-10-21,S004,P0012,105,117.95,112.81252863505581,7.812528635055813
2023-10-22,S004,P0012,112,104.02,98.15404979354209,13.845950206457914
2023-10-23,S004,P0012,152,164.44,159.20800430536596,7.208004305365961
2023-10-24,S004,P0012,42,46.08,40.38558176342336,1.6144182365766397
2023-10-25,S004,P0012,403,398.92,397.0760021460125,5.923997853987487
2023-10-26,S004,P0012,127,142.1,136.545949399562,9.545949399562005
2023-10-27,S004,P0012,64,57.7,53.132491623279385,10.867508376720615
2023-10-28,S004,P0012,182,200.47,193.56864548788246,11.568645487882463
2023-10-29,S004,P0012,59,56.23,51.52705198287431,7.472948017125688
2023-10-30,S004,P0012,47,65.81,60.87318035870503,13.873180358705028
2023-10-31,S004,P0012,45,61.62,56.19190632082942,11.191906320829418
2023-11-01,S004,P0012,305,306.72,302.1125018358463,2.887498164153726
2023-11-02,S004,P0012,8,1.19,5.282565059978367,2.717434940021633
2023-11-03,S004,P0012,208,210.29,205.16451505400084,2.8354849459991556
2023-11-04,S004,P0012,164,173.48,167.58897388142537,3.5889738814253747
2023-11-05,S004,P0012,66,76.14,71.27997408638808,5.27997408638808
2023-11-06,S004,P0012,202,204.2,198.63430605171942,3.3656939482805797
2023-11-07,S004,P0012,143,161.0,154.41581542517622,11.41581542517622
2023-11-08,S004,P0012,203,200.95,194.00733686497,8.99266313503
2023-11-09,S004,P0012,163,160.95,154.9414028419336,8.05859715806639
2023-11-10,S004,P0012,25,42.18,36.39394522756139,11.393945227561389
2023-11-11,S004,P0012,308,326.57,321.37166300085175,13.371663000851754
2023-11-12,S004,P0012,68,77.27,71.74186984165996,3.7418698416599625
2023-11-13,S004,P0012,166,181.14,176.06783642925382,10.067836429253816
2023-11-14,S004,P0012,85,93.34,86.72464526919794,1.7246452691979357
2023-11-15,S004,P0012,53,59.31,54.55342353364509,1.5534235336450877
2023-11-16,S004,P0012,18,37.17,32.235830256106674,14.235830256106674
2023-11-17,S004,P0012,40,32.6,27.660779828292657,12.339220171707343
2023-11-18,S004,P0012,52,58.44,54.0312401362913,2.031240136291302
2023-11-19,S004,P0012,25,39.91,35.322893688823356,10.322893688823356
2023-11-20,S004,P0012,171,161.54,155.06985078592277,15.930149214077233
2023-11-21,S004,P0012,68,64.49,58.867085595061795,9.132914404938205
2023-11-22,S004,P0012,232,227.26,222.6905451945185,9.309454805481494
2023-11-23,S004,P0012,204,195.54,190.48031698158417,13.519683018415833
2023-11-24,S004,P0012,103,104.45,98.6836188167067,4.316381183293302
2023-11-25,S004,P0012,145,135.03,129.44841853151684,15.551581468483164
2023-11-26,S004,P0012,75,90.39,84.645420646867,9.645420646866995
2023-11-27,S004,P0012,22,26.95,21.82414291414219,0.17585708585781035
2023-11-28,S004,P0012,164,183.09,177.63192270091645,13.631922700916448
2023-11-29,S004,P0012,149,151.66,145.8016428897371,3.19835711026289
2023-11-30,S004,P0012,64,64.39,58.950003458702994,5.049996541297006
2023-12-01,S004,P0012,131,142.85,136.57955923185207,5.579559231852073
2023-12-02,S004,P0012,28,18.56,13.90222493410933,14.09777506589067
2023-12-03,S004,P0012,52,52.2,45.69409144903355,6.30590855096645
2023-12-04,S004,P0012,87,90.77,84.05143366688455,2.9485663331154512
2023-12-05,S004,P0012,82,96.98,92.10748669608623,10.107486696086227
2023-12-06,S004,P0012,126,116.63,111.75648574113364,14.243514258866355
2023-12-07,S004,P0012,72,68.36,63.34206257967402,8.657937420325979
2023-12-08,S004,P0012,5,1.04,5.789749272905157,0.7897492729051567
2023-12-09,S004,P0012,37,49.32,43.975070038755774,6.975070038755774
2023-12-10,S004,P0012,268,281.87,276.6837208592866,8.683720859286609
2023-12-11,S004,P0012,74,65.71,59.932544493038584,14.067455506961416
2023-12-12,S004,P0012,218,213.89,209.1602565182164,8.839743481783586
2023-12-13,S004,P0012,66,56.77,51.615448673033356,14.384551326966644
2023-12-14,S004,P0012,169,176.46,171.43119437169386,2.431194371693863
2023-12-15,S004,P0012,126,129.57,124.26826478004193,1.7317352199580682
2023-12-16,S004,P0012,51,69.94,64.50284313132023,13.502843131320233
2023-12-17,S004,P0012,28,34.26,28.800455942001975,0.8004559420019746
2023-12-18,S004,P0012,176,178.05,172.57389490085637,3.4261050991436264
2023-12-19,S004,P0012,59,51.14,46.00244303487288,12.997556965127117
2023-12-20,S004,P0012,10,21.52,16.374570333374336,6.374570333374336
2023-12-21,S004,P0012,84,97.62,91.80187951212844,7.801879512128437
2023-12-22,S004,P0012,354,350.7,346.2424867496961,7.757513250303873
2023-12-23,S004,P0012,19,38.23,33.52518690632734,14.525186906327342
2023-12-24,S004,P0012,93,109.78,104.95972919626067,11.959729196260668
2023-12-25,S004,P0012,205,211.3,204.95789632886368,0.04210367113631719
2023-12-26,S004,P0012,70,75.36,70.38671007733103,0.38671007733103124
2023-12-27,S004,P0012,212,217.63,212.79426550316538,0.7942655031653771
2023-12-28,S004,P0012,73,67.47,61.61852963998621,11.381470360013793
2023-12-29,S004,P0012,103,104.22,98.25709588111445,4.742904118885548
2023-12-30,S004,P0012,262,256.16,249.48543452113216,12.514565478867837
2023-12-31,S004,P0012,77,72.12,67.31409219296769,9.685907807032308
2024-01-01,S004,P0012,63,63.69,58.16686234120623,4.833137658793767
2023-09-18,S004,P0013,225,222.71,217.25618166481235,7.743818335187655
2023-09-19,S004,P0013,48,52.33,46.93252735395146,1.067472646048543
2023-09-20,S004,P0013,34,49.57,44.30256509647563,10.302565096475632
2023-09-21,S004,P0013,115,126.05,120.05995604770749,5.059956047707487
2023-09-22,S004,P0013,283,290.08,286.830017115159,3.8300171151590234
2023-09-23,S004,P0013,311,320.75,314.64470560737993,3.644705607379933
2023-09-24,S004,P0013,104,106.14,99.55603456401927,4.443965435980729
2023-09-25,S004,P0013,217,214.88,209.04405930511226,7.955940694887744
2023-09-26,S004,P0013,56,67.3,62.32967056850812,6.329670568508121
2023-09-27,S004,P0013,225,220.65,215.33823655278576,9.661763447214241
2023-09-28,S004,P0013,60,66.29,61.12257943260508,1.1225794326050789
2023-09-29,S004,P0013,24,34.99,29.932820436095557,5.932820436095557
2023-09-30,S004,P0013,171,164.74,158.49539143347204,12.504608566527963
2023-10-01,S004,P0013,66,58.66,53.177910048421474,12.822089951578526
2023-10-02,S004,P0013,39,51.57,45.640313661519265,6.640313661519265
2023-10-03,S004,P0013,11,11.16,10.408955916816032,0.5910440831839683
2023-10-04,S004,P0013,163,158.71,152.32602657784528,10.673973422154717
2023-10-05,S004,P0013,34,49.28,44.453914599979505,10.453914599979505
2023-10-06,S004,P0013,257,248.09,242.3748332300596,14.625166769940392
2023-10-07,S004,P0013,63,79.66,73.68242312251253,10.682423122512532
2023-10-08,S004,P0013,63,56.81,51.86933638208967,11.13066361791033
2023-10-09,S004,P0013,12,26.29,22.131689068863505,10.131689068863505
2023-10-10,S004,P0013,64,76.52,70.43538320929277,6.435383209292766
2023-10-11,S004,P0013,10,9.22,9.268451042081526,0.7315489579184735
2023-10-12,S004,P0013,104,112.02,106.59291234925178,2.592912349251776
2023-10-13,S004,P0013,117,109.15,103.65983653630079,13.340163463699213
2023-10-14,S004,P0013,44,59.44,54.38221328918529,10.382213289185287
2023-10-15,S004,P0013,91,105.62,99.50706164441792,8.507061644417917
2023-10-16,S004,P0013,21,32.17,27.677378830373527,6.677378830373527
2023-10-17,S004,P0013,100,110.16,104.10843712987752,4.108437129877515
2023-10-18,S004,P0013,38,56.96,51.68471009295991,13.68471009295991
2023-10-19,S004,P0013,1,19.41,14.464444143959378,13.464444143959378
2023-10-20,S004,P0013,346,348.23,344.666308298585,1.3336917014149776
2023-10-21,S004,P0013,216,220.44,213.8222223740124,2.177777625987602
2023-10-22,S004,P0013,191,193.61,187.79155721756229,3.2084427824377144
2023-10-23,S004,P0013,140,156.09,150.09635133597712,10.096351335977118
2023-10-24,S004,P0013,208,201.47,195.47917532310305,12.52082467689695
2023-10-25,S004,P0013,52,69.03,63.691029797947905,11.691029797947905
2023-10-26,S004,P0013,243,247.63,241.42758492479078,1.5724150752092214
2023-10-27,S004,P0013,88,81.77,76.63072044342162,11.369279556578377
2023-10-28,S004,P0013,181,189.44,184.57461919486303,3.5746191948630326
2023-10-29,S004,P0013,384,384.46,380.06654786517237,3.9334521348276326
2023-10-30,S004,P0013,133,126.06,119.93884292014332,13.061157079856685
2023-10-31,S004,P0013,209,221.12,215.5137671165436,6.51376711654359
2023-11-01,S004,P0013,106,114.0,107.64611112730321,1.6461111273032145
2023-11-02,S004,P0013,10,9.83,10.105854641196059,0.10585464119605881
2023-11-03,S004,P0013,106,116.62,112.81738308060439,6.817383080604387
2023-11-04,S004,P0013,258,253.64,248.391816785194,9.60818321480599
2023-11-05,S004,P0013,114,115.31,110.12798480825086,3.872015191749142
2023-11-06,S004,P0013,23,14.4,11.97629217153192,11.02370782846808
2023-11-07,S004,P0013,104,111.57,106.83957083815639,2.8395708381563907
2023-11-08,S004,P0013,67,62.48,57.27397663690979,9.726023363090214
2023-11-09,S004,P0013,53,66.62,61.78580006071837,8.785800060718373
2023-11-10,S004,P0013,34,35.35,29.799254022050242,4.200745977949758
2023-11-11,S004,P0013,168,165.77,160.9192699755689,7.080730024431091
2023-11-12,S004,P0013,206,209.77,204.58097263365144,1.4190273663485584
2023-11-13,S004,P0013,79,71.5,66.35193599308317,12.648064006916826
2023-11-14,S004,P0013,69,86.84,80.5668695499889,11.566869549988894
2023-11-15,S004,P0013,62,74.06,69.02981771448435,7.029817714484352
2023-11-16,S004,P0013,269,265.98,259.27804426394175,9.721955736058248
2023-11-17,S004,P0013,9,1.66,6.463169875084735,2.536830124915265
2023-11-18,S004,P0013,123,114.38,107.39353927767246,15.60646072232754
2023-11-19,S004,P0013,245,242.79,237.05716883897853,7.9428311610214735
2023-11-20,S004,P0013,17,26.75,22.47474064607414,5.474740646074139
2023-11-21,S004,P0013,38,41.03,35.95654565124457,2.043454348755432
2023-11-22,S004,P0013,10,8.82,8.73506860007923,1.2649313999207692
2023-11-23,S004,P0013,30,34.93,29.40155057501853,0.5984494249814709
2023-11-24,S004,P0013,80,81.62,76.2509197344209,3.749080265579096
2023-11-25,S004,P0013,384,393.34,386.8646646389454,2.864664638945385
2023-11-26,S004,P0013,33,37.11,32.431859744372005,0.5681402556279949
2023-11-27,S004,P0013,86,81.91,76.19256345328878,9.807436546711216
2023-11-28,S004,P0013,34,50.54,45.62286309492953,11.622863094929528
2023-11-29,S004,P0013,278,285.19,279.9685214789031,1.9685214789030852
2023-11-30,S004,P0013,225,230.99,225.09779677380374,0.09779677380373641
2023-12-01,S004,P0013,272,291.91,286.7232593086759,14.723259308675892
2023-12-02,S004,P0013,88,84.12,79.0332977832445,8.966702216755493
2023-12-03,S004,P0013,39,38.24,33.76533697700447,5.234663022995527
2023-12-04,S004,P0013,350,355.81,349.4395032371765,0.5604967628235045
2023-12-05,S004,P0013,469,480.18,471.8661932772774,2.8661932772773753
2023-12-06,S004,P0013,39,47.52,43.31468403965334,4.3146840396533435
2023-12-07,S004,P0013,94,111.38,105.89238771873772,11.892387718737723
2023-12-08,S004,P0013,30,26.77,22.660996616007942,7.339003383992058
2023-12-09,S004,P0013,145,145.97,140.83797050913418,4.1620294908658195
2023-12-10,S004,P0013,1,15.66,13.276028205644199,12.276028205644199
2023-12-11,S004,P0013,54,44.18,39.587411104984575,14.412588895015425
2023-12-12,S004,P0013,145,141.53,136.52798552306774,8.472014476932259
2023-12-13,S004,P0013,200,194.66,188.80176715590613,11.198232844093866
2023-12-14,S004,P0013,82,91.25,85.73751893444062,3.7375189344406152
2023-12-15,S004,P0013,279,294.48,289.4412894741704,10.44128947417039
2023-12-16,S004,P0013,66,74.37,68.51515811695361,2.5151581169536144
2023-12-17,S004,P0013,105,110.55,105.62120508048618,0.6212050804861775
2023-12-18,S004,P0013,53,44.57,40.01138991369857,12.988610086301428
2023-12-19,S004,P0013,22,30.31,26.502784881677904,4.502784881677904
2023-12-20,S004,P0013,242,251.43,246.07594392114362,4.075943921143619
2023-12-21,S004,P0013,44,40.28,35.67091099311702,8.329089006882981
2023-12-22,S004,P0013,5,5.95,8.013445502837165,3.0134455028371647
2023-12-23,S004,P0013,6,13.98,12.497318448289402,6.497318448289402
2023-12-24,S004,P0013,172,167.88,162.80881085960502,9.191189140394982
2023-12-25,S004,P0013,96,108.83,103.22181477209116,7.2218147720911645
2023-12-26,S004,P0013,249,245.67,239.1332306614762,9.866769338523795
2023-12-27,S004,P0013,115,116.35,110.82537976705568,4.174620232944321
2023-12-28,S004,P0013,25,36.95,31.372892911049263,6.372892911049263
2023-12-29,S004,P0013,30,22.98,17.79342918278715,12.20657081721285
2023-12-30,S004,P0013,326,338.92,333.8137623497891,7.813762349789101
2023-12-31,S004,P0013,37,31.14,27.51089762817479,9.489102371825211
2024-01-01,S004,P0013,6,10.72,10.02677210218326,4.02677210218326
2023-09-18,S004,P0014,124,130.74,125.1191871732499,1.1191871732498981
2023-09-19,S004,P0014,19,24.52,18.621555645527195,0.3784443544728049
2023-09-20,S004,P0014,253,245.45,239.7188995245029,13.281100475497112
2023-09-21,S004,P0014,36,50.1,45.23379846150096,9.23379846150096
2023-09-22,S004,P0014,268,268.18,262.3631605224242,5.636839477575791
2023-09-23,S004,P0014,199,208.31,202.85413604627547,3.854136046275471
2023-09-24,S004,P0014,40,40.26,35.18585626618301,4.814143733816991
2023-09-25,S004,P0014,416,424.9,421.84279094403263,5.842790944032629
2023-09-26,S004,P0014,164,169.63,163.98696547056284,0.013034529437163656
2023-09-27,S004,P0014,159,164.14,158.34583030744528,0.6541696925547171
2023-09-28,S004,P0014,102,103.67,98.16499024517833,3.8350097548216695
2023-09-29,S004,P0014,87,105.65,100.203216065898,13.203216065898005
2023-09-30,S004,P0014,333,339.88,335.4291838957714,2.4291838957714162
2023-10-01,S004,P0014,5,1.81,6.161840654990078,1.161840654990078
2023-10-02,S004,P0014,1,10.53,9.865215135884675,8.865215135884675
2023-10-03,S004,P0014,260,256.73,250.76374602696134,9.236253973038657
2023-10-04,S004,P0014,106,96.81,91.22131574441426,14.778684255585745
2023-10-05,S004,P0014,135,147.81,141.71790789239887,6.71790789239887
2023-10-06,S004,P0014,2,0.96,5.2619078169118065,3.2619078169118065
2023-10-07,S004,P0014,361,368.92,364.8908829616829,3.8908829616829053
2023-10-08,S004,P0014,162,153.61,147.5893195526659,14.410680447334101
2023-10-09,S004,P0014,277,279.33,273.9348658873047,3.0651341126953184
2023-10-10,S004,P0014,32,47.06,42.477522753622935,10.477522753622935
2023-10-11,S004,P0014,70,88.33,82.04124808741989,12.041248087419888
2023-10-12,S004,P0014,302,317.08,311.3174858191456,9.317485819145588
2023-10-13,S004,P0014,35,26.29,21.474090447301034,13.525909552698966
2023-10-14,S004,P0014,363,372.32,365.5431395638245,2.543139563824525
2023-10-15,S004,P0014,182,189.73,184.3960700816268,2.396070081626789
2023-10-16,S004,P0014,51,46.95,42.314655742914745,8.685344257085255
2023-10-17,S004,P0014,52,51.85,46.09747430880884,5.902525691191158
2023-10-18,S004,P0014,216,209.81,204.62484388860037,11.375156111399633
2023-10-19,S004,P0014,69,69.77,65.40677624050448,3.5932237594955154
2023-10-20,S004,P0014,138,143.05,137.54002777962344,0.4599722203765566
2023-10-21,S004,P0014,63,73.03,69.31134230664044,6.311342306640441
2023-10-22,S004,P0014,17,23.46,17.429601820009374,0.4296018200093741
2023-10-23,S004,P0014,222,219.17,213.9212571019059,8.078742898094106
2023-10-24,S004,P0014,211,227.59,222.40133023601615,11.40133023601615
2023-10-25,S004,P0014,135,127.93,121.14565510624696,13.854344893753037
2023-10-26,S004,P0014,175,180.04,174.23533677668027,0.7646632233197295
2023-10-27,S004,P0014,70,68.12,63.481717635209,6.518282364790998
2023-10-28,S004,P0014,327,341.76,334.5781306825497,7.578130682549727
2023-10-29,S004,P0014,289,291.1,286.803506382146,2.196493617854003
2023-10-30,S004,P0014,151,154.05,148.46818312049575,2.531816879504248
2023-10-31,S004,P0014,89,104.65,98.92492336871915,9.92492336871915
2023-11-01,S004,P0014,295,306.18,298.9578371284253,3.9578371284252967
2023-11-02,S004,P0014,67,77.7,71.93394434411537,4.933944344115375
2023-11-03,S004,P0014,98,106.11,100.23744333451293,2.237443334512932
2023-11-04,S004,P0014,308,322.85,317.9210447844177,9.921044784417688
2023-11-05,S004,P0014,199,194.02,188.27368541988102,10.72631458011898
2023-11-06,S004,P0014,3,9.16,9.374928907558695,6.3749289075586955
2023-11-07,S004,P0014,3,18.35,14.416557448139969,11.416557448139969
2023-11-08,S004,P0014,332,340.71,334.499703637267,2.4997036372669754
2023-11-09,S004,P0014,7,8.55,9.43509803951818,2.4350980395181807
2023-11-10,S004,P0014,101,109.29,104.09586866531653,3.09586866531653
2023-11-11,S004,P0014,434,444.67,434.2196834477717,0.21968344777167204
2023-11-12,S004,P0014,71,64.0,58.690458411383155,12.309541588616845
2023-11-13,S004,P0014,56,51.26,45.053229607227806,10.946770392772194
2023-11-14,S004,P0014,35,39.65,35.027200617613545,0.027200617613544864
2023-11-15,S004,P0014,55,54.22,49.16410602861972,5.83589397138028
2023-11-16,S004,P0014,91,109.99,104.41388056482259,13.413880564822591
2023-11-17,S004,P0014,119,115.77,110.84237422784682,8.157625772153182
2023-11-18,S004,P0014,158,168.6,163.26074784808813,5.26074784808813
2023-11-19,S004,P0014,39,36.77,31.280963741806705,7.719036258193295
2023-11-20,S004,P0014,94,91.08,85.06980793506672,8.93019206493328
2023-11-21,S004,P0014,17,20.28,16.21792663894804,0.7820733610519603
2023-11-22,S004,P0014,132,140.99,137.16226995690818,5.162269956908176
2023-11-23,S004,P0014,230,238.7,233.9399481376226,3.9399481376225935
2023-11-24,S004,P0014,25,23.59,18.285902836285388,6.714097163714612
2023-11-25,S004,P0014,58,75.75,71.41436884126877,13.414368841268768
2023-11-26,S004,P0014,72,70.06,64.82598380425456,7.174016195745438
2023-11-27,S004,P0014,13,19.54,14.494148867779542,1.4941488677795416
2023-11-28,S004,P0014,63,74.82,69.29369406533962,6.293694065339622
2023-11-29,S004,P0014,43,59.89,53.74303163621991,10.74303163621991
2023-11-30,S004,P0014,134,131.92,126.02569831191983,7.974301688080175
2023-12-01,S004,P0014,274,286.09,279.6253578702954,5.625357870295375
2023-12-02,S004,P0014,142,153.58,147.02453051300034,5.024530513000343
2023-12-03,S004,P0014,22,41.08,35.34303218473434,13.34303218473434
2023-12-04,S004,P0014,234,234.61,229.53974149631722,4.46025850368278
2023-12-05,S004,P0014,80,96.84,90.71373981478453,10.713739814784532
2023-12-06,S004,P0014,362,376.11,370.5156955246231,8.515695524623084
2023-12-07,S004,P0014,47,66.41,61.19102520414761,14.191025204147607
2023-12-08,S004,P0014,23,19.02,14.41572329942501,8.58427670057499
2023-12-09,S004,P0014,74,69.75,64.64036912725523,9.359630872744773
2023-12-10,S004,P0014,192,195.94,191.4490925814387,0.5509074185613088
2023-12-11,S004,P0014,21,36.53,31.319919056368374,10.319919056368374
2023-12-12,S004,P0014,43,49.05,45.16782509162484,2.1678250916248416
2023-12-13,S004,P0014,333,325.68,322.0718958612839,10.928104138716094
2023-12-14,S004,P0014,107,115.68,110.09814710918704,3.098147109187039
2023-12-15,S004,P0014,54,68.99,64.19604140789727,10.196041407897269
2023-12-16,S004,P0014,21,13.41,11.998940826383315,9.001059173616685
2023-12-17,S004,P0014,57,57.51,52.548160286138966,4.451839713861034
2023-12-18,S004,P0014,210,221.57,215.8379200280928,5.83792002809281
2023-12-19,S004,P0014,191,186.38,182.45064248260246,8.549357517397539
2023-12-20,S004,P0014,146,140.69,135.2991733724137,10.70082662758631
2023-12-21,S004,P0014,45,35.15,29.512310191619214,15.487689808380786
2023-12-22,S004,P0014,169,163.05,157.88618659077287,11.113813409227134
2023-12-23,S004,P0014,122,129.18,123.81144578424671,1.8114457842467147
2023-12-24,S004,P0014,209,205.66,200.50042281829013,8.499577181709867
2023-12-25,S004,P0014,29,26.11,21.639729899210145,7.3602701007898546
2023-12-26,S004,P0014,63,53.7,49.72881450419088,13.27118549580912
2023-12-27,S004,P0014,154,150.3,144.98930601451826,9.010693985481737
2023-12-28,S004,P0014,144,145.04,138.59272161786015,5.40727838213985
2023-12-29,S004,P0014,232,234.0,230.08503521368542,1.9149647863145844
2023-12-30,S004,P0014,55,50.06,45.352846147541115,9.647153852458885
2023-12-31,S004,P0014,86,86.32,81.18689570776964,4.8131042922303635
2024-01-01,S004,P0014,169,187.8,182.53571892711656,13.535718927116562
2023-09-18,S004,P0015,10,27.88,23.62178812302612,13.621788123026121
2023-09-19,S004,P0015,299,313.22,305.46244660239483,6.462446602394834
2023-09-20,S004,P0015,83,102.63,96.41317588548647,13.413175885486467
2023-09-21,S004,P0015,213,222.58,216.74777626872253,3.7477762687225322
2023-09-22,S004,P0015,208,210.18,204.5859345355154,3.414065464484594
2023-09-23,S004,P0015,106,118.87,113.19657062139491,7.196570621394912
2023-09-24,S004,P0015,55,55.59,49.56133747326041,5.438662526739591
2023-09-25,S004,P0015,24,14.85,11.787952880588206,12.212047119411794
2023-09-26,S004,P0015,322,322.1,317.29285664658823,4.707143353411766
2023-09-27,S004,P0015,29,29.21,24.835536204566537,4.164463795433463
2023-09-28,S004,P0015,7,-2.9,4.100896272398139,2.8991037276018607
2023-09-29,S004,P0015,224,234.59,229.0406260326409,5.040626032640887
2023-09-30,S004,P0015,91,96.02,90.67732743540904,0.3226725645909596
2023-10-01,S004,P0015,127,135.27,130.49960826331667,3.4996082633166736
2023-10-02,S004,P0015,208,218.36,213.28565588979052,5.285655889790519
2023-10-03,S004,P0015,312,326.78,320.07752742847566,8.077527428475662
2023-10-04,S004,P0015,10,17.76,13.116842747021058,3.1168427470210585
2023-10-05,S004,P0015,66,78.35,72.46106690253049,6.46106690253049
2023-10-06,S004,P0015,40,56.4,51.68819462375606,11.688194623756061
2023-10-07,S004,P0015,163,167.46,163.21257532420606,0.21257532420605685
2023-10-08,S004,P0015,239,247.18,241.72488400325068,2.724884003250679
2023-10-09,S004,P0015,140,157.44,151.84748483406818,11.847484834068183
2023-10-10,S004,P0015,315,325.61,319.3859906087906,4.385990608790621
2023-10-11,S004,P0015,48,51.66,45.697112812800896,2.3028871871991043
2023-10-12,S004,P0015,89,103.52,98.41715340104287,9.417153401042867
2023-10-13,S004,P0015,226,242.34,235.89551547923116,9.895515479231165
2023-10-14,S004,P0015,124,129.37,124.00281053184756,0.0028105318475581953
2023-10-15,S004,P0015,355,354.56,348.91962428641125,6.080375713588751
2023-10-16,S004,P0015,239,245.87,239.50268544528922,0.5026854452892167
2023-10-17,S004,P0015,228,244.99,238.94248264710075,10.942482647100746
2023-10-18,S004,P0015,37,36.78,32.37874543661947,4.621254563380532
2023-10-19,S004,P0015,241,252.05,245.59281714282713,4.59281714282713
2023-10-20,S004,P0015,350,369.83,365.383871283684,15.383871283684016
2023-10-21,S004,P0015,86,104.35,99.53534462535364,13.535344625353645
2023-10-22,S004,P0015,230,246.32,239.06942943754845,9.06942943754845
2023-10-23,S004,P0015,37,50.23,45.10492036571122,8.104920365711223
2023-10-24,S004,P0015,93,92.91,86.5947957122296,6.4052042877704025
2023-10-25,S004,P0015,102,95.1,90.3246172898808,11.675382710119194
2023-10-26,S004,P0015,10,18.8,14.26143699437013,4.261436994370129
2023-10-27,S004,P0015,76,76.01,71.3669850610064,4.633014938993597
2023-10-28,S004,P0015,75,76.62,72.03494866122278,2.965051338777215
2023-10-29,S004,P0015,108,106.91,101.34133605147335,6.658663948526652
2023-10-30,S004,P0015,326,330.56,326.009000777784,0.009000777784024194
2023-10-31,S004,P0015,87,101.11,94.64758534154105,7.6475853415410455
2023-11-01,S004,P0015,318,312.54,306.30222043394167,11.69777956605833
2023-11-02,S004,P0015,104,111.22,105.30626624119026,1.306266241190258
2023-11-03,S004,P0015,90,85.7,80.39196102216715,9.608038977832848
2023-11-04,S004,P0015,322,328.65,321.77885014729145,0.2211498527085496
2023-11-05,S004,P0015,55,54.85,50.05015860553006,4.949841394469942
2023-11-06,S004,P0015,193,201.23,195.44241354134425,2.4424135413442514
2023-11-07,S004,P0015,33,23.43,17.667761794825743,15.332238205174257
2023-11-08,S004,P0015,272,290.91,286.1266296660889,14.126629666088888
2023-11-09,S004,P0015,117,123.17,118.76616368209471,1.7661636820947137
2023-11-10,S004,P0015,27,31.07,26.685944725354336,0.3140552746456642
2023-11-11,S004,P0015,301,295.05,289.6590234664329,11.340976533567073
2023-11-12,S004,P0015,70,85.25,80.01785214098396,10.017852140983962
2023-11-13,S004,P0015,148,161.63,155.99690653496432,7.9969065349643245
2023-11-14,S004,P0015,54,44.9,40.00288952322932,13.997110476770679
2023-11-15,S004,P0015,252,261.08,255.9199087317605,3.9199087317605006
2023-11-16,S004,P0015,28,29.15,24.87942632306965,3.1205736769303485
2023-11-17,S004,P0015,205,222.67,216.46013102823957,11.460131028239573
2023-11-18,S004,P0015,69,64.38,58.6020006914907,10.397999308509299
2023-11-19,S004,P0015,55,74.11,68.50480380203501,13.504803802035013
2023-11-20,S004,P0015,325,323.96,317.81148743887337,7.188512561126629
2023-11-21,S004,P0015,35,41.48,37.0612637708371,2.061263770837101
2023-11-22,S004,P0015,225,231.14,225.02264789604857,0.022647896048567873
2023-11-23,S004,P0015,293,311.48,304.62193715379385,11.621937153793851
2023-11-24,S004,P0015,342,342.96,338.41286200139274,3.587137998607261
2023-11-25,S004,P0015,163,167.0,161.52601446062883,1.4739855393711707
2023-11-26,S004,P0015,151,157.37,151.6182430421457,0.618243042145707
2023-11-27,S004,P0015,233,234.24,229.636573743507,3.3634262564929998
2023-11-28,S004,P0015,86,104.77,99.53772369164025,13.537723691640252
2023-11-29,S004,P0015,16,32.02,26.74645318905742,10.74645318905742
2023-11-30,S004,P0015,255,260.11,252.97603795531757,2.0239620446824347
2023-12-01,S004,P0015,113,130.58,124.90738416479059,11.907384164790585
2023-12-02,S004,P0015,40,44.96,39.66479815960763,0.3352018403923722
2023-12-03,S004,P0015,40,56.49,51.59221560608442,11.592215606084423
2023-12-04,S004,P0015,169,164.89,158.57329318757832,10.426706812421685
2023-12-05,S004,P0015,196,214.01,209.5510317277798,13.551031727779787
2023-12-06,S004,P0015,193,187.23,181.29053459620377,11.70946540379623
2023-12-07,S004,P0015,25,36.05,29.96840700856348,4.9684070085634815
2023-12-08,S004,P0015,218,230.24,224.99110501540576,6.991105015405765
2023-12-09,S004,P0015,99,118.9,114.62106312374007,15.621063123740072
2023-12-10,S004,P0015,188,188.65,183.92603492450928,4.073965075490719
2023-12-11,S004,P0015,226,220.96,214.53676064752221,11.463239352477785
2023-12-12,S004,P0015,198,202.7,196.3613750405575,1.6386249594424953
2023-12-13,S004,P0015,81,80.96,75.05907331391414,5.940926686085859
2023-12-14,S004,P0015,202,220.06,214.24282068671437,12.242820686714367
2023-12-15,S004,P0015,214,205.87,200.3574920521674,13.642507947832598
2023-12-16,S004,P0015,124,129.08,123.78557182531688,0.21442817468312114
2023-12-17,S004,P0015,165,159.96,154.13196088132315,10.868039118676847
2023-12-18,S004,P0015,57,60.98,55.90241532845055,1.0975846715494484
2023-12-19,S004,P0015,222,216.31,212.600256490255,9.399743509745008
2023-12-20,S004,P0015,84,79.8,74.56495372869925,9.435046271300749
2023-12-21,S004,P0015,116,109.58,103.82245209974323,12.17754790025677
2023-12-22,S004,P0015,142,136.51,130.7026128334589,11.297387166541114
2023-12-23,S004,P0015,74,80.97,75.63442233998956,1.6344223399895554
2023-12-24,S004,P0015,88,83.01,77.75002503524411,10.249974964755893
2023-12-25,S004,P0015,66,71.99,66.11643914784867,0.11643914784866638
2023-12-26,S004,P0015,83,74.61,69.0084028856003,13.991597114399696
2023-12-27,S004,P0015,192,188.78,184.56967797825538,7.430322021744615
2023-12-28,S004,P0015,22,28.16,23.43919025555824,1.4391902555582412
2023-12-29,S004,P0015,56,68.8,64.25944854436572,8.259448544365725
2023-12-30,S004,P0015,60,59.33,55.101087040898385,4.898912959101615
2023-12-31,S004,P0015,95,110.24,105.21390213326879,10.213902133268789
2024-01-01,S004,P0015,6,-0.68,5.008463473904955,0.9915365260950448
2023-09-18,S004,P0016,1,15.39,12.419475098315967,11.419475098315967
2023-09-19,S004,P0016,386,386.63,381.2041522090002,4.795847790999801
2023-09-20,S004,P0016,125,115.72,111.11630247774883,13.883697522251168
2023-09-21,S004,P0016,6,7.09,9.226131421337069,3.226131421337069
2023-09-22,S004,P0016,12,19.89,15.70638785817387,3.706387858173869
2023-09-23,S004,P0016,222,241.16,235.51376542834322,13.51376542834322
2023-09-24,S004,P0016,276,267.26,261.794397804042,14.205602195958022
2023-09-25,S004,P0016,4,5.21,7.73625345013213,3.7362534501321303
2023-09-26,S004,P0016,273,282.48,276.0900203971407,3.0900203971406768
2023-09-27,S004,P0016,136,141.33,136.1382122499595,0.13821224995950843
2023-09-28,S004,P0016,25,27.93,23.442687250330724,1.5573127496692756
2023-09-29,S004,P0016,42,50.35,44.897317720213096,2.8973177202130955
2023-09-30,S004,P0016,76,74.15,68.46667939889122,7.533320601108784
2023-10-01,S004,P0016,129,145.47,139.90251341169682,10.902513411696816
2023-10-02,S004,P0016,40,47.71,42.25534914558877,2.2553491455887666
2023-10-03,S004,P0016,229,247.13,241.57897420627665,12.578974206276655
2023-10-04,S004,P0016,44,46.05,40.266339964428504,3.7336600355714964
2023-10-05,S004,P0016,39,39.09,34.0959749441848,4.904025055815197
2023-10-06,S004,P0016,88,87.72,82.70912124100332,5.2908787589966835
2023-10-07,S004,P0016,237,246.98,241.63863231110622,4.638632311106221
2023-10-08,S004,P0016,30,44.44,39.12050014713662,9.120500147136617
2023-10-09,S004,P0016,156,160.03,153.20711854053368,2.792881459466315
2023-10-10,S004,P0016,198,213.35,208.46032670037255,10.460326700372548
2023-10-11,S004,P0016,133,143.29,137.38438717208982,4.384387172089816
2023-10-12,S004,P0016,271,271.27,265.64746982960395,5.352530170396051
2023-10-13,S004,P0016,244,255.21,248.82163281448612,4.821632814486122
2023-10-14,S004,P0016,137,156.22,151.42718503787805,14.427185037878047
2023-10-15,S004,P0016,33,44.52,39.04691335343376,6.046913353433759
2023-10-16,S004,P0016,168,186.48,182.9620717429853,14.962071742985302
2023-10-17,S004,P0016,6,-3.98,3.287270207702,2.712729792298
2023-10-18,S004,P0016,141,155.27,149.43829999773655,8.43829999773655
2023-10-19,S004,P0016,74,81.8,76.35815788665778,2.3581578866577786
2023-10-20,S004,P0016,7,1.13,5.529978457048247,1.470021542951753
2023-10-21,S004,P0016,161,177.99,172.1917109843616,11.191710984361606
2023-10-22,S004,P0016,169,163.45,157.5420684313203,11.457931568679697
2023-10-23,S004,P0016,119,121.56,116.529910042944,2.470089957056004
2023-10-24,S004,P0016,17,26.5,20.96298085906649,3.962980859066491
2023-10-25,S004,P0016,172,163.04,157.45990172457974,14.540098275420263
2023-10-26,S004,P0016,53,44.42,39.40194966464568,13.598050335354323
2023-10-27,S004,P0016,70,69.69,64.13416458700706,5.865835412992936
2023-10-28,S004,P0016,117,135.1,130.239122482874,13.239122482873995
2023-10-29,S004,P0016,207,215.37,211.64902673652932,4.649026736529322
2023-10-30,S004,P0016,283,285.86,280.59152688532754,2.4084731146724607
2023-10-31,S004,P0016,323,326.29,320.066912427677,2.933087572323018
2023-11-01,S004,P0016,150,161.48,154.91170816223158,4.911708162231577
2023-11-02,S004,P0016,240,244.19,238.8254711255031,1.1745288744969002
2023-11-03,S004,P0016,32,41.46,36.19736456885724,4.197364568857239
2023-11-04,S004,P0016,38,57.63,52.89237536531718,14.892375365317179
2023-11-05,S004,P0016,6,8.54,9.175619424820136,3.1756194248201357
2023-11-06,S004,P0016,57,55.76,50.3422661887709,6.6577338112291
2023-11-07,S004,P0016,216,212.75,207.33944397254766,8.660556027452344
2023-11-08,S004,P0016,32,31.96,27.334933699439198,4.665066300560802
2023-11-09,S004,P0016,72,77.89,71.64393003402887,0.3560699659711304
2023-11-10,S004,P0016,279,292.31,286.57072322399426,7.570723223994264
2023-11-11,S004,P0016,87,106.88,101.07790599058687,14.07790599058687
2023-11-12,S004,P0016,62,58.33,53.15857160508372,8.841428394916278
2023-11-13,S004,P0016,18,15.13,11.797351222516872,6.2026487774831285
2023-11-14,S004,P0016,184,198.5,193.65788928308473,9.657889283084728
2023-11-15,S004,P0016,263,265.4,257.6442253362038,5.355774663796183
2023-11-16,S004,P0016,149,158.32,152.69623083418546,3.6962308341854566
2023-11-17,S004,P0016,40,36.49,30.87107023304716,9.12892976695284
2023-11-18,S004,P0016,274,276.44,270.1480274500618,3.851972549938182
2023-11-19,S004,P0016,18,19.12,14.861275240964698,3.138724759035302
2023-11-20,S004,P0016,187,203.47,197.12267178017868,10.122671780178678
2023-11-21,S004,P0016,282,282.38,275.4200128892196,6.579987110780394
2023-11-22,S004,P0016,22,15.47,12.827820944947135,9.172179055052865
2023-11-23,S004,P0016,106,108.22,102.61407534735918,3.385924652640824
2023-11-24,S004,P0016,130,126.02,119.79700338142399,10.202996618576009
2023-11-25,S004,P0016,382,372.64,367.6353911008862,14.364608899113819
2023-11-26,S004,P0016,293,294.84,289.1799968606271,3.8200031393728864
2023-11-27,S004,P0016,25,40.1,35.30496934929069,10.304969349290687
2023-11-28,S004,P0016,176,169.69,164.37775209118087,11.622247908819133
2023-11-29,S004,P0016,229,242.08,235.96156492494197,6.9615649249419675
2023-11-30,S004,P0016,339,358.01,352.9227077215313,13.92270772153131
2023-12-01,S004,P0016,179,178.14,171.6322824425705,7.367717557429501
2023-12-02,S004,P0016,17,24.84,18.98021583154381,1.9802158315438092
2023-12-03,S004,P0016,159,164.95,159.47866744854633,0.47866744854633225
2023-12-04,S004,P0016,245,256.8,250.4374040834819,5.437404083481908
2023-12-05,S004,P0016,159,163.47,157.6720953377271,1.327904662272914
2023-12-06,S004,P0016,206,209.65,204.18780255896775,1.8121974410322537
2023-12-07,S004,P0016,27,28.29,23.494217569795172,3.505782430204828
2023-12-08,S004,P0016,116,115.19,108.83454287683415,7.165457123165851
2023-12-09,S004,P0016,110,112.04,107.32972664700046,2.670273352999544
2023-12-10,S004,P0016,14,4.03,7.075993621125141,6.924006378874859
2023-12-11,S004,P0016,205,201.75,195.37732199033977,9.622678009660234
2023-12-12,S004,P0016,364,379.79,373.79758690904083,9.797586909040831
2023-12-13,S004,P0016,107,108.76,103.2088705717662,3.791129428233802
2023-12-14,S004,P0016,229,229.85,224.59140000932143,4.408599990678567
2023-12-15,S004,P0016,138,140.55,135.978221409509,2.02177859049101
2023-12-16,S004,P0016,283,275.6,269.56050712366573,13.43949287633427
2023-12-17,S004,P0016,28,38.33,34.045039460086514,6.045039460086514
2023-12-18,S004,P0016,3,17.88,13.514887716260162,10.514887716260162
2023-12-19,S004,P0016,47,39.56,34.88560195017403,12.114398049825972
2023-12-20,S004,P0016,56,61.23,56.031423287550645,0.03142328755064483
2023-12-21,S004,P0016,132,150.1,144.63060189377282,12.63060189377282
2023-12-22,S004,P0016,134,135.01,129.94941289803398,4.050587101966016
2023-12-23,S004,P0016,9,3.77,6.9406567416486595,2.0593432583513405
2023-12-24,S004,P0016,240,232.63,227.56774131387948,12.43225868612052
2023-12-25,S004,P0016,173,191.64,186.05837422737474,13.058374227374742
2023-12-26,S004,P0016,150,167.85,163.0892573120846,13.089257312084612
2023-12-27,S004,P0016,137,146.64,142.0427185728742,5.042718572874207
2023-12-28,S004,P0016,32,48.92,44.37820525917517,12.378205259175168
2023-12-29,S004,P0016,156,172.63,167.8194465982295,11.81944659822949
2023-12-30,S004,P0016,79,72.64,68.44863048672154,10.551369513278459
2023-12-31,S004,P0016,221,217.37,212.78182592705463,8.218174072945374
2024-01-01,S004,P0016,182,193.14,187.4220134178663,5.42201341786631
2023-09-18,S004,P0017,93,87.38,82.23233146787024,10.767668532129761
2023-09-19,S004,P0017,333,331.24,326.2765450326929,6.723454967307077
2023-09-20,S004,P0017,175,183.89,178.18233682615949,3.182336826159485
2023-09-21,S004,P0017,83,77.18,70.54982087361239,12.45017912638761
2023-09-22,S004,P0017,82,80.55,74.64700836520568,7.352991634794321
2023-09-23,S004,P0017,47,58.48,53.22616588558569,6.2261658855856865
2023-09-24,S004,P0017,248,249.76,243.59676317701874,4.403236822981256
2023-09-25,S004,P0017,36,30.43,26.5117380849345,9.4882619150655
2023-09-26,S004,P0017,97,92.57,86.57361946133246,10.426380538667544
2023-09-27,S004,P0017,84,74.34,69.09248470880951,14.907515291190492
2023-09-28,S004,P0017,14,8.98,9.577338032695236,4.422661967304764
2023-09-29,S004,P0017,97,113.16,108.01691584077668,11.016915840776676
2023-09-30,S004,P0017,327,318.06,314.32814643248946,12.671853567510539
2023-10-01,S004,P0017,294,294.7,289.71025129456484,4.289748705435159
2023-10-02,S004,P0017,359,351.26,343.614591832148,15.385408167852006
2023-10-03,S004,P0017,271,281.56,276.11236572626166,5.1123657262616575
2023-10-04,S004,P0017,16,17.91,13.452405097410443,2.547594902589557
2023-10-05,S004,P0017,67,79.98,73.7895897612588,6.789589761258796
2023-10-06,S004,P0017,60,76.17,71.92864428442019,11.928644284420187
2023-10-07,S004,P0017,94,112.89,108.31737272021462,14.317372720214621
2023-10-08,S004,P0017,361,353.46,348.4247697219341,12.575230278065874
2023-10-09,S004,P0017,18,31.83,27.46718973401114,9.46718973401114
2023-10-10,S004,P0017,24,22.54,17.39057083043268,6.609429169567321
2023-10-11,S004,P0017,30,23.35,18.584497827267302,11.415502172732698
2023-10-12,S004,P0017,12,28.35,23.696776379643055,11.696776379643055
2023-10-13,S004,P0017,135,125.95,121.26776934079317,13.732230659206834
2023-10-14,S004,P0017,58,61.43,56.30442106019782,1.695578939802182
2023-10-15,S004,P0017,282,288.56,283.2968647402266,1.2968647402266242
2023-10-16,S004,P0017,461,477.89,467.3631165259329,6.363116525932924
2023-10-17,S004,P0017,115,111.08,105.77133018093801,9.228669819061992
2023-10-18,S004,P0017,15,13.52,11.605992237597487,3.394007762402513
2023-10-19,S004,P0017,270,276.06,268.96483054924204,1.0351694507579623
2023-10-20,S004,P0017,446,441.66,434.7462813864115,11.25371861358849
2023-10-21,S004,P0017,168,177.75,170.7178602831337,2.717860283133689
2023-10-22,S004,P0017,149,140.97,136.33837582960786,12.661624170392145
2023-10-23,S004,P0017,296,294.85,291.1152508575775,4.884749142422493
2023-10-24,S004,P0017,232,247.9,242.42664875569653,10.426648755696533
2023-10-25,S004,P0017,293,307.46,302.29716690209364,9.297166902093636
2023-10-26,S004,P0017,140,141.07,137.0564461008774,2.9435538991226053
2023-10-27,S004,P0017,50,69.88,65.40689549163999,15.406895491639986
2023-10-28,S004,P0017,294,284.71,279.4756375312201,14.524362468779884
2023-10-29,S004,P0017,59,55.46,49.78571999245341,9.214280007546591
2023-10-30,S004,P0017,243,237.25,231.9262852103291,11.073714789670902
2023-10-31,S004,P0017,50,50.89,45.044585693372035,4.955414306627965
2023-11-01,S004,P0017,58,75.84,70.56105321637551,12.561053216375512
2023-11-02,S004,P0017,36,41.9,36.92412399766847,0.9241239976684668
2023-11-03,S004,P0017,33,39.34,34.6291604984373,1.629160498437301
2023-11-04,S004,P0017,43,40.61,35.92147360950024,7.078526390499761
2023-11-05,S004,P0017,273,287.0,283.5046049623709,10.504604962370877
2023-11-06,S004,P0017,36,52.24,46.39439294322876,10.394392943228759
2023-11-07,S004,P0017,259,262.54,256.48371844012775,2.5162815598722545
2023-11-08,S004,P0017,99,115.52,110.27470522674236,11.274705226742356
2023-11-09,S004,P0017,72,69.03,64.52202308754237,7.477976912457635
2023-11-10,S004,P0017,313,315.3,310.2391322239803,2.7608677760197224
2023-11-11,S004,P0017,230,225.37,221.162355377773,8.837644622227003
2023-11-12,S004,P0017,199,210.41,204.3641164340556,5.364116434055603
2023-11-13,S004,P0017,155,158.32,151.49262590561656,3.5073740943834366
2023-11-14,S004,P0017,191,184.16,178.05657266158673,12.943427338413272
2023-11-15,S004,P0017,44,39.05,34.26133072245058,9.73866927754942
2023-11-16,S004,P0017,116,127.03,120.02331298893478,4.0233129889347765
2023-11-17,S004,P0017,22,29.16,24.248446939674455,2.248446939674455
2023-11-18,S004,P0017,140,141.02,136.6940866586546,3.305913341345388
2023-11-19,S004,P0017,110,115.31,110.07357355413603,0.07357355413603273
2023-11-20,S004,P0017,263,279.66,273.5956538184353,10.595653818435324
2023-11-21,S004,P0017,152,163.0,157.6016671459214,5.601667145921397
2023-11-22,S004,P0017,3,2.04,6.7536984087120935,3.7536984087120935
2023-11-23,S004,P0017,28,38.05,33.211345105099966,5.211345105099966
2023-11-24,S004,P0017,305,300.32,294.09046323708935,10.909536762910648
2023-11-25,S004,P0017,281,287.41,283.0413196766717,2.041319676671719
2023-11-26,S004,P0017,181,182.81,176.67988059587262,4.320119404127382
2023-11-27,S004,P0017,295,297.41,290.5755353289447,4.424464671055318
2023-11-28,S004,P0017,122,115.0,109.81438573895576,12.185614261044236
2023-11-29,S004,P0017,242,236.41,231.88131457980484,10.118685420195163
2023-11-30,S004,P0017,16,21.0,16.105383668419677,0.10538366841967672
2023-12-01,S004,P0017,60,79.41,72.90106055261883,12.90106055261883
2023-12-02,S004,P0017,199,199.3,192.82816038453072,6.171839615469281
2023-12-03,S004,P0017,363,375.31,370.31070336939206,7.3107033693920584
2023-12-04,S004,P0017,320,329.8,323.7908844954258,3.7908844954258143
2023-12-05,S004,P0017,239,253.09,248.2127682369404,9.212768236940406
2023-12-06,S004,P0017,1,9.49,9.70717129502044,8.70717129502044
2023-12-07,S004,P0017,53,55.08,49.48565200596738,3.5143479940326188
2023-12-08,S004,P0017,30,43.84,39.526087859903654,9.526087859903654
2023-12-09,S004,P0017,203,207.53,202.40380220143874,0.5961977985612634
2023-12-10,S004,P0017,216,231.06,224.9472471676803,8.947247167680302
2023-12-11,S004,P0017,234,227.71,222.90525003980338,11.094749960196623
2023-12-12,S004,P0017,52,69.33,63.91547421566166,11.91547421566166
2023-12-13,S004,P0017,152,142.8,136.87642997318935,15.123570026810654
2023-12-14,S004,P0017,313,307.29,303.8356659107615,9.16433408923848
2023-12-15,S004,P0017,18,31.01,27.070155637177518,9.070155637177518
2023-12-16,S004,P0017,135,154.16,147.54274434466217,12.542744344662168
2023-12-17,S004,P0017,322,331.82,325.9270794586616,3.9270794586615807
2023-12-18,S004,P0017,68,84.33,80.03322746676147,12.033227466761474
2023-12-19,S004,P0017,80,90.41,84.58564885289307,4.585648852893073
2023-12-20,S004,P0017,173,171.21,165.41960297093385,7.580397029066148
2023-12-21,S004,P0017,20,22.98,17.477862755186194,2.5221372448138055
2023-12-22,S004,P0017,9,3.43,7.115654299709524,1.884345700290476
2023-12-23,S004,P0017,121,116.08,110.97199923631112,10.02800076368888
2023-12-24,S004,P0017,127,137.32,132.29887470864276,5.298874708642757
2023-12-25,S004,P0017,328,347.17,339.58322233660624,11.58322233660624
2023-12-26,S004,P0017,195,199.87,192.8776274747796,2.1223725252204133
2023-12-27,S004,P0017,67,85.32,80.12349342650509,13.123493426505092
2023-12-28,S004,P0017,174,166.34,161.43834908789904,12.561650912100959
2023-12-29,S004,P0017,100,99.91,94.2838732624351,5.716126737564906
2023-12-30,S004,P0017,383,373.86,371.4988394954345,11.501160504565519
2023-12-31,S004,P0017,122,119.4,113.73237277543528,8.26762722456472
2024-01-01,S004,P0017,19,20.44,15.462072902959054,3.5379270970409458
2023-09-18,S004,P0018,4,12.82,10.873653165888012,6.873653165888012
2023-09-19,S004,P0018,134,151.65,145.78668591211047,11.786685912110471
2023-09-20,S004,P0018,59,62.73,57.24011936507962,1.7598806349203784
2023-09-21,S004,P0018,14,18.69,14.149266824491072,0.14926682449107176
2023-09-22,S004,P0018,313,315.33,308.4615241561253,4.538475843874721
2023-09-23,S004,P0018,433,446.35,435.0336221994801,2.033622199480078
2023-09-24,S004,P0018,109,117.45,112.60470467438512,3.6047046743851183
2023-09-25,S004,P0018,187,178.18,172.3199576386434,14.680042361356612
2023-09-26,S004,P0018,136,141.75,136.8950814573098,0.8950814573098
2023-09-27,S004,P0018,309,321.15,315.0600784808638,6.060078480863808
2023-09-28,S004,P0018,41,53.17,49.03961584938481,8.039615849384809
2023-09-29,S004,P0018,245,264.78,257.38850207180246,12.388502071802463
2023-09-30,S004,P0018,252,270.72,265.2984149991924,13.298414999192403
2023-10-01,S004,P0018,206,212.6,207.40286086793458,1.402860867934578
2023-10-02,S004,P0018,9,4.82,7.031066290835925,1.9689337091640748
2023-10-03,S004,P0018,268,267.63,260.4673572191832,7.532642780816786
2023-10-04,S004,P0018,265,266.53,261.7697073375149,3.2302926624851125
2023-10-05,S004,P0018,308,298.49,291.8899055409572,16.110094459042784
2023-10-06,S004,P0018,105,108.15,103.70183298868903,1.2981670113109658
2023-10-07,S004,P0018,210,211.36,204.6840701291999,5.31592987080009
2023-10-08,S004,P0018,68,58.76,53.23929593862136,14.76070406137864
2023-10-09,S004,P0018,96,100.98,95.80746367723714,0.19253632276286226
2023-10-10,S004,P0018,129,127.44,121.70531079425123,7.294689205748767
2023-10-11,S004,P0018,60,51.82,46.344614211625384,13.655385788374616
2023-10-12,S004,P0018,96,94.33,89.47780644381731,6.522193556182685
2023-10-13,S004,P0018,127,139.89,135.10160273411879,8.101602734118785
2023-10-14,S004,P0018,340,356.29,348.62303559669687,8.623035596696866
2023-10-15,S004,P0018,79,98.58,92.80875556935598,13.80875556935598
2023-10-16,S004,P0018,339,346.4,337.6165415468633,1.3834584531367113
2023-10-17,S004,P0018,71,90.89,84.70343184617353,13.70343184617353
2023-10-18,S004,P0018,10,6.67,8.109730242700678,1.890269757299322
2023-10-19,S004,P0018,12,2.42,6.414577693632166,5.585422306367834
2023-10-20,S004,P0018,136,149.36,143.65872386533297,7.6587238653329734
2023-10-21,S004,P0018,57,71.86,65.67235739854246,8.67235739854246
2023-10-22,S004,P0018,47,44.5,39.59037468241296,7.409625317587043
2023-10-23,S004,P0018,227,233.83,228.88228556677643,1.8822855667764316
2023-10-24,S004,P0018,38,49.74,44.62421709642918,6.624217096429177
2023-10-25,S004,P0018,393,412.46,405.88311957059636,12.883119570596364
2023-10-26,S004,P0018,10,10.85,10.195097716923677,0.1950977169236765
2023-10-27,S004,P0018,65,80.46,74.11736785850694,9.117367858506938
2023-10-28,S004,P0018,108,114.55,108.68434113895168,0.6843411389516803
2023-10-29,S004,P0018,321,326.37,320.14810070956935,0.8518992904306515
2023-10-30,S004,P0018,123,140.99,135.98722706874312,12.987227068743124
2023-10-31,S004,P0018,20,33.97,29.58291694738444,9.58291694738444
2023-11-01,S004,P0018,167,177.02,170.31228420723897,3.3122842072389744
2023-11-02,S004,P0018,72,78.49,72.28071347315537,0.2807134731553731
2023-11-03,S004,P0018,184,186.63,181.7351712921656,2.264828707834397
2023-11-04,S004,P0018,123,137.82,131.63176566908058,8.631765669080579
2023-11-05,S004,P0018,231,245.92,239.57077690430515,8.570776904305148
2023-11-06,S004,P0018,380,383.55,375.0081625022834,4.991837497716574
2023-11-07,S004,P0018,312,308.12,302.99380848915956,9.006191510840438
2023-11-08,S004,P0018,54,59.67,55.784015336180246,1.7840153361802464
2023-11-09,S004,P0018,21,37.77,33.94193207370795,12.941932073707953
2023-11-10,S004,P0018,62,71.99,66.16747156852088,4.167471568520881
2023-11-11,S004,P0018,28,42.11,36.71019443251093,8.710194432510932
2023-11-12,S004,P0018,58,61.26,56.219845103677514,1.780154896322486
2023-11-13,S004,P0018,433,441.8,434.69934501905755,1.6993450190575459
2023-11-14,S004,P0018,16,6.5,8.864040050132036,7.135959949867964
2023-11-15,S004,P0018,209,207.93,203.0786145885536,5.921385411446408
2023-11-16,S004,P0018,194,192.5,186.4022797397111,7.597720260288895
2023-11-17,S004,P0018,71,78.58,73.48607853060355,2.4860785306035496
2023-11-18,S004,P0018,293,295.18,290.0882551405206,2.911744859479427
2023-11-19,S004,P0018,24,35.2,30.240448072472923,6.2404480724729225
2023-11-20,S004,P0018,223,227.13,222.74094876443533,0.25905123556466947
2023-11-21,S004,P0018,331,339.82,333.4631419116593,2.4631419116593065
2023-11-22,S004,P0018,236,250.15,244.697794581188,8.697794581187992
2023-11-23,S004,P0018,128,140.66,135.15875736231098,7.158757362310979
2023-11-24,S004,P0018,63,68.54,64.21497343519734,1.2149734351973365
2023-11-25,S004,P0018,90,105.72,99.7472861985456,9.747286198545595
2023-11-26,S004,P0018,160,165.89,160.7959628478852,0.7959628478851926
2023-11-27,S004,P0018,69,64.77,59.56055888927534,9.439441110724658
2023-11-28,S004,P0018,51,60.74,55.67670025302784,4.676700253027839
2023-11-29,S004,P0018,76,91.04,85.51681366392515,9.516813663925149
2023-11-30,S004,P0018,25,31.58,26.722736120658226,1.722736120658226
2023-12-01,S004,P0018,4,7.52,8.641684481975227,4.641684481975227
2023-12-02,S004,P0018,9,13.22,11.534488321397209,2.534488321397209
2023-12-03,S004,P0018,202,196.31,191.81851108430942,10.18148891569058
2023-12-04,S004,P0018,85,82.65,77.25787899342379,7.7421210065762125
2023-12-05,S004,P0018,288,292.27,287.3641008657132,0.6358991342867739
2023-12-06,S004,P0018,49,60.09,54.85135716664456,5.851357166644561
2023-12-07,S004,P0018,108,104.51,98.81808141705102,9.181918582948981
2023-12-08,S004,P0018,229,224.14,219.32715268851925,9.672847311480751
2023-12-09,S004,P0018,94,99.06,94.24479845985445,0.2447984598544508
2023-12-10,S004,P0018,262,280.32,275.9315997704089,13.931599770408923
2023-12-11,S004,P0018,138,134.4,129.171447252131,8.828552747868997
2023-12-12,S004,P0018,69,72.41,66.64476065222135,2.3552393477786495
2023-12-13,S004,P0018,174,164.25,158.95609919123808,15.043900808761919
2023-12-14,S004,P0018,21,28.41,23.81470127243516,2.8147012724351583
2023-12-15,S004,P0018,31,43.69,39.00370128629853,8.00370128629853
2023-12-16,S004,P0018,162,178.63,172.5075848944916,10.5075848944916
2023-12-17,S004,P0018,25,38.84,34.154041748653526,9.154041748653526
2023-12-18,S004,P0018,12,12.19,11.007816736444337,0.9921832635556633
2023-12-19,S004,P0018,265,259.95,252.9264977046597,12.07350229534029
2023-12-20,S004,P0018,34,43.42,40.13285886877464,6.13285886877464
2023-12-21,S004,P0018,127,125.35,118.74298949131767,8.257010508682328
2023-12-22,S004,P0018,129,130.8,124.97861451741286,4.021385482587135
2023-12-23,S004,P0018,11,23.12,17.371000970437674,6.371000970437674
2023-12-24,S004,P0018,84,95.63,90.13383847061777,6.133838470617775
2023-12-25,S004,P0018,64,77.72,72.7467421044169,8.746742104416896
2023-12-26,S004,P0018,28,22.48,17.43175586638354,10.56824413361646
2023-12-27,S004,P0018,19,38.16,33.805885808179966,14.805885808179966
2023-12-28,S004,P0018,58,72.72,68.13837579217844,10.138375792178437
2023-12-29,S004,P0018,52,57.41,52.87598909708116,0.8759890970811597
2023-12-30,S004,P0018,171,171.91,166.53075934350954,4.469240656490456
2023-12-31,S004,P0018,213,229.39,224.64097011773973,11.640970117739727
2024-01-01,S004,P0018,1,6.92,7.874224891377427,6.874224891377427
2023-09-18,S004,P0019,206,209.63,204.74065696666003,1.2593430333399738
2023-09-19,S004,P0019,410,408.68,403.80382708270224,6.196172917297758
2023-09-20,S004,P0019,5,24.47,20.134548330827688,15.134548330827688
2023-09-21,S004,P0019,73,66.96,61.064543525002634,11.935456474997366
2023-09-22,S004,P0019,41,50.65,45.98826049742164,4.988260497421642
2023-09-23,S004,P0019,6,15.53,12.302523530831063,6.302523530831063
2023-09-24,S004,P0019,108,119.85,114.85255040063502,6.852550400635025
2023-09-25,S004,P0019,316,335.81,332.2561299836966,16.25612998369661
2023-09-26,S004,P0019,359,378.52,372.5960302341298,13.596030234129785
2023-09-27,S004,P0019,191,198.06,192.3049655646468,1.3049655646468068
2023-09-28,S004,P0019,147,164.25,159.03362858889517,12.03362858889517
2023-09-29,S004,P0019,127,143.78,137.9800232618902,10.98002326189021
2023-09-30,S004,P0019,40,59.89,54.610473258554634,14.610473258554634
2023-10-01,S004,P0019,280,291.95,286.80104004415034,6.801040044150341
2023-10-02,S004,P0019,423,413.79,406.0466480178749,16.953351982125128
2023-10-03,S004,P0019,53,56.67,51.42774794758974,1.5722520524102634
2023-10-04,S004,P0019,409,425.48,422.5874913063384,13.587491306338393
2023-10-05,S004,P0019,81,91.84,85.88391458452743,4.883914584527432
2023-10-06,S004,P0019,79,85.2,80.05885311024272,1.0588531102427226
2023-10-07,S004,P0019,199,189.14,183.68895412705447,15.311045872945527
2023-10-08,S004,P0019,87,106.46,100.7918686319918,13.791868631991804
2023-10-09,S004,P0019,19,14.92,12.03327894022253,6.96672105977747
2023-10-10,S004,P0019,49,60.98,56.12911486675764,7.129114866757639
2023-10-11,S004,P0019,369,385.85,381.6903593899799,12.690359389979903
2023-10-12,S004,P0019,380,391.58,387.1438974471016,7.143897447101608
2023-10-13,S004,P0019,300,305.48,299.86942219057033,0.130577809429667
2023-10-14,S004,P0019,172,162.75,158.08660426081673,13.913395739183272
2023-10-15,S004,P0019,136,154.7,149.56483168411756,13.564831684117564
2023-10-16,S004,P0019,18,14.26,11.403857927639859,6.596142072360141
2023-10-17,S004,P0019,109,121.92,116.34668396860262,7.346683968602619
2023-10-18,S004,P0019,173,164.53,158.84501232648148,14.15498767351852
2023-10-19,S004,P0019,254,264.2,257.2105301216145,3.210530121614511
2023-10-20,S004,P0019,227,219.19,213.7000037067561,13.299996293243908
2023-10-21,S004,P0019,153,166.03,162.01254315565598,9.012543155655976
2023-10-22,S004,P0019,21,29.17,24.315395266068336,3.315395266068336
2023-10-23,S004,P0019,34,37.29,32.69297589322041,1.3070241067795934
2023-10-24,S004,P0019,79,95.28,90.06236052632346,11.06236052632346
2023-10-25,S004,P0019,175,166.44,162.0436128236202,12.956387176379792
2023-10-26,S004,P0019,54,44.47,39.50484816309016,14.49515183690984
2023-10-27,S004,P0019,22,41.32,35.643757136704195,13.643757136704195
2023-10-28,S004,P0019,21,38.98,34.323103162781564,13.323103162781564
2023-10-29,S004,P0019,190,187.5,181.7618497131747,8.238150286825288
2023-10-30,S004,P0019,225,238.5,234.79674898019985,9.796748980199851
2023-10-31,S004,P0019,169,165.82,162.27374225773883,6.7262577422611685
2023-11-01,S004,P0019,292,302.44,295.3222906983352,3.322290698335223
2023-11-02,S004,P0019,93,87.21,81.66442984052006,11.335570159479943
2023-11-03,S004,P0019,280,283.46,278.19759643622774,1.802403563772259
2023-11-04,S004,P0019,125,137.31,131.89715525113203,6.897155251132034
2023-11-05,S004,P0019,30,36.71,31.862252119823346,1.8622521198233457
2023-11-06,S004,P0019,158,162.87,157.97673134843524,0.023268651564762877
2023-11-07,S004,P0019,239,235.64,231.4590027897486,7.5409972102513905
2023-11-08,S004,P0019,13,24.03,18.95952500388668,5.959525003886679
2023-11-09,S004,P0019,91,110.93,105.81619900733213,14.81619900733213
2023-11-10,S004,P0019,394,386.76,381.5349399631611,12.465060036838906
2023-11-11,S004,P0019,189,182.22,177.3556001713611,11.64439982863891
2023-11-12,S004,P0019,93,94.78,88.97141047218416,4.028589527815839
2023-11-13,S004,P0019,348,354.06,348.5266593315665,0.5266593315665204
2023-11-14,S004,P0019,29,35.97,31.28762121405188,2.2876212140518817
2023-11-15,S004,P0019,106,112.41,107.00449776901908,1.004497769019082
2023-11-16,S004,P0019,135,129.59,123.78228800582971,11.217711994170287
2023-11-17,S004,P0019,165,179.16,173.82077107439244,8.82077107439244
2023-11-18,S004,P0019,32,30.17,26.21631836278428,5.783681637215722
2023-11-19,S004,P0019,177,192.31,185.96268275051025,8.962682750510254
2023-11-20,S004,P0019,97,107.74,102.36690483655411,5.366904836554113
2023-11-21,S004,P0019,8,23.63,18.21610523473456,10.21610523473456
2023-11-22,S004,P0019,76,74.68,68.91231286992587,7.08768713007413
2023-11-23,S004,P0019,173,170.85,165.31415621874754,7.6858437812524585
2023-11-24,S004,P0019,79,86.16,81.41640404184398,2.4164040418439754
2023-11-25,S004,P0019,279,276.34,268.8673026573737,10.132697342626273
2023-11-26,S004,P0019,317,312.14,305.5609704972736,11.439029502726385
2023-11-27,S004,P0019,39,32.56,28.10803813315391,10.891961866846088
2023-11-28,S004,P0019,227,236.83,231.89524888297439,4.895248882974386
2023-11-29,S004,P0019,47,45.13,40.64129812556962,6.3587018744303805
2023-11-30,S004,P0019,250,260.8,254.05856550265614,4.058565502656137
2023-12-01,S004,P0019,23,14.16,12.118245878498556,10.881754121501444
2023-12-02,S004,P0019,55,55.1,50.08720054924542,4.9127994507545765
2023-12-03,S004,P0019,45,35.41,30.365925446619354,14.634074553380646
2023-12-04,S004,P0019,256,272.57,267.33444494950015,11.334444949500153
2023-12-05,S004,P0019,151,166.59,161.4311001289508,10.431100128950789
2023-12-06,S004,P0019,296,307.0,302.74666229733504,6.746662297335035
2023-12-07,S004,P0019,69,77.1,70.90212423455375,1.902124234553753
2023-12-08,S004,P0019,113,130.88,126.09302436720253,13.093024367202531
2023-12-09,S004,P0019,121,137.97,132.7233196371389,11.7233196371389
2023-12-10,S004,P0019,65,56.62,51.569179502610794,13.430820497389206
2023-12-11,S004,P0019,28,46.83,41.971131706425446,13.971131706425446
2023-12-12,S004,P0019,66,71.5,65.54509670367815,0.4549032963218451
2023-12-13,S004,P0019,94,91.88,86.49486248973119,7.50513751026881
2023-12-14,S004,P0019,78,77.62,71.46656293954,6.5334370604600025
2023-12-15,S004,P0019,101,105.57,100.0196812922899,0.9803187077100972
2023-12-16,S004,P0019,51,47.22,41.99724827133136,9.002751728668642
2023-12-17,S004,P0019,211,222.21,217.03217405483736,6.0321740548373555
2023-12-18,S004,P0019,57,56.15,51.4568754695248,5.543124530475197
2023-12-19,S004,P0019,36,34.94,29.157026031202804,6.842973968797196
2023-12-20,S004,P0019,73,63.76,57.617489416323494,15.382510583676506
2023-12-21,S004,P0019,44,34.96,28.837718922998754,15.162281077001246
2023-12-22,S004,P0019,0,-9.08,2.008352078668541,2.008352078668541
2023-12-23,S004,P0019,158,172.98,167.61102352012426,9.611023520124263
2023-12-24,S004,P0019,20,31.69,26.253351035888628,6.2533510358886275
2023-12-25,S004,P0019,57,59.2,54.50940444721242,2.490595552787582
2023-12-26,S004,P0019,338,334.71,330.6217443611973,7.378255638802727
2023-12-27,S004,P0019,33,26.97,22.350192020233266,10.649807979766734
2023-12-28,S004,P0019,160,167.96,162.72668545376524,2.726685453765242
2023-12-29,S004,P0019,219,230.09,224.8276176890418,5.827617689041801
2023-12-30,S004,P0019,11,1.25,5.776981353120373,5.223018646879627
2023-12-31,S004,P0019,88,105.74,101.06092125792088,13.060921257920882
2024-01-01,S004,P0019,44,43.07,37.67936046610777,6.320639533892233
2023-09-18,S004,P0020,81,88.87,82.81839152126904,1.8183915212690351
2023-09-19,S004,P0020,303,319.51,314.09923268721036,11.09923268721036
2023-09-20,S004,P0020,150,145.29,139.43580454438,10.564195455619995
2023-09-21,S004,P0020,264,283.96,278.8915979648391,14.891597964839093
2023-09-22,S004,P0020,54,63.35,57.25987132934624,3.2598713293462396
2023-09-23,S004,P0020,107,106.94,101.1658866572985,5.8341133427014995
2023-09-24,S004,P0020,308,307.08,303.3688730135916,4.63112698640839
2023-09-25,S004,P0020,52,59.36,54.115880703352765,2.115880703352765
2023-09-26,S004,P0020,201,217.74,212.2582833759924,11.258283375992391
2023-09-27,S004,P0020,30,33.73,29.540739427079373,0.45926057292062694
2023-09-28,S004,P0020,6,-2.24,4.136600927726397,1.8633990722736034
2023-09-29,S004,P0020,142,148.6,142.41496390936283,0.41496390936282523
2023-09-30,S004,P0020,73,84.86,79.5792716097881,6.579271609788094
2023-10-01,S004,P0020,479,497.24,474.93853398599066,4.061466014009341
2023-10-02,S004,P0020,221,226.22,220.87849736866247,0.1215026313375347
2023-10-03,S004,P0020,65,77.89,72.0771198330003,7.077119833000296
2023-10-04,S004,P0020,20,17.54,13.320389120393482,6.679610879606518
2023-10-05,S004,P0020,95,114.22,108.71166366596194,13.711663665961936
2023-10-06,S004,P0020,199,201.76,194.73867939526212,4.261320604737875
2023-10-07,S004,P0020,115,111.87,106.14446759070695,8.855532409293048
2023-10-08,S004,P0020,104,95.68,90.18255583231209,13.81744416768791
2023-10-09,S004,P0020,127,135.54,130.09806501842397,3.0980650184239664
2023-10-10,S004,P0020,98,92.57,86.77087282800069,11.229127171999309
2023-10-11,S004,P0020,122,114.61,109.09299865035419,12.90700134964581
2023-10-12,S004,P0020,68,67.51,61.805433622075284,6.1945663779247155
2023-10-13,S004,P0020,165,167.8,162.98950923492524,2.0104907650747634
2023-10-14,S004,P0020,162,177.12,170.81737874195795,8.817378741957953
2023-10-15,S004,P0020,26,17.11,12.667389998701864,13.332610001298136
2023-10-16,S004,P0020,174,178.66,172.58523893513677,1.414761064863228
2023-10-17,S004,P0020,106,103.79,98.01717293019158,7.9828270698084225
2023-10-18,S004,P0020,14,6.71,8.590579256344807,5.409420743655193
2023-10-19,S004,P0020,309,303.57,298.30899442607824,10.691005573921757
2023-10-20,S004,P0020,119,126.02,120.21933839701919,1.219338397019186
2023-10-21,S004,P0020,124,118.58,112.45573204919978,11.544267950800219
2023-10-22,S004,P0020,378,374.93,369.38234284918184,8.617657150818161
2023-10-23,S004,P0020,157,173.51,167.3315409891913,10.331540989191296
2023-10-24,S004,P0020,120,112.7,106.68844670386369,13.31155329613631
2023-10-25,S004,P0020,12,3.21,6.955599632684521,5.044400367315479
2023-10-26,S004,P0020,286,278.55,272.8884143318767,13.111585668123325
2023-10-27,S004,P0020,161,156.21,151.98681824963046,9.01318175036954
2023-10-28,S004,P0020,355,370.8,365.90404688921626,10.90404688921626
2023-10-29,S004,P0020,257,268.76,263.8352044267591,6.8352044267591054
2023-10-30,S004,P0020,25,35.25,30.79371261190517,5.793712611905171
2023-10-31,S004,P0020,140,132.35,126.44283188875674,13.557168111243257
2023-11-01,S004,P0020,145,135.74,130.25462999587754,14.745370004122464
2023-11-02,S004,P0020,60,53.78,49.12479279358559,10.875207206414409
2023-11-03,S004,P0020,10,12.46,11.406215092961393,1.4062150929613928
2023-11-04,S004,P0020,131,132.81,126.43047467835822,4.569525321641777
2023-11-05,S004,P0020,277,269.19,264.0065987532066,12.993401246793383
2023-11-06,S004,P0020,322,319.79,314.86326465282843,7.136735347171566
2023-11-07,S004,P0020,463,466.78,464.9121227468654,1.912122746865407
2023-11-08,S004,P0020,430,446.38,435.4307169910586,5.430716991058603
2023-11-09,S004,P0020,189,181.51,175.2493978557627,13.750602144237291
2023-11-10,S004,P0020,163,158.35,152.65781170225551,10.342188297744485
2023-11-11,S004,P0020,73,82.29,77.02984017952268,4.0298401795226795
2023-11-12,S004,P0020,92,83.92,78.55524447123926,13.444755528760737
2023-11-13,S004,P0020,386,398.32,392.7254675111347,6.7254675111346955
2023-11-14,S004,P0020,283,273.25,267.51017844916026,15.489821550839736
2023-11-15,S004,P0020,48,49.71,45.292634062227656,2.7073659377723445
2023-11-16,S004,P0020,74,80.24,74.8338208345653,0.8338208345653015
2023-11-17,S004,P0020,127,136.91,131.36483559884414,4.364835598844138
2023-11-18,S004,P0020,395,388.58,381.2072930604472,13.792706939552772
2023-11-19,S004,P0020,15,19.37,14.756338215083364,0.24366178491663604
2023-11-20,S004,P0020,246,251.61,244.77476965398256,1.2252303460174403
2023-11-21,S004,P0020,31,32.58,28.391752054005032,2.608247945994968
2023-11-22,S004,P0020,315,326.14,321.01044217819117,6.01044217819117
2023-11-23,S004,P0020,24,21.02,16.36643635973345,7.633563640266551
2023-11-24,S004,P0020,330,338.53,333.88976469509294,3.8897646950929357
2023-11-25,S004,P0020,69,67.38,62.221459571419885,6.778540428580115
2023-11-26,S004,P0020,135,150.72,145.22809837608327,10.228098376083267
2023-11-27,S004,P0020,83,82.85,77.19384823574383,5.806151764256171
2023-11-28,S004,P0020,92,104.64,99.80064432510943,7.800644325109431
2023-11-29,S004,P0020,99,114.65,109.09625931476334,10.096259314763344
2023-11-30,S004,P0020,15,20.85,15.147465864598688,0.14746586459868816
2023-12-01,S004,P0020,167,175.2,169.8462325901672,2.8462325901672045
2023-12-02,S004,P0020,55,54.88,49.10037141768656,5.89962858231344
2023-12-03,S004,P0020,161,163.56,158.37482531287688,2.6251746871231205
2023-12-04,S004,P0020,195,190.49,184.02643153830678,10.973568461693219
2023-12-05,S004,P0020,0,-5.42,2.955543697359292,2.955543697359292
2023-12-06,S004,P0020,210,202.86,196.82015579109384,13.179844208906161
2023-12-07,S004,P0020,79,89.35,84.5709911443895,5.570991144389495
2023-12-08,S004,P0020,150,165.91,161.72520190837318,11.72520190837318
2023-12-09,S004,P0020,10,1.84,6.434091152590073,3.5659088474099274
2023-12-10,S004,P0020,61,57.72,52.566920324222636,8.433079675777364
2023-12-11,S004,P0020,343,359.79,352.515509548448,9.515509548447994
2023-12-12,S004,P0020,182,172.65,167.11877511077714,14.881224889222864
2023-12-13,S004,P0020,274,275.19,268.30416327661095,5.69583672338905
2023-12-14,S004,P0020,39,55.68,50.173104128800816,11.173104128800816
2023-12-15,S004,P0020,272,288.89,283.2736615547288,11.27366155472879
2023-12-16,S004,P0020,224,233.47,228.31124807824105,4.31124807824105
2023-12-17,S004,P0020,391,408.91,405.31275498034586,14.312754980345858
2023-12-18,S004,P0020,14,19.03,15.008084128127782,1.0080841281277824
2023-12-19,S004,P0020,165,176.29,171.26260263960134,6.26260263960134
2023-12-20,S004,P0020,369,373.12,369.4747181900549,0.4747181900548867
2023-12-21,S004,P0020,7,15.27,12.735496910386729,5.735496910386729
2023-12-22,S004,P0020,156,156.43,151.04230667537763,4.957693324622369
2023-12-23,S004,P0020,164,180.5,175.70693151689417,11.706931516894173
2023-12-24,S004,P0020,224,236.59,231.32473982754826,7.324739827548257
2023-12-25,S004,P0020,146,137.85,131.97340861698694,14.026591383013056
2023-12-26,S004,P0020,176,195.35,189.78133928509652,13.781339285096522
2023-12-27,S004,P0020,48,53.81,48.90243801366462,0.9024380136646215
2023-12-28,S004,P0020,141,153.56,147.26164584841698,6.2616458484169755
2023-12-29,S004,P0020,141,133.78,128.31888808690167,12.681111913098334
2023-12-30,S004,P0020,67,70.36,65.47767499413038,1.522325005869618
2023-12-31,S004,P0020,139,139.39,135.74213763992643,3.257862360073574
2024-01-01,S004,P0020,243,248.08,242.91097638157916,0.08902361842083906
2023-09-18,S005,P0001,264,258.96,253.23183115451724,10.768168845482762
2023-09-19,S005,P0001,142,152.52,146.4581288480182,4.458128848018191
2023-09-20,S005,P0001,204,196.61,190.78769720381393,13.212302796186066
2023-09-21,S005,P0001,206,224.89,220.8679267144904,14.867926714490409
2023-09-22,S005,P0001,82,85.57,80.61021341351166,1.3897865864883414
2023-09-23,S005,P0001,302,293.56,288.5272612497143,13.472738750285714
2023-09-24,S005,P0001,236,234.65,230.31009612632027,5.689903873679725
2023-09-25,S005,P0001,32,23.52,18.56422851676988,13.43577148323012
2023-09-26,S005,P0001,185,200.86,194.89443637882624,9.894436378826242
2023-09-27,S005,P0001,3,20.21,15.134744055793256,12.134744055793256
2023-09-28,S005,P0001,162,168.64,164.46140235604855,2.461402356048552
2023-09-29,S005,P0001,101,113.87,108.62091528319745,7.620915283197448
2023-09-30,S005,P0001,153,165.22,160.62414339381888,7.624143393818883
2023-10-01,S005,P0001,45,42.05,37.03223264670786,7.967767353292139
2023-10-02,S005,P0001,11,25.62,20.13450437976372,9.134504379763719
2023-10-03,S005,P0001,54,67.84,61.71145858083395,7.711458580833948
2023-10-04,S005,P0001,128,129.1,124.30763744056233,3.692362559437669
2023-10-05,S005,P0001,35,51.68,45.87758557243119,10.877585572431187
2023-10-06,S005,P0001,22,33.18,29.028840157636573,7.028840157636573
2023-10-07,S005,P0001,274,280.23,275.46124884249264,1.4612488424926369
2023-10-08,S005,P0001,44,51.02,44.45180594476257,0.45180594476256886
2023-10-09,S005,P0001,86,90.44,84.90369124621955,1.0963087537804483
2023-10-10,S005,P0001,317,319.92,314.3517572094469,2.6482427905531267
2023-10-11,S005,P0001,142,141.61,136.37745013529462,5.622549864705377
2023-10-12,S005,P0001,42,50.89,45.130847254541834,3.130847254541834
2023-10-13,S005,P0001,101,92.65,86.87250732890709,14.12749267109291
2023-10-14,S005,P0001,95,90.71,85.5614769620608,9.438523037939206
2023-10-15,S005,P0001,304,295.07,288.9769361856902,15.023063814309808
2023-10-16,S005,P0001,250,266.93,260.22369939450016,10.223699394500159
2023-10-17,S005,P0001,60,74.34,68.50181750908162,8.501817509081619
2023-10-18,S005,P0001,376,389.07,382.6060274744126,6.606027474412599
2023-10-19,S005,P0001,280,277.63,272.0612270107052,7.938772989294819
2023-10-20,S005,P0001,248,250.95,244.5230969148738,3.476903085126196
2023-10-21,S005,P0001,241,259.13,252.7459289780735,11.745928978073493
2023-10-22,S005,P0001,278,296.3,290.39603756203445,12.39603756203445
2023-10-23,S005,P0001,38,31.97,27.313210387163803,10.686789612836197
2023-10-24,S005,P0001,59,65.92,61.21018835849982,2.2101883584998205
2023-10-25,S005,P0001,309,320.25,314.86345698674313,5.863456986743131
2023-10-26,S005,P0001,119,124.28,118.11511531501527,0.8848846849847263
2023-10-27,S005,P0001,53,58.54,53.923461438342066,0.9234614383420663
2023-10-28,S005,P0001,136,144.55,138.7370682443251,2.737068244325087
2023-10-29,S005,P0001,142,161.2,156.35604167396738,14.356041673967383
2023-10-30,S005,P0001,202,192.54,187.40507671368343,14.594923286316572
2023-10-31,S005,P0001,50,49.01,44.79358208983847,5.206417910161527
2023-11-01,S005,P0001,220,235.9,231.47398589351934,11.473985893519341
2023-11-02,S005,P0001,74,66.79,60.27873336046127,13.721266639538733
2023-11-03,S005,P0001,292,301.99,295.05304936987267,3.0530493698726673
2023-11-04,S005,P0001,159,155.15,148.75182555759397,10.248174442406025
2023-11-05,S005,P0001,112,125.03,119.2788658035479,7.278865803547902
2023-11-06,S005,P0001,89,108.39,102.84135440987916,13.841354409879159
2023-11-07,S005,P0001,8,23.84,18.676946160731735,10.676946160731735
2023-11-08,S005,P0001,134,142.99,136.87028404965733,2.8702840496573288
2023-11-09,S005,P0001,264,280.81,275.9750779138712,11.97507791387119
2023-11-10,S005,P0001,86,77.28,71.16098061830414,14.839019381695863
2023-11-11,S005,P0001,74,76.42,71.00489139448155,2.9951086055184533
2023-11-12,S005,P0001,296,307.14,304.86935559035624,8.869355590356236
2023-11-13,S005,P0001,122,126.02,120.32615837197946,1.67384162802054
2023-11-14,S005,P0001,187,197.25,192.46201572690944,5.462015726909442
2023-11-15,S005,P0001,17,28.91,23.36684261171513,6.366842611715128
2023-11-16,S005,P0001,28,45.57,40.915594367081624,12.915594367081624
2023-11-17,S005,P0001,91,92.86,86.44534310093078,4.554656899069215
2023-11-18,S005,P0001,329,333.1,325.8070415640983,3.192958435901687
2023-11-19,S005,P0001,300,315.04,308.7139867951955,8.713986795195524
2023-11-20,S005,P0001,144,136.21,130.8156575274438,13.18434247255621
2023-11-21,S005,P0001,119,110.67,106.50718485472287,12.492815145277135
2023-11-22,S005,P0001,16,31.77,26.549166957448634,10.549166957448634
2023-11-23,S005,P0001,161,162.56,157.3401068442544,3.659893155745607
2023-11-24,S005,P0001,65,66.46,60.78148077402683,4.218519225973168
2023-11-25,S005,P0001,38,48.23,43.31437865621243,5.314378656212433
2023-11-26,S005,P0001,160,177.91,172.04281736400898,12.042817364008982
2023-11-27,S005,P0001,239,256.83,250.19223181936354,11.192231819363542
2023-11-28,S005,P0001,40,41.71,37.00069373067279,2.9993062693272066
2023-11-29,S005,P0001,237,245.56,239.60921585194245,2.6092158519424515
2023-11-30,S005,P0001,81,76.35,70.96160341465804,10.038396585341957
2023-12-01,S005,P0001,25,43.68,39.052671843384104,14.052671843384104
2023-12-02,S005,P0001,134,129.78,124.04503768769115,9.95496231230885
2023-12-03,S005,P0001,37,56.15,51.25911248422325,14.259112484223252
2023-12-04,S005,P0001,357,375.2,369.3210963110148,12.321096311014799
2023-12-05,S005,P0001,8,20.47,15.668995218123236,7.668995218123236
2023-12-06,S005,P0001,35,36.93,31.885449167778628,3.114550832221372
2023-12-07,S005,P0001,13,19.05,14.901405399153568,1.9014053991535675
2023-12-08,S005,P0001,127,132.65,126.83712615718076,0.16287384281923778
2023-12-09,S005,P0001,20,29.4,24.402355850040028,4.402355850040028
2023-12-10,S005,P0001,3,-0.13,5.6245878497551685,2.6245878497551685
2023-12-11,S005,P0001,28,46.38,41.38231566578189,13.382315665781888
2023-12-12,S005,P0001,234,228.22,222.6024774947099,11.397522505290112
2023-12-13,S005,P0001,333,327.71,321.2468345581783,11.753165441821693
2023-12-14,S005,P0001,51,60.9,55.84313429081159,4.843134290811591
2023-12-15,S005,P0001,91,90.33,85.4343565249147,5.565643475085295
2023-12-16,S005,P0001,24,34.08,28.398503022339277,4.398503022339277
2023-12-17,S005,P0001,48,67.44,62.012607623361305,14.012607623361305
2023-12-18,S005,P0001,143,150.63,145.17712385882538,2.1771238588253823
2023-12-19,S005,P0001,22,19.5,14.899500871972112,7.100499128027888
2023-12-20,S005,P0001,128,121.07,115.41265575341559,12.587344246584408
2023-12-21,S005,P0001,192,193.91,188.14611096379767,3.8538890362023324
2023-12-22,S005,P0001,76,80.51,74.3138382275868,1.6861617724132003
2023-12-23,S005,P0001,173,168.13,163.38383721930504,9.616162780694964
2023-12-24,S005,P0001,129,145.38,139.9439737274319,10.94397372743191
2023-12-25,S005,P0001,49,68.56,63.73512781582083,14.735127815820832
2023-12-26,S005,P0001,14,10.53,10.059832268021053,3.9401677319789474
2023-12-27,S005,P0001,313,329.15,322.2129725541089,9.212972554108887
2023-12-28,S005,P0001,113,116.33,110.8819063810506,2.118093618949402
2023-12-29,S005,P0001,123,142.73,137.29462296856698,14.294622968566983
2023-12-30,S005,P0001,92,83.28,77.6120558443902,14.387944155609802
2023-12-31,S005,P0001,39,58.23,54.13459911667199,15.134599116671993
2024-01-01,S005,P0001,201,201.1,195.02043983339658,5.97956016660342
2023-09-18,S005,P0002,97,90.5,84.85315887734271,12.146841122657293
2023-09-19,S005,P0002,196,193.46,187.6407830974261,8.359216902573905
2023-09-20,S005,P0002,359,357.69,352.012231285738,6.9877687142620175
2023-09-21,S005,P0002,80,93.7,87.56266440572952,7.562664405729521
2023-09-22,S005,P0002,118,117.09,112.6399095904648,5.3600904095352035
2023-09-23,S005,P0002,67,80.94,74.39318078138761,7.393180781387613
2023-09-24,S005,P0002,431,443.67,435.300011526035,4.300011526035007
2023-09-25,S005,P0002,14,30.14,26.78488870288062,12.784888702880622
2023-09-26,S005,P0002,27,42.93,38.33121821616852,11.331218216168523
2023-09-27,S005,P0002,66,59.34,54.08285206852947,11.91714793147053
2023-09-28,S005,P0002,20,32.18,27.96548274300018,7.96548274300018
2023-09-29,S005,P0002,7,17.73,13.817835246313047,6.817835246313047
2023-09-30,S005,P0002,112,129.93,124.79565619261183,12.79565619261183
2023-10-01,S005,P0002,7,2.76,6.676391099712599,0.3236089002874012
2023-10-02,S005,P0002,36,30.71,26.331534797160288,9.668465202839712
2023-10-03,S005,P0002,100,101.65,96.19829004300657,3.8017099569934345
2023-10-04,S005,P0002,79,92.67,86.5447570532045,7.544757053204506
2023-10-05,S005,P0002,95,91.29,86.20127613842789,8.798723861572114
2023-10-06,S005,P0002,95,96.06,90.37394525284611,4.626054747153887
2023-10-07,S005,P0002,147,154.6,149.13410652752486,2.134106527524864
2023-10-08,S005,P0002,179,187.74,182.29515811956747,3.295158119567475
2023-10-09,S005,P0002,168,178.5,171.70756981598282,3.707569815982822
2023-10-10,S005,P0002,165,166.25,161.7162059736567,3.283794026343287
2023-10-11,S005,P0002,145,152.12,145.903849647483,0.903849647483014
2023-10-12,S005,P0002,153,169.11,162.99559684257684,9.995596842576845
2023-10-13,S005,P0002,136,129.18,123.12408300976594,12.87591699023406
2023-10-14,S005,P0002,112,128.58,122.31119156266811,10.311191562668114
2023-10-15,S005,P0002,200,197.56,192.80109587567054,7.198904124329459
2023-10-16,S005,P0002,125,120.57,115.13448184565812,9.865518154341885
2023-10-17,S005,P0002,19,38.64,33.40017395232433,14.40017395232433
2023-10-18,S005,P0002,278,293.98,288.153509993669,10.15350999366899
2023-10-19,S005,P0002,80,76.72,71.20498400969521,8.79501599030479
2023-10-20,S005,P0002,161,152.98,146.65892977549674,14.341070224503255
2023-10-21,S005,P0002,70,64.61,59.39020266471553,10.609797335284469
2023-10-22,S005,P0002,40,46.8,41.672450578155235,1.6724505781552352
2023-10-23,S005,P0002,132,126.22,120.39919651966946,11.60080348033054
2023-10-24,S005,P0002,53,50.58,45.01298151241178,7.987018487588223
2023-10-25,S005,P0002,137,147.83,142.28155986893466,5.281559868934664
2023-10-26,S005,P0002,136,127.02,120.83780505868404,15.16219494131596
2023-10-27,S005,P0002,47,53.31,49.379666762293155,2.379666762293155
2023-10-28,S005,P0002,86,98.58,93.17814965432683,7.17814965432683
2023-10-29,S005,P0002,139,134.37,130.45153696590347,8.548463034096528
2023-10-30,S005,P0002,99,117.22,112.33124988969217,13.331249889692174
2023-10-31,S005,P0002,49,55.72,51.09491850276271,2.0949185027627095
2023-11-01,S005,P0002,241,240.66,236.3900347227011,4.6099652772988975
2023-11-02,S005,P0002,172,176.5,171.07806670639363,0.9219332936063722
2023-11-03,S005,P0002,233,224.42,220.7975731449748,12.202426855025209
2023-11-04,S005,P0002,153,143.41,138.06587241524892,14.934127584751081
2023-11-05,S005,P0002,39,29.22,24.427918081837923,14.572081918162077
2023-11-06,S005,P0002,269,262.34,256.2791945019774,12.720805498022628
2023-11-07,S005,P0002,32,42.77,37.57661898276825,5.576618982768252
2023-11-08,S005,P0002,78,74.12,68.14324961861777,9.856750381382227
2023-11-09,S005,P0002,125,119.48,114.2239904315796,10.776009568420406
2023-11-10,S005,P0002,158,170.92,166.6477473190567,8.647747319056691
2023-11-11,S005,P0002,139,129.89,123.34014896779087,15.659851032209133
2023-11-12,S005,P0002,42,56.23,51.942232906884,9.942232906884001
2023-11-13,S005,P0002,109,119.82,114.38669915651752,5.386699156517523
2023-11-14,S005,P0002,96,110.09,105.60418084474006,9.604180844740057
2023-11-15,S005,P0002,92,105.55,100.67216930963333,8.672169309633333
2023-11-16,S005,P0002,19,19.37,15.228094739460172,3.771905260539828
2023-11-17,S005,P0002,202,214.36,209.3633993570151,7.363399357015112
2023-11-18,S005,P0002,12,14.99,12.409265178405317,0.40926517840531673
2023-11-19,S005,P0002,88,80.52,74.79570957486072,13.204290425139277
2023-11-20,S005,P0002,64,55.99,51.01097553472661,12.989024465273388
2023-11-21,S005,P0002,42,56.53,52.16509443202064,10.165094432020638
2023-11-22,S005,P0002,28,21.45,15.315901747510278,12.684098252489722
2023-11-23,S005,P0002,141,159.22,152.9620134370681,11.962013437068094
2023-11-24,S005,P0002,183,183.67,178.62370645929923,4.376293540700772
2023-11-25,S005,P0002,29,45.25,38.87007713709365,9.870077137093652
2023-11-26,S005,P0002,151,160.33,155.85199349541267,4.851993495412671
2023-11-27,S005,P0002,88,107.76,101.8404346332734,13.840434633273404
2023-11-28,S005,P0002,69,60.42,55.54896912101425,13.451030878985748
2023-11-29,S005,P0002,175,178.09,171.92736035602624,3.0726396439737584
2023-11-30,S005,P0002,318,323.82,318.95048031418605,0.950480314186052
2023-12-01,S005,P0002,74,74.5,68.26075234784224,5.739247652157758
2023-12-02,S005,P0002,61,51.4,45.68807435455411,15.31192564544589
2023-12-03,S005,P0002,225,232.54,227.37829939883346,2.3782993988334624
2023-12-04,S005,P0002,18,18.08,13.421197360578294,4.578802639421706
2023-12-05,S005,P0002,9,26.47,21.917664826047734,12.917664826047734
2023-12-06,S005,P0002,420,419.78,413.1923921879717,6.807607812028323
2023-12-07,S005,P0002,71,68.97,64.014241011423,6.985758988577004
2023-12-08,S005,P0002,54,51.02,45.88744796280099,8.11255203719901
2023-12-09,S005,P0002,70,63.25,57.783223570755375,12.216776429244625
2023-12-10,S005,P0002,228,224.56,220.61200972606972,7.387990273930285
2023-12-11,S005,P0002,146,149.44,144.00283317904749,1.9971668209525149
2023-12-12,S005,P0002,104,97.69,91.77399496819481,12.226005031805187
2023-12-13,S005,P0002,124,121.65,116.3915152035841,7.608484796415894
2023-12-14,S005,P0002,362,381.81,374.7160227765918,12.716022776591785
2023-12-15,S005,P0002,363,365.75,359.8647994727633,3.135200527236691
2023-12-16,S005,P0002,300,318.81,313.83430713254506,13.834307132545064
2023-12-17,S005,P0002,56,71.74,66.4847243826721,10.484724382672098
2023-12-18,S005,P0002,445,440.93,435.3173151813991,9.682684818600876
2023-12-19,S005,P0002,23,33.38,29.86475949473884,6.864759494738841
2023-12-20,S005,P0002,336,329.0,320.68859945283003,15.311400547169967
2023-12-21,S005,P0002,42,54.03,49.22779702356267,7.2277970235626725
2023-12-22,S005,P0002,20,27.04,22.16425676435398,2.164256764353979
2023-12-23,S005,P0002,289,306.08,298.9807235602124,9.980723560212425
2023-12-24,S005,P0002,241,260.82,256.2121420307118,15.212142030711789
2023-12-25,S005,P0002,329,336.35,330.83399102614896,1.833991026148965
2023-12-26,S005,P0002,179,172.74,167.37781424149395,11.622185758506049
2023-12-27,S005,P0002,30,25.25,20.7594313779546,9.240568622045402
2023-12-28,S005,P0002,282,291.06,287.26271283721843,5.26271283721843
2023-12-29,S005,P0002,120,122.74,118.39179617986801,1.6082038201319904
2023-12-30,S005,P0002,183,189.9,185.04525788595106,2.0452578859510595
2023-12-31,S005,P0002,271,281.02,276.1424409458808,5.142440945880821
2024-01-01,S005,P0002,97,104.84,99.27583478311665,2.2758347831166503
2023-09-18,S005,P0003,50,54.19,49.8447419487787,0.15525805122130265
2023-09-19,S005,P0003,257,256.1,249.63006819319105,7.36993180680895
2023-09-20,S005,P0003,74,86.69,81.17158941170553,7.171589411705526
2023-09-21,S005,P0003,271,270.13,264.0448159229928,6.955184077007175
2023-09-22,S005,P0003,79,95.24,90.02830422461713,11.02830422461713
2023-09-23,S005,P0003,415,419.01,413.0580003684337,1.9419996315663184
2023-09-24,S005,P0003,368,366.79,361.8594417475451,6.140558252454923
2023-09-25,S005,P0003,274,264.11,256.979068830376,17.02093116962402
2023-09-26,S005,P0003,61,64.0,58.59163719723303,2.4083628027669732
2023-09-27,S005,P0003,290,307.71,302.26118336177245,12.261183361772453
2023-09-28,S005,P0003,84,90.79,85.91172570094312,1.9117257009431228
2023-09-29,S005,P0003,300,313.82,308.38547895883397,8.385478958833971
2023-09-30,S005,P0003,174,184.74,180.56316681199846,6.563166811998457
2023-10-01,S005,P0003,171,176.4,171.2180902263379,0.21809022633789255
2023-10-02,S005,P0003,233,226.16,221.697921636681,11.302078363318998
2023-10-03,S005,P0003,7,7.59,8.671735771968507,1.6717357719685069
2023-10-04,S005,P0003,98,100.18,95.05301930376149,2.946980696238512
2023-10-05,S005,P0003,110,105.11,99.62634204489748,10.373657955102516
2023-10-06,S005,P0003,400,412.12,405.87738424363465,5.877384243634651
2023-10-07,S005,P0003,395,390.59,382.5257903226351,12.474209677364911
2023-10-08,S005,P0003,467,475.68,469.68108536574977,2.681085365749766
2023-10-09,S005,P0003,428,427.03,421.8407654986906,6.159234501309413
2023-10-10,S005,P0003,137,149.34,144.31495168413107,7.314951684131074
2023-10-11,S005,P0003,321,314.65,310.44508494992743,10.554915050072566
2023-10-12,S005,P0003,99,115.91,110.70584923920424,11.705849239204241
2023-10-13,S005,P0003,351,346.07,337.1108764725989,13.889123527401125
2023-10-14,S005,P0003,151,158.15,151.77547662015175,0.7754766201517498
2023-10-15,S005,P0003,46,51.84,45.827829788985554,0.1721702110144463
2023-10-16,S005,P0003,215,225.18,220.81888217121224,5.818882171212238
2023-10-17,S005,P0003,42,54.54,49.10817686512607,7.108176865126069
2023-10-18,S005,P0003,194,186.89,182.04507499941553,11.954925000584467
2023-10-19,S005,P0003,71,69.95,64.9034271273371,6.096572872662904
2023-10-20,S005,P0003,108,99.64,94.19053448876518,13.80946551123482
2023-10-21,S005,P0003,20,20.94,15.412875390088375,4.5871246099116245
2023-10-22,S005,P0003,29,35.65,30.3790154867226,1.3790154867226008
2023-10-23,S005,P0003,179,178.33,171.95003006015483,7.04996993984517
2023-10-24,S005,P0003,50,68.92,63.79064350426653,13.790643504266527
2023-10-25,S005,P0003,223,237.63,232.30770787827947,9.307707878279473
2023-10-26,S005,P0003,240,258.55,253.59159987841622,13.591599878416218
2023-10-27,S005,P0003,21,39.34,34.048850633362875,13.048850633362875
2023-10-28,S005,P0003,7,-1.67,4.757970529189973,2.242029470810027
2023-10-29,S005,P0003,185,181.64,176.07868004693748,8.921319953062522
2023-10-30,S005,P0003,72,64.44,59.03078922393006,12.969210776069943
2023-10-31,S005,P0003,244,261.97,256.77624904315405,12.776249043154053
2023-11-01,S005,P0003,162,172.04,166.3498384782919,4.3498384782919
2023-11-02,S005,P0003,116,109.58,104.53549007321908,11.46450992678092
2023-11-03,S005,P0003,19,12.74,11.471419970572658,7.528580029427342
2023-11-04,S005,P0003,371,362.85,357.75721449784083,13.242785502159165
2023-11-05,S005,P0003,5,20.96,15.82107439225789,10.82107439225789
2023-11-06,S005,P0003,281,283.71,278.3749735849008,2.625026415099228
2023-11-07,S005,P0003,28,40.11,35.697522354402395,7.697522354402395
2023-11-08,S005,P0003,81,78.99,73.14156058921382,7.8584394107861755
2023-11-09,S005,P0003,139,129.82,124.327494947637,14.672505052362993
2023-11-10,S005,P0003,20,12.19,11.901953199810208,8.098046800189792
2023-11-11,S005,P0003,106,106.24,100.21767448913124,5.782325510868759
2023-11-12,S005,P0003,299,289.47,284.9629192386412,14.037080761358823
2023-11-13,S005,P0003,165,163.65,157.939665144811,7.060334855189012
2023-11-14,S005,P0003,123,120.02,114.79337186849074,8.206628131509262
2023-11-15,S005,P0003,296,296.38,290.9309007315573,5.069099268442699
2023-11-16,S005,P0003,244,255.1,248.93013846658386,4.9301384665838555
2023-11-17,S005,P0003,64,83.85,79.01073959369762,15.010739593697622
2023-11-18,S005,P0003,102,120.21,115.6757375406281,13.675737540628106
2023-11-19,S005,P0003,55,67.18,61.12373999355425,6.123739993554253
2023-11-20,S005,P0003,169,163.79,158.58629905551294,10.413700944487061
2023-11-21,S005,P0003,64,60.01,54.732657162053634,9.267342837946366
2023-11-22,S005,P0003,175,193.14,187.1490456570188,12.149045657018803
2023-11-23,S005,P0003,353,371.53,364.8411287104758,11.8411287104758
2023-11-24,S005,P0003,99,103.85,97.8810026667888,1.1189973332111975
2023-11-25,S005,P0003,79,91.87,86.80724328001321,7.8072432800132106
2023-11-26,S005,P0003,2,20.45,15.095536451258376,13.095536451258376
2023-11-27,S005,P0003,333,332.89,326.3937810374716,6.606218962528374
2023-11-28,S005,P0003,259,266.9,261.2586252419983,2.2586252419982884
2023-11-29,S005,P0003,215,224.31,219.9097831991695,4.90978319916951
2023-11-30,S005,P0003,115,120.26,115.28200859100704,0.2820085910070418
2023-12-01,S005,P0003,56,73.55,67.9294732370341,11.929473237034102
2023-12-02,S005,P0003,474,475.82,470.06677762930906,3.9332223706909417
2023-12-03,S005,P0003,23,40.04,35.50559630974858,12.505596309748583
2023-12-04,S005,P0003,35,36.8,32.079168584290855,2.920831415709145
2023-12-05,S005,P0003,387,395.11,388.0517971846804,1.0517971846804244
2023-12-06,S005,P0003,218,216.32,212.06499017009236,5.935009829907642
2023-12-07,S005,P0003,165,161.21,155.82421024177535,9.175789758224653
2023-12-08,S005,P0003,184,182.78,177.59514047928405,6.404859520715945
2023-12-09,S005,P0003,96,101.66,96.20946834105848,0.2094683410584821
2023-12-10,S005,P0003,23,32.71,28.130614153021433,5.130614153021433
2023-12-11,S005,P0003,50,49.94,44.85623296996657,5.14376703003343
2023-12-12,S005,P0003,105,112.51,107.54936632280592,2.5493663228059233
2023-12-13,S005,P0003,204,206.89,201.20104838249415,2.7989516175058498
2023-12-14,S005,P0003,199,216.9,212.81824970960153,13.818249709601531
2023-12-15,S005,P0003,35,38.12,33.95320783671606,1.0467921632839392
2023-12-16,S005,P0003,15,29.16,24.39805317894615,9.39805317894615
2023-12-17,S005,P0003,324,325.34,319.7003442913391,4.299655708660907
2023-12-18,S005,P0003,29,41.76,36.831205734725685,7.831205734725685
2023-12-19,S005,P0003,4,4.83,7.200881300893213,3.2008813008932133
2023-12-20,S005,P0003,61,64.46,59.25944731611136,1.7405526838886374
2023-12-21,S005,P0003,56,66.01,61.00691809232522,5.006918092325222
2023-12-22,S005,P0003,176,187.89,181.74312285129565,5.743122851295652
2023-12-23,S005,P0003,321,331.38,324.97289875715876,3.9728987571587595
2023-12-24,S005,P0003,85,91.48,86.0068630156904,1.0068630156903993
2023-12-25,S005,P0003,308,316.08,311.5659346862577,3.5659346862577195
2023-12-26,S005,P0003,268,283.22,279.05320629854396,11.053206298543955
2023-12-27,S005,P0003,244,235.32,231.0793573672403,12.920642632759694
2023-12-28,S005,P0003,190,180.88,174.95942257503478,15.040577424965221
2023-12-29,S005,P0003,144,139.73,135.9617502297209,8.038249770279094
2023-12-30,S005,P0003,29,32.38,28.343592025648995,0.656407974351005
2023-12-31,S005,P0003,155,165.84,161.14308482770798,6.14308482770798
2024-01-01,S005,P0003,92,105.61,100.32135420675164,8.321354206751636
2023-09-18,S005,P0004,9,3.19,6.65891189332886,2.3410881066711404
2023-09-19,S005,P0004,111,105.76,99.95872742582651,11.04127257417349
2023-09-20,S005,P0004,191,208.87,203.70430424581298,12.704304245812978
2023-09-21,S005,P0004,41,40.24,34.84207251516868,6.157927484831319
2023-09-22,S005,P0004,70,68.79,63.351840477536754,6.648159522463246
2023-09-23,S005,P0004,35,25.12,19.4133621295244,15.586637870475599
2023-09-24,S005,P0004,448,459.24,450.5072400193552,2.5072400193552085
2023-09-25,S005,P0004,70,73.54,68.81499742186169,1.1850025781383096
2023-09-26,S005,P0004,1,10.46,9.937214749265161,8.937214749265161
2023-09-27,S005,P0004,36,50.79,45.686554866285775,9.686554866285775
2023-09-28,S005,P0004,129,124.76,118.70469937824834,10.295300621751664
2023-09-29,S005,P0004,364,356.07,348.62128277645354,15.37871722354646
2023-09-30,S005,P0004,172,171.19,165.6959255742706,6.304074425729397
2023-10-01,S005,P0004,200,201.14,193.30367057803022,6.696329421969779
2023-10-02,S005,P0004,44,63.73,57.68864686859571,13.688646868595711
2023-10-03,S005,P0004,7,9.51,9.351991179274563,2.351991179274563
2023-10-04,S005,P0004,56,68.33,63.361616682162946,7.361616682162946
2023-10-05,S005,P0004,137,147.61,143.1402139218003,6.140213921800296
2023-10-06,S005,P0004,21,40.66,35.210971523753386,14.210971523753386
2023-10-07,S005,P0004,266,264.8,257.89293591513035,8.107064084869648
2023-10-08,S005,P0004,23,20.56,15.39608318648444,7.603916813515561
2023-10-09,S005,P0004,80,99.13,93.30351482697844,13.303514826978443
2023-10-10,S005,P0004,267,283.75,279.84079119982965,12.840791199829653
2023-10-11,S005,P0004,50,51.68,46.21237134109449,3.7876286589055113
2023-10-12,S005,P0004,26,27.0,21.769416250106907,4.230583749893093
2023-10-13,S005,P0004,1,-3.99,2.9710493978460972,1.9710493978460972
2023-10-14,S005,P0004,61,80.01,73.74655430986958,12.74655430986958
2023-10-15,S005,P0004,277,276.62,269.8954338005549,7.104566199445117
2023-10-16,S005,P0004,147,154.16,148.73436241578815,1.734362415788155
2023-10-17,S005,P0004,410,400.61,396.8532681041331,13.146731895866878
2023-10-18,S005,P0004,88,107.57,102.66129872145298,14.66129872145298
2023-10-19,S005,P0004,145,150.14,144.85975631895093,0.14024368104907126
2023-10-20,S005,P0004,435,448.82,448.1756680912897,13.175668091289708
2023-10-21,S005,P0004,3,-1.89,4.560806459338496,1.5608064593384956
2023-10-22,S005,P0004,143,157.97,152.47605062160642,9.476050621606419
2023-10-23,S005,P0004,73,66.74,60.567628016579334,12.432371983420666
2023-10-24,S005,P0004,102,115.87,110.99277773048891,8.99277773048891
2023-10-25,S005,P0004,264,269.61,264.83318364662614,0.8331836466261393
2023-10-26,S005,P0004,70,77.05,71.3120040048944,1.3120040048944048
2023-10-27,S005,P0004,60,78.8,72.94312473414764,12.943124734147645
2023-10-28,S005,P0004,417,431.1,425.52373770677275,8.52373770677275
2023-10-29,S005,P0004,283,276.43,268.86440754210895,14.13559245789105
2023-10-30,S005,P0004,212,219.74,214.37466531773643,2.3746653177364294
2023-10-31,S005,P0004,55,63.78,58.13780331931119,3.137803319311189
2023-11-01,S005,P0004,402,412.49,406.06327211229427,4.063272112294271
2023-11-02,S005,P0004,223,236.05,231.53787113090402,8.537871130904023
2023-11-03,S005,P0004,25,33.36,28.844796165432363,3.8447961654323635
2023-11-04,S005,P0004,8,24.55,19.81117693618757,11.811176936187572
2023-11-05,S005,P0004,115,110.25,105.4742057276062,9.525794272393796
2023-11-06,S005,P0004,77,71.3,66.21580067105045,10.784199328949555
2023-11-07,S005,P0004,78,68.34,62.83664159568288,15.163358404317123
2023-11-08,S005,P0004,37,38.34,33.1528953841853,3.8471046158147004
2023-11-09,S005,P0004,18,15.23,12.664209978636201,5.335790021363799
2023-11-10,S005,P0004,117,113.36,108.94070299280563,8.059297007194374
2023-11-11,S005,P0004,172,180.73,174.86968788603295,2.869687886032949
2023-11-12,S005,P0004,207,226.3,222.92170492563838,15.92170492563838
2023-11-13,S005,P0004,380,394.78,387.47655786447416,7.4765578644741595
2023-11-14,S005,P0004,46,58.62,53.126565757243455,7.126565757243455
2023-11-15,S005,P0004,258,277.21,270.8705094089125,12.870509408912483
2023-11-16,S005,P0004,420,426.53,422.3447760741467,2.3447760741466936
2023-11-17,S005,P0004,82,93.0,86.27635111015984,4.276351110159837
2023-11-18,S005,P0004,292,295.86,289.4382346608537,2.561765339146291
2023-11-19,S005,P0004,13,11.58,10.931306654055355,2.068693345944645
2023-11-20,S005,P0004,179,184.3,179.28610136691805,0.28610136691804655
2023-11-21,S005,P0004,249,259.07,253.26073975247223,4.260739752472233
2023-11-22,S005,P0004,28,27.51,22.82200701076539,5.17799298923461
2023-11-23,S005,P0004,210,229.38,223.15526544940525,13.155265449405249
2023-11-24,S005,P0004,398,396.33,388.434313688528,9.565686311472007
2023-11-25,S005,P0004,53,64.69,59.664652036848594,6.664652036848594
2023-11-26,S005,P0004,258,250.87,245.12369861321758,12.876301386782416
2023-11-27,S005,P0004,36,43.17,39.15689626395483,3.1568962639548275
2023-11-28,S005,P0004,17,18.07,14.005584185041528,2.9944158149584723
2023-11-29,S005,P0004,212,212.75,207.38367446385038,4.616325536149617
2023-11-30,S005,P0004,160,157.67,152.14159196650604,7.8584080334939586
2023-12-01,S005,P0004,29,22.89,17.62248620121536,11.37751379878464
2023-12-02,S005,P0004,40,39.42,34.64766752363097,5.352332476369028
2023-12-03,S005,P0004,69,69.25,64.11166850096157,4.888331499038429
2023-12-04,S005,P0004,212,202.6,196.56720078850063,15.432799211499372
2023-12-05,S005,P0004,454,462.22,449.3672425248009,4.632757475199128
2023-12-06,S005,P0004,130,123.71,118.98835994630292,11.011640053697079
2023-12-07,S005,P0004,107,119.9,114.60256069702828,7.602560697028281
2023-12-08,S005,P0004,8,-0.57,5.283528597138297,2.7164714028617034
2023-12-09,S005,P0004,39,29.92,25.68190346576737,13.31809653423263
2023-12-10,S005,P0004,172,173.41,167.20774514972925,4.792254850270751
2023-12-11,S005,P0004,400,393.7,387.4383665651146,12.56163343488538
2023-12-12,S005,P0004,192,185.61,180.9422450136375,11.05775498636251
2023-12-13,S005,P0004,27,39.19,34.15317115649567,7.153171156495667
2023-12-14,S005,P0004,91,103.94,98.70856279812509,7.708562798125087
2023-12-15,S005,P0004,311,315.28,310.76135523556223,0.2386447644377654
2023-12-16,S005,P0004,33,39.1,34.34274674584595,1.3427467458459503
2023-12-17,S005,P0004,95,86.08,80.55671211562898,14.443287884371017
2023-12-18,S005,P0004,343,347.45,340.8926805139383,2.1073194860617264
2023-12-19,S005,P0004,237,256.56,249.98482363628813,12.984823636288127
2023-12-20,S005,P0004,119,130.68,124.5941550822086,5.5941550822086015
2023-12-21,S005,P0004,28,28.55,22.974125829751692,5.025874170248308
2023-12-22,S005,P0004,46,63.22,57.16944851537632,11.169448515376317
2023-12-23,S005,P0004,166,163.61,158.36714819313107,7.632851806868928
2023-12-24,S005,P0004,44,63.88,57.800883473321576,13.800883473321576
2023-12-25,S005,P0004,112,120.91,115.98070323539113,3.9807032353911325
2023-12-26,S005,P0004,31,28.31,23.420513083099856,7.579486916900144
2023-12-27,S005,P0004,151,167.6,162.27753874890004,11.277538748900042
2023-12-28,S005,P0004,237,229.72,224.4493354001774,12.550664599822596
2023-12-29,S005,P0004,132,127.2,121.1054340799001,10.894565920099893
2023-12-30,S005,P0004,153,161.96,156.25740582941026,3.25740582941026
2023-12-31,S005,P0004,30,31.4,26.450398361437795,3.549601638562205
2024-01-01,S005,P0004,85,85.16,80.92455219483782,4.0754478051621845
2023-09-18,S005,P0005,40,53.15,48.677789134120246,8.677789134120246
2023-09-19,S005,P0005,8,23.98,18.1533644605484,10.1533644605484
2023-09-20,S005,P0005,249,258.92,253.53422538417905,4.534225384179052
2023-09-21,S005,P0005,8,18.7,13.602201717474175,5.602201717474175
2023-09-22,S005,P0005,74,82.88,77.80573044707889,3.8057304470788864
2023-09-23,S005,P0005,137,151.15,145.44916888387752,8.449168883877519
2023-09-24,S005,P0005,174,176.38,170.70681802356725,3.2931819764327486
2023-09-25,S005,P0005,122,123.13,118.53807777713662,3.461922222863379
2023-09-26,S005,P0005,45,49.72,44.50763145605429,0.49236854394570884
2023-09-27,S005,P0005,65,68.23,63.6951642030946,1.304835796905401
2023-09-28,S005,P0005,104,119.61,113.45948673664216,9.459486736642162
2023-09-29,S005,P0005,144,158.75,152.7778168526997,8.777816852699686
2023-09-30,S005,P0005,233,237.96,233.09576534528873,0.09576534528872571
2023-10-01,S005,P0005,156,153.76,148.8509338632698,7.149066136730198
2023-10-02,S005,P0005,189,201.48,194.86986148865947,5.869861488659467
2023-10-03,S005,P0005,63,58.94,53.194194197687466,9.805805802312534
2023-10-04,S005,P0005,21,13.77,11.551658031863713,9.448341968136287
2023-10-05,S005,P0005,177,192.35,186.94325628954383,9.943256289543825
2023-10-06,S005,P0005,179,171.85,166.8681854532863,12.131814546713713
2023-10-07,S005,P0005,186,178.12,171.04259679282296,14.957403207177038
2023-10-08,S005,P0005,39,40.47,35.28680184846807,3.713198151531927
2023-10-09,S005,P0005,96,108.37,102.77520579078826,6.775205790788263
2023-10-10,S005,P0005,40,41.18,35.58864381125166,4.411356188748343
2023-10-11,S005,P0005,84,98.34,92.2701644070687,8.270164407068705
2023-10-12,S005,P0005,90,92.17,86.37143879258821,3.628561207411792
2023-10-13,S005,P0005,85,85.01,79.9554852276084,5.044514772391594
2023-10-14,S005,P0005,139,143.04,137.3230714717468,1.6769285282531996
2023-10-15,S005,P0005,13,4.92,6.97371211279775,6.02628788720225
2023-10-16,S005,P0005,199,207.07,202.25925600264299,3.259256002642985
2023-10-17,S005,P0005,151,158.1,152.6726720861712,1.6726720861711897
2023-10-18,S005,P0005,221,237.0,232.08892879000055,11.088928790000551
2023-10-19,S005,P0005,72,78.62,73.62836354571803,1.628363545718031
2023-10-20,S005,P0005,285,278.11,272.16211823812046,12.837881761879544
2023-10-21,S005,P0005,230,242.16,236.63588994636825,6.635889946368252
2023-10-22,S005,P0005,275,273.66,266.5529507465316,8.447049253468379
2023-10-23,S005,P0005,56,60.98,56.324570633384724,0.3245706333847238
2023-10-24,S005,P0005,281,290.44,286.5198151082908,5.5198151082908
2023-10-25,S005,P0005,59,63.03,57.04152559493552,1.9584744050644787
2023-10-26,S005,P0005,90,101.85,96.40342506883951,6.4034250688395105
2023-10-27,S005,P0005,153,143.17,137.0341442258956,15.965855774104398
2023-10-28,S005,P0005,275,292.16,285.77943965611666,10.779439656116665
2023-10-29,S005,P0005,50,45.62,40.29963739902459,9.70036260097541
2023-10-30,S005,P0005,89,102.98,97.73723190493196,8.73723190493196
2023-10-31,S005,P0005,405,412.29,405.24303418898137,0.24303418898136897
2023-11-01,S005,P0005,35,39.96,35.835052320052625,0.8350523200526254
2023-11-02,S005,P0005,318,315.65,310.83838281583894,7.161617184161059
2023-11-03,S005,P0005,22,12.32,11.607847404227954,10.392152595772046
2023-11-04,S005,P0005,95,106.41,101.045313051363,6.045313051362996
2023-11-05,S005,P0005,71,75.99,71.58174310013196,0.5817431001319591
2023-11-06,S005,P0005,85,94.96,89.8578732549719,4.857873254971906
2023-11-07,S005,P0005,391,405.65,398.89744089947453,7.897440899474532
2023-11-08,S005,P0005,48,54.93,49.45971800814985,1.4597180081498493
2023-11-09,S005,P0005,193,191.29,185.66471750974182,7.33528249025818
2023-11-10,S005,P0005,128,124.63,118.44378669036195,9.556213309638053
2023-11-11,S005,P0005,17,29.54,24.73832710614495,7.738327106144951
2023-11-12,S005,P0005,284,286.02,280.45915305676897,3.540846943231031
2023-11-13,S005,P0005,84,90.32,84.68353607096734,0.6835360709673353
2023-11-14,S005,P0005,38,35.54,30.687433815425152,7.312566184574848
2023-11-15,S005,P0005,227,237.08,231.93800288739277,4.93800288739277
2023-11-16,S005,P0005,310,304.59,299.1771418412443,10.822858158755707
2023-11-17,S005,P0005,61,78.9,73.42962761370052,12.429627613700518
2023-11-18,S005,P0005,44,52.81,47.96729984763073,3.967299847630727
2023-11-19,S005,P0005,40,59.94,54.574909214174724,14.574909214174724
2023-11-20,S005,P0005,347,354.28,349.52985554560945,2.5298555456094505
2023-11-21,S005,P0005,121,130.62,125.01950538369076,4.019505383690756
2023-11-22,S005,P0005,141,144.61,138.16259560588045,2.8374043941195453
2023-11-23,S005,P0005,45,40.43,36.20366879784235,8.796331202157653
2023-11-24,S005,P0005,145,136.91,131.90331795942012,13.096682040579879
2023-11-25,S005,P0005,264,262.01,256.15348639319313,7.846513606806866
2023-11-26,S005,P0005,313,318.3,313.57191684600787,0.5719168460078663
2023-11-27,S005,P0005,103,105.48,99.56090019376555,3.439099806234452
2023-11-28,S005,P0005,99,112.27,106.90705454380883,7.907054543808826
2023-11-29,S005,P0005,152,168.07,162.40160954309772,10.40160954309772
2023-11-30,S005,P0005,377,377.71,370.01772801663736,6.9822719833626365
2023-12-01,S005,P0005,29,22.9,18.03567546128131,10.964324538718689
2023-12-02,S005,P0005,13,11.24,10.795683188437843,2.2043168115621565
2023-12-03,S005,P0005,186,193.05,186.95619828245685,0.9561982824568531
2023-12-04,S005,P0005,164,165.54,160.7313921524324,3.2686078475676084
2023-12-05,S005,P0005,166,169.96,164.5268971730797,1.4731028269202966
2023-12-06,S005,P0005,16,29.04,23.508302064221784,7.508302064221784
2023-12-07,S005,P0005,65,79.15,73.48337769735068,8.483377697350676
2023-12-08,S005,P0005,72,87.1,81.04242238869776,9.042422388697759
2023-12-09,S005,P0005,178,190.68,186.45193132612013,8.451931326120132
2023-12-10,S005,P0005,25,26.09,22.4576745410213,2.5423254589786985
2023-12-11,S005,P0005,72,74.66,68.99167799559348,3.008322004406523
2023-12-12,S005,P0005,157,156.74,151.43435161329418,5.565648386705817
2023-12-13,S005,P0005,28,36.37,31.172794098995745,3.1727940989957446
2023-12-14,S005,P0005,116,116.33,111.47063230989059,4.52936769010941
2023-12-15,S005,P0005,315,306.24,301.96958477699764,13.030415223002365
2023-12-16,S005,P0005,206,201.87,195.99522914528643,10.00477085471357
2023-12-17,S005,P0005,104,106.9,100.81269907142612,3.187300928573876
2023-12-18,S005,P0005,152,154.02,147.86759164159315,4.132408358406849
2023-12-19,S005,P0005,57,47.84,43.67811953642257,13.321880463577429
2023-12-20,S005,P0005,102,117.65,111.7817890403651,9.781789040365098
2023-12-21,S005,P0005,135,146.18,140.8122892060479,5.812289206047893
2023-12-22,S005,P0005,260,268.02,261.67211985247997,1.672119852479966
2023-12-23,S005,P0005,54,64.94,59.7073454921446,5.707345492144597
2023-12-24,S005,P0005,95,105.34,98.68370646131746,3.683706461317456
2023-12-25,S005,P0005,296,294.96,288.9426816233174,7.057318376682588
2023-12-26,S005,P0005,118,122.57,117.77179191855728,0.2282080814427161
2023-12-27,S005,P0005,12,30.88,26.768936578495758,14.768936578495758
2023-12-28,S005,P0005,74,72.52,66.98214803416055,7.017851965839455
2023-12-29,S005,P0005,417,431.8,423.8130480684283,6.813048068428316
2023-12-30,S005,P0005,472,485.17,470.10338751658566,1.8966124834143443
2023-12-31,S005,P0005,210,217.9,212.04444325676695,2.0444432567669537
2024-01-01,S005,P0005,154,150.53,145.48608745318444,8.513912546815561
2023-09-18,S005,P0006,110,104.28,99.42431520352612,10.57568479647388
2023-09-19,S005,P0006,47,37.21,31.873495861085985,15.126504138914015
2023-09-20,S005,P0006,151,155.42,150.2145216818452,0.7854783181547873
2023-09-21,S005,P0006,256,265.19,258.42115743254976,2.4211574325497622
2023-09-22,S005,P0006,88,97.38,91.83184275077735,3.831842750777355
2023-09-23,S005,P0006,159,169.46,163.90366838291496,4.903668382914958
2023-09-24,S005,P0006,40,54.67,49.6389269045425,9.638926904542501
2023-09-25,S005,P0006,251,269.96,264.3908500665811,13.390850066581095
2023-09-26,S005,P0006,102,112.26,107.30650113708265,5.306501137082648
2023-09-27,S005,P0006,73,63.43,58.042984147539016,14.957015852460984
2023-09-28,S005,P0006,194,186.89,181.6289252602638,12.371074739736201
2023-09-29,S005,P0006,416,414.71,408.4666870687615,7.533312931238527
2023-09-30,S005,P0006,301,315.58,311.2268058380609,10.226805838060898
2023-10-01,S005,P0006,325,321.9,315.4838284747227,9.516171525277286
2023-10-02,S005,P0006,86,82.01,75.45664660846121,10.543353391538787
2023-10-03,S005,P0006,334,329.56,324.46941168887525,9.530588311124745
2023-10-04,S005,P0006,127,122.84,117.87243612359808,9.127563876401922
2023-10-05,S005,P0006,247,247.02,240.9349999038122,6.065000096187788
2023-10-06,S005,P0006,106,116.5,111.61313861731728,5.613138617317276
2023-10-07,S005,P0006,62,73.22,68.43654248518219,6.436542485182187
2023-10-08,S005,P0006,103,116.53,112.15677828399103,9.15677828399103
2023-10-09,S005,P0006,251,251.54,245.66732128932497,5.332678710675026
2023-10-10,S005,P0006,136,146.87,141.92865842712771,5.928658427127715
2023-10-11,S005,P0006,203,212.67,207.8611189253818,4.861118925381788
2023-10-12,S005,P0006,76,83.64,78.48859897578888,2.488598975788875
2023-10-13,S005,P0006,170,178.64,171.83437034519935,1.8343703451993463
2023-10-14,S005,P0006,73,87.83,81.89285849880439,8.892858498804387
2023-10-15,S005,P0006,185,194.06,188.98877628184567,3.9887762818456736
2023-10-16,S005,P0006,115,124.34,118.75581262851057,3.7558126285105686
2023-10-17,S005,P0006,41,44.72,39.92617454666791,1.0738254533320912
2023-10-18,S005,P0006,56,47.37,42.40992933252203,13.590070667477967
2023-10-19,S005,P0006,300,306.6,303.4084834587092,3.408483458709213
2023-10-20,S005,P0006,88,83.53,78.29231373315415,9.707686266845855
2023-10-21,S005,P0006,196,186.37,181.31494217949208,14.685057820507922
2023-10-22,S005,P0006,2,11.6,10.610938854352396,8.610938854352396
2023-10-23,S005,P0006,137,144.98,139.01583280536826,2.0158328053682624
2023-10-24,S005,P0006,171,173.07,167.4485335841572,3.5514664158428104
2023-10-25,S005,P0006,309,315.86,310.56867370047445,1.5686737004744487
2023-10-26,S005,P0006,228,231.32,225.431743389718,2.568256610281992
2023-10-27,S005,P0006,207,197.04,192.11618448414424,14.883815515855758
2023-10-28,S005,P0006,89,96.17,89.87768861143776,0.8776886114377618
2023-10-29,S005,P0006,135,148.62,143.45836386676856,8.458363866768565
2023-10-30,S005,P0006,106,115.99,110.65742608539722,4.657426085397219
2023-10-31,S005,P0006,119,136.13,130.03159285950338,11.031592859503377
2023-11-01,S005,P0006,124,123.98,117.658227635777,6.341772364223004
2023-11-02,S005,P0006,0,5.93,8.036867333865326,8.036867333865326
2023-11-03,S005,P0006,143,149.16,143.32033006535022,0.3203300653502197
2023-11-04,S005,P0006,243,238.65,233.92822204427634,9.071777955723661
2023-11-05,S005,P0006,31,35.97,30.620026530705918,0.3799734692940824
2023-11-06,S005,P0006,198,215.91,212.67657957440812,14.676579574408123
2023-11-07,S005,P0006,102,96.83,90.89089804406385,11.109101955936154
2023-11-08,S005,P0006,51,55.94,50.43968989734594,0.5603101026540571
2023-11-09,S005,P0006,342,359.11,353.2460478963061,11.246047896306095
2023-11-10,S005,P0006,266,257.03,250.58747402434489,15.412525975655115
2023-11-11,S005,P0006,159,168.62,163.32512878087283,4.325128780872831
2023-11-12,S005,P0006,334,349.72,343.89584191441287,9.89584191441287
2023-11-13,S005,P0006,368,379.85,373.277680994445,5.2776809944450065
2023-11-14,S005,P0006,40,57.07,52.144607182586824,12.144607182586824
2023-11-15,S005,P0006,29,33.97,29.118383770012095,0.11838377001209466
2023-11-16,S005,P0006,18,12.66,12.096195336661228,5.9038046633387715
2023-11-17,S005,P0006,21,38.63,33.82267684216133,12.822676842161329
2023-11-18,S005,P0006,83,90.05,84.13847805747825,1.1384780574782525
2023-11-19,S005,P0006,28,41.71,37.306164105874686,9.306164105874686
2023-11-20,S005,P0006,74,75.8,71.01400677489283,2.9859932251071655
2023-11-21,S005,P0006,196,205.44,198.42044088939713,2.4204408893971276
2023-11-22,S005,P0006,292,293.33,288.1248567270317,3.8751432729682733
2023-11-23,S005,P0006,167,174.34,168.07779979912735,1.077799799127348
2023-11-24,S005,P0006,69,72.82,67.53256611157565,1.4674338884243525
2023-11-25,S005,P0006,2,11.34,10.118596151590463,8.118596151590463
2023-11-26,S005,P0006,57,57.04,52.40968117529466,4.590318824705342
2023-11-27,S005,P0006,39,48.54,44.29204463364701,5.292044633647009
2023-11-28,S005,P0006,89,95.37,90.08156727565405,1.0815672756540522
2023-11-29,S005,P0006,19,16.35,13.042700091514156,5.957299908485844
2023-11-30,S005,P0006,76,72.08,66.69660287336792,9.303397126632078
2023-12-01,S005,P0006,388,394.8,387.5189675658815,0.4810324341185037
2023-12-02,S005,P0006,60,64.97,59.99967446607161,0.0003255339283896319
2023-12-03,S005,P0006,55,74.1,68.68248768050711,13.682487680507109
2023-12-04,S005,P0006,419,416.24,411.8315158536588,7.1684841463412
2023-12-05,S005,P0006,400,417.94,412.1719971297461,12.171997129746103
2023-12-06,S005,P0006,56,67.03,61.39940784003026,5.399407840030257
2023-12-07,S005,P0006,87,80.19,74.72451343896856,12.275486561031443
2023-12-08,S005,P0006,322,325.91,320.8866992807677,1.1133007192323134
2023-12-09,S005,P0006,10,21.22,16.46793486091349,6.467934860913491
2023-12-10,S005,P0006,52,68.54,63.76995819466127,11.769958194661271
2023-12-11,S005,P0006,69,63.6,57.53170589895355,11.468294101046453
2023-12-12,S005,P0006,105,116.08,112.17429692140487,7.174296921404874
2023-12-13,S005,P0006,136,143.06,137.09763280618174,1.0976328061817355
2023-12-14,S005,P0006,168,170.69,166.51818071845304,1.4818192815469615
2023-12-15,S005,P0006,222,220.81,214.30435174745932,7.695648252540678
2023-12-16,S005,P0006,74,64.37,59.69398833349541,14.306011666504588
2023-12-17,S005,P0006,85,89.36,84.32809331290285,0.6719066870971488
2023-12-18,S005,P0006,256,250.72,245.57368327135393,10.426316728646071
2023-12-19,S005,P0006,104,110.36,105.35634266338892,1.356342663388915
2023-12-20,S005,P0006,252,250.93,246.00845850730622,5.991541492693784
2023-12-21,S005,P0006,76,70.05,64.97421330310624,11.02578669689376
2023-12-22,S005,P0006,96,97.53,92.59298184979633,3.407018150203669
2023-12-23,S005,P0006,294,288.5,283.8452524906488,10.154747509351182
2023-12-24,S005,P0006,250,244.01,238.05285928844182,11.947140711558177
2023-12-25,S005,P0006,226,217.13,212.75717685192896,13.24282314807104
2023-12-26,S005,P0006,482,488.92,472.5918667569842,9.408133243015811
2023-12-27,S005,P0006,177,173.92,167.69097532350662,9.30902467649338
2023-12-28,S005,P0006,21,17.49,13.751664043746324,7.248335956253676
2023-12-29,S005,P0006,25,39.46,35.0264978790231,10.026497879023097
2023-12-30,S005,P0006,77,96.43,91.19760206680832,14.197602066808315
2023-12-31,S005,P0006,299,298.11,291.28566741812085,7.714332581879148
2024-01-01,S005,P0006,173,175.4,170.15288929640374,2.8471107035962575
2023-09-18,S005,P0007,111,101.34,95.74892034339715,15.251079656602855
2023-09-19,S005,P0007,150,144.04,138.52659525774965,11.473404742250352
2023-09-20,S005,P0007,39,42.24,37.32360365823361,1.6763963417663916
2023-09-21,S005,P0007,130,139.51,133.84496263187782,3.84496263187782
2023-09-22,S005,P0007,39,35.54,30.770907436607494,8.229092563392506
2023-09-23,S005,P0007,143,147.47,142.33355527704387,0.666444722956129
2023-09-24,S005,P0007,161,167.65,162.40552336119453,1.4055233611945255
2023-09-25,S005,P0007,27,22.89,18.01090536068502,8.989094639314981
2023-09-26,S005,P0007,138,140.69,134.88816953719848,3.111830462801521
2023-09-27,S005,P0007,227,239.29,234.99089788603635,7.99089788603635
2023-09-28,S005,P0007,50,68.47,63.94321606480297,13.943216064802968
2023-09-29,S005,P0007,403,393.22,387.33124566318645,15.66875433681355
2023-09-30,S005,P0007,195,201.5,195.4569215902265,0.45692159022650003
2023-10-01,S005,P0007,64,63.32,57.543129347579,6.456870652421003
2023-10-02,S005,P0007,202,193.6,187.57706141076858,14.422938589231421
2023-10-03,S005,P0007,36,45.86,40.54790766871821,4.54790766871821
2023-10-04,S005,P0007,87,102.76,96.41467416038516,9.414674160385161
2023-10-05,S005,P0007,52,63.54,57.26760776047045,5.267607760470447
2023-10-06,S005,P0007,268,265.68,258.68579980589624,9.314200194103762
2023-10-07,S005,P0007,3,0.88,5.2395061107692085,2.2395061107692085
2023-10-08,S005,P0007,73,84.07,78.7588896995802,5.758889699580195
2023-10-09,S005,P0007,315,321.24,317.0915012397328,2.091501239732793
2023-10-10,S005,P0007,132,149.74,143.29490737544194,11.294907375441937
2023-10-11,S005,P0007,19,17.08,13.111997651211844,5.888002348788156
2023-10-12,S005,P0007,61,79.25,73.31028293087708,12.31028293087708
2023-10-13,S005,P0007,226,226.06,222.76806693330772,3.231933066692278
2023-10-14,S005,P0007,329,322.33,317.3338691112587,11.666130888741293
2023-10-15,S005,P0007,1,-5.36,2.9689946024866747,1.9689946024866747
2023-10-16,S005,P0007,218,236.79,232.64566399111817,14.64566399111817
2023-10-17,S005,P0007,150,147.58,142.27378899339084,7.726211006609162
2023-10-18,S005,P0007,135,150.62,143.7942020232035,8.794202023203496
2023-10-19,S005,P0007,85,86.56,81.07372827493019,3.9262717250698103
2023-10-20,S005,P0007,107,105.29,100.76821521900996,6.23178478099004
2023-10-21,S005,P0007,453,451.85,448.62502667052894,4.374973329471061
2023-10-22,S005,P0007,131,148.39,143.21765807180032,12.217658071800315
2023-10-23,S005,P0007,187,198.58,192.36388608238175,5.363886082381754
2023-10-24,S005,P0007,91,97.14,92.5347065677064,1.5347065677063938
2023-10-25,S005,P0007,19,36.47,31.796623727466297,12.796623727466297
2023-10-26,S005,P0007,160,151.86,146.02494063426548,13.975059365734523
2023-10-27,S005,P0007,278,295.64,289.50563101521516,11.505631015215158
2023-10-28,S005,P0007,6,11.16,10.063652053545361,4.063652053545361
2023-10-29,S005,P0007,223,215.75,211.63845692870905,11.361543071290953
2023-10-30,S005,P0007,112,124.59,118.72998053773594,6.7299805377359405
2023-10-31,S005,P0007,66,82.96,77.50705951637767,11.507059516377666
2023-11-01,S005,P0007,103,109.24,104.43395036195193,1.4339503619519292
2023-11-02,S005,P0007,233,230.69,223.94199781763604,9.058002182363964
2023-11-03,S005,P0007,93,103.26,97.73936152585662,4.739361525856623
2023-11-04,S005,P0007,66,71.15,65.43208987183758,0.5679101281624241
2023-11-05,S005,P0007,206,225.41,220.59058781655142,14.59058781655142
2023-11-06,S005,P0007,38,39.64,34.43069099910341,3.569309000896588
2023-11-07,S005,P0007,4,12.21,11.539765272564345,7.539765272564345
2023-11-08,S005,P0007,151,167.49,162.63012922092776,11.630129220927756
2023-11-09,S005,P0007,267,279.28,272.9878374629504,5.987837462950381
2023-11-10,S005,P0007,86,104.42,99.08251847145243,13.082518471452431
2023-11-11,S005,P0007,324,338.85,334.161074961797,10.161074961796999
2023-11-12,S005,P0007,272,288.56,283.1980761603235,11.198076160323524
2023-11-13,S005,P0007,152,151.18,145.00460177343118,6.995398226568824
2023-11-14,S005,P0007,84,76.15,70.74374494505302,13.256255054946976
2023-11-15,S005,P0007,404,422.37,414.3137329032247,10.313732903224718
2023-11-16,S005,P0007,5,2.07,6.659368547724048,1.659368547724048
2023-11-17,S005,P0007,264,258.8,252.62693446587747,11.373065534122532
2023-11-18,S005,P0007,3,7.44,8.932116749908365,5.932116749908365
2023-11-19,S005,P0007,110,115.68,111.28344290130855,1.2834429013085469
2023-11-20,S005,P0007,35,29.14,24.901317221892484,10.098682778107516
2023-11-21,S005,P0007,1,-6.67,2.40773490126338,1.40773490126338
2023-11-22,S005,P0007,301,315.93,311.7555499942512,10.755549994251226
2023-11-23,S005,P0007,56,66.52,60.85890279594388,4.858902795943877
2023-11-24,S005,P0007,29,39.32,34.74351772281264,5.743517722812641
2023-11-25,S005,P0007,207,222.57,217.7204415514476,10.720441551447607
2023-11-26,S005,P0007,41,60.07,55.128296876027676,14.128296876027676
2023-11-27,S005,P0007,127,131.2,125.45440536261395,1.5455946373860456
2023-11-28,S005,P0007,290,280.43,275.4810444147284,14.518955585271613
2023-11-29,S005,P0007,1,-6.12,2.599656102317353,1.5996561023173528
2023-11-30,S005,P0007,136,152.89,145.8527417723609,9.8527417723609
2023-12-01,S005,P0007,62,71.05,65.08747142984639,3.0874714298463886
2023-12-02,S005,P0007,215,207.19,201.83633931959935,13.163660680400653
2023-12-03,S005,P0007,27,25.12,19.006919712816277,7.993080287183723
2023-12-04,S005,P0007,150,160.51,155.48061352684792,5.480613526847918
2023-12-05,S005,P0007,196,207.72,202.78951203337036,6.789512033370357
2023-12-06,S005,P0007,366,356.09,348.4615565747808,17.538443425219214
2023-12-07,S005,P0007,100,99.13,92.66335235617987,7.336647643820129
2023-12-08,S005,P0007,273,289.43,285.4839754596785,12.483975459678504
2023-12-09,S005,P0007,73,74.91,69.70766885055627,3.2923311494437257
2023-12-10,S005,P0007,225,238.96,233.8417276750233,8.841727675023293
2023-12-11,S005,P0007,230,225.95,220.2898125441393,9.710187455860705
2023-12-12,S005,P0007,177,193.83,187.51575669071502,10.515756690715023
2023-12-13,S005,P0007,126,142.14,136.76915003265646,10.769150032656455
2023-12-14,S005,P0007,44,62.5,57.640946596110375,13.640946596110375
2023-12-15,S005,P0007,224,240.27,233.80935872609547,9.809358726095468
2023-12-16,S005,P0007,95,112.98,107.95407957825694,12.954079578256938
2023-12-17,S005,P0007,163,178.78,172.5164967352474,9.516496735247387
2023-12-18,S005,P0007,6,12.16,10.782948502227812,4.782948502227812
2023-12-19,S005,P0007,95,114.31,108.98102908896743,13.981029088967432
2023-12-20,S005,P0007,300,303.15,299.0103535186833,0.9896464813166972
2023-12-21,S005,P0007,13,15.39,13.264430060176354,0.2644300601763536
2023-12-22,S005,P0007,15,30.68,26.16535680183872,11.165356801838719
2023-12-23,S005,P0007,100,103.13,97.5556366347117,2.4443633652882966
2023-12-24,S005,P0007,10,16.85,13.081237514017278,3.0812375140172783
2023-12-25,S005,P0007,77,95.31,89.8812617328442,12.881261732844195
2023-12-26,S005,P0007,254,267.01,260.5200307563668,6.520030756366793
2023-12-27,S005,P0007,154,168.22,163.75753403280828,9.75753403280828
2023-12-28,S005,P0007,142,148.43,143.61356740677,1.613567406769988
2023-12-29,S005,P0007,36,33.42,28.371755290971752,7.628244709028248
2023-12-30,S005,P0007,58,60.52,55.467115551391416,2.532884448608584
2023-12-31,S005,P0007,162,167.94,163.45240115371433,1.4524011537143338
2024-01-01,S005,P0007,4,3.95,6.81527755820184,2.8152775582018403
2023-09-18,S005,P0008,59,58.17,52.20096212166112,6.799037878338879
2023-09-19,S005,P0008,122,127.24,121.65437038361492,0.3456296163850823
2023-09-20,S005,P0008,47,65.32,60.45377085203004,13.45377085203004
2023-09-21,S005,P0008,212,215.58,210.82239092572644,1.1776090742735619
2023-09-22,S005,P0008,70,67.02,61.227807579473335,8.772192420526665
2023-09-23,S005,P0008,44,42.42,37.18123032554766,6.818769674452341
2023-09-24,S005,P0008,273,268.21,262.6761695662258,10.32383043377422
2023-09-25,S005,P0008,88,83.07,77.31878802385773,10.681211976142265
2023-09-26,S005,P0008,73,82.78,77.71215396335417,4.712153963354169
2023-09-27,S005,P0008,118,125.16,119.74801661948675,1.748016619486748
2023-09-28,S005,P0008,21,36.08,29.65379692109286,8.653796921092859
2023-09-29,S005,P0008,1,10.9,10.195563584486282,9.195563584486282
2023-09-30,S005,P0008,48,49.76,44.63121636939397,3.368783630606032
2023-10-01,S005,P0008,282,280.95,276.04083585305335,5.959164146946648
2023-10-02,S005,P0008,181,196.71,192.33385374603404,11.333853746034038
2023-10-03,S005,P0008,10,6.44,7.9925874094418585,2.0074125905581415
2023-10-04,S005,P0008,149,164.84,158.698424623922,9.698424623921994
2023-10-05,S005,P0008,42,38.41,33.62007564404598,8.379924355954017
2023-10-06,S005,P0008,369,370.64,365.1428409418549,3.8571590581451005
2023-10-07,S005,P0008,52,65.38,60.03315538739424,8.033155387394238
2023-10-08,S005,P0008,151,160.41,155.81386075221363,4.813860752213628
2023-10-09,S005,P0008,187,202.61,197.09305163091813,10.093051630918126
2023-10-10,S005,P0008,255,246.64,239.9336256535363,15.066374346463704
2023-10-11,S005,P0008,46,58.38,53.197142906036916,7.197142906036916
2023-10-12,S005,P0008,15,29.69,24.740792696617085,9.740792696617085
2023-10-13,S005,P0008,160,165.8,160.80951745079787,0.8095174507978697
2023-10-14,S005,P0008,6,-3.66,4.047604594943008,1.9523954050569916
2023-10-15,S005,P0008,35,35.71,30.347141825887114,4.652858174112886
2023-10-16,S005,P0008,107,118.67,113.31352677856239,6.313526778562391
2023-10-17,S005,P0008,232,239.2,233.85580700106135,1.8558070010613505
2023-10-18,S005,P0008,85,87.04,81.83825453476446,3.1617454652355406
2023-10-19,S005,P0008,8,-1.14,4.760244694213399,3.239755305786601
2023-10-20,S005,P0008,54,59.58,55.0600536781349,1.0600536781348993
2023-10-21,S005,P0008,142,145.0,139.27075676505547,2.7292432349445335
2023-10-22,S005,P0008,95,94.09,88.20525954310989,6.794740456890111
2023-10-23,S005,P0008,230,222.68,215.83963486949912,14.160365130500878
2023-10-24,S005,P0008,441,448.35,445.9280900024503,4.92809000245029
2023-10-25,S005,P0008,70,65.43,60.29731835881401,9.70268164118599
2023-10-26,S005,P0008,53,59.28,54.83144328053709,1.831443280537087
2023-10-27,S005,P0008,34,28.05,23.27444226893485,10.725557731065152
2023-10-28,S005,P0008,379,378.38,371.7596377613221,7.240362238677903
2023-10-29,S005,P0008,236,232.88,227.5724869093466,8.427513090653406
2023-10-30,S005,P0008,204,198.35,192.1849741471019,11.815025852898088
2023-10-31,S005,P0008,9,22.05,17.961670710719442,8.961670710719442
2023-11-01,S005,P0008,266,270.21,265.10503460828505,0.8949653917149476
2023-11-02,S005,P0008,46,44.16,40.27750297868944,5.722497021310559
2023-11-03,S005,P0008,26,22.62,18.15933837856148,7.840661621438521
2023-11-04,S005,P0008,19,23.18,17.97695506604099,1.0230449339590102
2023-11-05,S005,P0008,154,161.16,156.28404326327626,2.28404326327626
2023-11-06,S005,P0008,401,407.71,403.6964451078809,2.6964451078808906
2023-11-07,S005,P0008,53,51.87,45.74013136822894,7.259868631771063
2023-11-08,S005,P0008,103,94.83,89.54546126560201,13.454538734397985
2023-11-09,S005,P0008,115,109.65,104.25158951389997,10.748410486100028
2023-11-10,S005,P0008,257,266.9,261.92493458734344,4.924934587343444
2023-11-11,S005,P0008,24,40.43,35.82317763510574,11.823177635105743
2023-11-12,S005,P0008,66,72.77,68.10849841981785,2.108498419817849
2023-11-13,S005,P0008,5,23.81,18.475887522716917,13.475887522716917
2023-11-14,S005,P0008,211,212.02,207.13976019923498,3.860239800765015
2023-11-15,S005,P0008,61,67.85,62.55837618175492,1.558376181754923
2023-11-16,S005,P0008,97,101.87,96.40662471508118,0.593375284918821
2023-11-17,S005,P0008,30,36.1,30.942710397873654,0.942710397873654
2023-11-18,S005,P0008,52,65.87,60.26269351990008,8.262693519900083
2023-11-19,S005,P0008,143,144.77,139.33783769172982,3.662162308270183
2023-11-20,S005,P0008,268,270.62,264.28954098774,3.710459012260003
2023-11-21,S005,P0008,347,354.84,348.57325456156076,1.5732545615607592
2023-11-22,S005,P0008,106,121.71,116.53644265970598,10.536442659705983
2023-11-23,S005,P0008,127,123.85,118.06098098195741,8.939019018042586
2023-11-24,S005,P0008,78,78.73,73.05972862283983,4.9402713771601725
2023-11-25,S005,P0008,280,289.58,285.13582146409675,5.13582146409675
2023-11-26,S005,P0008,5,-0.68,4.920273852427219,0.07972614757278063
2023-11-27,S005,P0008,180,181.36,175.82688775265103,4.173112247348968
2023-11-28,S005,P0008,152,155.63,150.16961271961353,1.830387280386475
2023-11-29,S005,P0008,26,17.3,13.329914891604474,12.670085108395526
2023-11-30,S005,P0008,78,92.6,86.83749414834091,8.837494148340909
2023-12-01,S005,P0008,78,77.13,71.71423778398997,6.285762216010028
2023-12-02,S005,P0008,101,104.18,98.81745792441964,2.1825420755803577
2023-12-03,S005,P0008,55,74.37,68.6786944693402,13.6786944693402
2023-12-04,S005,P0008,115,108.79,103.87654073093665,11.123459269063346
2023-12-05,S005,P0008,67,59.4,54.838738983325854,12.161261016674146
2023-12-06,S005,P0008,451,470.23,466.0945846228145,15.094584622814523
2023-12-07,S005,P0008,131,126.14,120.55098426768672,10.449015732313285
2023-12-08,S005,P0008,239,232.04,226.67324014106345,12.326759858936555
2023-12-09,S005,P0008,383,392.23,386.5521085707585,3.5521085707584916
2023-12-10,S005,P0008,43,40.83,35.5772461233434,7.4227538766566
2023-12-11,S005,P0008,164,159.81,154.55568037377395,9.444319626226047
2023-12-12,S005,P0008,294,284.18,279.6927367105234,14.307263289476623
2023-12-13,S005,P0008,226,230.48,223.76736749042544,2.2326325095745574
2023-12-14,S005,P0008,86,101.34,95.5424915997529,9.542491599752907
2023-12-15,S005,P0008,134,134.91,129.9200904914468,4.079909508553186
2023-12-16,S005,P0008,184,194.18,187.95315188972265,3.9531518897226476
2023-12-17,S005,P0008,35,29.48,24.53882310243485,10.46117689756515
2023-12-18,S005,P0008,145,139.1,134.16164573420673,10.83835426579327
2023-12-19,S005,P0008,77,77.0,71.39979314600438,5.600206853995616
2023-12-20,S005,P0008,23,41.3,36.34674429039935,13.34674429039935
2023-12-21,S005,P0008,22,41.15,36.05457855025246,14.054578550252458
2023-12-22,S005,P0008,47,38.3,33.91698382829865,13.083016171701352
2023-12-23,S005,P0008,60,59.49,54.785339652452365,5.214660347547635
2023-12-24,S005,P0008,292,282.35,276.76985894784076,15.23014105215924
2023-12-25,S005,P0008,2,10.53,9.884655120124595,7.884655120124595
2023-12-26,S005,P0008,43,54.11,49.74774195489406,6.74774195489406
2023-12-27,S005,P0008,242,260.16,253.11278986274425,11.11278986274425
2023-12-28,S005,P0008,222,215.21,209.86510276307766,12.134897236922342
2023-12-29,S005,P0008,126,119.65,114.12278081008398,11.877219189916019
2023-12-30,S005,P0008,222,233.62,229.23868490890845,7.2386849089084535
2023-12-31,S005,P0008,8,6.06,8.218528630828867,0.21852863082886742
2024-01-01,S005,P0008,292,287.34,281.4815718334597,10.518428166540275
2023-09-18,S005,P0009,234,230.33,224.29275983895266,9.707240161047338
2023-09-19,S005,P0009,207,222.09,215.61767151257794,8.617671512577942
2023-09-20,S005,P0009,97,110.08,104.75149508155928,7.751495081559284
2023-09-21,S005,P0009,371,369.54,364.09708569139224,6.9029143086077625
2023-09-22,S005,P0009,167,177.95,171.04644420111615,4.046444201116145
2023-09-23,S005,P0009,204,199.98,194.28677914727263,9.713220852727375
2023-09-24,S005,P0009,6,20.39,15.739785305633267,9.739785305633267
2023-09-25,S005,P0009,87,83.87,78.93086680952274,8.06913319047726
2023-09-26,S005,P0009,38,47.81,43.638145729813075,5.6381457298130755
2023-09-27,S005,P0009,146,164.89,159.78898079772188,13.788980797721877
2023-09-28,S005,P0009,24,28.46,24.11817650227701,0.11817650227700938
2023-09-29,S005,P0009,163,170.77,165.3413864335068,2.3413864335068126
2023-09-30,S005,P0009,285,288.31,283.6804057575945,1.3195942424055147
2023-10-01,S005,P0009,55,65.75,60.18335375332879,5.183353753328788
2023-10-02,S005,P0009,32,37.93,33.528518332833,1.528518332833002
2023-10-03,S005,P0009,310,307.41,303.14315873011265,6.856841269887354
2023-10-04,S005,P0009,36,33.51,29.89645209008244,6.103547909917559
2023-10-05,S005,P0009,385,377.23,371.2488616176347,13.751138382365298
2023-10-06,S005,P0009,53,43.96,40.206401945276994,12.793598054723006
2023-10-07,S005,P0009,242,238.15,231.64791073690995,10.35208926309005
2023-10-08,S005,P0009,92,100.77,95.30199118429931,3.301991184299311
2023-10-09,S005,P0009,120,120.04,114.51506025915043,5.484939740849569
2023-10-10,S005,P0009,36,43.45,38.98542882122592,2.9854288212259235
2023-10-11,S005,P0009,96,88.52,82.8992100827802,13.1007899172198
2023-10-12,S005,P0009,20,10.24,10.126672655554522,9.873327344445478
2023-10-13,S005,P0009,14,4.63,7.258773602221833,6.741226397778167
2023-10-14,S005,P0009,197,212.99,207.9009988318292,10.900998831829213
2023-10-15,S005,P0009,137,147.56,142.40507606062266,5.405076060622662
2023-10-16,S005,P0009,72,75.15,69.82331832825642,2.17668167174358
2023-10-17,S005,P0009,116,135.15,129.94987689449363,13.949876894493627
2023-10-18,S005,P0009,155,162.37,156.54836986299284,1.5483698629928426
2023-10-19,S005,P0009,70,68.81,63.87039650757599,6.12960349242401
2023-10-20,S005,P0009,349,351.15,345.7437219777279,3.256278022272113
2023-10-21,S005,P0009,94,84.87,79.80171742824098,14.198282571759023
2023-10-22,S005,P0009,230,242.91,236.74000683576475,6.740006835764746
2023-10-23,S005,P0009,23,15.0,12.670695481120742,10.329304518879258
2023-10-24,S005,P0009,27,46.65,41.97933349759504,14.979333497595043
2023-10-25,S005,P0009,41,39.21,33.89332967902817,7.10667032097183
2023-10-26,S005,P0009,220,229.3,224.3515826121387,4.351582612138714
2023-10-27,S005,P0009,46,60.05,54.028917857457074,8.028917857457074
2023-10-28,S005,P0009,26,24.12,18.235780991897606,7.764219008102394
2023-10-29,S005,P0009,8,25.57,20.563417822662128,12.563417822662128
2023-10-30,S005,P0009,33,26.01,22.382580669611094,10.617419330388906
2023-10-31,S005,P0009,91,99.03,93.46490939249895,2.464909392498953
2023-11-01,S005,P0009,49,64.11,58.5963772580819,9.596377258081901
2023-11-02,S005,P0009,97,102.96,96.4652019085542,0.5347980914457935
2023-11-03,S005,P0009,304,310.85,305.2869979848324,1.2869979848323965
2023-11-04,S005,P0009,47,63.43,57.18326551267394,10.183265512673941
2023-11-05,S005,P0009,208,226.73,222.90432835788914,14.904328357889142
2023-11-06,S005,P0009,238,237.51,233.1262468465091,4.873753153490895
2023-11-07,S005,P0009,26,41.57,36.458490647936806,10.458490647936806
2023-11-08,S005,P0009,24,24.12,19.44200758190309,4.557992418096909
2023-11-09,S005,P0009,10,13.29,12.058958566185597,2.0589585661855967
2023-11-10,S005,P0009,300,300.8,295.4887772867187,4.511222713281313
2023-11-11,S005,P0009,3,22.51,17.662936994687254,14.662936994687254
2023-11-12,S005,P0009,12,3.59,6.800398823604377,5.199601176395623
2023-11-13,S005,P0009,270,265.01,256.9737062433816,13.026293756618372
2023-11-14,S005,P0009,346,339.34,334.1813318950647,11.818668104935284
2023-11-15,S005,P0009,67,80.86,74.59944352839634,7.5994435283963355
2023-11-16,S005,P0009,31,30.55,26.125797349568465,4.874202650431535
2023-11-17,S005,P0009,19,29.18,24.490479482248276,5.490479482248276
2023-11-18,S005,P0009,130,135.2,131.14515170682395,1.1451517068239525
2023-11-19,S005,P0009,7,16.47,13.33462309886838,6.334623098868381
2023-11-20,S005,P0009,256,246.59,239.5782454645321,16.421754535467898
2023-11-21,S005,P0009,110,106.69,101.52865157108556,8.471348428914439
2023-11-22,S005,P0009,205,215.06,209.06627752710045,4.066277527100453
2023-11-23,S005,P0009,130,124.22,117.95118499134148,12.048815008658522
2023-11-24,S005,P0009,54,52.72,48.14296421251329,5.8570357874867085
2023-11-25,S005,P0009,46,59.09,54.95773776810651,8.957737768106512
2023-11-26,S005,P0009,284,289.49,285.2983069589839,1.2983069589839147
2023-11-27,S005,P0009,445,450.04,447.21715696792864,2.217156967928645
2023-11-28,S005,P0009,3,20.37,15.874022852429874,12.874022852429874
2023-11-29,S005,P0009,43,37.35,32.6623081499353,10.3376918500647
2023-11-30,S005,P0009,126,138.52,133.13280023666712,7.132800236667123
2023-12-01,S005,P0009,3,22.41,17.911524091721034,14.911524091721034
2023-12-02,S005,P0009,40,56.61,51.28648119647459,11.28648119647459
2023-12-03,S005,P0009,86,80.3,75.00116934201944,10.998830657980562
2023-12-04,S005,P0009,92,85.69,81.71879184663796,10.281208153362044
2023-12-05,S005,P0009,60,56.15,51.29787013511123,8.702129864888768
2023-12-06,S005,P0009,360,370.87,365.3221969744269,5.322196974426902
2023-12-07,S005,P0009,180,183.41,178.8320140811876,1.1679859188124055
2023-12-08,S005,P0009,66,75.98,70.77294910377648,4.772949103776483
2023-12-09,S005,P0009,156,162.32,157.7034117360205,1.703411736020513
2023-12-10,S005,P0009,92,94.65,89.1855134968439,2.814486503156104
2023-12-11,S005,P0009,167,185.77,180.95220056324382,13.95220056324382
2023-12-12,S005,P0009,4,-2.64,4.143740144404245,0.1437401444042452
2023-12-13,S005,P0009,42,45.09,40.694208296238564,1.305791703761436
2023-12-14,S005,P0009,337,350.33,344.98715694409964,7.987156944099638
2023-12-15,S005,P0009,175,176.28,170.22403207867333,4.775967921326668
2023-12-16,S005,P0009,118,127.77,120.98070912310789,2.9807091231078857
2023-12-17,S005,P0009,41,36.03,31.075216491794414,9.924783508205586
2023-12-18,S005,P0009,35,29.84,24.602867316202822,10.397132683797178
2023-12-19,S005,P0009,26,44.75,40.726520771135625,14.726520771135625
2023-12-20,S005,P0009,33,32.04,26.75125311462466,6.24874688537534
2023-12-21,S005,P0009,76,80.94,74.7413351785772,1.2586648214227978
2023-12-22,S005,P0009,148,166.5,161.73004461343868,13.730044613438679
2023-12-23,S005,P0009,13,25.05,19.986074151825548,6.986074151825548
2023-12-24,S005,P0009,56,50.56,45.20836223019832,10.791637769801682
2023-12-25,S005,P0009,105,124.08,118.29941698752833,13.299416987528332
2023-12-26,S005,P0009,25,21.89,16.11658410069981,8.88341589930019
2023-12-27,S005,P0009,251,257.79,251.53931191614748,0.5393119161474829
2023-12-28,S005,P0009,115,115.07,109.18468028101536,5.8153197189846395
2023-12-29,S005,P0009,156,164.45,158.66445482092774,2.6644548209277445
2023-12-30,S005,P0009,237,238.82,234.12953997553979,2.8704600244602148
2023-12-31,S005,P0009,15,15.26,12.742197071056667,2.257802928943333
2024-01-01,S005,P0009,211,209.03,203.9217828878712,7.0782171121288116
2023-09-18,S005,P0010,0,9.88,9.923131446844677,9.923131446844677
2023-09-19,S005,P0010,212,216.26,211.24736767482713,0.7526323251728684
2023-09-20,S005,P0010,134,145.49,139.36926060461846,5.369260604618461
2023-09-21,S005,P0010,32,32.41,28.405661716962165,3.5943382830378354
2023-09-22,S005,P0010,67,80.69,75.04447064419017,8.04447064419017
2023-09-23,S005,P0010,45,44.65,39.846227931408144,5.153772068591856
2023-09-24,S005,P0010,236,255.51,249.6786155438012,13.678615543801186
2023-09-25,S005,P0010,49,64.26,58.70751269094259,9.707512690942593
2023-09-26,S005,P0010,177,183.18,178.43784051054516,1.4378405105451577
2023-09-27,S005,P0010,28,29.17,24.14489762467496,3.855102375325039
2023-09-28,S005,P0010,74,66.23,61.33282507166516,12.667174928334838
2023-09-29,S005,P0010,78,91.06,85.1860579190572,7.186057919057205
2023-09-30,S005,P0010,163,167.73,162.6632199915369,0.3367800084631085
2023-10-01,S005,P0010,307,313.72,307.99134422157846,0.9913442215784585
2023-10-02,S005,P0010,13,10.2,10.107876668391906,2.8921233316080937
2023-10-03,S005,P0010,71,66.98,61.283288068108135,9.716711931891865
2023-10-04,S005,P0010,49,63.04,57.229493711497796,8.229493711497796
2023-10-05,S005,P0010,52,48.72,44.10820307980886,7.89179692019114
2023-10-06,S005,P0010,194,212.73,207.0274058104702,13.027405810470214
2023-10-07,S005,P0010,80,75.42,70.01645474509088,9.983545254909117
2023-10-08,S005,P0010,9,23.35,17.127085811975167,8.127085811975167
2023-10-09,S005,P0010,113,108.4,103.24050980472762,9.759490195272377
2023-10-10,S005,P0010,349,368.09,365.1836252797532,16.183625279753187
2023-10-11,S005,P0010,186,203.0,196.37969350389687,10.379693503896874
2023-10-12,S005,P0010,151,161.02,155.97084435145945,4.970844351459448
2023-10-13,S005,P0010,201,192.37,187.3290494171378,13.67095058286219
2023-10-14,S005,P0010,236,231.5,226.95409848495044,9.045901515049565
2023-10-15,S005,P0010,105,122.42,117.38809940214699,12.388099402146992
2023-10-16,S005,P0010,24,29.67,24.97561489633447,0.97561489633447
2023-10-17,S005,P0010,29,20.27,15.545794387314425,13.454205612685575
2023-10-18,S005,P0010,191,206.92,201.57391132786813,10.573911327868132
2023-10-19,S005,P0010,16,25.42,20.596906185326613,4.596906185326613
2023-10-20,S005,P0010,170,189.96,184.5387930223762,14.538793022376211
2023-10-21,S005,P0010,24,14.61,12.298544531596653,11.701455468403347
2023-10-22,S005,P0010,170,188.12,183.91600147735272,13.916001477352722
2023-10-23,S005,P0010,186,192.64,186.58957989847994,0.5895798984799399
2023-10-24,S005,P0010,83,88.09,81.78356639106579,1.21643360893421
2023-10-25,S005,P0010,288,278.27,272.55729655679,15.442703443210007
2023-10-26,S005,P0010,236,242.93,237.39357267026583,1.3935726702658258
2023-10-27,S005,P0010,118,127.4,121.29771590929195,3.297715909291952
2023-10-28,S005,P0010,63,72.19,67.22179695606557,4.221796956065575
2023-10-29,S005,P0010,80,77.88,72.08677366091678,7.913226339083224
2023-10-30,S005,P0010,328,323.92,317.57366729289686,10.426332707103143
2023-10-31,S005,P0010,50,53.82,50.251044798605335,0.251044798605335
2023-11-01,S005,P0010,10,15.3,12.69540590695049,2.6954059069504908
2023-11-02,S005,P0010,39,33.88,29.42054995073228,9.57945004926772
2023-11-03,S005,P0010,79,91.56,85.72278515523129,6.722785155231293
2023-11-04,S005,P0010,77,93.29,87.63336284296608,10.63336284296608
2023-11-05,S005,P0010,82,101.46,96.71520546530019,14.715205465300187
2023-11-06,S005,P0010,48,64.15,58.22527753547496,10.225277535474959
2023-11-07,S005,P0010,2,20.8,15.95777622846716,13.95777622846716
2023-11-08,S005,P0010,200,200.5,193.82659615695792,6.173403843042081
2023-11-09,S005,P0010,27,42.56,37.588999812723806,10.588999812723806
2023-11-10,S005,P0010,296,301.86,295.52970419828955,0.47029580171044927
2023-11-11,S005,P0010,386,399.75,397.14647723734004,11.146477237340036
2023-11-12,S005,P0010,166,160.91,154.6928589824782,11.307141017521786
2023-11-13,S005,P0010,130,123.36,118.00160997642651,11.998390023573492
2023-11-14,S005,P0010,17,25.64,21.62203852645212,4.622038526452119
2023-11-15,S005,P0010,115,122.88,117.9610237118448,2.9610237118448026
2023-11-16,S005,P0010,120,122.91,117.36381440549104,2.6361855945089587
2023-11-17,S005,P0010,107,123.01,117.14170317544657,10.141703175446565
2023-11-18,S005,P0010,98,114.77,109.52156627700049,11.521566277000488
2023-11-19,S005,P0010,253,271.33,265.91771916823245,12.917719168232452
2023-11-20,S005,P0010,178,190.64,185.77446859867786,7.774468598677856
2023-11-21,S005,P0010,76,72.23,66.87540357173987,9.124596428260134
2023-11-22,S005,P0010,44,56.39,51.66137630510319,7.66137630510319
2023-11-23,S005,P0010,209,206.87,202.10125866228503,6.8987413377149664
2023-11-24,S005,P0010,83,91.98,87.17350103851611,4.1735010385161075
2023-11-25,S005,P0010,66,83.15,76.9070361215069,10.907036121506906
2023-11-26,S005,P0010,89,92.76,87.22605330705167,1.7739466929483285
2023-11-27,S005,P0010,30,35.21,30.631039792820694,0.6310397928206939
2023-11-28,S005,P0010,180,188.49,183.8792617851579,3.879261785157894
2023-11-29,S005,P0010,154,166.07,161.2709418573297,7.270941857329689
2023-11-30,S005,P0010,93,99.16,93.77897651253576,0.7789765125357633
2023-12-01,S005,P0010,256,246.23,240.32695998077838,15.673040019221617
2023-12-02,S005,P0010,328,320.42,315.0059210778182,12.994078922181814
2023-12-03,S005,P0010,3,19.89,15.673930798806559,12.673930798806559
2023-12-04,S005,P0010,170,173.11,167.02915504379789,2.9708449562021144
2023-12-05,S005,P0010,249,248.14,242.23421458852005,6.765785411479953
2023-12-06,S005,P0010,16,34.1,29.626994744246304,13.626994744246304
2023-12-07,S005,P0010,87,102.27,96.47972633911411,9.479726339114109
2023-12-08,S005,P0010,37,30.49,26.609562182220262,10.390437817779738
2023-12-09,S005,P0010,477,478.82,469.1450725009529,7.854927499047108
2023-12-10,S005,P0010,358,355.23,349.74888487946464,8.25111512053536
2023-12-11,S005,P0010,46,49.89,45.08757027091461,0.9124297290853889
2023-12-12,S005,P0010,191,192.36,186.30262160074506,4.697378399254944
2023-12-13,S005,P0010,372,377.74,370.8064011878678,1.1935988121322225
2023-12-14,S005,P0010,311,306.79,301.44029396799976,9.559706032000236
2023-12-15,S005,P0010,22,29.96,25.666126853441952,3.666126853441952
2023-12-16,S005,P0010,32,51.65,45.869164738684304,13.869164738684304
2023-12-17,S005,P0010,29,19.88,15.794142940364253,13.205857059635747
2023-12-18,S005,P0010,220,229.12,223.4642242439648,3.464224243964793
2023-12-19,S005,P0010,145,157.16,151.6139325432698,6.6139325432698115
2023-12-20,S005,P0010,204,196.34,193.13112047853946,10.868879521460542
2023-12-21,S005,P0010,1,-6.53,2.436705132082075,1.436705132082075
2023-12-22,S005,P0010,76,79.22,73.52191651047387,2.478083489526128
2023-12-23,S005,P0010,113,131.39,126.15987680373159,13.159876803731592
2023-12-24,S005,P0010,92,101.27,96.00075589296463,4.000755892964634
2023-12-25,S005,P0010,104,107.93,101.80020695548613,2.199793044513868
2023-12-26,S005,P0010,19,10.41,9.982129080487036,9.017870919512964
2023-12-27,S005,P0010,84,76.6,71.55407501860275,12.445924981397255
2023-12-28,S005,P0010,54,50.37,45.30687660369477,8.693123396305232
2023-12-29,S005,P0010,171,175.13,169.17143058870928,1.8285694112907152
2023-12-30,S005,P0010,58,77.91,72.63700564721267,14.637005647212675
2023-12-31,S005,P0010,217,223.32,217.4349459844761,0.43494598447608723
2024-01-01,S005,P0010,184,186.5,181.81253835229396,2.1874616477060442
2023-09-18,S005,P0011,77,91.3,86.0971607431438,9.097160743143803
2023-09-19,S005,P0011,184,199.23,193.9355471455563,9.935547145556313
2023-09-20,S005,P0011,95,112.31,107.91055117265735,12.91055117265735
2023-09-21,S005,P0011,24,16.75,12.849097556415611,11.150902443584389
2023-09-22,S005,P0011,69,87.02,80.64848348243079,11.648483482430791
2023-09-23,S005,P0011,40,34.21,29.006658196432742,10.993341803567258
2023-09-24,S005,P0011,335,334.57,329.540474789337,5.459525210663003
2023-09-25,S005,P0011,10,12.87,11.367511268468082,1.367511268468082
2023-09-26,S005,P0011,316,328.02,320.86016770801905,4.860167708019048
2023-09-27,S005,P0011,118,128.21,121.30118111532722,3.301181115327225
2023-09-28,S005,P0011,80,89.22,84.37311820256832,4.373118202568321
2023-09-29,S005,P0011,287,305.66,299.39514956889957,12.39514956889957
2023-09-30,S005,P0011,118,109.82,104.54346634799845,13.456533652001553
2023-10-01,S005,P0011,150,160.1,154.7691176189932,4.769117618993192
2023-10-02,S005,P0011,51,68.57,63.5502761432445,12.550276143244503
2023-10-03,S005,P0011,109,119.72,114.58907143393463,5.589071433934635
2023-10-04,S005,P0011,205,210.23,204.4150056269086,0.5849943730914049
2023-10-05,S005,P0011,63,54.1,50.09128673851386,12.908713261486142
2023-10-06,S005,P0011,34,36.22,30.477490500277277,3.522509499722723
2023-10-07,S005,P0011,103,119.27,113.50461302697664,10.504613026976642
2023-10-08,S005,P0011,148,152.32,146.4999832319226,1.500016768077387
2023-10-09,S005,P0011,260,274.89,269.52970908368,9.529709083680018
2023-10-10,S005,P0011,90,108.44,102.77160113337332,12.771601133373323
2023-10-11,S005,P0011,458,459.0,450.16830868777686,7.831691312223143
2023-10-12,S005,P0011,215,225.83,220.84354423782622,5.843544237826222
2023-10-13,S005,P0011,60,61.61,56.68173399456653,3.318266005433472
2023-10-14,S005,P0011,11,15.92,12.874173691889732,1.874173691889732
2023-10-15,S005,P0011,70,78.29,72.34746353218418,2.347463532184179
2023-10-16,S005,P0011,62,65.05,60.23689344759448,1.7631065524055174
2023-10-17,S005,P0011,387,381.61,375.20963681885604,11.79036318114396
2023-10-18,S005,P0011,183,185.48,180.62844718780985,2.3715528121901457
2023-10-19,S005,P0011,199,196.05,191.37739815182903,7.622601848170973
2023-10-20,S005,P0011,111,118.76,113.02600242348025,2.02600242348025
2023-10-21,S005,P0011,37,31.26,27.238382357146445,9.761617642853555
2023-10-22,S005,P0011,63,59.46,54.86948779206334,8.130512207936661
2023-10-23,S005,P0011,144,134.36,129.78907257660705,14.210927423392945
2023-10-24,S005,P0011,10,1.96,6.6008959003817,3.3991040996182997
2023-10-25,S005,P0011,101,110.91,106.02146190990003,5.021461909900026
2023-10-26,S005,P0011,193,209.2,204.47005532352904,11.470055323529039
2023-10-27,S005,P0011,191,186.31,181.2172582536146,9.782741746385398
2023-10-28,S005,P0011,9,28.78,23.680683376974166,14.680683376974166
2023-10-29,S005,P0011,153,171.39,166.79864453636236,13.79864453636236
2023-10-30,S005,P0011,47,63.08,57.4261103609297,10.426110360929698
2023-10-31,S005,P0011,256,268.48,261.56302578976806,5.563025789768062
2023-11-01,S005,P0011,33,32.12,27.295550953063376,5.704449046936624
2023-11-02,S005,P0011,164,167.0,161.68482092824758,2.315179071752425
2023-11-03,S005,P0011,339,345.38,337.29622958044325,1.7037704195567471
2023-11-04,S005,P0011,281,292.12,286.79543722551597,5.795437225515968
2023-11-05,S005,P0011,199,198.97,192.49873092733458,6.501269072665423
2023-11-06,S005,P0011,7,22.76,18.00368094792794,11.00368094792794
2023-11-07,S005,P0011,160,172.13,166.7288713183458,6.728871318345796
2023-11-08,S005,P0011,256,262.83,255.7200123432933,0.2799876567067088
2023-11-09,S005,P0011,141,156.81,152.08181681689928,11.081816816899277
2023-11-10,S005,P0011,333,345.93,337.48297151487907,4.482971514879068
2023-11-11,S005,P0011,160,170.58,165.34462280912518,5.344622809125184
2023-11-12,S005,P0011,139,158.76,153.50471881157208,14.504718811572076
2023-11-13,S005,P0011,242,250.89,245.16808644023956,3.1680864402395628
2023-11-14,S005,P0011,3,-4.96,2.913652756606707,0.08634724339329303
2023-11-15,S005,P0011,340,331.99,325.473133961284,14.52686603871598
2023-11-16,S005,P0011,254,247.29,241.1281197139503,12.871880286049702
2023-11-17,S005,P0011,24,22.82,17.60644907292321,6.393550927076792
2023-11-18,S005,P0011,3,12.11,11.69023008022578,8.69023008022578
2023-11-19,S005,P0011,5,8.23,9.001108050952807,4.001108050952807
2023-11-20,S005,P0011,108,115.53,110.48103206464253,2.481032064642534
2023-11-21,S005,P0011,100,96.02,90.46984115758256,9.530158842417435
2023-11-22,S005,P0011,213,205.31,198.77665592851832,14.223344071481677
2023-11-23,S005,P0011,173,190.94,185.6595428108629,12.659542810862888
2023-11-24,S005,P0011,17,25.0,19.58578163336943,2.585781633369429
2023-11-25,S005,P0011,35,34.56,28.88766783987457,6.11233216012543
2023-11-26,S005,P0011,153,160.36,154.2869702093397,1.2869702093396995
2023-11-27,S005,P0011,439,443.62,432.9082229588872,6.091777041112778
2023-11-28,S005,P0011,218,226.64,221.8762432173727,3.8762432173726893
2023-11-29,S005,P0011,119,135.33,130.68226308442473,11.682263084424733
2023-11-30,S005,P0011,281,273.12,267.30956508357013,13.690434916429865
2023-12-01,S005,P0011,118,113.82,107.73857939621944,10.261420603780564
2023-12-02,S005,P0011,33,34.13,29.770329591019063,3.2296704089809367
2023-12-03,S005,P0011,66,69.9,64.4730025383926,1.5269974616073938
2023-12-04,S005,P0011,239,236.52,231.69057341903687,7.309426580963134
2023-12-05,S005,P0011,59,67.66,62.69465440145403,3.694654401454031
2023-12-06,S005,P0011,21,26.46,21.91612168908034,0.9161216890803416
2023-12-07,S005,P0011,59,76.24,71.11708850735366,12.117088507353657
2023-12-08,S005,P0011,21,20.26,15.288171431926445,5.711828568073555
2023-12-09,S005,P0011,54,50.46,45.02098292228614,8.979017077713863
2023-12-10,S005,P0011,85,86.18,81.27920168441631,3.720798315583693
2023-12-11,S005,P0011,87,91.02,84.18825628242388,2.811743717576121
2023-12-12,S005,P0011,187,179.57,174.48419246995766,12.515807530042338
2023-12-13,S005,P0011,54,67.31,62.307574865233526,8.307574865233526
2023-12-14,S005,P0011,66,75.08,70.53958746255014,4.539587462550145
2023-12-15,S005,P0011,158,154.88,148.7960242065472,9.203975793452798
2023-12-16,S005,P0011,200,203.28,198.04725413030235,1.952745869697651
2023-12-17,S005,P0011,21,35.57,30.203167381552888,9.203167381552888
2023-12-18,S005,P0011,8,3.62,6.735420565368298,1.2645794346317016
2023-12-19,S005,P0011,28,22.21,17.224181623364604,10.775818376635396
2023-12-20,S005,P0011,97,87.96,83.59400227745911,13.405997722540889
2023-12-21,S005,P0011,211,208.21,204.0775454447676,6.922454555232406
2023-12-22,S005,P0011,110,103.91,98.13348821140038,11.866511788599624
2023-12-23,S005,P0011,394,408.8,404.856696706923,10.856696706923003
2023-12-24,S005,P0011,69,70.14,64.41032086247128,4.589679137528719
2023-12-25,S005,P0011,158,150.24,145.08673682940676,12.91326317059324
2023-12-26,S005,P0011,172,174.99,169.07307817611138,2.9269218238886197
2023-12-27,S005,P0011,13,5.2,7.852932310128395,5.147067689871605
2023-12-28,S005,P0011,52,66.77,61.15885055745801,9.15885055745801
2023-12-29,S005,P0011,336,339.73,333.80759325888397,2.192406741116031
2023-12-30,S005,P0011,6,0.03,5.783792154545139,0.2162078454548606
2023-12-31,S005,P0011,13,8.68,9.254578069037336,3.7454219309626637
2024-01-01,S005,P0011,121,137.12,131.23897352756765,10.238973527567651
2023-09-18,S005,P0012,99,109.11,103.65485916813964,4.654859168139637
2023-09-19,S005,P0012,311,328.8,322.1654272571768,11.165427257176816
2023-09-20,S005,P0012,16,35.91,30.354090267059977,14.354090267059977
2023-09-21,S005,P0012,64,57.59,52.41402488424981,11.585975115750188
2023-09-22,S005,P0012,17,15.83,12.359719288343877,4.640280711656123
2023-09-23,S005,P0012,41,47.14,42.361450481517956,1.3614504815179558
2023-09-24,S005,P0012,58,62.02,56.5648753831652,1.4351246168347984
2023-09-25,S005,P0012,22,27.72,22.688907087442658,0.6889070874426579
2023-09-26,S005,P0012,97,106.15,100.16699177171566,3.166991771715658
2023-09-27,S005,P0012,126,124.28,117.84391474775144,8.156085252248559
2023-09-28,S005,P0012,351,354.67,348.77785051687994,2.222149483120063
2023-09-29,S005,P0012,77,85.59,80.69911114091951,3.6991111409195128
2023-09-30,S005,P0012,145,158.13,153.31219079636242,8.312190796362415
2023-10-01,S005,P0012,237,239.09,234.26044554509218,2.739554454907818
2023-10-02,S005,P0012,329,324.61,317.3550447335378,11.644955266462205
2023-10-03,S005,P0012,101,114.55,107.95935496010753,6.959354960107532
2023-10-04,S005,P0012,415,428.05,423.0840531660948,8.084053166094805
2023-10-05,S005,P0012,0,-6.23,2.4819633408737625,2.4819633408737625
2023-10-06,S005,P0012,173,174.7,169.44151099428683,3.55848900571317
2023-10-07,S005,P0012,287,305.33,300.062303329169,13.062303329169026
2023-10-08,S005,P0012,131,136.47,131.05893019116286,0.058930191162858137
2023-10-09,S005,P0012,32,41.69,36.68476335618571,4.684763356185712
2023-10-10,S005,P0012,162,171.7,166.78076486492006,4.780764864920059
2023-10-11,S005,P0012,76,84.03,78.96234197555525,2.9623419755552476
2023-10-12,S005,P0012,30,24.68,18.90203317930708,11.097966820692921
2023-10-13,S005,P0012,55,51.19,45.892294811306876,9.107705188693124
2023-10-14,S005,P0012,32,49.13,44.783410382201346,12.783410382201346
2023-10-15,S005,P0012,148,166.83,162.03535919098863,14.035359190988629
2023-10-16,S005,P0012,25,42.49,37.7739675318854,12.773967531885397
2023-10-17,S005,P0012,126,138.18,131.89879799823314,5.898797998233135
2023-10-18,S005,P0012,118,114.2,108.64158052823934,9.358419471760655
2023-10-19,S005,P0012,101,104.62,99.07631541478695,1.9236845852130529
2023-10-20,S005,P0012,5,9.0,9.457588328079343,4.457588328079343
2023-10-21,S005,P0012,21,30.19,26.067947618669635,5.067947618669635
2023-10-22,S005,P0012,73,81.16,75.81738595811925,2.817385958119246
2023-10-23,S005,P0012,104,123.22,118.58378323764501,14.583783237645008
2023-10-24,S005,P0012,47,38.54,33.37210279724892,13.627897202751079
2023-10-25,S005,P0012,193,207.79,203.02636660612865,10.026366606128647
2023-10-26,S005,P0012,323,342.57,337.9944022226344,14.994402222634392
2023-10-27,S005,P0012,250,268.25,262.19872493838136,12.19872493838136
2023-10-28,S005,P0012,300,299.16,292.26382395469363,7.736176045306365
2023-10-29,S005,P0012,197,205.22,198.89795413918446,1.8979541391844634
2023-10-30,S005,P0012,13,17.59,13.288071450663125,0.288071450663125
2023-10-31,S005,P0012,173,175.7,171.3170567288262,1.682943271173798
2023-11-01,S005,P0012,80,75.76,70.7107157113684,9.289284288631606
2023-11-02,S005,P0012,29,29.06,23.808135160013407,5.191864839986593
2023-11-03,S005,P0012,37,43.19,38.75852338774796,1.7585233877479567
2023-11-04,S005,P0012,157,172.96,167.3185554373352,10.318555437335192
2023-11-05,S005,P0012,40,59.29,54.08323363241393,14.08323363241393
2023-11-06,S005,P0012,114,115.67,109.27926317101826,4.720736828981742
2023-11-07,S005,P0012,96,113.86,108.14253557182448,12.142535571824482
2023-11-08,S005,P0012,32,50.85,45.41583487777321,13.415834877773207
2023-11-09,S005,P0012,128,121.68,117.44501411097991,10.554985889020088
2023-11-10,S005,P0012,119,137.19,131.7546798465616,12.7546798465616
2023-11-11,S005,P0012,93,86.08,81.44302823490344,11.556971765096563
2023-11-12,S005,P0012,263,269.07,263.2794691862453,0.2794691862453078
2023-11-13,S005,P0012,118,128.74,122.00515260360034,4.005152603600337
2023-11-14,S005,P0012,56,56.95,52.05612960681261,3.943870393187389
2023-11-15,S005,P0012,83,97.21,92.02851358316659,9.028513583166585
2023-11-16,S005,P0012,115,119.95,115.36598569419894,0.36598569419894034
2023-11-17,S005,P0012,43,62.59,56.762630876841186,13.762630876841186
2023-11-18,S005,P0012,426,423.2,412.85718675680977,13.142813243190233
2023-11-19,S005,P0012,188,194.56,188.681416755655,0.6814167556549933
2023-11-20,S005,P0012,281,275.07,268.95743785626286,12.042562143737143
2023-11-21,S005,P0012,78,80.69,75.00512317182789,2.99487682817211
2023-11-22,S005,P0012,326,339.33,333.8573538383821,7.857353838382096
2023-11-23,S005,P0012,0,1.07,5.516450412055429,5.516450412055429
2023-11-24,S005,P0012,5,3.85,6.895203863981927,1.8952038639819273
2023-11-25,S005,P0012,21,39.79,35.43015831287761,14.430158312877609
2023-11-26,S005,P0012,152,166.06,161.67599589529325,9.675995895293255
2023-11-27,S005,P0012,291,283.37,279.671270856976,11.32872914302402
2023-11-28,S005,P0012,372,375.9,370.26403625054763,1.7359637494523668
2023-11-29,S005,P0012,435,441.45,432.4997300653916,2.5002699346084114
2023-11-30,S005,P0012,32,49.22,45.252247395551095,13.252247395551095
2023-12-01,S005,P0012,259,257.56,252.49007639864442,6.509923601355581
2023-12-02,S005,P0012,1,-1.63,4.563481262579633,3.563481262579633
2023-12-03,S005,P0012,162,161.71,156.3172926025672,5.682707397432807
2023-12-04,S005,P0012,43,35.59,30.730352638558305,12.269647361441695
2023-12-05,S005,P0012,139,154.55,150.09661500691954,11.096615006919535
2023-12-06,S005,P0012,46,41.72,37.03258809595677,8.967411904043232
2023-12-07,S005,P0012,55,61.78,56.08819376121803,1.0881937612180295
2023-12-08,S005,P0012,68,76.94,71.49694361644791,3.4969436164479077
2023-12-09,S005,P0012,34,45.21,39.94167510837578,5.941675108375783
2023-12-10,S005,P0012,146,147.51,142.52208873928814,3.4779112607118634
2023-12-11,S005,P0012,354,352.36,346.972072521961,7.0279274780389756
2023-12-12,S005,P0012,116,118.4,112.96223276843236,3.037767231567642
2023-12-13,S005,P0012,203,193.56,186.79209648024008,16.207903519759924
2023-12-14,S005,P0012,320,336.48,331.79776956808206,11.79776956808206
2023-12-15,S005,P0012,194,184.48,179.88057813981442,14.119421860185582
2023-12-16,S005,P0012,341,346.55,339.61524344459315,1.3847565554068524
2023-12-17,S005,P0012,158,165.46,160.90411686885298,2.904116868852981
2023-12-18,S005,P0012,126,131.95,126.47860753727673,0.47860753727673
2023-12-19,S005,P0012,63,77.24,71.76950740536479,8.769507405364791
2023-12-20,S005,P0012,118,108.09,102.19274318561318,15.807256814386818
2023-12-21,S005,P0012,2,4.56,7.031085291469479,5.031085291469479
2023-12-22,S005,P0012,72,91.75,86.99878446096128,14.998784460961275
2023-12-23,S005,P0012,3,-2.09,4.824963646764093,1.8249636467640933
2023-12-24,S005,P0012,314,313.32,306.1424887938218,7.857511206178174
2023-12-25,S005,P0012,29,45.85,40.86775605832689,11.86775605832689
2023-12-26,S005,P0012,71,79.88,73.52073520236104,2.5207352023610383
2023-12-27,S005,P0012,45,40.56,35.79201660671191,9.207983393288089
2023-12-28,S005,P0012,66,61.06,56.72020791873335,9.279792081266649
2023-12-29,S005,P0012,28,25.32,20.995653533996567,7.004346466003433
2023-12-30,S005,P0012,216,225.28,221.31097032058705,5.310970320587046
2023-12-31,S005,P0012,52,64.35,58.73525389380091,6.735253893800909
2024-01-01,S005,P0012,324,317.46,311.07940858571123,12.920591414288765
2023-09-18,S005,P0013,99,103.2,97.86311578825274,1.1368842117472582
2023-09-19,S005,P0013,223,224.67,220.15357060056522,2.8464293994347827
2023-09-20,S005,P0013,152,142.17,136.90598330221138,15.094016697788618
2023-09-21,S005,P0013,168,178.34,171.29302736135276,3.293027361352756
2023-09-22,S005,P0013,3,3.15,7.1291766070665314,4.1291766070665314
2023-09-23,S005,P0013,83,77.84,72.68344159256986,10.316558407430136
2023-09-24,S005,P0013,252,258.48,253.4904452742731,1.4904452742730996
2023-09-25,S005,P0013,240,258.99,252.52380777053008,12.523807770530084
2023-09-26,S005,P0013,200,191.61,186.36781512021633,13.632184879783665
2023-09-27,S005,P0013,84,85.22,80.0051606492743,3.994839350725698
2023-09-28,S005,P0013,2,17.77,13.744351409816849,11.744351409816849
2023-09-29,S005,P0013,280,295.69,289.52277622951726,9.522776229517262
2023-09-30,S005,P0013,179,177.94,171.13348581077204,7.866514189227956
2023-10-01,S005,P0013,128,145.36,139.90042461177643,11.90042461177643
2023-10-02,S005,P0013,167,161.05,155.0931235630423,11.906876436957702
2023-10-03,S005,P0013,202,201.0,193.7701714162429,8.229828583757097
2023-10-04,S005,P0013,259,262.79,256.17724476073516,2.8227552392648363
2023-10-05,S005,P0013,18,25.58,20.637330730723477,2.637330730723477
2023-10-06,S005,P0013,37,40.58,35.75065018648348,1.2493498135165169
2023-10-07,S005,P0013,68,87.34,82.73808887072356,14.738088870723558
2023-10-08,S005,P0013,11,26.83,21.438816117903443,10.438816117903443
2023-10-09,S005,P0013,53,72.29,65.99211782237145,12.992117822371455
2023-10-10,S005,P0013,9,9.09,9.051247911840571,0.05124791184057109
2023-10-11,S005,P0013,20,36.88,31.51611918238209,11.516119182382091
2023-10-12,S005,P0013,51,66.97,60.76707130271626,9.76707130271626
2023-10-13,S005,P0013,16,28.87,23.55442191251877,7.5544219125187695
2023-10-14,S005,P0013,218,220.0,215.2284726628492,2.7715273371507863
2023-10-15,S005,P0013,84,78.7,72.64342137526641,11.356578624733586
2023-10-16,S005,P0013,28,36.43,31.254120238537787,3.254120238537787
2023-10-17,S005,P0013,163,177.98,172.1736201867057,9.173620186705705
2023-10-18,S005,P0013,92,88.91,82.64872250938313,9.351277490616866
2023-10-19,S005,P0013,233,246.72,240.1528275807816,7.152827580781604
2023-10-20,S005,P0013,109,118.87,113.77314220035083,4.773142200350833
2023-10-21,S005,P0013,75,83.93,78.11600694207202,3.116006942072019
2023-10-22,S005,P0013,81,73.25,68.82042703458855,12.179572965411452
2023-10-23,S005,P0013,52,44.61,38.94183995283257,13.058160047167434
2023-10-24,S005,P0013,28,28.59,23.375731281708525,4.624268718291475
2023-10-25,S005,P0013,45,48.47,43.68352235048195,1.316477649518049
2023-10-26,S005,P0013,33,42.32,37.19574958622903,4.195749586229027
2023-10-27,S005,P0013,48,42.97,38.132464819063465,9.867535180936535
2023-10-28,S005,P0013,11,10.5,10.201387207673253,0.7986127923267468
2023-10-29,S005,P0013,284,285.39,279.5640567422247,4.435943257775307
2023-10-30,S005,P0013,211,222.18,217.0760080559491,6.076008055949103
2023-10-31,S005,P0013,341,339.45,334.14787023457905,6.852129765420955
2023-11-01,S005,P0013,32,30.05,26.12784341452672,5.872156585473281
2023-11-02,S005,P0013,377,380.54,374.6129651238638,2.3870348761362266
2023-11-03,S005,P0013,119,121.86,117.01821755609346,1.981782443906539
2023-11-04,S005,P0013,150,144.53,138.34962189697364,11.650378103026355
2023-11-05,S005,P0013,94,99.95,94.06465180758343,0.06465180758343081
2023-11-06,S005,P0013,28,27.2,22.36391755369574,5.636082446304261
2023-11-07,S005,P0013,126,135.63,130.5835623016827,4.58356230168269
2023-11-08,S005,P0013,63,65.7,60.92405547467681,2.0759445253231874
2023-11-09,S005,P0013,105,100.5,94.92844497562638,10.071555024373623
2023-11-10,S005,P0013,194,199.43,193.247893001423,0.7521069985770055
2023-11-11,S005,P0013,175,169.51,163.06174497843458,11.938255021565425
2023-11-12,S005,P0013,136,134.29,129.8326766442079,6.167323355792092
2023-11-13,S005,P0013,27,26.46,21.81172931194643,5.188270688053571
2023-11-14,S005,P0013,112,104.95,99.04299698892528,12.957003011074718
2023-11-15,S005,P0013,268,266.84,260.62063339136006,7.379366608639941
2023-11-16,S005,P0013,45,38.28,34.26352655744985,10.73647344255015
2023-11-17,S005,P0013,54,63.97,57.81709460661901,3.8170946066190083
2023-11-18,S005,P0013,112,117.58,112.19878855698542,0.19878855698541997
2023-11-19,S005,P0013,102,119.63,114.59261188017196,12.592611880171958
2023-11-20,S005,P0013,43,37.18,33.036104647063766,9.963895352936234
2023-11-21,S005,P0013,75,72.75,67.7942140567641,7.205785943235895
2023-11-22,S005,P0013,287,290.17,286.907653107248,0.0923468927520048
2023-11-23,S005,P0013,230,243.07,237.9342372267265,7.934237226726509
2023-11-24,S005,P0013,349,342.76,336.4836770753941,12.516322924605902
2023-11-25,S005,P0013,226,240.05,235.38474300309855,9.38474300309855
2023-11-26,S005,P0013,101,93.93,87.80551044907166,13.194489550928338
2023-11-27,S005,P0013,250,262.52,256.56818726194865,6.568187261948651
2023-11-28,S005,P0013,350,365.29,359.3777143360928,9.377714336092822
2023-11-29,S005,P0013,249,249.43,242.8772379134457,6.122762086554303
2023-11-30,S005,P0013,244,258.15,251.98857899463275,7.988578994632746
2023-12-01,S005,P0013,100,117.7,112.48769844797448,12.48769844797448
2023-12-02,S005,P0013,236,252.34,246.87326600107286,10.873266001072864
2023-12-03,S005,P0013,30,37.57,33.94552086615686,3.945520866156862
2023-12-04,S005,P0013,119,109.83,104.45032655624344,14.54967344375656
2023-12-05,S005,P0013,123,125.6,120.17106234583412,2.828937654165884
2023-12-06,S005,P0013,216,218.63,213.76676617293828,2.2332338270617242
2023-12-07,S005,P0013,160,178.27,171.55137846083238,11.551378460832382
2023-12-08,S005,P0013,27,44.88,40.17070420469563,13.170704204695632
2023-12-09,S005,P0013,108,112.49,107.02868493144578,0.9713150685542189
2023-12-10,S005,P0013,55,61.18,56.01953167168671,1.0195316716867069
2023-12-11,S005,P0013,118,132.17,126.32380421385892,8.32380421385892
2023-12-12,S005,P0013,291,302.84,297.01870456547596,6.018704565475957
2023-12-13,S005,P0013,297,313.27,305.5557068042388,8.55570680423881
2023-12-14,S005,P0013,494,506.37,476.4564253899063,17.543574610093685
2023-12-15,S005,P0013,66,83.86,78.6839556163149,12.683955616314904
2023-12-16,S005,P0013,80,94.45,89.38515271806943,9.385152718069435
2023-12-17,S005,P0013,183,188.81,183.7716437160859,0.7716437160858902
2023-12-18,S005,P0013,191,209.4,203.32345693749838,12.323456937498378
2023-12-19,S005,P0013,317,327.46,321.0205713041579,4.020571304157897
2023-12-20,S005,P0013,35,40.06,35.781547389379625,0.7815473893796252
2023-12-21,S005,P0013,6,7.2,8.743422245170375,2.7434222451703754
2023-12-22,S005,P0013,219,226.12,221.09650251494807,2.096502514948071
2023-12-23,S005,P0013,229,239.15,232.55812421336003,3.5581242133600313
2023-12-24,S005,P0013,91,91.34,86.17082799200462,4.829172007995382
2023-12-25,S005,P0013,59,57.66,52.47121765548809,6.52878234451191
2023-12-26,S005,P0013,114,115.41,109.93911754446572,4.0608824555342835
2023-12-27,S005,P0013,306,323.33,318.6765433349737,12.676543334973701
2023-12-28,S005,P0013,222,213.48,207.90958661893268,14.090413381067322
2023-12-29,S005,P0013,287,304.84,298.621345080173,11.621345080173
2023-12-30,S005,P0013,234,237.2,231.1433187456185,2.856681254381499
2023-12-31,S005,P0013,160,170.75,166.1952618851342,6.195261885134187
2024-01-01,S005,P0013,276,277.27,271.34924923124277,4.650750768757234
2023-09-18,S005,P0014,295,313.56,304.8643244306696,9.864324430669626
2023-09-19,S005,P0014,194,207.53,202.5050767179339,8.505076717933889
2023-09-20,S005,P0014,94,111.13,106.29036609804842,12.290366098048423
2023-09-21,S005,P0014,281,284.18,279.60885972687424,1.3911402731257567
2023-09-22,S005,P0014,10,7.63,8.773952046831912,1.226047953168088
2023-09-23,S005,P0014,123,122.42,117.51084106499212,5.489158935007879
2023-09-24,S005,P0014,5,16.34,12.36070636681865,7.3607063668186505
2023-09-25,S005,P0014,382,398.14,392.1314438530385,10.13144385303849
2023-09-26,S005,P0014,160,167.44,162.97776908583984,2.9777690858398387
2023-09-27,S005,P0014,65,76.77,71.10657447584808,6.1065744758480776
2023-09-28,S005,P0014,15,24.97,20.42952865341674,5.429528653416739
2023-09-29,S005,P0014,140,130.94,126.05377715178895,13.94622284821105
2023-09-30,S005,P0014,31,37.99,33.5403220950911,2.540322095091099
2023-10-01,S005,P0014,192,186.96,181.58218860014944,10.417811399850564
2023-10-02,S005,P0014,38,56.62,51.21603564265793,13.216035642657928
2023-10-03,S005,P0014,76,67.46,61.72902900545448,14.270970994545522
2023-10-04,S005,P0014,201,204.46,198.66378816021205,2.33621183978795
2023-10-05,S005,P0014,58,64.48,58.68460252889694,0.6846025288969386
2023-10-06,S005,P0014,65,81.45,75.44066281409827,10.440662814098275
2023-10-07,S005,P0014,2,14.56,11.63055927376777,9.63055927376777
2023-10-08,S005,P0014,66,77.8,72.78489576989581,6.784895769895812
2023-10-09,S005,P0014,38,37.08,32.44876235014196,5.551237649858038
2023-10-10,S005,P0014,220,232.33,227.67637429896402,7.676374298964021
2023-10-11,S005,P0014,75,82.61,77.03913682022808,2.03913682022808
2023-10-12,S005,P0014,57,47.68,42.82637140858414,14.173628591415863
2023-10-13,S005,P0014,40,44.99,38.94839938128911,1.0516006187108928
2023-10-14,S005,P0014,47,43.49,38.44794931473429,8.552050685265712
2023-10-15,S005,P0014,5,24.21,18.65615171315016,13.656151713150159
2023-10-16,S005,P0014,16,20.68,15.685680004711564,0.3143199952884359
2023-10-17,S005,P0014,378,388.69,382.1220471927862,4.122047192786226
2023-10-18,S005,P0014,211,204.88,199.11860827993328,11.881391720066716
2023-10-19,S005,P0014,58,56.97,52.06604597043304,5.933954029566962
2023-10-20,S005,P0014,97,90.62,84.85071149375494,12.149288506245057
2023-10-21,S005,P0014,142,156.57,152.0996855042277,10.099685504227693
2023-10-22,S005,P0014,79,80.01,74.27557246306715,4.724427536932851
2023-10-23,S005,P0014,23,25.68,21.16893439423283,1.8310656057671686
2023-10-24,S005,P0014,251,266.18,261.18788612773915,10.187886127739148
2023-10-25,S005,P0014,127,126.92,120.81048130530675,6.189518694693248
2023-10-26,S005,P0014,19,14.14,12.671722878702184,6.328277121297816
2023-10-27,S005,P0014,125,142.4,136.2321957737336,11.232195773733594
2023-10-28,S005,P0014,281,283.37,278.68046528159255,2.3195347184074535
2023-10-29,S005,P0014,296,286.87,283.0991759884508,12.900824011549219
2023-10-30,S005,P0014,48,54.12,50.325838039120185,2.3258380391201854
2023-10-31,S005,P0014,448,439.68,432.5397110047095,15.460288995290512
2023-11-01,S005,P0014,118,128.68,122.70166153786587,4.701661537865874
2023-11-02,S005,P0014,170,166.49,161.24301202112719,8.756987978872814
2023-11-03,S005,P0014,75,74.1,68.79159851165569,6.2084014883443075
2023-11-04,S005,P0014,101,119.18,114.28366071434249,13.283660714342489
2023-11-05,S005,P0014,137,133.95,128.76592274787723,8.234077252122773
2023-11-06,S005,P0014,33,51.47,45.56606711307408,12.566067113074077
2023-11-07,S005,P0014,339,357.0,351.3387581622743,12.338758162274303
2023-11-08,S005,P0014,110,108.34,102.63896820944954,7.361031790550456
2023-11-09,S005,P0014,51,45.95,40.841874418918266,10.158125581081734
2023-11-10,S005,P0014,82,78.2,72.87617794827852,9.123822051721476
2023-11-11,S005,P0014,310,303.56,298.9153735427391,11.084626457260924
2023-11-12,S005,P0014,386,387.21,381.9543536863056,4.045646313694419
2023-11-13,S005,P0014,266,274.59,268.89689461907784,2.896894619077841
2023-11-14,S005,P0014,48,57.86,52.41980734592672,4.419807345926721
2023-11-15,S005,P0014,110,108.51,102.68754391424275,7.312456085757248
2023-11-16,S005,P0014,172,177.11,170.5251054786921,1.4748945213079026
2023-11-17,S005,P0014,252,250.63,243.89067495739835,8.109325042601654
2023-11-18,S005,P0014,93,83.38,77.8173483474852,15.182651652514807
2023-11-19,S005,P0014,184,197.47,192.22586042171855,8.22586042171855
2023-11-20,S005,P0014,175,171.39,165.9269349638294,9.07306503617059
2023-11-21,S005,P0014,8,10.94,9.84005292887185,1.8400529288718506
2023-11-22,S005,P0014,31,33.52,28.214434337844704,2.785565662155296
2023-11-23,S005,P0014,57,59.83,53.59817810435058,3.4018218956494195
2023-11-24,S005,P0014,283,287.68,283.2177569682043,0.21775696820429857
2023-11-25,S005,P0014,106,96.64,89.95701545782023,16.042984542179767
2023-11-26,S005,P0014,22,26.81,21.533686014009163,0.46631398599083695
2023-11-27,S005,P0014,87,101.49,96.28644363802293,9.28644363802293
2023-11-28,S005,P0014,89,82.73,77.91948128655888,11.080518713441123
2023-11-29,S005,P0014,83,80.05,73.80252829190533,9.197471708094668
2023-11-30,S005,P0014,0,9.07,9.311598488980303,9.311598488980303
2023-12-01,S005,P0014,255,247.21,241.28306870803092,13.716931291969075
2023-12-02,S005,P0014,270,263.13,255.8449460182622,14.155053981737808
2023-12-03,S005,P0014,231,224.74,220.48924202099707,10.510757979002932
2023-12-04,S005,P0014,45,53.33,48.71741350662542,3.7174135066254195
2023-12-05,S005,P0014,250,242.81,237.23933945602636,12.760660543973643
2023-12-06,S005,P0014,216,220.05,213.7235180118712,2.2764819881288076
2023-12-07,S005,P0014,197,197.54,192.77994190301573,4.220058096984275
2023-12-08,S005,P0014,69,63.17,57.629250212356894,11.370749787643106
2023-12-09,S005,P0014,28,39.17,34.693963989837215,6.693963989837215
2023-12-10,S005,P0014,167,177.68,171.98062395522055,4.980623955220551
2023-12-11,S005,P0014,12,4.0,7.166097568604425,4.833902431395575
2023-12-12,S005,P0014,364,367.78,364.134120234379,0.13412023437899734
2023-12-13,S005,P0014,152,168.18,163.54172905747558,11.541729057475578
2023-12-14,S005,P0014,441,437.84,432.6020111167453,8.397988883254698
2023-12-15,S005,P0014,76,72.05,66.2648363416451,9.735163658354907
2023-12-16,S005,P0014,101,101.6,96.03984660200828,4.960153397991718
2023-12-17,S005,P0014,220,218.92,213.2357589492155,6.764241050784506
2023-12-18,S005,P0014,167,185.38,180.42321258018842,13.42321258018842
2023-12-19,S005,P0014,268,261.88,255.9010838018239,12.098916198176113
2023-12-20,S005,P0014,13,20.94,15.970099119551437,2.9700991195514366
2023-12-21,S005,P0014,77,79.52,74.08964532573489,2.9103546742651076
2023-12-22,S005,P0014,48,39.79,35.17935266336349,12.820647336636512
2023-12-23,S005,P0014,324,339.12,333.46672074315353,9.46672074315353
2023-12-24,S005,P0014,119,109.63,104.7581170453908,14.241882954609196
2023-12-25,S005,P0014,23,23.53,17.712085635851817,5.2879143641481825
2023-12-26,S005,P0014,16,26.25,21.798780901669083,5.798780901669083
2023-12-27,S005,P0014,50,51.45,45.554886842596375,4.445113157403625
2023-12-28,S005,P0014,229,247.0,241.85755530956513,12.857555309565129
2023-12-29,S005,P0014,198,188.58,183.2556700238256,14.744329976174413
2023-12-30,S005,P0014,153,153.71,147.59205538351426,5.407944616485736
2023-12-31,S005,P0014,22,24.75,19.45803843791356,2.5419615620864384
2024-01-01,S005,P0014,190,183.97,179.3073101341935,10.6926898658065
2023-09-18,S005,P0015,446,452.05,448.0229771710258,2.0229771710257864
2023-09-19,S005,P0015,200,201.9,197.11682206662624,2.8831779333737586
2023-09-20,S005,P0015,47,60.28,55.73389541604425,8.733895416044248
2023-09-21,S005,P0015,151,150.83,144.92685135542007,6.0731486445799305
2023-09-22,S005,P0015,15,26.52,22.075990443321185,7.075990443321185
2023-09-23,S005,P0015,69,66.54,59.887831789097476,9.112168210902524
2023-09-24,S005,P0015,92,96.94,91.62363330144595,0.376366698554051
2023-09-25,S005,P0015,83,92.99,87.25208539562769,4.252085395627688
2023-09-26,S005,P0015,82,94.57,89.64145551538554,7.641455515385545
2023-09-27,S005,P0015,24,34.8,29.07353999421789,5.073539994217889
2023-09-28,S005,P0015,53,44.15,38.96428928974393,14.035710710256069
2023-09-29,S005,P0015,406,425.74,421.30795338150085,15.307953381500852
2023-09-30,S005,P0015,14,27.44,23.24704704112334,9.247047041123341
2023-10-01,S005,P0015,87,103.18,98.49313798142447,11.493137981424468
2023-10-02,S005,P0015,375,372.96,365.89026975365175,9.10973024634825
2023-10-03,S005,P0015,245,247.14,241.98925288796545,3.010747112034551
2023-10-04,S005,P0015,89,80.28,74.40596004847546,14.594039951524536
2023-10-05,S005,P0015,25,37.09,32.26284142569175,7.262841425691747
2023-10-06,S005,P0015,305,297.55,292.00961590443825,12.990384095561751
2023-10-07,S005,P0015,99,114.98,109.47821976036892,10.478219760368916
2023-10-08,S005,P0015,179,186.01,181.13435733569693,2.134357335696933
2023-10-09,S005,P0015,194,199.74,192.83981255831378,1.1601874416862188
2023-10-10,S005,P0015,183,190.08,185.65992628193226,2.6599262819322576
2023-10-11,S005,P0015,13,13.04,11.425299667147023,1.5747003328529772
2023-10-12,S005,P0015,108,98.92,93.0037108381953,14.996289161804697
2023-10-13,S005,P0015,117,135.27,130.49832469912536,13.498324699125362
2023-10-14,S005,P0015,6,6.97,9.106966362801424,3.1069663628014244
2023-10-15,S005,P0015,103,115.85,111.01703563840726,8.017035638407265
2023-10-16,S005,P0015,160,150.05,144.89936643254322,15.100633567456782
2023-10-17,S005,P0015,52,63.85,58.10446876327123,6.104468763271228
2023-10-18,S005,P0015,62,69.26,64.58960798458031,2.5896079845803115
2023-10-19,S005,P0015,461,455.11,447.7124970889771,13.287502911022898
2023-10-20,S005,P0015,71,66.81,60.53885045229591,10.461149547704089
2023-10-21,S005,P0015,79,75.97,71.33129309872476,7.668706901275243
2023-10-22,S005,P0015,257,248.53,242.55937802511465,14.440621974885346
2023-10-23,S005,P0015,175,182.37,177.40158011993466,2.401580119934664
2023-10-24,S005,P0015,148,138.83,133.69499881472393,14.305001185276069
2023-10-25,S005,P0015,150,148.53,143.40405337183597,6.595946628164029
2023-10-26,S005,P0015,81,78.18,73.09457301147192,7.9054269885280775
2023-10-27,S005,P0015,138,141.72,136.98534636577682,1.0146536342231798
2023-10-28,S005,P0015,14,6.06,8.112030551956689,5.887969448043311
2023-10-29,S005,P0015,77,91.28,86.41622652105876,9.41622652105876
2023-10-30,S005,P0015,69,73.37,68.28691255043479,0.713087449565208
2023-10-31,S005,P0015,60,72.61,67.53023989417753,7.530239894177527
2023-11-01,S005,P0015,16,30.97,25.88617857427425,9.88617857427425
2023-11-02,S005,P0015,235,251.27,245.8191384437375,10.8191384437375
2023-11-03,S005,P0015,71,62.13,56.88180186417635,14.118198135823647
2023-11-04,S005,P0015,311,312.43,305.82308390850244,5.17691609149756
2023-11-05,S005,P0015,14,33.26,29.339469022040497,15.339469022040497
2023-11-06,S005,P0015,19,27.82,22.678678245440516,3.6786782454405156
2023-11-07,S005,P0015,181,185.5,181.911553618641,0.911553618640994
2023-11-08,S005,P0015,165,172.88,167.55718395482594,2.5571839548259447
2023-11-09,S005,P0015,97,103.19,97.44776057088343,0.4477605708834318
2023-11-10,S005,P0015,363,374.15,370.28336458874685,7.283364588746849
2023-11-11,S005,P0015,324,335.36,331.19262567079096,7.19262567079096
2023-11-12,S005,P0015,168,178.55,172.06756091836525,4.0675609183652455
2023-11-13,S005,P0015,228,231.91,226.46930950154893,1.5306904984510652
2023-11-14,S005,P0015,350,350.63,344.4072330818443,5.592766918155689
2023-11-15,S005,P0015,33,38.83,33.55255489935308,0.5525548993530833
2023-11-16,S005,P0015,166,163.61,158.29195596340995,7.708044036590053
2023-11-17,S005,P0015,311,326.35,321.4158832084813,10.415883208481318
2023-11-18,S005,P0015,137,147.64,143.2564001563651,6.256400156365089
2023-11-19,S005,P0015,63,62.98,57.12085610764539,5.879143892354612
2023-11-20,S005,P0015,6,1.6,6.452596757265451,0.452596757265451
2023-11-21,S005,P0015,191,183.5,178.77444243521484,12.225557564785163
2023-11-22,S005,P0015,88,83.8,77.99145411807936,10.00854588192064
2023-11-23,S005,P0015,235,247.21,241.1098680161154,6.109868016115399
2023-11-24,S005,P0015,39,36.1,30.831703314643043,8.168296685356957
2023-11-25,S005,P0015,35,51.87,45.86184000732777,10.861840007327771
2023-11-26,S005,P0015,85,94.75,89.93967595508056,4.93967595508056
2023-11-27,S005,P0015,37,34.65,29.863516343444545,7.1364836565554555
2023-11-28,S005,P0015,164,172.43,167.23460284058646,3.2346028405864615
2023-11-29,S005,P0015,263,274.92,268.613412569267,5.613412569266984
2023-11-30,S005,P0015,396,401.29,397.51504956524184,1.5150495652418385
2023-12-01,S005,P0015,255,250.07,243.02779011510788,11.972209884892123
2023-12-02,S005,P0015,200,200.59,192.6506452542747,7.349354745725293
2023-12-03,S005,P0015,7,14.7,12.01885493464596,5.01885493464596
2023-12-04,S005,P0015,76,93.19,87.37601131526276,11.376011315262758
2023-12-05,S005,P0015,64,62.57,57.40679950153313,6.593200498466871
2023-12-06,S005,P0015,52,59.21,53.854516261291366,1.8545162612913657
2023-12-07,S005,P0015,72,79.93,74.80020857022893,2.800208570228932
2023-12-08,S005,P0015,80,89.16,83.74548481014143,3.745484810141434
2023-12-09,S005,P0015,167,183.56,178.42536729545435,11.42536729545435
2023-12-10,S005,P0015,84,91.68,86.16229579377705,2.162295793777048
2023-12-11,S005,P0015,23,18.2,14.310667546867762,8.689332453132238
2023-12-12,S005,P0015,11,19.98,15.562430163390317,4.562430163390317
2023-12-13,S005,P0015,212,220.22,214.0581638408686,2.0581638408685876
2023-12-14,S005,P0015,24,31.21,26.49599703374988,2.4959970337498802
2023-12-15,S005,P0015,254,253.24,248.31976077984376,5.680239220156238
2023-12-16,S005,P0015,262,278.47,272.8688301890387,10.868830189038704
2023-12-17,S005,P0015,221,236.21,232.0460030682844,11.046003068284392
2023-12-18,S005,P0015,6,23.76,18.471550231923217,12.471550231923217
2023-12-19,S005,P0015,147,143.05,137.24859763214414,9.75140236785586
2023-12-20,S005,P0015,135,151.6,145.1618405116508,10.161840511650809
2023-12-21,S005,P0015,181,200.96,194.04150929578117,13.041509295781168
2023-12-22,S005,P0015,208,206.88,201.3172145840341,6.6827854159658955
2023-12-23,S005,P0015,299,318.08,314.0911415041503,15.0911415041503
2023-12-24,S005,P0015,57,66.32,61.68616407628055,4.686164076280548
2023-12-25,S005,P0015,186,180.06,174.69213009254798,11.307869907452016
2023-12-26,S005,P0015,29,34.44,29.146739663126375,0.14673966312637532
2023-12-27,S005,P0015,39,31.31,26.491693899501374,12.508306100498626
2023-12-28,S005,P0015,337,339.59,334.271253390474,2.728746609526013
2023-12-29,S005,P0015,64,64.0,58.24369918295102,5.756300817048981
2023-12-30,S005,P0015,46,40.59,36.26345321413519,9.73654678586481
2023-12-31,S005,P0015,33,42.5,36.88368493949676,3.88368493949676
2024-01-01,S005,P0015,323,336.64,331.9367257931488,8.93672579314881
2023-09-18,S005,P0016,15,34.25,30.037971401523706,15.037971401523706
2023-09-19,S005,P0016,148,165.36,160.79799943098124,12.797999430981235
2023-09-20,S005,P0016,125,122.63,117.18660628912113,7.81339371087887
2023-09-21,S005,P0016,17,34.51,29.80768106114536,12.80768106114536
2023-09-22,S005,P0016,28,31.24,27.159420405540473,0.8405795944595269
2023-09-23,S005,P0016,30,41.64,37.035915156648414,7.035915156648414
2023-09-24,S005,P0016,11,3.66,6.844728842830917,4.155271157169083
2023-09-25,S005,P0016,59,58.04,53.36762975819518,5.632370241804821
2023-09-26,S005,P0016,316,311.25,304.7531732615461,11.246826738453876
2023-09-27,S005,P0016,210,224.61,220.4383015666452,10.438301566645208
2023-09-28,S005,P0016,42,44.92,39.63942442953392,2.3605755704660822
2023-09-29,S005,P0016,47,48.58,43.799065940420824,3.2009340595791755
2023-09-30,S005,P0016,302,305.0,300.05604708120995,1.9439529187900462
2023-10-01,S005,P0016,11,12.7,11.509415926071455,0.5094159260714548
2023-10-02,S005,P0016,89,88.01,83.01337000220089,5.986629997799113
2023-10-03,S005,P0016,107,121.94,117.41479130616283,10.414791306162826
2023-10-04,S005,P0016,87,106.21,100.59631776613247,13.596317766132472
2023-10-05,S005,P0016,38,44.75,39.52715136606465,1.5271513660646505
2023-10-06,S005,P0016,454,458.71,449.9652326619558,4.034767338044219
2023-10-07,S005,P0016,56,59.36,54.12717496293894,1.8728250370610624
2023-10-08,S005,P0016,174,168.91,163.52012888783102,10.47987111216898
2023-10-09,S005,P0016,57,71.55,66.13269738665124,9.132697386651245
2023-10-10,S005,P0016,61,60.16,54.53397034064673,6.466029659353268
2023-10-11,S005,P0016,82,97.25,92.25222138859479,10.25222138859479
2023-10-12,S005,P0016,96,105.08,99.94403247712592,3.9440324771259156
2023-10-13,S005,P0016,174,190.49,184.61814649400935,10.618146494009352
2023-10-14,S005,P0016,333,337.9,334.3441192266423,1.3441192266423059
2023-10-15,S005,P0016,43,57.08,51.48937121164388,8.489371211643878
2023-10-16,S005,P0016,37,33.0,28.73664836985492,8.263351630145081
2023-10-17,S005,P0016,332,322.15,317.53567387136906,14.464326128630944
2023-10-18,S005,P0016,104,120.26,115.23419843220478,11.234198432204778
2023-10-19,S005,P0016,209,224.98,220.33321390079396,11.333213900793965
2023-10-20,S005,P0016,99,90.54,84.73061222484154,14.269387775158464
2023-10-21,S005,P0016,72,91.65,87.0795077174349,15.079507717434893
2023-10-22,S005,P0016,125,141.88,136.5247545436463,11.52475454364631
2023-10-23,S005,P0016,25,29.9,25.952508818373587,0.9525088183735875
2023-10-24,S005,P0016,322,320.43,315.10731729403904,6.892682705960965
2023-10-25,S005,P0016,78,73.45,68.56353041854746,9.436469581452542
2023-10-26,S005,P0016,232,249.42,243.26630000345364,11.266300003453637
2023-10-27,S005,P0016,158,161.06,155.82583597673468,2.1741640232653197
2023-10-28,S005,P0016,22,16.04,12.797447389323665,9.202552610676335
2023-10-29,S005,P0016,165,157.07,152.34889256647276,12.651107433527244
2023-10-30,S005,P0016,429,427.19,423.0744481989202,5.925551801079791
2023-10-31,S005,P0016,315,309.51,303.1954275603991,11.804572439600918
2023-11-01,S005,P0016,192,196.45,191.77488625597084,0.22511374402915862
2023-11-02,S005,P0016,155,151.43,145.61051421900828,9.38948578099172
2023-11-03,S005,P0016,4,13.08,11.53596354835364,7.5359635483536405
2023-11-04,S005,P0016,155,149.17,143.73881681042548,11.261183189574524
2023-11-05,S005,P0016,88,79.18,73.24967098470647,14.75032901529353
2023-11-06,S005,P0016,66,84.21,79.18522132491782,13.18522132491782
2023-11-07,S005,P0016,293,286.39,282.10826907833814,10.89173092166186
2023-11-08,S005,P0016,110,118.77,113.55021064224793,3.550210642247933
2023-11-09,S005,P0016,229,238.88,233.01165375560083,4.0116537556008325
2023-11-10,S005,P0016,199,210.68,204.72182585961258,5.721825859612579
2023-11-11,S005,P0016,69,77.67,71.73933276587441,2.7393327658744084
2023-11-12,S005,P0016,48,58.19,53.64123455449018,5.6412345544901825
2023-11-13,S005,P0016,63,68.9,63.87862483881215,0.8786248388121507
2023-11-14,S005,P0016,77,88.74,82.8859444174092,5.885944417409206
2023-11-15,S005,P0016,10,22.8,17.46390830241129,7.463908302411291
2023-11-16,S005,P0016,145,137.94,131.7384397309417,13.261560269058293
2023-11-17,S005,P0016,21,14.78,12.74816292288137,8.25183707711863
2023-11-18,S005,P0016,147,140.68,136.06008031592015,10.939919684079854
2023-11-19,S005,P0016,117,119.27,113.94919424596479,3.05080575403521
2023-11-20,S005,P0016,0,14.64,11.882203460932953,11.882203460932953
2023-11-21,S005,P0016,379,383.91,375.635713955387,3.3642860446129816
2023-11-22,S005,P0016,320,338.29,333.8129639101519,13.812963910151893
2023-11-23,S005,P0016,139,136.48,130.29378937181122,8.706210628188785
2023-11-24,S005,P0016,412,407.19,403.46155383785936,8.538446162140644
2023-11-25,S005,P0016,158,161.27,156.6290518262374,1.3709481737625993
2023-11-26,S005,P0016,122,139.08,134.27187639710877,12.27187639710877
2023-11-27,S005,P0016,27,27.06,21.93941033178576,5.0605896682142415
2023-11-28,S005,P0016,228,227.4,221.97229761050664,6.027702389493356
2023-11-29,S005,P0016,84,88.14,82.85281958713756,1.1471804128624399
2023-11-30,S005,P0016,11,6.01,7.760771759706508,3.2392282402934924
2023-12-01,S005,P0016,102,102.84,96.62035118417432,5.379648815825675
2023-12-02,S005,P0016,340,351.56,345.3975631292156,5.397563129215598
2023-12-03,S005,P0016,22,32.72,28.397535740693286,6.397535740693286
2023-12-04,S005,P0016,63,59.59,54.99737328327463,8.002626716725374
2023-12-05,S005,P0016,148,138.75,134.09811084998194,13.901889150018064
2023-12-06,S005,P0016,75,92.2,86.75266140571034,11.752661405710342
2023-12-07,S005,P0016,206,204.34,198.51122436988334,7.488775630116663
2023-12-08,S005,P0016,306,311.22,303.51072369302244,2.4892763069775583
2023-12-09,S005,P0016,206,206.56,200.75741174029162,5.242588259708384
2023-12-10,S005,P0016,192,182.4,177.1438085572001,14.856191442799911
2023-12-11,S005,P0016,165,157.2,151.22519121018297,13.77480878981703
2023-12-12,S005,P0016,60,77.79,72.28383408140243,12.283834081402432
2023-12-13,S005,P0016,156,175.17,169.5252745852299,13.525274585229909
2023-12-14,S005,P0016,173,163.28,156.7242543193691,16.275745680630905
2023-12-15,S005,P0016,191,193.29,186.98829833704076,4.01170166295924
2023-12-16,S005,P0016,162,166.01,161.33185976412148,0.6681402358785249
2023-12-17,S005,P0016,225,224.38,219.7179451627951,5.282054837204896
2023-12-18,S005,P0016,230,235.99,232.30379797891715,2.303797978917146
2023-12-19,S005,P0016,91,87.89,82.51646737632825,8.48353262367175
2023-12-20,S005,P0016,252,253.45,248.68985834985682,3.31014165014318
2023-12-21,S005,P0016,337,332.89,326.3205688986619,10.679431101338082
2023-12-22,S005,P0016,131,137.94,131.98220559232823,0.9822055923282278
2023-12-23,S005,P0016,10,13.34,11.588884309929433,1.5888843099294334
2023-12-24,S005,P0016,51,45.37,40.254594901403685,10.745405098596315
2023-12-25,S005,P0016,43,50.31,45.52844316771836,2.5284431677183576
2023-12-26,S005,P0016,18,16.33,12.674891845018891,5.325108154981109
2023-12-27,S005,P0016,201,212.59,207.26297431311633,6.262974313116331
2023-12-28,S005,P0016,13,17.29,13.424002640581332,0.42400264058133175
2023-12-29,S005,P0016,273,292.88,286.91922202889225,13.91922202889225
2023-12-30,S005,P0016,11,21.81,15.842458949443602,4.842458949443602
2023-12-31,S005,P0016,54,57.91,53.16077441197689,0.8392255880231119
2024-01-01,S005,P0016,8,18.46,13.545896507510914,5.545896507510914
2023-09-18,S005,P0017,93,94.25,89.65522693917852,3.344773060821481
2023-09-19,S005,P0017,80,74.9,69.84599903542703,10.154000964572973
2023-09-20,S005,P0017,99,101.53,95.7753192458458,3.224680754154207
2023-09-21,S005,P0017,82,100.64,94.47900815750586,12.47900815750586
2023-09-22,S005,P0017,103,117.91,112.47987857899935,9.479878578999347
2023-09-23,S005,P0017,129,145.7,139.5140376498196,10.514037649819613
2023-09-24,S005,P0017,231,227.4,222.9890932705233,8.010906729476687
2023-09-25,S005,P0017,40,32.01,27.7754694577469,12.224530542253099
2023-09-26,S005,P0017,138,132.71,126.53189772382456,11.468102276175443
2023-09-27,S005,P0017,54,62.62,56.72707194274143,2.727071942741432
2023-09-28,S005,P0017,80,78.33,72.34269766037019,7.657302339629808
2023-09-29,S005,P0017,154,150.3,143.60180081931216,10.39819918068784
2023-09-30,S005,P0017,6,2.94,6.869420271545919,0.8694202715459189
2023-10-01,S005,P0017,90,83.98,78.56908258093956,11.430917419060435
2023-10-02,S005,P0017,38,41.75,36.001201613419,1.9987983865810008
2023-10-03,S005,P0017,75,84.12,78.40048311496845,3.400483114968452
2023-10-04,S005,P0017,112,112.31,107.18171677696488,4.818283223035124
2023-10-05,S005,P0017,309,318.04,314.4912996625246,5.491299662524625
2023-10-06,S005,P0017,211,223.06,218.22745806997034,7.227458069970339
2023-10-07,S005,P0017,29,33.37,28.396278142287315,0.603721857712685
2023-10-08,S005,P0017,107,109.41,103.85127546052703,3.1487245394729655
2023-10-09,S005,P0017,46,38.98,33.721298917169406,12.278701082830594
2023-10-10,S005,P0017,40,39.75,34.20954454355314,5.790455456446857
2023-10-11,S005,P0017,316,310.38,305.3677266391152,10.632273360884824
2023-10-12,S005,P0017,136,145.2,139.36103843049483,3.3610384304948298
2023-10-13,S005,P0017,394,388.95,381.6918936789493,12.308106321050673
2023-10-14,S005,P0017,142,149.44,143.16543100152663,1.1654310015266276
2023-10-15,S005,P0017,33,51.27,46.072679803447954,13.072679803447954
2023-10-16,S005,P0017,205,221.49,215.0164686690514,10.016468669051392
2023-10-17,S005,P0017,303,307.16,302.92101635013057,0.07898364986942852
2023-10-18,S005,P0017,94,104.45,99.70263768848923,5.702637688489233
2023-10-19,S005,P0017,162,152.71,145.92931834818222,16.07068165181778
2023-10-20,S005,P0017,248,256.59,250.3614038589326,2.36140385893259
2023-10-21,S005,P0017,22,21.85,16.62737995342055,5.372620046579449
2023-10-22,S005,P0017,69,81.89,76.65580963539277,7.655809635392771
2023-10-23,S005,P0017,229,222.29,216.77375637403196,12.226243625968038
2023-10-24,S005,P0017,118,108.79,103.20089266324852,14.799107336751476
2023-10-25,S005,P0017,94,91.67,86.65784723828409,7.342152761715909
2023-10-26,S005,P0017,27,32.8,28.390862539381303,1.3908625393813026
2023-10-27,S005,P0017,174,178.55,171.88890151537157,2.111098484628428
2023-10-28,S005,P0017,413,412.55,405.1955224937019,7.804477506298099
2023-10-29,S005,P0017,416,430.97,424.98693749335075,8.986937493350752
2023-10-30,S005,P0017,154,147.23,142.69037364934889,11.309626350651115
2023-10-31,S005,P0017,62,55.78,50.28980091376185,11.710199086238148
2023-11-01,S005,P0017,164,166.3,161.52147026753156,2.478529732468445
2023-11-02,S005,P0017,86,105.47,100.25048487139793,14.25048487139793
2023-11-03,S005,P0017,219,234.85,229.95186859085373,10.951868590853735
2023-11-04,S005,P0017,87,99.63,93.98089154330663,6.980891543306626
2023-11-05,S005,P0017,67,83.77,78.03705969037257,11.037059690372573
2023-11-06,S005,P0017,149,147.11,142.02356688083222,6.97643311916778
2023-11-07,S005,P0017,243,246.77,239.49773489792915,3.502265102070851
2023-11-08,S005,P0017,243,234.91,229.17379162638406,13.826208373615941
2023-11-09,S005,P0017,77,81.53,76.15138693627672,0.8486130637232776
2023-11-10,S005,P0017,71,74.53,68.28273660554294,2.7172633944570634
2023-11-11,S005,P0017,296,303.04,298.1652787552896,2.1652787552895916
2023-11-12,S005,P0017,5,19.39,14.384984025350981,9.384984025350981
2023-11-13,S005,P0017,298,301.02,293.9133264893169,4.086673510683113
2023-11-14,S005,P0017,201,204.96,199.16610791412603,1.8338920858739698
2023-11-15,S005,P0017,25,27.55,22.450179574026997,2.549820425973003
2023-11-16,S005,P0017,272,262.74,256.44145682322306,15.558543176776936
2023-11-17,S005,P0017,115,125.41,119.23531047149442,4.235310471494415
2023-11-18,S005,P0017,193,204.14,197.923932429792,4.923932429791989
2023-11-19,S005,P0017,105,104.46,98.2270710047655,6.772928995234494
2023-11-20,S005,P0017,163,169.83,163.87019632740004,0.8701963274000377
2023-11-21,S005,P0017,179,197.28,192.85440750702332,13.854407507023325
2023-11-22,S005,P0017,50,53.39,48.86818305366488,1.131816946335121
2023-11-23,S005,P0017,88,92.5,87.61175905476594,0.3882409452340596
2023-11-24,S005,P0017,33,40.48,35.51086775422238,2.5108677542223816
2023-11-25,S005,P0017,136,141.37,136.74628633191298,0.7462863319129838
2023-11-26,S005,P0017,94,102.46,97.41950627004803,3.419506270048032
2023-11-27,S005,P0017,92,88.27,82.88395450739434,9.116045492605664
2023-11-28,S005,P0017,445,447.54,444.28860258235443,0.7113974176455713
2023-11-29,S005,P0017,276,288.11,283.2092398539805,7.209239853980478
2023-11-30,S005,P0017,41,57.09,52.908312284787456,11.908312284787456
2023-12-01,S005,P0017,24,19.09,14.70868276069395,9.29131723930605
2023-12-02,S005,P0017,205,206.14,200.58882855497004,4.411171445029964
2023-12-03,S005,P0017,101,115.0,109.24212755761499,8.242127557614992
2023-12-04,S005,P0017,3,4.75,7.165578095799994,4.165578095799994
2023-12-05,S005,P0017,107,115.91,109.91840278145946,2.918402781459463
2023-12-06,S005,P0017,355,363.85,358.50088637067944,3.5008863706794386
2023-12-07,S005,P0017,123,128.75,122.57663395023101,0.42336604976898684
2023-12-08,S005,P0017,308,321.19,315.53352032340683,7.533520323406833
2023-12-09,S005,P0017,2,-6.83,2.439780888302756,0.4397808883027561
2023-12-10,S005,P0017,33,27.35,22.19108661683255,10.80891338316745
2023-12-11,S005,P0017,169,169.37,163.39987914457237,5.600120855427633
2023-12-12,S005,P0017,71,89.36,84.51619615328504,13.516196153285037
2023-12-13,S005,P0017,290,308.27,302.88166598953495,12.881665989534952
2023-12-14,S005,P0017,78,88.41,82.76246666025851,4.762466660258511
2023-12-15,S005,P0017,41,46.65,41.94940252001388,0.9494025200138765
2023-12-16,S005,P0017,9,9.41,9.304469912692813,0.304469912692813
2023-12-17,S005,P0017,142,150.51,144.45543272593147,2.455432725931473
2023-12-18,S005,P0017,288,280.0,275.17611229451063,12.82388770548937
2023-12-19,S005,P0017,114,114.65,108.54579286077067,5.454207139229325
2023-12-20,S005,P0017,97,106.07,101.11623527784428,4.116235277844282
2023-12-21,S005,P0017,18,32.0,26.799638042389283,8.799638042389283
2023-12-22,S005,P0017,163,161.9,155.79810350391352,7.201896496086476
2023-12-23,S005,P0017,224,242.61,237.4097925406531,13.409792540653086
2023-12-24,S005,P0017,5,5.58,7.642444435010054,2.642444435010054
2023-12-25,S005,P0017,119,115.9,110.33939313483631,8.660606865163686
2023-12-26,S005,P0017,76,80.37,73.88238136986915,2.117618630130849
2023-12-27,S005,P0017,104,122.01,117.71424273346241,13.714242733462413
2023-12-28,S005,P0017,109,120.06,114.47318707797939,5.473187077979389
2023-12-29,S005,P0017,225,244.71,238.7442468805981,13.744246880598098
2023-12-30,S005,P0017,150,158.31,152.92198391891765,2.921983918917647
2023-12-31,S005,P0017,162,160.5,156.00887153537664,5.991128464623358
2024-01-01,S005,P0017,51,48.43,43.39432506736093,7.605674932639069
2023-09-18,S005,P0018,356,360.76,352.68095040297817,3.3190495970218308
2023-09-19,S005,P0018,70,62.89,57.95063416916356,12.049365830836443
2023-09-20,S005,P0018,389,391.68,387.0724976774959,1.9275023225040968
2023-09-21,S005,P0018,221,229.95,224.6787309571998,3.6787309571998037
2023-09-22,S005,P0018,94,111.02,105.66451981620882,11.664519816208823
2023-09-23,S005,P0018,84,95.71,90.04680856879423,6.0468085687942335
2023-09-24,S005,P0018,235,249.78,243.267529614909,8.267529614908995
2023-09-25,S005,P0018,84,91.61,86.83823183333061,2.8382318333306102
2023-09-26,S005,P0018,262,253.88,248.1180318880647,13.881968111935294
2023-09-27,S005,P0018,209,227.39,222.55503897466212,13.555038974662125
2023-09-28,S005,P0018,255,255.48,249.73471484687622,5.265285153123784
2023-09-29,S005,P0018,0,3.57,7.146543566553719,7.146543566553719
2023-09-30,S005,P0018,41,42.72,38.10770197720985,2.8922980227901505
2023-10-01,S005,P0018,50,62.29,56.36060378129726,6.360603781297257
2023-10-02,S005,P0018,280,290.19,286.25831577242434,6.258315772424339
2023-10-03,S005,P0018,64,79.12,73.48864525768765,9.48864525768765
2023-10-04,S005,P0018,292,289.94,287.22911930626293,4.77088069373707
2023-10-05,S005,P0018,235,242.37,236.96859482778623,1.9685948277862337
2023-10-06,S005,P0018,324,324.83,318.26209066844524,5.737909331554761
2023-10-07,S005,P0018,9,11.69,10.740676686453515,1.740676686453515
2023-10-08,S005,P0018,288,281.59,275.60805851625645,12.391941483743551
2023-10-09,S005,P0018,159,154.47,149.2311519793219,9.768848020678092
2023-10-10,S005,P0018,5,4.17,6.955496983151708,1.9554969831517077
2023-10-11,S005,P0018,182,195.16,188.00489678062686,6.004896780626865
2023-10-12,S005,P0018,136,146.64,141.20731313362623,5.207313133626229
2023-10-13,S005,P0018,5,3.51,7.176812076369647,2.1768120763696466
2023-10-14,S005,P0018,106,98.12,92.41755171343073,13.582448286569274
2023-10-15,S005,P0018,283,301.77,295.3636131337403,12.363613133740273
2023-10-16,S005,P0018,183,188.38,183.21853542094397,0.21853542094396516
2023-10-17,S005,P0018,2,10.86,9.939644937243738,7.939644937243738
2023-10-18,S005,P0018,40,32.82,27.31737053369077,12.68262946630923
2023-10-19,S005,P0018,66,68.55,63.455933088402894,2.544066911597106
2023-10-20,S005,P0018,349,345.97,338.216383166852,10.783616833148017
2023-10-21,S005,P0018,118,132.61,126.68722347283517,8.687223472835171
2023-10-22,S005,P0018,60,62.61,56.60567108870208,3.3943289112979187
2023-10-23,S005,P0018,378,370.09,365.05200336474286,12.947996635257141
2023-10-24,S005,P0018,87,91.08,85.40120631574456,1.5987936842554404
2023-10-25,S005,P0018,13,5.13,7.898101228252786,5.101898771747214
2023-10-26,S005,P0018,13,18.53,14.37798195634793,1.3779819563479307
2023-10-27,S005,P0018,13,23.79,18.60849516082129,5.608495160821288
2023-10-28,S005,P0018,24,35.4,31.1103920485476,7.110392048547599
2023-10-29,S005,P0018,82,101.11,95.72735377532662,13.72735377532662
2023-10-30,S005,P0018,81,71.53,66.61323748555073,14.386762514449273
2023-10-31,S005,P0018,28,37.88,33.66234273901492,5.6623427390149175
2023-11-01,S005,P0018,220,229.23,223.52815707626505,3.528157076265046
2023-11-02,S005,P0018,164,179.53,173.66532810924812,9.665328109248122
2023-11-03,S005,P0018,94,84.96,80.47039830483834,13.52960169516166
2023-11-04,S005,P0018,141,134.29,129.62991725891638,11.370082741083621
2023-11-05,S005,P0018,24,34.87,29.818284222421923,5.818284222421923
2023-11-06,S005,P0018,143,148.15,143.10290933077897,0.1029093307789708
2023-11-07,S005,P0018,99,99.47,94.02102905750996,4.978970942490037
2023-11-08,S005,P0018,293,291.71,286.6183345059295,6.381665494070489
2023-11-09,S005,P0018,132,147.1,142.5755135716276,10.575513571627596
2023-11-10,S005,P0018,87,106.18,100.21713012653308,13.217130126533078
2023-11-11,S005,P0018,151,157.93,153.28518277084729,2.2851827708472854
2023-11-12,S005,P0018,23,28.45,23.107031316413817,0.10703131641381702
2023-11-13,S005,P0018,246,248.38,242.8246598802201,3.1753401197798894
2023-11-14,S005,P0018,215,230.44,224.75433177115747,9.754331771157467
2023-11-15,S005,P0018,204,209.1,203.90238862311142,0.09761137688857957
2023-11-16,S005,P0018,89,80.72,74.26331904730992,14.73668095269008
2023-11-17,S005,P0018,219,220.99,214.78768456477087,4.212315435229129
2023-11-18,S005,P0018,4,12.29,11.62075120285322,7.620751202853221
2023-11-19,S005,P0018,100,119.52,113.34472944761819,13.344729447618192
2023-11-20,S005,P0018,180,177.75,172.06629352312098,7.933706476879024
2023-11-21,S005,P0018,199,192.77,186.63539024222325,12.364609757776748
2023-11-22,S005,P0018,43,59.24,54.585834349161246,11.585834349161246
2023-11-23,S005,P0018,71,63.14,57.1712746310283,13.828725368971703
2023-11-24,S005,P0018,50,60.27,55.39799954585736,5.39799954585736
2023-11-25,S005,P0018,14,21.21,15.666875548358604,1.666875548358604
2023-11-26,S005,P0018,67,76.93,70.72713599866988,3.7271359986698798
2023-11-27,S005,P0018,312,308.65,303.37768146352585,8.622318536474154
2023-11-28,S005,P0018,392,405.57,398.34297639785825,6.342976397858251
2023-11-29,S005,P0018,46,39.85,35.37209686313798,10.627903136862017
2023-11-30,S005,P0018,109,119.67,112.90954974017154,3.909549740171542
2023-12-01,S005,P0018,265,278.16,272.7139576571066,7.713957657106619
2023-12-02,S005,P0018,65,76.13,70.40558368157888,5.405583681578875
2023-12-03,S005,P0018,182,200.28,193.66964913852104,11.669649138521038
2023-12-04,S005,P0018,43,58.84,52.764435287175814,9.764435287175814
2023-12-05,S005,P0018,86,87.78,82.42421468531447,3.5757853146855325
2023-12-06,S005,P0018,90,105.12,98.01662408807022,8.016624088070216
2023-12-07,S005,P0018,54,71.88,66.08117280365354,12.081172803653544
2023-12-08,S005,P0018,0,1.63,6.58055915481236,6.58055915481236
2023-12-09,S005,P0018,28,30.61,26.04785623120801,1.9521437687919914
2023-12-10,S005,P0018,142,143.38,137.43101593466972,4.568984065330284
2023-12-11,S005,P0018,118,116.73,112.5634189409206,5.436581059079401
2023-12-12,S005,P0018,49,51.68,45.805646164070055,3.1943538359299453
2023-12-13,S005,P0018,60,73.44,67.86112380106059,7.861123801060586
2023-12-14,S005,P0018,24,31.37,26.703284595937824,2.7032845959378236
2023-12-15,S005,P0018,349,343.79,337.7886595909683,11.21134040903172
2023-12-16,S005,P0018,251,258.67,253.19046324556808,2.1904632455680826
2023-12-17,S005,P0018,98,109.45,103.97448638540567,5.974486385405669
2023-12-18,S005,P0018,54,65.61,60.423315939250585,6.423315939250585
2023-12-19,S005,P0018,29,35.97,30.351071199267636,1.3510711992676363
2023-12-20,S005,P0018,97,88.67,83.3199347887774,13.680065211222598
2023-12-21,S005,P0018,70,89.74,85.0504466771696,15.050446677169603
2023-12-22,S005,P0018,293,303.41,300.2940543564168,7.29405435641678
2023-12-23,S005,P0018,95,109.95,103.94118049463235,8.941180494632349
2023-12-24,S005,P0018,176,180.6,175.29667273580202,0.7033272641979806
2023-12-25,S005,P0018,5,-4.57,2.7021627398466452,2.2978372601533548
2023-12-26,S005,P0018,12,21.93,16.279508560853998,4.279508560853998
2023-12-27,S005,P0018,361,352.59,348.75965996086165,12.240340039138346
2023-12-28,S005,P0018,6,-1.16,4.89262828830113,1.1073717116988702
2023-12-29,S005,P0018,144,152.38,146.71631982431913,2.716319824319129
2023-12-30,S005,P0018,29,33.61,28.75667099860805,0.2433290013919489
2023-12-31,S005,P0018,111,127.94,121.37123990077396,10.371239900773958
2024-01-01,S005,P0018,36,39.65,35.37785029911876,0.6221497008812378
2023-09-18,S005,P0019,121,129.29,124.10801112223655,3.1080111222365474
2023-09-19,S005,P0019,381,384.55,379.9950745742638,1.0049254257361895
2023-09-20,S005,P0019,71,75.73,71.528611386742,0.5286113867419999
2023-09-21,S005,P0019,285,304.79,299.13753241355244,14.137532413552435
2023-09-22,S005,P0019,59,74.0,67.77687918891438,8.776879188914378
2023-09-23,S005,P0019,135,130.37,124.53230714409315,10.467692855906847
2023-09-24,S005,P0019,325,340.26,335.1798855550751,10.179885555075089
2023-09-25,S005,P0019,334,326.7,321.9939150528444,12.006084947155614
2023-09-26,S005,P0019,133,140.36,134.94958950369755,1.9495895036975526
2023-09-27,S005,P0019,103,105.49,100.83080294362196,2.1691970563780387
2023-09-28,S005,P0019,55,50.36,45.884012303995206,9.115987696004794
2023-09-29,S005,P0019,235,252.04,246.45355749274768,11.453557492747677
2023-09-30,S005,P0019,401,395.08,388.53494699351535,12.465053006484652
2023-10-01,S005,P0019,45,47.14,42.0331302119381,2.9668697880618993
2023-10-02,S005,P0019,125,142.46,136.45122486209897,11.451224862098968
2023-10-03,S005,P0019,61,52.19,47.033535283688494,13.966464716311506
2023-10-04,S005,P0019,400,393.02,387.4045278487559,12.59547215124411
2023-10-05,S005,P0019,107,117.46,112.00602696448418,5.006026964484178
2023-10-06,S005,P0019,43,35.04,30.03933882889296,12.960661171107041
2023-10-07,S005,P0019,94,100.35,94.91304347760169,0.9130434776016898
2023-10-08,S005,P0019,236,253.15,248.19563103349373,12.195631033493726
2023-10-09,S005,P0019,273,280.94,276.4129120084859,3.4129120084858755
2023-10-10,S005,P0019,273,285.06,280.5073951226843,7.507395122684272
2023-10-11,S005,P0019,90,102.85,96.3762141786359,6.376214178635905
2023-10-12,S005,P0019,56,68.01,63.524620565040294,7.524620565040294
2023-10-13,S005,P0019,129,146.92,141.7888868799675,12.788886879967492
2023-10-14,S005,P0019,59,75.4,70.82250032286579,11.822500322865793
2023-10-15,S005,P0019,49,43.26,38.48117108269786,10.518828917302137
2023-10-16,S005,P0019,148,155.37,150.4448529831373,2.4448529831373094
2023-10-17,S005,P0019,134,143.65,137.17997250674563,3.179972506745628
2023-10-18,S005,P0019,123,128.68,123.94638366468547,0.9463836646854702
2023-10-19,S005,P0019,99,108.37,102.99031074754737,3.990310747547369
2023-10-20,S005,P0019,82,74.85,69.25530249812078,12.744697501879216
2023-10-21,S005,P0019,282,282.03,276.2901658232071,5.709834176792924
2023-10-22,S005,P0019,75,76.85,70.94373360093587,4.056266399064128
2023-10-23,S005,P0019,252,266.25,260.6053867308942,8.605386730894224
2023-10-24,S005,P0019,60,59.52,55.01353795274067,4.98646204725933
2023-10-25,S005,P0019,474,485.94,471.20019742482975,2.799802575170247
2023-10-26,S005,P0019,83,80.37,74.40164807682277,8.598351923177233
2023-10-27,S005,P0019,106,119.04,113.97423530412144,7.974235304121436
2023-10-28,S005,P0019,123,132.3,126.73281585928021,3.7328158592802083
2023-10-29,S005,P0019,169,159.13,153.5988446575829,15.401155342417098
2023-10-30,S005,P0019,59,72.76,67.20929852362352,8.209298523623517
2023-10-31,S005,P0019,70,63.74,57.90130428796952,12.098695712030477
2023-11-01,S005,P0019,233,237.18,232.34808280360392,0.6519171963960844
2023-11-02,S005,P0019,217,219.03,212.77920834562073,4.220791654379269
2023-11-03,S005,P0019,306,297.04,290.52566351964674,15.474336480353259
2023-11-04,S005,P0019,28,34.01,29.788200597044366,1.7882005970443657
2023-11-05,S005,P0019,191,207.64,201.6049515691783,10.604951569178297
2023-11-06,S005,P0019,53,61.34,56.38658057926337,3.3865805792633665
2023-11-07,S005,P0019,2,-6.98,2.364379090938337,0.36437909093833687
2023-11-08,S005,P0019,66,75.33,70.67281905349782,4.672819053497818
2023-11-09,S005,P0019,193,194.46,188.316357561177,4.683642438823
2023-11-10,S005,P0019,285,303.68,299.46265675310104,14.462656753101044
2023-11-11,S005,P0019,470,476.01,468.6365818611392,1.3634181388608226
2023-11-12,S005,P0019,15,7.01,8.965272968014151,6.034727031985849
2023-11-13,S005,P0019,53,44.56,39.795426750706156,13.204573249293844
2023-11-14,S005,P0019,35,46.08,42.0281217865002,7.028121786500201
2023-11-15,S005,P0019,44,53.58,48.883887527072474,4.883887527072474
2023-11-16,S005,P0019,239,251.6,244.93908043681597,5.939080436815971
2023-11-17,S005,P0019,185,202.16,197.00380568498989,12.003805684989885
2023-11-18,S005,P0019,210,226.96,222.0638657351925,12.063865735192508
2023-11-19,S005,P0019,67,81.39,74.61344616798846,7.613446167988457
2023-11-20,S005,P0019,94,96.72,90.50130605478562,3.4986939452143844
2023-11-21,S005,P0019,62,62.55,57.422231991836725,4.577768008163275
2023-11-22,S005,P0019,134,149.06,144.20994646996533,10.209946469965331
2023-11-23,S005,P0019,21,29.9,26.20322031229392,5.203220312293919
2023-11-24,S005,P0019,83,98.32,92.51945791579837,9.51945791579837
2023-11-25,S005,P0019,209,199.16,193.07691933856054,15.923080661439457
2023-11-26,S005,P0019,66,73.35,68.18669712850513,2.1866971285051306
2023-11-27,S005,P0019,79,81.93,77.11103778489036,1.8889622151096432
2023-11-28,S005,P0019,9,22.58,17.72798766512848,8.727987665128481
2023-11-29,S005,P0019,34,28.21,24.23966209206568,9.760337907934321
2023-11-30,S005,P0019,21,37.36,32.38062397624219,11.380623976242191
2023-12-01,S005,P0019,433,426.09,421.870173387947,11.129826612053023
2023-12-02,S005,P0019,214,229.15,223.2742235016853,9.274223501685299
2023-12-03,S005,P0019,131,129.08,124.17256512160306,6.827434878396943
2023-12-04,S005,P0019,379,388.98,382.5904840906468,3.5904840906467825
2023-12-05,S005,P0019,40,34.2,30.24651861362215,9.75348138637785
2023-12-06,S005,P0019,75,83.61,78.07799843060177,3.0779984306017667
2023-12-07,S005,P0019,149,143.6,138.20822099795907,10.791779002040926
2023-12-08,S005,P0019,155,156.27,151.7685762111505,3.231423788849497
2023-12-09,S005,P0019,317,321.14,314.8846792260656,2.1153207739343998
2023-12-10,S005,P0019,118,117.26,112.82995626337572,5.1700437366242795
2023-12-11,S005,P0019,27,31.07,26.411925428054346,0.5880745719456542
2023-12-12,S005,P0019,193,195.82,190.82919276425503,2.1708072357449737
2023-12-13,S005,P0019,65,66.91,60.72333828270756,4.276661717292441
2023-12-14,S005,P0019,22,25.01,19.666217050145704,2.333782949854296
2023-12-15,S005,P0019,272,268.86,263.70393846823924,8.296061531760756
2023-12-16,S005,P0019,13,20.41,15.507462521545184,2.5074625215451842
2023-12-17,S005,P0019,247,241.76,236.12749039212378,10.872509607876225
2023-12-18,S005,P0019,271,284.12,279.8822642868382,8.882264286838222
2023-12-19,S005,P0019,139,133.91,128.6335285343682,10.366471465631804
2023-12-20,S005,P0019,96,107.87,101.67178972365795,5.671789723657952
2023-12-21,S005,P0019,75,72.05,66.23554705570831,8.76445294429169
2023-12-22,S005,P0019,146,161.31,155.82591739256497,9.825917392564975
2023-12-23,S005,P0019,179,178.78,171.4494207052102,7.550579294789799
2023-12-24,S005,P0019,64,77.38,71.38847936309391,7.388479363093907
2023-12-25,S005,P0019,213,206.97,201.6436089069008,11.356391093099205
2023-12-26,S005,P0019,39,57.32,52.79111722263629,13.791117222636288
2023-12-27,S005,P0019,352,342.23,337.0322011927651,14.967798807234885
2023-12-28,S005,P0019,230,226.78,222.5107522403874,7.489247759612596
2023-12-29,S005,P0019,80,86.82,81.3609222172006,1.3609222172005957
2023-12-30,S005,P0019,29,42.78,37.40893133692822,8.40893133692822
2023-12-31,S005,P0019,17,8.84,9.080760513280017,7.919239486719983
2024-01-01,S005,P0019,264,270.52,264.68382291377475,0.6838229137747476
2023-09-18,S005,P0020,71,88.23,83.13836761850182,12.138367618501817
2023-09-19,S005,P0020,69,61.82,55.94561024189119,13.054389758108812
2023-09-20,S005,P0020,19,29.37,24.432366158101708,5.432366158101708
2023-09-21,S005,P0020,269,259.64,253.70582530609298,15.294174693907024
2023-09-22,S005,P0020,4,3.47,6.982469038568702,2.982469038568702
2023-09-23,S005,P0020,201,202.45,196.29056719055802,4.709432809441978
2023-09-24,S005,P0020,98,91.17,86.67999680920374,11.320003190796257
2023-09-25,S005,P0020,108,110.87,106.08479195266582,1.9152080473341755
2023-09-26,S005,P0020,96,91.87,86.87399767054698,9.126002329453016
2023-09-27,S005,P0020,429,444.61,433.7412240977299,4.741224097729912
2023-09-28,S005,P0020,310,325.5,320.8379447578963,10.83794475789631
2023-09-29,S005,P0020,321,312.18,304.44733546069693,16.552664539303066
2023-09-30,S005,P0020,241,249.25,241.79259960937202,0.7925996093720187
2023-10-01,S005,P0020,60,78.47,72.86688954722578,12.866889547225782
2023-10-02,S005,P0020,87,78.32,72.03757175170061,14.962428248299389
2023-10-03,S005,P0020,18,23.3,18.386765755545415,0.38676575554541515
2023-10-04,S005,P0020,108,101.12,94.828674879743,13.171325120256995
2023-10-05,S005,P0020,35,37.81,33.87479218791619,1.1252078120838078
2023-10-06,S005,P0020,482,474.0,467.46051850221903,14.539481497780969
2023-10-07,S005,P0020,229,239.72,233.32738053285595,4.327380532855955
2023-10-08,S005,P0020,26,30.06,25.954777630478148,0.0452223695218521
2023-10-09,S005,P0020,293,303.2,297.63383784165654,4.633837841656543
2023-10-10,S005,P0020,49,41.58,37.139400416761205,11.860599583238795
2023-10-11,S005,P0020,3,17.9,12.951600889987166,9.951600889987166
2023-10-12,S005,P0020,85,76.98,71.40593851687066,13.594061483129337
2023-10-13,S005,P0020,29,24.55,19.131594156483036,9.868405843516964
2023-10-14,S005,P0020,48,43.97,38.80754408573621,9.192455914263789
2023-10-15,S005,P0020,426,416.24,411.1003271306199,14.899672869380083
2023-10-16,S005,P0020,256,274.54,269.3452078637748,13.345207863774817
2023-10-17,S005,P0020,9,14.04,12.067002088224697,3.0670020882246973
2023-10-18,S005,P0020,157,176.42,170.32492601712113,13.324926017121129
2023-10-19,S005,P0020,2,20.07,16.059233644901123,14.059233644901123
2023-10-20,S005,P0020,173,179.7,174.00390449371042,1.0039044937104222
2023-10-21,S005,P0020,56,49.46,44.25539797176367,11.74460202823633
2023-10-22,S005,P0020,69,80.48,74.86492004302151,5.864920043021513
2023-10-23,S005,P0020,56,63.28,57.65652213459998,1.6565221345999817
2023-10-24,S005,P0020,51,56.77,52.1578532185483,1.157853218548297
2023-10-25,S005,P0020,37,40.82,35.9194015019728,1.0805984980272
2023-10-26,S005,P0020,124,143.9,139.16886081142454,15.168860811424537
2023-10-27,S005,P0020,52,55.7,49.86178909906202,2.1382109009379775
2023-10-28,S005,P0020,389,403.94,397.2521141702059,8.252114170205914
2023-10-29,S005,P0020,37,31.41,27.364192777152315,9.635807222847685
2023-10-30,S005,P0020,371,376.79,370.68291853383835,0.3170814661616532
2023-10-31,S005,P0020,119,136.02,130.70350368822167,11.703503688221673
2023-11-01,S005,P0020,10,20.52,16.103845131568328,6.1038451315683275
2023-11-02,S005,P0020,68,77.25,71.69893962681446,3.6989396268144645
2023-11-03,S005,P0020,125,136.88,131.59903272763347,6.599032727633471
2023-11-04,S005,P0020,72,87.06,82.5267514825437,10.526751482543702
2023-11-05,S005,P0020,49,59.91,54.382039704842555,5.382039704842555
2023-11-06,S005,P0020,47,41.59,36.32060405382727,10.679395946172733
2023-11-07,S005,P0020,160,156.48,151.17380438675372,8.826195613246284
2023-11-08,S005,P0020,7,16.22,12.812847623004831,5.812847623004831
2023-11-09,S005,P0020,30,44.33,39.16166620653312,9.16166620653312
2023-11-10,S005,P0020,180,177.61,171.19853888701792,8.801461112982082
2023-11-11,S005,P0020,341,340.71,333.75222796487765,7.2477720351223525
2023-11-12,S005,P0020,421,419.43,412.3294573548309,8.670542645169121
2023-11-13,S005,P0020,65,72.01,66.3710147483059,1.371014748305896
2023-11-14,S005,P0020,417,419.2,412.00892903116693,4.991070968833071
2023-11-15,S005,P0020,181,171.61,166.8990552024233,14.100944797576688
2023-11-16,S005,P0020,414,408.18,404.9877585838925,9.012241416107486
2023-11-17,S005,P0020,252,271.23,267.1248792504951,15.124879250495098
2023-11-18,S005,P0020,199,194.94,187.82982995255787,11.170170047442127
2023-11-19,S005,P0020,82,82.41,76.60946987991221,5.390530120087789
2023-11-20,S005,P0020,113,125.66,120.21082744062964,7.210827440629643
2023-11-21,S005,P0020,142,132.66,127.80860731629717,14.19139268370283
2023-11-22,S005,P0020,156,174.33,168.32637202091382,12.326372020913823
2023-11-23,S005,P0020,100,107.55,103.13240843787976,3.1324084378797608
2023-11-24,S005,P0020,278,272.03,266.59760653607105,11.402393463928945
2023-11-25,S005,P0020,289,306.38,300.3254411609653,11.325441160965283
2023-11-26,S005,P0020,255,262.17,256.3349901054776,1.3349901054775728
2023-11-27,S005,P0020,11,12.1,11.147991627094074,0.14799162709407376
2023-11-28,S005,P0020,28,44.53,39.97005458922578,11.970054589225782
2023-11-29,S005,P0020,183,175.86,170.37685162402266,12.623148375977337
2023-11-30,S005,P0020,219,218.64,213.51890310094265,5.4810968990573485
2023-12-01,S005,P0020,151,161.39,155.38510367989008,4.385103679890079
2023-12-02,S005,P0020,170,173.87,167.57735966492675,2.422640335073254
2023-12-03,S005,P0020,67,73.77,67.99458208943497,0.9945820894349708
2023-12-04,S005,P0020,420,429.84,423.3399681756299,3.339968175629906
2023-12-05,S005,P0020,81,78.11,73.45789374871879,7.542106251281211
2023-12-06,S005,P0020,50,69.88,65.29311365789235,15.293113657892349
2023-12-07,S005,P0020,250,257.31,251.0061024461196,1.0061024461195984
2023-12-08,S005,P0020,13,15.54,12.583923300250866,0.41607669974913364
2023-12-09,S005,P0020,222,240.26,234.11934744416763,12.11934744416763
2023-12-10,S005,P0020,188,202.62,196.85131603570818,8.85131603570818
2023-12-11,S005,P0020,4,8.97,10.15533356960872,6.15533356960872
2023-12-12,S005,P0020,447,463.64,450.0160639894325,3.016063989432496
2023-12-13,S005,P0020,12,29.9,25.523190905353395,13.523190905353395
2023-12-14,S005,P0020,80,81.46,75.61752824960169,4.3824717503983095
2023-12-15,S005,P0020,280,290.06,286.27166599527516,6.271665995275157
2023-12-16,S005,P0020,3,-5.79,2.6283553920788023,0.3716446079211977
2023-12-17,S005,P0020,165,164.94,158.64889844453995,6.351101555460048
2023-12-18,S005,P0020,113,107.69,101.8340279896718,11.165972010328204
2023-12-19,S005,P0020,253,247.26,241.063969879799,11.936030120200996
2023-12-20,S005,P0020,91,96.67,90.70811668057036,0.29188331942964396
2023-12-21,S005,P0020,160,162.11,156.89284074274403,3.1071592572559723
2023-12-22,S005,P0020,228,223.15,218.25835815714413,9.74164184285587
2023-12-23,S005,P0020,220,218.73,213.7574876512807,6.242512348719288
2023-12-24,S005,P0020,6,22.37,17.139652760428437,11.139652760428437
2023-12-25,S005,P0020,31,46.54,41.689406588990174,10.689406588990174
2023-12-26,S005,P0020,153,164.99,159.49856428174917,6.498564281749168
2023-12-27,S005,P0020,138,128.95,123.03766860940217,14.962331390597825
2023-12-28,S005,P0020,56,50.18,45.538619198342744,10.461380801657256
2023-12-29,S005,P0020,268,267.54,261.105695546383,6.894304453616996
2023-12-30,S005,P0020,149,162.92,157.64454041340014,8.644540413400136
2023-12-31,S005,P0020,40,59.69,54.858061546017396,14.858061546017396
2024-01-01,S005,P0020,6,2.33,6.691127431149061,0.6911274311490612
