Date,SKU_ID,Warehouse_ID,Units_Sold,Demand_Forecast,ML_Predicted_Demand,Absolute_Error
2024-11-10,SKU_1,WH_1,19,19.59,17.66290756775743,1.3370924322425708
2024-11-11,SKU_1,WH_1,20,18.62,16.703806531660636,3.2961934683393643
2024-11-12,SKU_1,WH_1,7,5.41,7.16124255164857,0.16124255164857004
2024-11-13,SKU_1,WH_1,15,9.01,9.599432016145665,5.4005679838543355
2024-11-14,SKU_1,WH_1,15,11.93,11.716102699184052,3.2838973008159478
2024-11-15,SKU_1,WH_1,15,13.74,13.054557901548005,1.945442098451995
2024-11-16,SKU_1,WH_1,17,19.62,17.652634243250088,0.6526342432500876
2024-11-17,SKU_1,WH_1,17,19.3,17.206213197324473,0.20621319732447319
2024-11-18,SKU_1,WH_1,14,17.14,15.616668096251384,1.6166680962513844
2024-11-19,SKU_1,WH_1,21,16.37,15.140672359678177,5.859327640321823
2024-11-20,SKU_1,WH_1,6,4.28,5.891315192966383,0.10868480703361705
2024-11-21,SKU_1,WH_1,7,2.35,4.123553389629536,2.876446610370464
2024-11-22,SKU_1,WH_1,10,11.19,11.125975087409213,1.1259750874092127
2024-11-23,SKU_1,WH_1,22,25.83,22.33758500421688,0.33758500421688
2024-11-24,SKU_1,WH_1,19,18.13,17.281665226830018,1.7183347731699818
2024-11-25,SKU_1,WH_1,13,10.46,10.607575390504975,2.3924246094950252
2024-11-26,SKU_1,WH_1,20,14.78,13.850745120359935,6.149254879640065
2024-11-27,SKU_1,WH_1,19,18.11,16.255250784955464,2.7447492150445356
2024-11-28,SKU_1,WH_1,12,13.04,12.659782925303011,0.659782925303011
2024-11-29,SKU_1,WH_1,17,16.1,15.117988168064631,1.882011831935369
2024-11-30,SKU_1,WH_1,4,4.76,6.5120849220103185,2.5120849220103185
2024-12-01,SKU_1,WH_1,26,22.22,19.804158437927335,6.1958415620726655
2024-12-02,SKU_1,WH_1,13,11.95,12.046688827315236,0.9533111726847636
2024-12-03,SKU_1,WH_1,18,11.54,11.635528611863446,6.364471388136554
2024-12-04,SKU_1,WH_1,17,20.9,18.64228865266694,1.6422886526669416
2024-12-05,SKU_1,WH_1,13,13.13,12.860948818734045,0.1390511812659554
2024-12-06,SKU_1,WH_1,19,19.16,17.51579489925984,1.4842051007401587
2024-12-07,SKU_1,WH_1,13,11.39,11.571090540731465,1.4289094592685352
2024-12-08,SKU_1,WH_1,13,13.03,12.755657330349667,0.24434266965033302
2024-12-09,SKU_1,WH_1,26,25.36,22.13557921772977,3.86442078227023
2024-12-10,SKU_1,WH_1,27,28.04,26.070828312337447,0.9291716876625529
2024-12-11,SKU_1,WH_1,6,6.88,8.257272954984876,2.2572729549848756
2024-12-12,SKU_1,WH_1,12,13.93,13.529357776239689,1.5293577762396886
2024-12-13,SKU_1,WH_1,20,17.57,16.328356910062823,3.6716430899371773
2024-12-14,SKU_1,WH_1,16,16.65,15.538884136074346,0.46111586392565407
2024-12-15,SKU_1,WH_1,17,17.59,16.26881236540582,0.7311876345941783
2024-12-16,SKU_1,WH_1,22,22.92,20.49408814365256,1.5059118563474385
2024-12-17,SKU_1,WH_1,18,17.22,16.002153630407978,1.9978463695920219
2024-12-18,SKU_1,WH_1,12,16.89,15.602246223430656,3.6022462234306563
2024-12-19,SKU_1,WH_1,13,11.68,11.637694704098434,1.3623052959015656
2024-12-20,SKU_1,WH_1,17,17.99,16.482953755105733,0.5170462448942672
2024-12-21,SKU_1,WH_1,17,15.48,14.815018407278073,2.184981592721927
2024-12-22,SKU_1,WH_1,10,7.2,8.716789180488647,1.2832108195113534
2024-12-23,SKU_1,WH_1,22,20.83,18.63984140592744,3.3601585940725585
2024-12-24,SKU_1,WH_1,18,18.05,16.55180722097716,1.4481927790228397
2024-12-25,SKU_1,WH_1,24,30.09,25.699355102492945,1.6993551024929445
2024-12-26,SKU_1,WH_1,11,10.09,10.70128342798443,0.2987165720155698
2024-12-27,SKU_1,WH_1,19,18.3,16.71786989710406,2.282130102895941
2024-12-28,SKU_1,WH_1,16,22.76,20.440247782201006,4.440247782201006
2024-12-29,SKU_1,WH_1,11,11.51,11.65385746835079,0.6538574683507896
2024-12-30,SKU_1,WH_1,23,24.73,22.76848983808222,0.23151016191777885
2024-11-10,SKU_1,WH_2,16,20.71,19.49400106541652,3.4940010654165192
2024-11-11,SKU_1,WH_2,5,4.2,5.758741697961601,0.7587416979616011
2024-11-12,SKU_1,WH_2,0,1.79,3.9145789650114686,3.9145789650114686
2024-11-13,SKU_1,WH_2,16,17.0,16.32557423625437,0.32557423625436854
2024-11-14,SKU_1,WH_2,8,11.95,11.486161823582945,3.486161823582945
2024-11-15,SKU_1,WH_2,19,19.06,18.09415183628257,0.9058481637174296
2024-11-16,SKU_1,WH_2,15,16.59,15.02845047288959,0.028450472889590017
2024-11-17,SKU_1,WH_2,20,23.53,20.36848647932555,0.3684864793255507
2024-11-18,SKU_1,WH_2,20,21.25,19.935780071051326,0.06421992894867401
2024-11-19,SKU_1,WH_2,7,8.81,9.167752797047262,2.167752797047262
2024-11-20,SKU_1,WH_2,20,20.2,17.8375292240015,2.1624707759985
2024-11-21,SKU_1,WH_2,13,11.54,11.142462935312029,1.8575370646879712
2024-11-22,SKU_1,WH_2,31,26.61,22.838077939739424,8.161922060260576
2024-11-23,SKU_1,WH_2,21,19.2,17.14849367601015,3.851506323989849
2024-11-24,SKU_1,WH_2,5,8.02,8.992686068724353,3.9926860687243533
2024-11-25,SKU_1,WH_2,26,20.25,19.167865578563507,6.832134421436493
2024-11-26,SKU_1,WH_2,10,8.21,9.28630167800965,0.7136983219903499
2024-11-27,SKU_1,WH_2,13,15.24,15.0374990806197,2.0374990806196998
2024-11-28,SKU_1,WH_2,12,14.06,13.258574077495812,1.2585740774958118
2024-11-29,SKU_1,WH_2,17,22.11,19.455604351989304,2.4556043519893045
2024-11-30,SKU_1,WH_2,11,13.87,13.270891192455089,2.270891192455089
2024-12-01,SKU_1,WH_2,22,20.4,18.43752861691823,3.562471383081771
2024-12-02,SKU_1,WH_2,8,7.96,9.002103381178127,1.0021033811781273
2024-12-03,SKU_1,WH_2,19,14.12,13.446762703735715,5.553237296264285
2024-12-04,SKU_1,WH_2,15,17.13,15.825457228640087,0.8254572286400865
2024-12-05,SKU_1,WH_2,20,22.23,19.74943631258312,0.2505636874168786
2024-12-06,SKU_1,WH_2,7,7.96,9.007579705744092,2.0075797057440923
2024-12-07,SKU_1,WH_2,26,19.38,18.81305735959845,7.186942640401551
2024-12-08,SKU_1,WH_2,19,11.32,11.507625590644182,7.492374409355818
2024-12-09,SKU_1,WH_2,13,11.24,11.376913895804744,1.6230861041952558
2024-12-10,SKU_1,WH_2,20,16.55,15.538215830623582,4.461784169376418
2024-12-11,SKU_1,WH_2,19,23.19,20.657850798943613,1.6578507989436133
2024-12-12,SKU_1,WH_2,21,22.74,20.33290726534675,0.6670927346532487
2024-12-13,SKU_1,WH_2,10,8.61,9.676929745699699,0.32307025430030123
2024-12-14,SKU_1,WH_2,25,27.94,24.217185217005454,0.7828147829945458
2024-12-15,SKU_1,WH_2,18,12.75,12.673215895750882,5.326784104249118
2024-12-16,SKU_1,WH_2,20,15.49,14.845311276271694,5.154688723728306
2024-12-17,SKU_1,WH_2,18,14.82,14.163066982295843,3.8369330177041565
2024-12-18,SKU_1,WH_2,6,6.47,7.933841810282152,1.9338418102821517
2024-12-19,SKU_1,WH_2,16,14.87,14.191511084818051,1.8084889151819485
2024-12-20,SKU_1,WH_2,19,20.49,18.556579718592875,0.44342028140712486
2024-12-21,SKU_1,WH_2,17,16.8,15.559831636759007,1.4401683632409927
2024-12-22,SKU_1,WH_2,12,8.33,9.36340909797775,2.6365909020222507
2024-12-23,SKU_1,WH_2,20,18.65,17.02881102888222,2.9711889711177797
2024-12-24,SKU_1,WH_2,18,20.01,17.98831118774837,0.011688812251630765
2024-12-25,SKU_1,WH_2,6,6.43,7.839896831144635,1.8398968311446353
2024-12-26,SKU_1,WH_2,19,20.36,18.269170839093352,0.730829160906648
2024-12-27,SKU_1,WH_2,28,28.03,24.24033590479192,3.7596640952080804
2024-12-28,SKU_1,WH_2,24,22.02,20.85578016285876,3.1442198371412395
2024-12-29,SKU_1,WH_2,21,20.09,18.341341396007596,2.6586586039924036
2024-12-30,SKU_1,WH_2,14,10.96,12.152565533510803,1.8474344664891973
2024-11-10,SKU_1,WH_3,8,8.52,9.126619276837786,1.1266192768377863
2024-11-11,SKU_1,WH_3,13,2.98,4.987116949961615,8.012883050038386
2024-11-12,SKU_1,WH_3,24,22.79,19.756227238938074,4.243772761061926
2024-11-13,SKU_1,WH_3,7,5.17,6.584572803403129,0.41542719659687144
2024-11-14,SKU_1,WH_3,15,12.56,12.003294429373254,2.9967055706267463
2024-11-15,SKU_1,WH_3,0,0.0,2.410561487761096,2.410561487761096
2024-11-16,SKU_1,WH_3,15,18.84,16.69027195043211,1.690271950432109
2024-11-17,SKU_1,WH_3,11,9.79,10.546451333446788,0.45354866655321224
2024-11-18,SKU_1,WH_3,12,11.21,10.996507195176864,1.0034928048231357
2024-11-19,SKU_1,WH_3,12,7.65,8.460015756154306,3.5399842438456943
2024-11-20,SKU_1,WH_3,6,5.19,6.456662820792985,0.45666282079298526
2024-11-21,SKU_1,WH_3,15,19.15,16.938524011847168,1.9385240118471678
2024-11-22,SKU_1,WH_3,1,0.0,2.3460452156624685,1.3460452156624685
2024-11-23,SKU_1,WH_3,14,15.73,14.63920843195157,0.6392084319515696
2024-11-24,SKU_1,WH_3,14,13.0,12.138730013920199,1.861269986079801
2024-11-25,SKU_1,WH_3,15,13.16,12.396562236304119,2.603437763695881
2024-11-26,SKU_1,WH_3,15,18.7,16.41965660672034,1.4196566067203413
2024-11-27,SKU_1,WH_3,8,7.37,8.181767047240422,0.18176704724042203
2024-11-28,SKU_1,WH_3,17,12.65,12.151429272118543,4.848570727881457
2024-11-29,SKU_1,WH_3,0,6.16,6.975633436717497,6.975633436717497
2024-11-30,SKU_1,WH_3,14,9.82,10.01810418049125,3.9818958195087504
2024-12-01,SKU_1,WH_3,15,12.8,12.380005182903002,2.619994817096998
2024-12-02,SKU_1,WH_3,15,12.61,13.019003838563789,1.9809961614362113
2024-12-03,SKU_1,WH_3,16,11.99,11.69525171781839,4.30474828218161
2024-12-04,SKU_1,WH_3,20,14.8,13.787542682943663,6.212457317056337
2024-12-05,SKU_1,WH_3,7,7.36,8.422967774982082,1.422967774982082
2024-12-06,SKU_1,WH_3,21,23.77,20.666080360969744,0.3339196390302561
2024-12-07,SKU_1,WH_3,21,14.68,13.599782824253685,7.400217175746315
2024-12-08,SKU_1,WH_3,22,19.81,17.84314264393611,4.156857356063892
2024-12-09,SKU_1,WH_3,17,18.52,16.844216425209382,0.15578357479061822
2024-12-10,SKU_1,WH_3,20,16.94,16.562704928627866,3.4372950713721337
2024-12-11,SKU_1,WH_3,19,17.39,15.879312317520027,3.120687682479973
2024-12-12,SKU_1,WH_3,15,12.74,12.522090402014816,2.4779095979851835
2024-12-13,SKU_1,WH_3,12,8.06,9.030698686973764,2.969301313026236
2024-12-14,SKU_1,WH_3,23,19.65,17.838717508746758,5.1612824912532425
2024-12-15,SKU_1,WH_3,14,9.88,10.407538842860555,3.5924611571394447
2024-12-16,SKU_1,WH_3,16,16.12,15.233590960182914,0.766409039817086
2024-12-17,SKU_1,WH_3,15,19.8,17.825330817795763,2.825330817795763
2024-12-18,SKU_1,WH_3,19,19.85,17.919627461024877,1.0803725389751229
2024-12-19,SKU_1,WH_3,24,26.35,24.556536211549727,0.5565362115497265
2024-12-20,SKU_1,WH_3,20,12.52,12.35843600357764,7.641563996422359
2024-12-21,SKU_1,WH_3,24,25.9,22.640525393200182,1.359474606799818
2024-12-22,SKU_1,WH_3,25,21.49,19.245838619404964,5.754161380595036
2024-12-23,SKU_1,WH_3,22,22.4,20.14737934366055,1.8526206563394503
2024-12-24,SKU_1,WH_3,18,14.28,13.940004781227847,4.059995218772153
2024-12-25,SKU_1,WH_3,16,18.15,16.815552489362755,0.815552489362755
2024-12-26,SKU_1,WH_3,11,12.3,12.57341475467108,1.5734147546710808
2024-12-27,SKU_1,WH_3,12,10.88,11.462522582076671,0.5374774179233288
2024-12-28,SKU_1,WH_3,14,13.89,13.618658559558556,0.38134144044144413
2024-12-29,SKU_1,WH_3,26,24.89,23.262096704813178,2.737903295186822
2024-12-30,SKU_1,WH_3,19,18.32,17.682954671871443,1.3170453281285575
2024-11-10,SKU_1,WH_4,6,9.15,9.821987901418325,3.821987901418325
2024-11-11,SKU_1,WH_4,9,10.97,10.99519353724607,1.9951935372460703
2024-11-12,SKU_1,WH_4,14,14.57,14.152377437285475,0.15237743728547493
2024-11-13,SKU_1,WH_4,11,12.3,11.83993676108488,0.8399367610848802
2024-11-14,SKU_1,WH_4,21,18.5,16.337194154520727,4.662805845479273
2024-11-15,SKU_1,WH_4,26,26.04,24.078152209780022,1.921847790219978
2024-11-16,SKU_1,WH_4,13,12.46,12.60729391309474,0.3927060869052603
2024-11-17,SKU_1,WH_4,11,9.5,9.841392937692323,1.1586070623076772
2024-11-18,SKU_1,WH_4,11,10.28,10.407090784195681,0.592909215804319
2024-11-19,SKU_1,WH_4,9,14.46,14.05955186162919,5.05955186162919
2024-11-20,SKU_1,WH_4,24,26.63,24.69990527352668,0.6999052735266815
2024-11-21,SKU_1,WH_4,24,23.97,22.164560548273307,1.8354394517266925
2024-11-22,SKU_1,WH_4,14,14.12,13.222963776289983,0.7770362237100166
2024-11-23,SKU_1,WH_4,10,10.59,10.818492842786148,0.8184928427861475
2024-11-24,SKU_1,WH_4,19,20.09,17.98884097118039,1.011159028819609
2024-11-25,SKU_1,WH_4,18,18.69,16.658397924639626,1.341602075360374
2024-11-26,SKU_1,WH_4,16,15.38,14.299355580649854,1.7006444193501462
2024-11-27,SKU_1,WH_4,14,13.3,12.76227792446794,1.2377220755320604
2024-11-28,SKU_1,WH_4,18,15.48,14.466562019410429,3.5334379805895715
2024-11-29,SKU_1,WH_4,17,14.39,13.370101165016617,3.6298988349833827
2024-11-30,SKU_1,WH_4,12,13.25,12.807829748826158,0.8078297488261583
2024-12-01,SKU_1,WH_4,13,18.96,18.31138376618741,5.3113837661874115
2024-12-02,SKU_1,WH_4,15,14.68,13.876783363519852,1.123216636480148
2024-12-03,SKU_1,WH_4,13,14.78,14.093478993687519,1.093478993687519
2024-12-04,SKU_1,WH_4,8,9.24,10.16011902936124,2.1601190293612405
2024-12-05,SKU_1,WH_4,16,13.85,13.407348864266408,2.5926511357335915
2024-12-06,SKU_1,WH_4,17,19.51,17.70544763136828,0.7054476313682798
2024-12-07,SKU_1,WH_4,14,14.39,13.683675912561924,0.31632408743807616
2024-12-08,SKU_1,WH_4,16,16.53,15.424053603971595,0.5759463960284048
2024-12-09,SKU_1,WH_4,19,17.8,16.413889111459284,2.5861108885407162
2024-12-10,SKU_1,WH_4,19,23.85,20.98422214664974,1.9842221466497385
2024-12-11,SKU_1,WH_4,20,18.44,16.752899029396715,3.2471009706032845
2024-12-12,SKU_1,WH_4,36,37.67,32.3504620015086,3.6495379984913967
2024-12-13,SKU_1,WH_4,11,10.56,11.310830660217986,0.3108306602179862
2024-12-14,SKU_1,WH_4,24,23.15,20.682310810687657,3.3176891893123432
2024-12-15,SKU_1,WH_4,23,22.69,20.514986013677515,2.4850139863224854
2024-12-16,SKU_1,WH_4,20,12.13,12.565046183010615,7.434953816989385
2024-12-17,SKU_1,WH_4,15,17.89,16.867971375188755,1.8679713751887554
2024-12-18,SKU_1,WH_4,9,7.07,8.972541109385398,0.027458890614601827
2024-12-19,SKU_1,WH_4,22,19.11,17.480131200388584,4.519868799611416
2024-12-20,SKU_1,WH_4,23,20.16,19.392722420164368,3.607277579835632
2024-12-21,SKU_1,WH_4,22,25.39,22.43742425106257,0.4374242510625699
2024-12-22,SKU_1,WH_4,16,16.36,15.461569944396876,0.5384300556031238
2024-12-23,SKU_1,WH_4,18,18.73,17.113902701090506,0.886097298909494
2024-12-24,SKU_1,WH_4,20,19.83,18.214478908934133,1.785521091065867
2024-12-25,SKU_1,WH_4,16,16.37,15.44674322527496,0.5532567747250408
2024-12-26,SKU_1,WH_4,20,22.43,20.16861548266196,0.16861548266195925
2024-12-27,SKU_1,WH_4,22,21.61,19.353135285988966,2.646864714011034
2024-12-28,SKU_1,WH_4,25,28.31,24.575009209123447,0.4249907908765529
2024-12-29,SKU_1,WH_4,28,29.64,27.48251754758103,0.517482452418971
2024-12-30,SKU_1,WH_4,10,13.25,14.347167863674944,4.347167863674944
2024-11-10,SKU_1,WH_5,9,3.37,5.5432440762121304,3.4567559237878696
2024-11-11,SKU_1,WH_5,11,12.93,12.359015861990637,1.3590158619906365
2024-11-12,SKU_1,WH_5,17,15.36,14.206536800498192,2.793463199501808
2024-11-13,SKU_1,WH_5,10,6.36,7.169422807867739,2.830577192132261
2024-11-14,SKU_1,WH_5,8,13.67,12.87221572021275,4.8722157202127505
2024-11-15,SKU_1,WH_5,19,24.85,21.25621071184435,2.25621071184435
2024-11-16,SKU_1,WH_5,13,16.1,14.850484408009052,1.8504844080090521
2024-11-17,SKU_1,WH_5,3,5.04,6.6238145146509595,3.6238145146509595
2024-11-18,SKU_1,WH_5,13,10.07,10.090201801671697,2.9097981983283034
2024-11-19,SKU_1,WH_5,14,16.27,14.873132595441676,0.8731325954416764
2024-11-20,SKU_1,WH_5,9,10.02,10.066229434480586,1.0662294344805865
2024-11-21,SKU_1,WH_5,21,17.68,15.811057945847498,5.188942054152502
2024-11-22,SKU_1,WH_5,14,16.56,15.850501221731108,1.8505012217311076
2024-11-23,SKU_1,WH_5,13,9.51,9.93488505761707,3.0651149423829303
2024-11-24,SKU_1,WH_5,11,10.44,10.472203157983895,0.5277968420161052
2024-11-25,SKU_1,WH_5,11,11.79,12.124293275911223,1.1242932759112225
2024-11-26,SKU_1,WH_5,19,14.13,13.878051016876508,5.121948983123492
2024-11-27,SKU_1,WH_5,17,15.39,14.165139550720363,2.8348604492796365
2024-11-28,SKU_1,WH_5,10,11.8,11.584106031747426,1.5841060317474263
2024-11-29,SKU_1,WH_5,8,8.69,9.291345685866222,1.2913456858662222
2024-11-30,SKU_1,WH_5,8,5.95,7.141009694031181,0.8589903059688186
2024-12-01,SKU_1,WH_5,19,15.53,15.492291039883776,3.507708960116224
2024-12-02,SKU_1,WH_5,29,21.83,19.424170041278884,9.575829958721116
2024-12-03,SKU_1,WH_5,23,26.13,22.73262229356554,0.26737770643445913
2024-12-04,SKU_1,WH_5,18,17.68,17.296327926931607,0.7036720730683932
2024-12-05,SKU_1,WH_5,11,12.59,12.49200409816931,1.4920040981693106
2024-12-06,SKU_1,WH_5,17,19.09,17.3268617932521,0.32686179325209963
2024-12-07,SKU_1,WH_5,9,7.66,8.942653222633469,0.05734677736653104
2024-12-08,SKU_1,WH_5,29,28.31,24.43270771849914,4.567292281500858
2024-12-09,SKU_1,WH_5,17,22.79,20.376931394895315,3.3769313948953155
2024-12-10,SKU_1,WH_5,11,11.78,11.890918873379668,0.8909188733796682
2024-12-11,SKU_1,WH_5,10,7.82,8.916831010723458,1.0831689892765421
2024-12-12,SKU_1,WH_5,10,9.2,10.16879217564392,0.16879217564392057
2024-12-13,SKU_1,WH_5,26,29.74,25.311538523331087,0.6884614766689126
2024-12-14,SKU_1,WH_5,26,23.16,20.47703885660177,5.522961143398231
2024-12-15,SKU_1,WH_5,24,30.17,25.61198065591795,1.6119806559179501
2024-12-16,SKU_1,WH_5,12,14.46,13.635450329388375,1.6354503293883749
2024-12-17,SKU_1,WH_5,17,13.44,13.014728078162113,3.985271921837887
2024-12-18,SKU_1,WH_5,21,17.68,16.298454926934376,4.701545073065624
2024-12-19,SKU_1,WH_5,8,5.32,7.618341568460382,0.3816584315396181
2024-12-20,SKU_1,WH_5,22,23.23,20.721228630902708,1.2787713690972922
2024-12-21,SKU_1,WH_5,19,17.59,16.26924371176477,2.7307562882352308
2024-12-22,SKU_1,WH_5,21,17.75,16.317843189539623,4.682156810460377
2024-12-23,SKU_1,WH_5,14,13.22,13.058256071706841,0.9417439282931586
2024-12-24,SKU_1,WH_5,20,21.94,19.738769934090726,0.2612300659092739
2024-12-25,SKU_1,WH_5,16,14.2,13.582946318802664,2.417053681197336
2024-12-26,SKU_1,WH_5,25,25.19,21.96358253609981,3.0364174639001895
2024-12-27,SKU_1,WH_5,21,18.31,16.80333699838946,4.196663001610538
2024-12-28,SKU_1,WH_5,22,23.37,20.93832149787816,1.0616785021218398
2024-12-29,SKU_1,WH_5,15,15.96,15.370826941757752,0.3708269417577519
2024-12-30,SKU_1,WH_5,29,27.63,25.18991094593258,3.8100890540674186
2024-11-10,SKU_10,WH_1,6,7.9,8.872329546763698,2.872329546763698
2024-11-11,SKU_10,WH_1,12,11.86,11.661709008247383,0.3382909917526167
2024-11-12,SKU_10,WH_1,21,25.83,22.20510321484047,1.2051032148404701
2024-11-13,SKU_10,WH_1,9,11.37,11.837483293987466,2.837483293987466
2024-11-14,SKU_10,WH_1,7,5.92,7.149970992688197,0.14997099268819714
2024-11-15,SKU_10,WH_1,7,9.23,9.791314369091817,2.7913143690918165
2024-11-16,SKU_10,WH_1,5,6.31,7.048117175310319,2.0481171753103187
2024-11-17,SKU_10,WH_1,5,5.71,6.994811578741206,1.9948115787412064
2024-11-18,SKU_10,WH_1,5,4.67,6.0804596103292425,1.0804596103292425
2024-11-19,SKU_10,WH_1,17,12.34,11.811410972510785,5.188589027489215
2024-11-20,SKU_10,WH_1,10,10.77,10.730032911606292,0.7300329116062922
2024-11-21,SKU_10,WH_1,19,24.5,20.876251105575594,1.8762511055755944
2024-11-22,SKU_10,WH_1,15,15.24,14.065815205295063,0.9341847947049366
2024-11-23,SKU_10,WH_1,17,12.41,11.846925629400182,5.153074370599818
2024-11-24,SKU_10,WH_1,14,16.16,14.781303372849148,0.7813033728491483
2024-11-25,SKU_10,WH_1,13,13.25,12.598014019505484,0.4019859804945156
2024-11-26,SKU_10,WH_1,7,10.33,10.466683853352164,3.466683853352164
2024-11-27,SKU_10,WH_1,12,12.38,11.871348745359292,0.12865125464070815
2024-11-28,SKU_10,WH_1,22,22.33,19.35409627397601,2.6459037260239917
2024-11-29,SKU_10,WH_1,10,4.6,6.1264670733093665,3.8735329266906335
2024-11-30,SKU_10,WH_1,5,5.95,6.995472205530149,1.9954722055301488
2024-12-01,SKU_10,WH_1,20,19.05,17.080212446593467,2.9197875534065325
2024-12-02,SKU_10,WH_1,26,24.58,22.818740416920786,3.181259583079214
2024-12-03,SKU_10,WH_1,22,21.63,20.543649093192304,1.456350906807696
2024-12-04,SKU_10,WH_1,16,15.54,14.738175274358598,1.261824725641402
2024-12-05,SKU_10,WH_1,15,17.88,16.441595468455734,1.4415954684557342
2024-12-06,SKU_10,WH_1,15,17.41,16.07097827725189,1.0709782772518892
2024-12-07,SKU_10,WH_1,10,11.51,11.536067280797067,1.5360672807970666
2024-12-08,SKU_10,WH_1,18,17.56,16.16898059698307,1.8310194030169313
2024-12-09,SKU_10,WH_1,6,4.05,6.1016185636223925,0.10161856362239252
2024-12-10,SKU_10,WH_1,13,16.83,15.473740733475998,2.4737407334759975
2024-12-11,SKU_10,WH_1,18,24.37,21.19151140428914,3.191511404289141
2024-12-12,SKU_10,WH_1,12,11.95,11.780899131835987,0.21910086816401275
2024-12-13,SKU_10,WH_1,17,16.96,15.493079324365818,1.5069206756341824
2024-12-14,SKU_10,WH_1,18,22.17,20.902509117631094,2.9025091176310944
2024-12-15,SKU_10,WH_1,23,24.42,21.241408644912468,1.7585913550875318
2024-12-16,SKU_10,WH_1,15,14.38,13.543533329849158,1.4564666701508422
2024-12-17,SKU_10,WH_1,16,17.26,15.898828633289517,0.10117136671048321
2024-12-18,SKU_10,WH_1,18,21.1,18.922796372649564,0.9227963726495645
2024-12-19,SKU_10,WH_1,11,14.11,13.558108535217317,2.5581085352173165
2024-12-20,SKU_10,WH_1,20,23.73,20.84091512287208,0.8409151228720795
2024-12-21,SKU_10,WH_1,16,20.89,18.572731503159524,2.572731503159524
2024-12-22,SKU_10,WH_1,12,13.98,13.490993233008082,1.4909932330080817
2024-12-23,SKU_10,WH_1,17,17.56,16.184395668703832,0.8156043312961678
2024-12-24,SKU_10,WH_1,16,18.79,16.975046099199766,0.9750460991997656
2024-12-25,SKU_10,WH_1,28,30.88,28.052822882445756,0.05282288244575639
2024-12-26,SKU_10,WH_1,17,16.14,15.252770627235714,1.747229372764286
2024-12-27,SKU_10,WH_1,16,16.56,15.504005701790916,0.4959942982090837
2024-12-28,SKU_10,WH_1,16,10.94,11.395277854764903,4.6047221452350975
2024-12-29,SKU_10,WH_1,24,22.06,19.776136902583563,4.223863097416437
2024-12-30,SKU_10,WH_1,19,22.13,20.79889962597743,1.7988996259774304
2024-11-10,SKU_10,WH_2,16,13.35,12.712815650058337,3.287184349941663
2024-11-11,SKU_10,WH_2,6,6.36,7.209693887261763,1.2096938872617633
2024-11-12,SKU_10,WH_2,9,9.35,9.81733645927841,0.81733645927841
2024-11-13,SKU_10,WH_2,12,12.56,11.999343253092263,0.0006567469077367605
2024-11-14,SKU_10,WH_2,12,19.88,17.538176905105704,5.538176905105704
2024-11-15,SKU_10,WH_2,20,23.74,21.940537122554474,1.940537122554474
2024-11-16,SKU_10,WH_2,12,11.51,11.172625068327596,0.827374931672404
2024-11-17,SKU_10,WH_2,6,10.31,10.385963217864884,4.385963217864884
2024-11-18,SKU_10,WH_2,14,14.24,13.142936284617981,0.8570637153820186
2024-11-19,SKU_10,WH_2,15,15.3,14.939053276011867,0.060946723988132945
2024-11-20,SKU_10,WH_2,18,12.64,12.080316995499148,5.919683004500852
2024-11-21,SKU_10,WH_2,9,10.85,10.70587365515062,1.7058736551506204
2024-11-22,SKU_10,WH_2,9,11.6,11.153484629735026,2.1534846297350256
2024-11-23,SKU_10,WH_2,12,13.19,12.598419291591135,0.598419291591135
2024-11-24,SKU_10,WH_2,16,16.62,15.023131576491904,0.9768684235080958
2024-11-25,SKU_10,WH_2,15,13.85,13.091541294995565,1.9084587050044348
2024-11-26,SKU_10,WH_2,22,18.6,16.47857870918987,5.521421290810132
2024-11-27,SKU_10,WH_2,9,12.79,12.182946443245653,3.182946443245653
2024-11-28,SKU_10,WH_2,16,14.98,13.72973457870757,2.2702654212924305
2024-11-29,SKU_10,WH_2,15,7.14,8.161569052410124,6.838430947589876
2024-11-30,SKU_10,WH_2,19,19.97,17.625379290924126,1.3746207090758737
2024-12-01,SKU_10,WH_2,10,13.68,13.136257447617911,3.1362574476179113
2024-12-02,SKU_10,WH_2,14,17.0,15.634857669171444,1.6348576691714438
2024-12-03,SKU_10,WH_2,11,9.95,10.39962075147239,0.6003792485276094
2024-12-04,SKU_10,WH_2,22,17.66,17.12885063502339,4.87114936497661
2024-12-05,SKU_10,WH_2,15,13.48,12.916420513217176,2.083579486782824
2024-12-06,SKU_10,WH_2,13,4.2,6.080091103174361,6.919908896825639
2024-12-07,SKU_10,WH_2,10,11.33,11.42648714960533,1.4264871496053306
2024-12-08,SKU_10,WH_2,21,22.18,19.65660352423755,1.3433964757624501
2024-12-09,SKU_10,WH_2,28,27.54,25.469940677950323,2.530059322049677
2024-12-10,SKU_10,WH_2,14,13.84,13.457775238824881,0.5422247611751185
2024-12-11,SKU_10,WH_2,16,18.12,16.482806887068822,0.482806887068822
2024-12-12,SKU_10,WH_2,20,24.31,21.336266304645743,1.3362663046457435
2024-12-13,SKU_10,WH_2,16,13.0,12.629736764239391,3.370263235760609
2024-12-14,SKU_10,WH_2,16,9.93,10.542916022772399,5.457083977227601
2024-12-15,SKU_10,WH_2,18,16.82,16.51795187997274,1.4820481200272617
2024-12-16,SKU_10,WH_2,13,10.54,11.09569890010228,1.9043010998977206
2024-12-17,SKU_10,WH_2,15,15.08,14.370365762012426,0.6296342379875739
2024-12-18,SKU_10,WH_2,17,17.08,15.775501573856287,1.2244984261437128
2024-12-19,SKU_10,WH_2,20,20.87,18.493254682955882,1.5067453170441176
2024-12-20,SKU_10,WH_2,17,10.16,10.729067394094642,6.270932605905358
2024-12-21,SKU_10,WH_2,20,18.18,16.553950116597527,3.4460498834024733
2024-12-22,SKU_10,WH_2,16,17.42,16.191962455444767,0.19196245544476653
2024-12-23,SKU_10,WH_2,15,13.86,13.547475568484415,1.4525244315155845
2024-12-24,SKU_10,WH_2,17,22.29,19.826347002418366,2.826347002418366
2024-12-25,SKU_10,WH_2,25,29.02,24.897654994266333,0.10234500573366745
2024-12-26,SKU_10,WH_2,22,22.09,20.925444280004072,1.074555719995928
2024-12-27,SKU_10,WH_2,16,10.0,10.622335150655712,5.3776648493442885
2024-12-28,SKU_10,WH_2,19,12.46,12.505228589532578,6.494771410467422
2024-12-29,SKU_10,WH_2,16,16.5,15.503315606200433,0.4966843937995673
2024-12-30,SKU_10,WH_2,23,19.8,19.064318970789184,3.9356810292108158
2024-11-10,SKU_10,WH_3,6,10.13,10.39260809647537,4.392608096475371
2024-11-11,SKU_10,WH_3,16,17.44,15.759882683712789,0.24011731628721122
2024-11-12,SKU_10,WH_3,10,9.48,9.797069371419331,0.20293062858066868
2024-11-13,SKU_10,WH_3,12,14.64,13.433093933601244,1.4330939336012438
2024-11-14,SKU_10,WH_3,19,22.86,19.86959733200202,0.8695973320020194
2024-11-15,SKU_10,WH_3,22,21.92,19.183136466321816,2.816863533678184
2024-11-16,SKU_10,WH_3,16,16.51,15.011242664627378,0.9887573353726218
2024-11-17,SKU_10,WH_3,8,6.02,7.03138852287485,0.9686114771251502
2024-11-18,SKU_10,WH_3,17,17.3,15.530028837134994,1.469971162865006
2024-11-19,SKU_10,WH_3,10,8.23,9.171078677291577,0.8289213227084229
2024-11-20,SKU_10,WH_3,1,2.1,3.8113013007630823,2.8113013007630823
2024-11-21,SKU_10,WH_3,22,21.7,18.801675120646525,3.198324879353475
2024-11-22,SKU_10,WH_3,8,7.53,8.150991815680266,0.15099181568026587
2024-11-23,SKU_10,WH_3,19,22.39,19.51245394591084,0.5124539459108384
2024-11-24,SKU_10,WH_3,14,17.53,15.745419511440822,1.7454195114408222
2024-11-25,SKU_10,WH_3,15,13.96,13.070768345123712,1.929231654876288
2024-11-26,SKU_10,WH_3,24,29.63,24.91509469648667,0.9150946964866691
2024-11-27,SKU_10,WH_3,15,17.34,15.609235123899216,0.6092351238992162
2024-11-28,SKU_10,WH_3,2,0.0,2.6904343321722815,0.6904343321722815
2024-11-29,SKU_10,WH_3,16,17.21,16.577780319283217,0.5777803192832174
2024-11-30,SKU_10,WH_3,21,20.45,18.136715307148627,2.863284692851373
2024-12-01,SKU_10,WH_3,16,14.04,13.357827088466529,2.6421729115334713
2024-12-02,SKU_10,WH_3,21,24.74,21.52159845597598,0.5215984559759796
2024-12-03,SKU_10,WH_3,20,22.46,20.008054844841922,0.008054844841922204
2024-12-04,SKU_10,WH_3,13,10.23,10.610970221218329,2.389029778781671
2024-12-05,SKU_10,WH_3,24,24.68,23.072442257024985,0.927557742975015
2024-12-06,SKU_10,WH_3,20,17.79,16.512695333856453,3.4873046661435474
2024-12-07,SKU_10,WH_3,26,24.01,22.85737642084731,3.1426235791526906
2024-12-08,SKU_10,WH_3,10,7.97,9.27514742869006,0.7248525713099401
2024-12-09,SKU_10,WH_3,29,30.37,27.880013223632037,1.1199867763679627
2024-12-10,SKU_10,WH_3,21,19.6,18.11445450136647,2.8855454986335296
2024-12-11,SKU_10,WH_3,20,21.9,19.911031709505917,0.08896829049408339
2024-12-12,SKU_10,WH_3,9,10.14,11.098265156968719,2.0982651569687185
2024-12-13,SKU_10,WH_3,31,28.08,26.201008303131736,4.7989916968682635
2024-12-14,SKU_10,WH_3,33,34.21,31.01501914550788,1.9849808544921217
2024-12-15,SKU_10,WH_3,17,18.91,17.5076237131684,0.5076237131683996
2024-12-16,SKU_10,WH_3,18,18.82,17.448838371841198,0.5511616281588019
2024-12-17,SKU_10,WH_3,25,25.9,23.110364025948762,1.889635974051238
2024-12-18,SKU_10,WH_3,14,16.41,15.739070063942012,1.7390700639420125
2024-12-19,SKU_10,WH_3,18,14.21,13.791124394667134,4.2088756053328655
2024-12-20,SKU_10,WH_3,20,19.31,17.9489883529938,2.0510116470061988
2024-12-21,SKU_10,WH_3,20,20.09,18.563763796775344,1.4362362032246558
2024-12-22,SKU_10,WH_3,26,25.66,22.72717488356093,3.272825116439069
2024-12-23,SKU_10,WH_3,20,20.9,18.93701409885286,1.0629859011471403
2024-12-24,SKU_10,WH_3,22,21.25,19.44922562893037,2.550774371069629
2024-12-25,SKU_10,WH_3,23,22.85,20.709025097560357,2.2909749024396433
2024-12-26,SKU_10,WH_3,12,10.21,11.333672308981841,0.666327691018159
2024-12-27,SKU_10,WH_3,12,12.19,12.514900980468276,0.5149009804682763
2024-12-28,SKU_10,WH_3,24,29.01,25.192521923393574,1.1925219233935742
2024-12-29,SKU_10,WH_3,22,21.24,19.469842742111393,2.5301572578886073
2024-12-30,SKU_10,WH_3,14,11.11,12.602583960426648,1.3974160395733524
2024-11-10,SKU_10,WH_4,22,18.23,17.234311976684747,4.765688023315253
2024-11-11,SKU_10,WH_4,10,10.63,10.741743401942603,0.7417434019426032
2024-11-12,SKU_10,WH_4,14,16.12,15.754455130573023,1.7544551305730227
2024-11-13,SKU_10,WH_4,22,22.62,21.00236545777039,0.9976345422296085
2024-11-14,SKU_10,WH_4,16,17.97,16.036046482842885,0.036046482842884586
2024-11-15,SKU_10,WH_4,24,20.71,19.527660098942476,4.4723399010575235
2024-11-16,SKU_10,WH_4,14,15.73,14.736711949064418,0.7367119490644178
2024-11-17,SKU_10,WH_4,15,16.05,15.798665548580686,0.7986655485806864
2024-11-18,SKU_10,WH_4,19,26.44,22.535571643390636,3.535571643390636
2024-11-19,SKU_10,WH_4,14,20.18,17.90429483697765,3.9042948369776482
2024-11-20,SKU_10,WH_4,16,17.12,15.432376606711236,0.5676233932887644
2024-11-21,SKU_10,WH_4,19,21.84,19.242303117566742,0.24230311756674183
2024-11-22,SKU_10,WH_4,11,9.47,10.380178335389722,0.6198216646102779
2024-11-23,SKU_10,WH_4,4,4.51,6.321004791130433,2.3210047911304326
2024-11-24,SKU_10,WH_4,17,13.2,12.634528211074418,4.365471788925582
2024-11-25,SKU_10,WH_4,14,12.05,11.628302013550723,2.371697986449277
2024-11-26,SKU_10,WH_4,10,7.07,8.371166164307688,1.628833835692312
2024-11-27,SKU_10,WH_4,10,9.4,9.771571941805858,0.22842805819414203
2024-11-28,SKU_10,WH_4,18,15.46,15.316333145024082,2.683666854975918
2024-11-29,SKU_10,WH_4,13,12.85,12.16261772390787,0.8373822760921303
2024-11-30,SKU_10,WH_4,27,27.73,25.54728645180311,1.4527135481968898
2024-12-01,SKU_10,WH_4,11,14.32,13.675280044056933,2.675280044056933
2024-12-02,SKU_10,WH_4,20,23.34,22.073636364150296,2.073636364150296
2024-12-03,SKU_10,WH_4,13,16.34,15.292574329447085,2.292574329447085
2024-12-04,SKU_10,WH_4,16,11.54,11.530832161573056,4.469167838426944
2024-12-05,SKU_10,WH_4,27,30.03,25.627919302986886,1.3720806970131143
2024-12-06,SKU_10,WH_4,12,13.91,13.560059608294235,1.5600596082942353
2024-12-07,SKU_10,WH_4,15,11.41,11.560838108948289,3.439161891051711
2024-12-08,SKU_10,WH_4,13,12.05,11.967396991234136,1.0326030087658644
2024-12-09,SKU_10,WH_4,26,25.22,22.1061974942499,3.8938025057500987
2024-12-10,SKU_10,WH_4,20,18.86,17.13467194814436,2.8653280518556414
2024-12-11,SKU_10,WH_4,5,3.56,5.85508377231868,0.8550837723186797
2024-12-12,SKU_10,WH_4,18,20.44,18.49675256413928,0.49675256413927826
2024-12-13,SKU_10,WH_4,22,16.17,15.299307075645642,6.7006929243543585
2024-12-14,SKU_10,WH_4,23,16.51,16.267305211133618,6.732694788866382
2024-12-15,SKU_10,WH_4,7,8.33,9.43201247432021,2.43201247432021
2024-12-16,SKU_10,WH_4,20,20.37,18.34359732584203,1.6564026741579703
2024-12-17,SKU_10,WH_4,7,12.04,11.936907486015466,4.936907486015466
2024-12-18,SKU_10,WH_4,27,29.81,27.327198133781884,0.32719813378188434
2024-12-19,SKU_10,WH_4,17,14.54,13.660263469878084,3.3397365301219164
2024-12-20,SKU_10,WH_4,15,18.39,16.607856783024292,1.6078567830242925
2024-12-21,SKU_10,WH_4,18,15.93,15.117410299464549,2.8825897005354513
2024-12-22,SKU_10,WH_4,21,22.04,19.754996282945264,1.2450037170547361
2024-12-23,SKU_10,WH_4,15,13.57,13.186382169273797,1.8136178307262032
2024-12-24,SKU_10,WH_4,13,14.95,14.181745821330907,1.1817458213309067
2024-12-25,SKU_10,WH_4,14,16.46,15.370734527117332,1.3707345271173317
2024-12-26,SKU_10,WH_4,18,21.21,19.046710124277666,1.0467101242776664
2024-12-27,SKU_10,WH_4,19,21.69,19.327987879738796,0.32798787973879584
2024-12-28,SKU_10,WH_4,23,17.87,17.473612392562874,5.526387607437126
2024-12-29,SKU_10,WH_4,31,34.43,30.952328968219483,0.047671031780517126
2024-12-30,SKU_10,WH_4,27,21.91,20.724624088281548,6.275375911718452
2024-11-10,SKU_10,WH_5,9,8.34,8.983727199750145,0.01627280024985467
2024-11-11,SKU_10,WH_5,16,15.14,14.21307029599668,1.7869297040033203
2024-11-12,SKU_10,WH_5,18,17.01,15.307221051251192,2.692778948748808
2024-11-13,SKU_10,WH_5,16,15.81,14.79450875579551,1.2054912442044898
2024-11-14,SKU_10,WH_5,7,13.27,12.67812673159482,5.678126731594819
2024-11-15,SKU_10,WH_5,12,10.23,10.370470755911425,1.629529244088575
2024-11-16,SKU_10,WH_5,17,17.09,15.486656687614882,1.5133433123851177
2024-11-17,SKU_10,WH_5,15,16.83,15.316379359825701,0.3163793598257012
2024-11-18,SKU_10,WH_5,4,3.56,5.40956830022585,1.4095683002258497
2024-11-19,SKU_10,WH_5,20,10.22,10.40947956858556,9.59052043141444
2024-11-20,SKU_10,WH_5,21,23.88,20.628357875899333,0.3716421241006671
2024-11-21,SKU_10,WH_5,13,16.48,14.948696384849372,1.948696384849372
2024-11-22,SKU_10,WH_5,20,17.45,15.808787171685243,4.191212828314757
2024-11-23,SKU_10,WH_5,17,15.8,14.817481977600886,2.1825180223991136
2024-11-24,SKU_10,WH_5,22,22.45,19.75567218218679,2.244327817813211
2024-11-25,SKU_10,WH_5,13,10.75,10.954297642466381,2.045702357533619
2024-11-26,SKU_10,WH_5,11,13.9,13.28274279255835,2.2827427925583503
2024-11-27,SKU_10,WH_5,13,18.12,16.205748462352553,3.2057484623525525
2024-11-28,SKU_10,WH_5,10,15.09,14.124975049643432,4.124975049643432
2024-11-29,SKU_10,WH_5,18,25.67,22.178039493576442,4.178039493576442
2024-11-30,SKU_10,WH_5,20,17.62,17.06400433970358,2.9359956602964203
2024-12-01,SKU_10,WH_5,21,24.68,21.568093677758423,0.5680936777584229
2024-12-02,SKU_10,WH_5,14,16.32,15.296034601588731,1.2960346015887314
2024-12-03,SKU_10,WH_5,6,4.75,6.629662217414612,0.6296622174146123
2024-12-04,SKU_10,WH_5,15,18.8,17.079704572356665,2.0797045723566647
2024-12-05,SKU_10,WH_5,23,24.49,21.422758878361957,1.5772411216380426
2024-12-06,SKU_10,WH_5,28,29.66,25.352872534426822,2.6471274655731776
2024-12-07,SKU_10,WH_5,22,20.53,19.743385880983375,2.256614119016625
2024-12-08,SKU_10,WH_5,18,17.51,16.303462063088187,1.6965379369118132
2024-12-09,SKU_10,WH_5,15,10.09,10.611267569313352,4.388732430686648
2024-12-10,SKU_10,WH_5,14,18.72,17.085374665824524,3.0853746658245242
2024-12-11,SKU_10,WH_5,21,17.95,16.700808603786395,4.299191396213605
2024-12-12,SKU_10,WH_5,15,16.8,15.811139275961953,0.8111392759619527
2024-12-13,SKU_10,WH_5,20,14.05,13.65700029113735,6.342999708862649
2024-12-14,SKU_10,WH_5,19,16.0,15.381355053324075,3.618644946675925
2024-12-15,SKU_10,WH_5,18,23.68,20.992702380288886,2.992702380288886
2024-12-16,SKU_10,WH_5,18,20.72,19.78344136678481,1.7834413667848104
2024-12-17,SKU_10,WH_5,21,16.52,15.56808602431217,5.431913975687831
2024-12-18,SKU_10,WH_5,17,18.01,16.685763565209186,0.3142364347908142
2024-12-19,SKU_10,WH_5,22,21.43,19.35247396744883,2.64752603255117
2024-12-20,SKU_10,WH_5,21,18.0,16.75019785644146,4.24980214355854
2024-12-21,SKU_10,WH_5,24,23.62,22.30805205133241,1.6919479486675897
2024-12-22,SKU_10,WH_5,18,22.18,20.012683695480053,2.012683695480053
2024-12-23,SKU_10,WH_5,17,11.33,11.701463233040243,5.2985367669597565
2024-12-24,SKU_10,WH_5,24,17.78,16.737123460139625,7.262876539860375
2024-12-25,SKU_10,WH_5,18,14.54,14.01809824878184,3.9819017512181603
2024-12-26,SKU_10,WH_5,25,20.87,18.887346768955833,6.112653231044167
2024-12-27,SKU_10,WH_5,11,10.73,11.564242730147685,0.5642427301476847
2024-12-28,SKU_10,WH_5,14,18.54,17.226126156310624,3.226126156310624
2024-12-29,SKU_10,WH_5,20,19.07,17.544616055755718,2.455383944244282
2024-12-30,SKU_10,WH_5,33,35.62,32.76110812472397,0.23889187527603184
2024-11-10,SKU_11,WH_1,5,5.68,7.11798975738019,2.1179897573801902
2024-11-11,SKU_11,WH_1,9,14.94,13.857937309418247,4.857937309418247
2024-11-12,SKU_11,WH_1,10,9.13,9.842026723186839,0.15797327681316098
2024-11-13,SKU_11,WH_1,9,10.91,10.926927236670961,1.926927236670961
2024-11-14,SKU_11,WH_1,19,21.18,18.536817805843565,0.4631821941564347
2024-11-15,SKU_11,WH_1,11,11.87,11.527017015174227,0.527017015174227
2024-11-16,SKU_11,WH_1,7,10.2,10.373213136958396,3.3732131369583964
2024-11-17,SKU_11,WH_1,19,18.53,16.462062074049946,2.537937925950054
2024-11-18,SKU_11,WH_1,18,19.74,17.479626079925442,0.5203739200745581
2024-11-19,SKU_11,WH_1,13,12.41,11.867866992323801,1.1321330076761988
2024-11-20,SKU_11,WH_1,10,18.01,15.99904238875691,5.99904238875691
2024-11-21,SKU_11,WH_1,10,13.01,12.231105636010962,2.2311056360109625
2024-11-22,SKU_11,WH_1,6,4.23,5.727336853576713,0.2726631464232874
2024-11-23,SKU_11,WH_1,17,19.37,17.162238857864736,0.16223885786473602
2024-11-24,SKU_11,WH_1,8,8.42,9.064239429494561,1.0642394294945614
2024-11-25,SKU_11,WH_1,14,12.97,12.877642186352617,1.1223578136473833
2024-11-26,SKU_11,WH_1,18,18.42,16.28900277504807,1.7109972249519316
2024-11-27,SKU_11,WH_1,14,13.51,12.57819886946429,1.4218011305357106
2024-11-28,SKU_11,WH_1,16,18.74,16.516208909391395,0.5162089093913949
2024-11-29,SKU_11,WH_1,14,17.51,15.705248893934815,1.7052488939348152
2024-11-30,SKU_11,WH_1,21,13.91,13.185747228611197,7.814252771388803
2024-12-01,SKU_11,WH_1,6,1.27,3.7135895248543886,2.2864104751456114
2024-12-02,SKU_11,WH_1,20,23.12,21.65238716247822,1.6523871624782203
2024-12-03,SKU_11,WH_1,13,12.92,12.436531194109806,0.563468805890194
2024-12-04,SKU_11,WH_1,19,20.64,18.236424752872587,0.7635752471274131
2024-12-05,SKU_11,WH_1,13,11.15,11.216602101620635,1.7833978983793646
2024-12-06,SKU_11,WH_1,15,18.51,16.664948059186493,1.664948059186493
2024-12-07,SKU_11,WH_1,19,16.2,15.192988123858136,3.807011876141864
2024-12-08,SKU_11,WH_1,13,10.74,11.12944697943982,1.8705530205601804
2024-12-09,SKU_11,WH_1,8,5.06,6.990815348978038,1.009184651021962
2024-12-10,SKU_11,WH_1,24,19.34,17.33295556183989,6.6670444381601115
2024-12-11,SKU_11,WH_1,18,20.01,17.996680904399483,0.00331909560051713
2024-12-12,SKU_11,WH_1,18,18.06,16.446993793691554,1.5530062063084458
2024-12-13,SKU_11,WH_1,20,18.91,18.21543617751152,1.7845638224884794
2024-12-14,SKU_11,WH_1,17,14.7,13.899137313628092,3.100862686371908
2024-12-15,SKU_11,WH_1,19,23.24,20.569982307493678,1.569982307493678
2024-12-16,SKU_11,WH_1,18,14.79,14.081343729334137,3.9186562706658634
2024-12-17,SKU_11,WH_1,14,11.65,11.634100198865202,2.3658998011347983
2024-12-18,SKU_11,WH_1,21,17.87,16.424775517788543,4.575224482211457
2024-12-19,SKU_11,WH_1,24,22.59,19.93849091712008,4.061509082879919
2024-12-20,SKU_11,WH_1,18,15.36,14.657923006456356,3.3420769935436443
2024-12-21,SKU_11,WH_1,20,20.01,18.10873811973341,1.8912618802665904
2024-12-22,SKU_11,WH_1,24,19.58,17.928283295089056,6.071716704910944
2024-12-23,SKU_11,WH_1,44,47.06,34.63951825973948,9.360481740260518
2024-12-24,SKU_11,WH_1,26,28.3,24.856807634788705,1.143192365211295
2024-12-25,SKU_11,WH_1,21,23.8,21.54475421776959,0.5447542177695901
2024-12-26,SKU_11,WH_1,17,19.42,18.251535736077482,1.2515357360774821
2024-12-27,SKU_11,WH_1,19,23.39,21.257293051405796,2.257293051405796
2024-12-28,SKU_11,WH_1,14,11.93,12.563918221691786,1.436081778308214
2024-12-29,SKU_11,WH_1,20,18.49,17.23662739752302,2.7633726024769807
2024-12-30,SKU_11,WH_1,16,10.46,12.130571952359878,3.869428047640122
2024-11-10,SKU_11,WH_2,18,15.39,14.189462737573821,3.8105372624261786
2024-11-11,SKU_11,WH_2,8,7.89,8.60729016205213,0.6072901620521307
2024-11-12,SKU_11,WH_2,8,2.15,3.895430990377545,4.104569009622455
2024-11-13,SKU_11,WH_2,13,11.54,11.15481653549855,1.8451834645014493
2024-11-14,SKU_11,WH_2,9,10.85,10.795610092644376,1.7956100926443757
2024-11-15,SKU_11,WH_2,18,15.94,14.733739079304566,3.2662609206954336
2024-11-16,SKU_11,WH_2,12,18.93,16.665301969847434,4.665301969847434
2024-11-17,SKU_11,WH_2,16,17.56,15.805172136821101,0.1948278631788991
2024-11-18,SKU_11,WH_2,3,6.12,7.085386099740304,4.085386099740304
2024-11-19,SKU_11,WH_2,10,12.88,12.136437439091537,2.1364374390915373
2024-11-20,SKU_11,WH_2,15,17.71,16.855829112848404,1.8558291128484043
2024-11-21,SKU_11,WH_2,15,16.97,15.220424494476365,0.22042449447636514
2024-11-22,SKU_11,WH_2,16,14.37,13.300580336916902,2.6994196630830984
2024-11-23,SKU_11,WH_2,19,18.23,16.094546792613052,2.905453207386948
2024-11-24,SKU_11,WH_2,17,12.7,12.2201002040996,4.7798997959004
2024-11-25,SKU_11,WH_2,26,32.38,28.806218752807247,2.806218752807247
2024-11-26,SKU_11,WH_2,17,17.34,15.508008568651924,1.491991431348076
2024-11-27,SKU_11,WH_2,17,15.53,14.480933556499222,2.519066443500778
2024-11-28,SKU_11,WH_2,20,20.34,17.964752400990424,2.035247599009576
2024-11-29,SKU_11,WH_2,11,13.42,12.725383576890755,1.7253835768907546
2024-11-30,SKU_11,WH_2,16,10.74,10.885973391762361,5.114026608237639
2024-12-01,SKU_11,WH_2,16,14.85,14.025905542468939,1.974094457531061
2024-12-02,SKU_11,WH_2,19,16.56,15.428357359747848,3.5716426402521524
2024-12-03,SKU_11,WH_2,17,17.83,16.397995098223966,0.6020049017760343
2024-12-04,SKU_11,WH_2,16,16.99,16.641764114605984,0.6417641146059836
2024-12-05,SKU_11,WH_2,26,25.51,22.24643141578268,3.7535685842173194
2024-12-06,SKU_11,WH_2,17,14.96,14.16848949478991,2.8315105052100904
2024-12-07,SKU_11,WH_2,16,14.98,14.244514093322564,1.7554859066774355
2024-12-08,SKU_11,WH_2,23,25.91,22.722304621426122,0.2776953785738776
2024-12-09,SKU_11,WH_2,27,28.49,24.53658924941006,2.46341075058994
2024-12-10,SKU_11,WH_2,7,7.96,9.36992556856162,2.3699255685616194
2024-12-11,SKU_11,WH_2,19,18.83,17.102805065502853,1.897194934497147
2024-12-12,SKU_11,WH_2,20,17.33,16.158965931702543,3.841034068297457
2024-12-13,SKU_11,WH_2,23,15.82,15.220054456553218,7.779945543446782
2024-12-14,SKU_11,WH_2,15,14.11,13.740008507017958,1.2599914929820422
2024-12-15,SKU_11,WH_2,16,18.06,16.60146968068397,0.6014696806839694
2024-12-16,SKU_11,WH_2,12,14.54,13.822721620590874,1.8227216205908743
2024-12-17,SKU_11,WH_2,21,21.57,19.269317745222377,1.7306822547776228
2024-12-18,SKU_11,WH_2,13,18.4,16.8322342206268,3.8322342206267983
2024-12-19,SKU_11,WH_2,16,15.11,14.460339490737153,1.5396605092628466
2024-12-20,SKU_11,WH_2,15,10.08,10.566220738492344,4.433779261507656
2024-12-21,SKU_11,WH_2,24,26.57,23.435776487217282,0.5642235127827178
2024-12-22,SKU_11,WH_2,8,7.94,9.235132805312142,1.2351328053121424
2024-12-23,SKU_11,WH_2,23,20.84,18.626012499278787,4.3739875007212135
2024-12-24,SKU_11,WH_2,20,21.97,19.817310892852426,0.18268910714757425
2024-12-25,SKU_11,WH_2,31,32.2,29.22797875938108,1.772021240618919
2024-12-26,SKU_11,WH_2,23,27.21,23.751507275376582,0.7515072753765821
2024-12-27,SKU_11,WH_2,25,26.27,23.210375938874467,1.789624061125533
2024-12-28,SKU_11,WH_2,13,12.47,12.820346360232435,0.1796536397675652
2024-12-29,SKU_11,WH_2,23,24.61,21.790472320624804,1.2095276793751957
2024-12-30,SKU_11,WH_2,24,19.0,18.586422688633128,5.413577311366872
2024-11-10,SKU_11,WH_3,17,15.29,14.179217335978237,2.8207826640217633
2024-11-11,SKU_11,WH_3,13,14.22,13.226242646033873,0.22624264603387267
2024-11-12,SKU_11,WH_3,11,7.8,8.52242589014819,2.47757410985181
2024-11-13,SKU_11,WH_3,7,8.18,8.940942458827793,1.9409424588277933
2024-11-14,SKU_11,WH_3,13,10.73,10.788657211252765,2.2113427887472348
2024-11-15,SKU_11,WH_3,7,6.36,7.065489936132531,0.06548993613253096
2024-11-16,SKU_11,WH_3,24,23.15,19.993653885504624,4.006346114495376
2024-11-17,SKU_11,WH_3,20,17.8,16.048037896292584,3.951962103707416
2024-11-18,SKU_11,WH_3,19,22.75,19.881675299900703,0.8816752999007029
2024-11-19,SKU_11,WH_3,17,16.78,15.26494027989012,1.7350597201098807
2024-11-20,SKU_11,WH_3,12,10.49,10.77443794782968,1.2255620521703197
2024-11-21,SKU_11,WH_3,10,8.6,9.174964832769993,0.8250351672300074
2024-11-22,SKU_11,WH_3,25,25.72,22.017450094818333,2.982549905181667
2024-11-23,SKU_11,WH_3,16,18.54,16.616508388287752,0.6165083882877518
2024-11-24,SKU_11,WH_3,13,12.69,12.939410928127378,0.06058907187262186
2024-11-25,SKU_11,WH_3,12,6.48,7.471980739302938,4.528019260697062
2024-11-26,SKU_11,WH_3,17,16.49,15.096714129601933,1.9032858703980668
2024-11-27,SKU_11,WH_3,8,8.44,9.19281872801937,1.19281872801937
2024-11-28,SKU_11,WH_3,16,10.88,11.075262773442349,4.924737226557651
2024-11-29,SKU_11,WH_3,11,14.12,13.287791071496432,2.2877910714964322
2024-11-30,SKU_11,WH_3,12,11.76,11.570763017686934,0.42923698231306595
2024-12-01,SKU_11,WH_3,15,14.81,14.047451754477992,0.9525482455220082
2024-12-02,SKU_11,WH_3,8,6.33,7.490393950687565,0.5096060493124348
2024-12-03,SKU_11,WH_3,22,17.74,16.112591892318136,5.887408107681864
2024-12-04,SKU_11,WH_3,11,12.64,12.421716137425069,1.4217161374250686
2024-12-05,SKU_11,WH_3,13,6.24,7.393673689698242,5.606326310301758
2024-12-06,SKU_11,WH_3,19,17.0,15.657458160353356,3.3425418396466444
2024-12-07,SKU_11,WH_3,24,23.71,20.73294885138839,3.2670511486116105
2024-12-08,SKU_11,WH_3,20,18.72,18.11789714531642,1.8821028546835805
2024-12-09,SKU_11,WH_3,10,13.18,12.915282675101645,2.915282675101645
2024-12-10,SKU_11,WH_3,15,19.81,17.95659867332107,2.9565986733210714
2024-12-11,SKU_11,WH_3,9,8.97,9.903815981611297,0.903815981611297
2024-12-12,SKU_11,WH_3,18,14.5,13.68265372624824,4.31734627375176
2024-12-13,SKU_11,WH_3,23,25.0,21.68171885154154,1.3182811484584605
2024-12-14,SKU_11,WH_3,11,13.93,13.531656029785397,2.531656029785397
2024-12-15,SKU_11,WH_3,19,25.28,23.487824268438683,4.487824268438683
2024-12-16,SKU_11,WH_3,8,15.35,14.577334744338286,6.577334744338286
2024-12-17,SKU_11,WH_3,25,26.51,22.976706347346486,2.023293652653514
2024-12-18,SKU_11,WH_3,7,10.4,10.741259651143459,3.7412596511434586
2024-12-19,SKU_11,WH_3,23,26.76,23.290466196362047,0.29046619636204696
2024-12-20,SKU_11,WH_3,19,17.5,16.092907339824958,2.907092660175042
2024-12-21,SKU_11,WH_3,16,14.66,13.760101842046831,2.239898157953169
2024-12-22,SKU_11,WH_3,15,18.5,16.741260025764834,1.7412600257648343
2024-12-23,SKU_11,WH_3,18,21.82,19.559564753089134,1.5595647530891341
2024-12-24,SKU_11,WH_3,12,12.48,12.32226120244158,0.3222612024415792
2024-12-25,SKU_11,WH_3,19,22.7,20.069193825633118,1.0691938256331177
2024-12-26,SKU_11,WH_3,17,16.17,15.171767528132255,1.8282324718677447
2024-12-27,SKU_11,WH_3,17,16.18,15.142290558201811,1.857709441798189
2024-12-28,SKU_11,WH_3,8,7.83,8.9645749433712,0.9645749433712005
2024-12-29,SKU_11,WH_3,13,13.11,12.730480788229443,0.2695192117705574
2024-12-30,SKU_11,WH_3,15,17.55,17.166812415028712,2.166812415028712
2024-11-10,SKU_11,WH_4,14,19.19,17.1432455638287,3.1432455638286996
2024-11-11,SKU_11,WH_4,10,8.78,9.30682274160599,0.6931772583940106
2024-11-12,SKU_11,WH_4,21,22.93,19.907553880547262,1.0924461194527382
2024-11-13,SKU_11,WH_4,4,3.34,5.255434821829562,1.255434821829562
2024-11-14,SKU_11,WH_4,8,8.14,8.89791359022923,0.8979135902292299
2024-11-15,SKU_11,WH_4,12,18.78,16.62314606383809,4.623146063838089
2024-11-16,SKU_11,WH_4,13,15.38,14.162724496358665,1.1627244963586651
2024-11-17,SKU_11,WH_4,9,6.79,7.563351255181054,1.436648744818946
2024-11-18,SKU_11,WH_4,16,20.34,19.271381981851068,3.271381981851068
2024-11-19,SKU_11,WH_4,5,6.78,7.534355416731848,2.534355416731848
2024-11-20,SKU_11,WH_4,16,10.39,10.378236674714012,5.621763325285988
2024-11-21,SKU_11,WH_4,9,4.05,5.547096518097511,3.4529034819024886
2024-11-22,SKU_11,WH_4,16,14.63,13.433250162799443,2.5667498372005575
2024-11-23,SKU_11,WH_4,17,20.72,18.08371149832074,1.0837114983207385
2024-11-24,SKU_11,WH_4,14,12.16,11.766923867078352,2.2330761329216475
2024-11-25,SKU_11,WH_4,10,11.0,10.946742642881514,0.9467426428815138
2024-11-26,SKU_11,WH_4,24,26.71,24.617606300594225,0.6176063005942254
2024-11-27,SKU_11,WH_4,16,16.93,15.32950294884771,0.6704970511522905
2024-11-28,SKU_11,WH_4,14,19.72,18.759797522300698,4.759797522300698
2024-11-29,SKU_11,WH_4,8,10.57,10.807913965226561,2.807913965226561
2024-11-30,SKU_11,WH_4,16,16.87,15.277343292624316,0.722656707375684
2024-12-01,SKU_11,WH_4,19,18.96,17.053905271535935,1.9460947284640646
2024-12-02,SKU_11,WH_4,18,20.5,19.611792557815132,1.6117925578151322
2024-12-03,SKU_11,WH_4,11,11.92,11.916015020838868,0.9160150208388682
2024-12-04,SKU_11,WH_4,18,18.42,16.634657334960284,1.3653426650397158
2024-12-05,SKU_11,WH_4,12,11.92,11.852323596046219,0.14767640395378123
2024-12-06,SKU_11,WH_4,10,11.06,11.275215134307215,1.2752151343072153
2024-12-07,SKU_11,WH_4,8,0.71,2.968975920916151,5.031024079083849
2024-12-08,SKU_11,WH_4,26,25.73,24.005332997673076,1.9946670023269242
2024-12-09,SKU_11,WH_4,17,15.44,14.720169716787073,2.2798302832129274
2024-12-10,SKU_11,WH_4,9,10.49,11.06265203775399,2.06265203775399
2024-12-11,SKU_11,WH_4,19,23.28,20.555434878846807,1.5554348788468069
2024-12-12,SKU_11,WH_4,8,8.62,9.692700222733128,1.6927002227331283
2024-12-13,SKU_11,WH_4,16,15.16,14.456205109900562,1.5437948900994378
2024-12-14,SKU_11,WH_4,17,17.08,15.830426020942157,1.1695739790578425
2024-12-15,SKU_11,WH_4,16,14.21,13.524021717545988,2.4759782824540117
2024-12-16,SKU_11,WH_4,25,27.44,23.52877458837553,1.47122541162447
2024-12-17,SKU_11,WH_4,25,29.42,25.11833999570404,0.11833999570404075
2024-12-18,SKU_11,WH_4,23,22.08,19.688651157325747,3.311348842674253
2024-12-19,SKU_11,WH_4,10,7.55,8.71480104301116,1.2851989569888396
2024-12-20,SKU_11,WH_4,26,26.91,23.47938525353276,2.5206147464672384
2024-12-21,SKU_11,WH_4,13,10.42,10.985181386886289,2.014818613113711
2024-12-22,SKU_11,WH_4,20,22.53,21.3141620114011,1.3141620114010983
2024-12-23,SKU_11,WH_4,21,24.87,21.961394237295217,0.9613942372952167
2024-12-24,SKU_11,WH_4,14,16.25,15.431927292142674,1.4319272921426744
2024-12-25,SKU_11,WH_4,14,15.1,14.40630676142513,0.4063067614251299
2024-12-26,SKU_11,WH_4,18,21.86,19.71915897934184,1.7191589793418416
2024-12-27,SKU_11,WH_4,14,16.04,15.272305159944302,1.2723051599443025
2024-12-28,SKU_11,WH_4,26,25.51,22.46670019809427,3.5332998019057307
2024-12-29,SKU_11,WH_4,17,14.42,13.70645261025684,3.2935473897431606
2024-12-30,SKU_11,WH_4,18,18.65,18.00843261920633,0.008432619206331537
2024-11-10,SKU_11,WH_5,20,18.34,16.25538682428817,3.74461317571183
2024-11-11,SKU_11,WH_5,15,14.34,13.373146783590864,1.6268532164091365
2024-11-12,SKU_11,WH_5,13,12.36,11.878049672149189,1.1219503278508114
2024-11-13,SKU_11,WH_5,17,20.75,18.167174761553234,1.167174761553234
2024-11-14,SKU_11,WH_5,12,18.28,16.114630969861185,4.114630969861185
2024-11-15,SKU_11,WH_5,20,19.26,18.22737520838844,1.772624791611559
2024-11-16,SKU_11,WH_5,6,6.73,7.588452673490022,1.5884526734900222
2024-11-17,SKU_11,WH_5,4,8.54,9.1003210131376,5.1003210131376004
2024-11-18,SKU_11,WH_5,8,8.92,9.399365065252562,1.399365065252562
2024-11-19,SKU_11,WH_5,13,12.84,12.154184795745413,0.8458152042545866
2024-11-20,SKU_11,WH_5,7,8.78,9.464928497405095,2.4649284974050953
2024-11-21,SKU_11,WH_5,17,16.6,14.970020116905525,2.029979883094475
2024-11-22,SKU_11,WH_5,7,8.05,8.68224131091927,1.6822413109192702
2024-11-23,SKU_11,WH_5,17,17.21,15.415341434357032,1.5846585656429681
2024-11-24,SKU_11,WH_5,15,16.06,14.704853890176157,0.29514610982384326
2024-11-25,SKU_11,WH_5,16,17.19,15.46553114120305,0.5344688587969504
2024-11-26,SKU_11,WH_5,11,9.25,9.795720414744098,1.204279585255902
2024-11-27,SKU_11,WH_5,14,16.18,14.766081643229416,0.7660816432294162
2024-11-28,SKU_11,WH_5,12,15.79,14.654022099994547,2.654022099994547
2024-11-29,SKU_11,WH_5,12,11.4,11.094566631009071,0.9054333689909289
2024-11-30,SKU_11,WH_5,23,25.32,23.368175494653563,0.36817549465356336
2024-12-01,SKU_11,WH_5,11,11.24,11.212535771697954,0.21253577169795435
2024-12-02,SKU_11,WH_5,13,10.69,10.975916597458626,2.0240834025413736
2024-12-03,SKU_11,WH_5,17,18.01,16.23270067365146,0.7672993263485388
2024-12-04,SKU_11,WH_5,16,16.76,15.393230666693437,0.6067693333065627
2024-12-05,SKU_11,WH_5,21,19.38,17.49424293304654,3.5057570669534606
2024-12-06,SKU_11,WH_5,20,23.16,20.34094065263184,0.3409406526318399
2024-12-07,SKU_11,WH_5,18,14.84,14.00378373280174,3.9962162671982604
2024-12-08,SKU_11,WH_5,14,16.63,15.487493793300485,1.4874937933004855
2024-12-09,SKU_11,WH_5,10,8.36,9.393795912915174,0.6062040870848264
2024-12-10,SKU_11,WH_5,22,22.58,19.907218079579827,2.0927819204201725
2024-12-11,SKU_11,WH_5,17,19.38,17.587254448245382,0.5872544482453819
2024-12-12,SKU_11,WH_5,12,11.6,11.544253323820495,0.4557466761795048
2024-12-13,SKU_11,WH_5,16,16.5,15.333778546532315,0.6662214534676849
2024-12-14,SKU_11,WH_5,18,14.89,14.844241830504519,3.1557581694954813
2024-12-15,SKU_11,WH_5,27,29.21,26.76985488155983,0.23014511844016994
2024-12-16,SKU_11,WH_5,11,10.1,10.54985128982011,0.45014871017989044
2024-12-17,SKU_11,WH_5,18,17.8,16.412370748309627,1.5876292516903732
2024-12-18,SKU_11,WH_5,14,13.62,13.843140578494546,0.1568594215054535
2024-12-19,SKU_11,WH_5,18,18.45,16.670458803238173,1.3295411967618271
2024-12-20,SKU_11,WH_5,17,23.11,20.376891848166803,3.376891848166803
2024-12-21,SKU_11,WH_5,21,25.48,22.176555650127078,1.176555650127078
2024-12-22,SKU_11,WH_5,18,17.51,16.164935027606884,1.8350649723931163
2024-12-23,SKU_11,WH_5,25,25.14,21.765541575671342,3.2344584243286576
2024-12-24,SKU_11,WH_5,22,21.31,19.098441809846804,2.901558190153196
2024-12-25,SKU_11,WH_5,14,21.13,19.06843949452769,5.068439494527691
2024-12-26,SKU_11,WH_5,12,14.18,13.771485151013794,1.7714851510137937
2024-12-27,SKU_11,WH_5,37,37.6,32.401445100650406,4.598554899349594
2024-12-28,SKU_11,WH_5,15,13.33,13.303184133393142,1.6968158666068582
2024-12-29,SKU_11,WH_5,11,11.84,12.149936688580171,1.149936688580171
2024-12-30,SKU_11,WH_5,22,16.92,16.695505438041426,5.304494561958574
2024-11-10,SKU_12,WH_1,16,8.68,9.31771868098903,6.68228131901097
2024-11-11,SKU_12,WH_1,14,11.89,12.187989673446676,1.8120103265533238
2024-11-12,SKU_12,WH_1,5,5.56,6.99562045656631,1.9956204565663098
2024-11-13,SKU_12,WH_1,13,12.09,11.813685279183893,1.1863147208161067
2024-11-14,SKU_12,WH_1,12,11.47,11.184691656887846,0.8153083431121537
2024-11-15,SKU_12,WH_1,13,15.58,14.52534713536319,1.5253471353631909
2024-11-16,SKU_12,WH_1,11,11.99,11.526147198016172,0.5261471980161723
2024-11-17,SKU_12,WH_1,15,13.33,13.336502993245091,1.663497006754909
2024-11-18,SKU_12,WH_1,23,24.36,20.785075916800782,2.214924083199218
2024-11-19,SKU_12,WH_1,6,5.99,7.007923753035271,1.0079237530352714
2024-11-20,SKU_12,WH_1,10,10.43,10.37409721103078,0.3740972110307794
2024-11-21,SKU_12,WH_1,32,30.71,27.563624707134448,4.436375292865552
2024-11-22,SKU_12,WH_1,13,9.5,10.056202231053975,2.943797768946025
2024-11-23,SKU_12,WH_1,12,10.48,10.638347632515137,1.3616523674848633
2024-11-24,SKU_12,WH_1,13,9.36,9.911033424497141,3.088966575502859
2024-11-25,SKU_12,WH_1,9,12.63,12.857429119447055,3.8574291194470547
2024-11-26,SKU_12,WH_1,6,6.82,7.583445667978294,1.5834456679782942
2024-11-27,SKU_12,WH_1,16,19.56,17.372082671973256,1.3720826719732564
2024-11-28,SKU_12,WH_1,9,11.5,11.229733101014167,2.229733101014167
2024-11-29,SKU_12,WH_1,20,23.98,20.529724708801353,0.5297247088013535
2024-11-30,SKU_12,WH_1,12,12.62,12.084952766879043,0.0849527668790433
2024-12-01,SKU_12,WH_1,19,20.06,18.06444618447736,0.9355538155226384
2024-12-02,SKU_12,WH_1,20,14.09,13.386214944804626,6.613785055195374
2024-12-03,SKU_12,WH_1,10,13.3,12.90909922097343,2.909099220973429
2024-12-04,SKU_12,WH_1,11,9.64,10.172665940241485,0.827334059758515
2024-12-05,SKU_12,WH_1,7,4.56,6.405118350542907,0.5948816494570934
2024-12-06,SKU_12,WH_1,20,24.34,21.112748233264856,1.1127482332648562
2024-12-07,SKU_12,WH_1,6,7.68,9.029869364148794,3.0298693641487944
2024-12-08,SKU_12,WH_1,20,19.6,17.753366773036255,2.246633226963745
2024-12-09,SKU_12,WH_1,11,13.92,14.080271250483255,3.0802712504832552
2024-12-10,SKU_12,WH_1,26,22.96,20.148728587386593,5.851271412613407
2024-12-11,SKU_12,WH_1,20,23.03,20.28539938473374,0.28539938473373994
2024-12-12,SKU_12,WH_1,30,31.22,26.255628267511245,3.744371732488755
2024-12-13,SKU_12,WH_1,20,20.29,18.427667886034545,1.5723321139654551
2024-12-14,SKU_12,WH_1,14,11.9,12.45954899059694,1.5404510094030606
2024-12-15,SKU_12,WH_1,19,20.4,18.65191889761769,0.3480811023823094
2024-12-16,SKU_12,WH_1,15,15.08,14.473126034005677,0.5268739659943229
2024-12-17,SKU_12,WH_1,15,17.53,16.395780386236588,1.3957803862365878
2024-12-18,SKU_12,WH_1,22,26.77,23.453730545157246,1.4537305451572458
2024-12-19,SKU_12,WH_1,24,24.98,21.92532280115967,2.0746771988403303
2024-12-20,SKU_12,WH_1,22,22.5,20.138571619519393,1.861428380480607
2024-12-21,SKU_12,WH_1,17,21.92,19.721537150636706,2.7215371506367063
2024-12-22,SKU_12,WH_1,21,16.45,15.523199823572151,5.476800176427849
2024-12-23,SKU_12,WH_1,17,16.57,15.751915078377195,1.2480849216228052
2024-12-24,SKU_12,WH_1,19,14.97,14.396010826110881,4.6039891738891185
2024-12-25,SKU_12,WH_1,18,18.49,17.076150431572596,0.9238495684274035
2024-12-26,SKU_12,WH_1,27,28.7,24.792156002473277,2.207843997526723
2024-12-27,SKU_12,WH_1,21,18.75,17.342053218402754,3.6579467815972464
2024-12-28,SKU_12,WH_1,37,37.13,32.635284906023536,4.364715093976464
2024-12-29,SKU_12,WH_1,15,16.6,15.99201071878574,0.9920107187857408
2024-12-30,SKU_12,WH_1,30,28.49,25.936415859214602,4.063584140785398
2024-11-10,SKU_12,WH_2,11,15.71,14.65465470076167,3.65465470076167
2024-11-11,SKU_12,WH_2,15,8.71,9.708177045400285,5.291822954599715
2024-11-12,SKU_12,WH_2,13,10.67,10.856878972403903,2.143121027596097
2024-11-13,SKU_12,WH_2,18,19.98,17.61312624911903,0.3868737508809694
2024-11-14,SKU_12,WH_2,13,12.2,12.551452054269426,0.4485479457305743
2024-11-15,SKU_12,WH_2,14,17.6,15.880061970488713,1.880061970488713
2024-11-16,SKU_12,WH_2,19,23.0,21.367911842029155,2.367911842029155
2024-11-17,SKU_12,WH_2,14,12.25,12.639018848932162,1.360981151067838
2024-11-18,SKU_12,WH_2,16,13.01,12.334849119322225,3.665150880677775
2024-11-19,SKU_12,WH_2,11,11.42,11.337809012701825,0.3378090127018254
2024-11-20,SKU_12,WH_2,13,12.28,11.918216663813462,1.0817833361865379
2024-11-21,SKU_12,WH_2,16,14.36,13.415378952245508,2.584621047754492
2024-11-22,SKU_12,WH_2,11,8.74,9.438000586922238,1.5619994130777624
2024-11-23,SKU_12,WH_2,7,6.19,7.293069075474458,0.2930690754744578
2024-11-24,SKU_12,WH_2,16,13.09,12.49758502672614,3.5024149732738596
2024-11-25,SKU_12,WH_2,12,16.19,14.831731323270315,2.831731323270315
2024-11-26,SKU_12,WH_2,2,1.86,3.9552707772688565,1.9552707772688565
2024-11-27,SKU_12,WH_2,20,23.57,20.2469717025065,0.24697170250649947
2024-11-28,SKU_12,WH_2,22,20.41,19.215855821965437,2.7841441780345626
2024-11-29,SKU_12,WH_2,13,14.8,13.684797373077659,0.6847973730776591
2024-11-30,SKU_12,WH_2,25,20.48,18.002725811429375,6.997274188570625
2024-12-01,SKU_12,WH_2,16,10.76,11.165265484496908,4.834734515503092
2024-12-02,SKU_12,WH_2,17,17.6,16.17868818603414,0.8213118139658597
2024-12-03,SKU_12,WH_2,18,15.77,15.83883270018432,2.1611672998156806
2024-12-04,SKU_12,WH_2,9,9.43,10.208010587438874,1.2080105874388742
2024-12-05,SKU_12,WH_2,17,18.61,16.94736927161291,0.05263072838708993
2024-12-06,SKU_12,WH_2,13,11.48,11.52830941368846,1.4716905863115404
2024-12-07,SKU_12,WH_2,9,0.57,3.0629804859893497,5.93701951401065
2024-12-08,SKU_12,WH_2,10,6.11,7.4349755606409955,2.5650244393590045
2024-12-09,SKU_12,WH_2,16,13.98,13.45202116729245,2.5479788327075497
2024-12-10,SKU_12,WH_2,19,22.95,20.2530238057401,1.2530238057400993
2024-12-11,SKU_12,WH_2,12,9.43,10.111631302035969,1.8883686979640313
2024-12-12,SKU_12,WH_2,19,18.04,16.404772592682693,2.5952274073173065
2024-12-13,SKU_12,WH_2,21,21.5,19.145907597911222,1.854092402088778
2024-12-14,SKU_12,WH_2,15,15.77,15.053681980515663,0.05368198051566253
2024-12-15,SKU_12,WH_2,16,21.76,19.600832587105767,3.600832587105767
2024-12-16,SKU_12,WH_2,22,23.76,20.87384042528666,1.1261595747133413
2024-12-17,SKU_12,WH_2,22,16.81,15.556439950534314,6.443560049465686
2024-12-18,SKU_12,WH_2,24,17.72,16.21060039223623,7.7893996077637695
2024-12-19,SKU_12,WH_2,23,27.57,25.455840554022338,2.4558405540223376
2024-12-20,SKU_12,WH_2,14,15.38,14.757435901446078,0.7574359014460779
2024-12-21,SKU_12,WH_2,27,29.26,25.07794512003883,1.9220548799611699
2024-12-22,SKU_12,WH_2,18,16.03,15.539073111218833,2.4609268887811666
2024-12-23,SKU_12,WH_2,14,8.57,9.95167230627894,4.04832769372106
2024-12-24,SKU_12,WH_2,23,24.81,21.863451245300276,1.1365487546997244
2024-12-25,SKU_12,WH_2,29,32.08,29.342381005000835,0.3423810050008349
2024-12-26,SKU_12,WH_2,28,29.87,25.837512380566093,2.1624876194339073
2024-12-27,SKU_12,WH_2,21,21.89,19.992951297286716,1.0070487027132842
2024-12-28,SKU_12,WH_2,19,16.75,16.056908489272626,2.943091510727374
2024-12-29,SKU_12,WH_2,19,21.81,19.99018333749028,0.9901833374902793
2024-12-30,SKU_12,WH_2,19,23.86,22.500310771155146,3.5003107711551458
2024-11-10,SKU_12,WH_3,10,7.86,8.681208873632185,1.318791126367815
2024-11-11,SKU_12,WH_3,7,7.52,8.376280652790363,1.3762806527903635
2024-11-12,SKU_12,WH_3,18,22.97,19.799361030998792,1.7993610309987922
2024-11-13,SKU_12,WH_3,12,15.19,14.113948812508376,2.113948812508376
2024-11-14,SKU_12,WH_3,9,10.11,10.280453514065515,1.280453514065515
2024-11-15,SKU_12,WH_3,14,17.98,16.058852047940135,2.0588520479401353
2024-11-16,SKU_12,WH_3,14,16.82,15.243413649433212,1.2434136494332115
2024-11-17,SKU_12,WH_3,13,11.59,11.243471797368779,1.7565282026312214
2024-11-18,SKU_12,WH_3,3,7.43,8.303316933005776,5.303316933005776
2024-11-19,SKU_12,WH_3,20,19.95,17.53637906452609,2.4636209354739087
2024-11-20,SKU_12,WH_3,20,21.5,18.72281520988225,1.2771847901177509
2024-11-21,SKU_12,WH_3,20,18.59,16.45543917993004,3.544560820069961
2024-11-22,SKU_12,WH_3,16,14.59,13.431762882170588,2.568237117829412
2024-11-23,SKU_12,WH_3,22,20.16,19.13623127780737,2.8637687221926313
2024-11-24,SKU_12,WH_3,28,24.31,22.69271232885214,5.307287671147861
2024-11-25,SKU_12,WH_3,6,4.47,6.402509181723582,0.4025091817235822
2024-11-26,SKU_12,WH_3,18,21.09,18.55014425486229,0.550144254862289
2024-11-27,SKU_12,WH_3,13,13.18,12.601557833041797,0.398442166958203
2024-11-28,SKU_12,WH_3,11,14.24,13.326654490143255,2.3266544901432553
2024-11-29,SKU_12,WH_3,14,14.09,13.251855470397798,0.748144529602202
2024-11-30,SKU_12,WH_3,17,11.55,11.290570408118953,5.709429591881047
2024-12-01,SKU_12,WH_3,16,15.08,14.355565544878175,1.644434455121825
2024-12-02,SKU_12,WH_3,15,13.31,12.899267107012035,2.100732892987965
2024-12-03,SKU_12,WH_3,21,17.86,16.478748299591306,4.521251700408694
2024-12-04,SKU_12,WH_3,19,17.0,15.710402323571007,3.2895976764289934
2024-12-05,SKU_12,WH_3,12,11.07,11.37588110941421,0.6241188905857893
2024-12-06,SKU_12,WH_3,14,10.46,10.85554300102825,3.1444569989717497
2024-12-07,SKU_12,WH_3,10,12.64,12.60339453420384,2.60339453420384
2024-12-08,SKU_12,WH_3,23,27.13,23.5127626685164,0.5127626685164017
2024-12-09,SKU_12,WH_3,17,17.48,16.176539562510087,0.8234604374899135
2024-12-10,SKU_12,WH_3,17,21.52,19.230943509768796,2.230943509768796
2024-12-11,SKU_12,WH_3,13,17.67,16.30622489937169,3.3062248993716885
2024-12-12,SKU_12,WH_3,23,24.13,21.332898955213622,1.6671010447863779
2024-12-13,SKU_12,WH_3,19,16.8,15.695041584366553,3.304958415633447
2024-12-14,SKU_12,WH_3,18,16.14,15.356890135669754,2.6431098643302455
2024-12-15,SKU_12,WH_3,15,18.55,17.010182568122232,2.0101825681222323
2024-12-16,SKU_12,WH_3,22,23.94,21.182442683600723,0.8175573163992773
2024-12-17,SKU_12,WH_3,14,11.31,11.539745118786719,2.460254881213281
2024-12-18,SKU_12,WH_3,15,12.34,12.31106187245139,2.68893812754861
2024-12-19,SKU_12,WH_3,31,33.49,28.29636808135664,2.70363191864336
2024-12-20,SKU_12,WH_3,14,8.45,9.65360142477268,4.346398575227321
2024-12-21,SKU_12,WH_3,25,23.23,20.780094480675398,4.219905519324602
2024-12-22,SKU_12,WH_3,19,18.4,16.993166980893115,2.0068330191068853
2024-12-23,SKU_12,WH_3,14,14.96,14.377330935289017,0.3773309352890166
2024-12-24,SKU_12,WH_3,15,15.91,15.268613567058285,0.268613567058285
2024-12-25,SKU_12,WH_3,26,22.42,20.124685254757797,5.875314745242203
2024-12-26,SKU_12,WH_3,9,8.63,9.910202437361203,0.9102024373612032
2024-12-27,SKU_12,WH_3,30,34.43,28.64850376226731,1.3514962377326896
2024-12-28,SKU_12,WH_3,21,19.47,18.092888385455655,2.9071116145443447
2024-12-29,SKU_12,WH_3,22,24.54,21.695557342851117,0.30444265714888274
2024-12-30,SKU_12,WH_3,26,23.89,22.312534406756058,3.6874655932439424
2024-11-10,SKU_12,WH_4,12,6.38,7.431230323303275,4.568769676696725
2024-11-11,SKU_12,WH_4,18,11.64,11.246162070973435,6.753837929026565
2024-11-12,SKU_12,WH_4,6,4.98,6.588391051859983,0.5883910518599826
2024-11-13,SKU_12,WH_4,18,17.29,15.58766858668041,2.41233141331959
2024-11-14,SKU_12,WH_4,10,11.35,11.132033191369537,1.132033191369537
2024-11-15,SKU_12,WH_4,16,8.16,8.909855398347627,7.090144601652373
2024-11-16,SKU_12,WH_4,19,22.35,19.58763277512616,0.5876327751261599
2024-11-17,SKU_12,WH_4,14,14.71,13.482520276552671,0.5174797234473285
2024-11-18,SKU_12,WH_4,15,16.85,15.209742122619854,0.20974212261985414
2024-11-19,SKU_12,WH_4,22,19.81,17.41786509423778,4.582134905762221
2024-11-20,SKU_12,WH_4,12,13.61,12.894987699112535,0.8949876991125354
2024-11-21,SKU_12,WH_4,16,14.33,13.454215289247145,2.545784710752855
2024-11-22,SKU_12,WH_4,5,9.1,9.962976931838927,4.962976931838927
2024-11-23,SKU_12,WH_4,21,25.23,21.700986742150647,0.700986742150647
2024-11-24,SKU_12,WH_4,25,25.36,21.889996893899795,3.110003106100205
2024-11-25,SKU_12,WH_4,17,18.75,16.68839906009652,0.3116009399034816
2024-11-26,SKU_12,WH_4,14,14.04,13.372238336256244,0.6277616637437564
2024-11-27,SKU_12,WH_4,10,10.59,10.843443306781111,0.8434433067811113
2024-11-28,SKU_12,WH_4,20,17.76,16.156565963691925,3.843434036308075
2024-11-29,SKU_12,WH_4,20,20.7,18.177791705636217,1.822208294363783
2024-11-30,SKU_12,WH_4,21,20.36,18.0973585231285,2.9026414768715014
2024-12-01,SKU_12,WH_4,20,16.59,15.599449941103492,4.400550058896508
2024-12-02,SKU_12,WH_4,29,31.27,26.678853824438825,2.321146175561175
2024-12-03,SKU_12,WH_4,8,6.97,8.25195044847545,0.25195044847544956
2024-12-04,SKU_12,WH_4,13,19.63,18.02752403905003,5.027524039050029
2024-12-05,SKU_12,WH_4,14,16.83,15.70786744904886,1.7078674490488606
2024-12-06,SKU_12,WH_4,18,18.9,17.232375289416872,0.767624710583128
2024-12-07,SKU_12,WH_4,24,20.18,18.400787414693518,5.599212585306482
2024-12-08,SKU_12,WH_4,19,23.91,21.22112542388745,2.2211254238874503
2024-12-09,SKU_12,WH_4,31,28.25,26.256712494987607,4.743287505012393
2024-12-10,SKU_12,WH_4,15,16.4,15.527918833105897,0.5279188331058968
2024-12-11,SKU_12,WH_4,15,13.28,13.135477327630385,1.864522672369615
2024-12-12,SKU_12,WH_4,36,32.54,29.980140475198343,6.019859524801657
2024-12-13,SKU_12,WH_4,8,4.16,7.023650577648359,0.9763494223516407
2024-12-14,SKU_12,WH_4,12,11.63,12.004291793508184,0.004291793508183872
2024-12-15,SKU_12,WH_4,16,12.54,12.593541286627943,3.406458713372057
2024-12-16,SKU_12,WH_4,17,18.81,17.0937400606876,0.0937400606876011
2024-12-17,SKU_12,WH_4,16,20.02,18.23139204294158,2.231392042941579
2024-12-18,SKU_12,WH_4,22,26.87,23.589238631453043,1.5892386314530427
2024-12-19,SKU_12,WH_4,15,15.38,15.51723819404583,0.5172381940458308
2024-12-20,SKU_12,WH_4,19,16.82,15.621611515981646,3.3783884840183536
2024-12-21,SKU_12,WH_4,20,12.51,12.473267048840516,7.5267329511594845
2024-12-22,SKU_12,WH_4,16,13.02,12.765886400337235,3.2341135996627646
2024-12-23,SKU_12,WH_4,24,22.35,20.147656784489303,3.8523432155106967
2024-12-24,SKU_12,WH_4,10,10.39,10.992497014540708,0.9924970145407084
2024-12-25,SKU_12,WH_4,18,18.1,16.579658888823605,1.4203411111763948
2024-12-26,SKU_12,WH_4,35,28.09,26.09119962306223,8.90880037693777
2024-12-27,SKU_12,WH_4,24,29.66,25.659064916438748,1.6590649164387479
2024-12-28,SKU_12,WH_4,22,21.92,21.038684812937497,0.9613151870625032
2024-12-29,SKU_12,WH_4,19,18.43,17.27661792623387,1.7233820737661283
2024-12-30,SKU_12,WH_4,22,22.83,21.7162942209174,0.28370577908259875
2024-11-10,SKU_12,WH_5,15,15.18,14.179401402913927,0.8205985970860734
2024-11-11,SKU_12,WH_5,6,8.92,9.539281006958975,3.5392810069589746
2024-11-12,SKU_12,WH_5,20,16.58,15.068294140363564,4.931705859636436
2024-11-13,SKU_12,WH_5,13,13.56,12.832379776084924,0.16762022391507614
2024-11-14,SKU_12,WH_5,13,13.66,12.79194226783661,0.20805773216338963
2024-11-15,SKU_12,WH_5,11,6.77,7.585327243849728,3.4146727561502717
2024-11-16,SKU_12,WH_5,9,9.27,9.843371878055452,0.8433718780554518
2024-11-17,SKU_12,WH_5,18,17.79,15.922356171024223,2.077643828975777
2024-11-18,SKU_12,WH_5,12,17.12,15.41502979343578,3.41502979343578
2024-11-19,SKU_12,WH_5,17,20.07,17.7121727526003,0.7121727526002992
2024-11-20,SKU_12,WH_5,20,19.27,16.944638404473732,3.055361595526268
2024-11-21,SKU_12,WH_5,27,26.16,24.057950919685272,2.942049080314728
2024-11-22,SKU_12,WH_5,19,19.96,17.667622018547956,1.3323779814520442
2024-11-23,SKU_12,WH_5,10,10.67,10.90328042393294,0.9032804239329408
2024-11-24,SKU_12,WH_5,15,16.1,14.97930249182634,0.020697508173659784
2024-11-25,SKU_12,WH_5,21,20.1,18.001226692114205,2.998773307885795
2024-11-26,SKU_12,WH_5,12,10.09,10.313982809895903,1.6860171901040975
2024-11-27,SKU_12,WH_5,14,13.06,12.611361264633416,1.3886387353665839
2024-11-28,SKU_12,WH_5,13,11.01,11.1188438589725,1.8811561410274997
2024-11-29,SKU_12,WH_5,13,18.65,16.68103511513814,3.6810351151381404
2024-11-30,SKU_12,WH_5,13,12.57,12.11487861466841,0.8851213853315905
2024-12-01,SKU_12,WH_5,12,9.87,10.448187787096904,1.551812212903096
2024-12-02,SKU_12,WH_5,7,5.38,7.344727184206964,0.34472718420696413
2024-12-03,SKU_12,WH_5,16,15.19,15.276270957936338,0.7237290420636615
2024-12-04,SKU_12,WH_5,21,27.18,23.312081357978222,2.3120813579782222
2024-12-05,SKU_12,WH_5,9,9.29,10.429832144573806,1.4298321445738065
2024-12-06,SKU_12,WH_5,25,27.0,23.170697172727706,1.8293028272722935
2024-12-07,SKU_12,WH_5,11,6.74,8.169549013362209,2.830450986637791
2024-12-08,SKU_12,WH_5,20,14.46,13.744042477113677,6.255957522886323
2024-12-09,SKU_12,WH_5,20,17.11,16.758344310789376,3.2416556892106243
2024-12-10,SKU_12,WH_5,12,7.8,8.996758584433772,3.0032414155662277
2024-12-11,SKU_12,WH_5,20,17.96,16.50484484204283,3.4951551579571714
2024-12-12,SKU_12,WH_5,11,14.31,13.77841020540123,2.7784102054012294
2024-12-13,SKU_12,WH_5,9,15.86,15.161916823494586,6.161916823494586
2024-12-14,SKU_12,WH_5,11,13.26,12.971666066301244,1.9716660663012444
2024-12-15,SKU_12,WH_5,16,15.45,14.710561649747191,1.2894383502528086
2024-12-16,SKU_12,WH_5,36,40.63,32.806391743394556,3.193608256605444
2024-12-17,SKU_12,WH_5,20,20.13,18.296049869531565,1.703950130468435
2024-12-18,SKU_12,WH_5,17,14.45,13.741203766058184,3.2587962339418155
2024-12-19,SKU_12,WH_5,19,23.83,21.031348873540047,2.031348873540047
2024-12-20,SKU_12,WH_5,19,20.21,19.395103634678858,0.3951036346788577
2024-12-21,SKU_12,WH_5,20,16.15,15.412192406074082,4.587807593925918
2024-12-22,SKU_12,WH_5,29,30.05,25.826814413690478,3.173185586309522
2024-12-23,SKU_12,WH_5,18,22.08,20.050180987736855,2.050180987736855
2024-12-24,SKU_12,WH_5,22,20.24,18.492602040180934,3.507397959819066
2024-12-25,SKU_12,WH_5,27,30.97,26.487853017355093,0.5121469826449072
2024-12-26,SKU_12,WH_5,29,26.48,23.508049159592762,5.491950840407238
2024-12-27,SKU_12,WH_5,16,12.46,12.882949400282559,3.117050599717441
2024-12-28,SKU_12,WH_5,15,15.06,14.904397224568841,0.0956027754311588
2024-12-29,SKU_12,WH_5,22,21.12,19.430621548348068,2.5693784516519322
2024-12-30,SKU_12,WH_5,18,11.09,12.646478658522001,5.3535213414779985
2024-11-10,SKU_13,WH_1,11,12.27,11.95047262060731,0.9504726206073109
2024-11-11,SKU_13,WH_1,9,6.8,7.742346236346119,1.257653763653881
2024-11-12,SKU_13,WH_1,17,13.81,12.942221802912952,4.057778197087048
2024-11-13,SKU_13,WH_1,14,11.94,11.54978974795867,2.4502102520413302
2024-11-14,SKU_13,WH_1,9,5.56,7.012295760752379,1.9877042392476207
2024-11-15,SKU_13,WH_1,1,0.0,2.6241704261967485,1.6241704261967485
2024-11-16,SKU_13,WH_1,20,20.82,18.224350330326168,1.7756496696738324
2024-11-17,SKU_13,WH_1,7,4.46,6.132387969714061,0.8676120302859394
2024-11-18,SKU_13,WH_1,12,8.72,9.253114836500755,2.746885163499245
2024-11-19,SKU_13,WH_1,16,14.92,13.786722772158388,2.213277227841612
2024-11-20,SKU_13,WH_1,16,23.45,20.349836564520146,4.349836564520146
2024-11-21,SKU_13,WH_1,17,13.71,12.881026677159975,4.118973322840025
2024-11-22,SKU_13,WH_1,18,17.13,15.39917997573057,2.6008200242694297
2024-11-23,SKU_13,WH_1,10,11.45,11.216434322933292,1.2164343229332921
2024-11-24,SKU_13,WH_1,10,7.81,8.562454035390601,1.4375459646093987
2024-11-25,SKU_13,WH_1,5,1.86,3.894110348835815,1.1058896511641851
2024-11-26,SKU_13,WH_1,16,20.05,17.777015278399592,1.7770152783995918
2024-11-27,SKU_13,WH_1,16,22.63,19.545385400440047,3.545385400440047
2024-11-28,SKU_13,WH_1,10,9.44,9.780528962536158,0.21947103746384222
2024-11-29,SKU_13,WH_1,16,12.74,12.136786806648502,3.8632131933514984
2024-11-30,SKU_13,WH_1,19,20.86,18.20707618206679,0.792923817933211
2024-12-01,SKU_13,WH_1,14,14.93,13.989516830062577,0.010483169937423042
2024-12-02,SKU_13,WH_1,15,13.25,12.77548741653353,2.2245125834664705
2024-12-03,SKU_13,WH_1,12,13.06,12.79141831818964,0.7914183181896401
2024-12-04,SKU_13,WH_1,11,9.67,10.139589254078075,0.860410745921925
2024-12-05,SKU_13,WH_1,10,11.93,11.794030432206903,1.7940304322069025
2024-12-06,SKU_13,WH_1,32,29.97,27.372274734148665,4.6277252658513355
2024-12-07,SKU_13,WH_1,22,28.16,24.171724689168105,2.171724689168105
2024-12-08,SKU_13,WH_1,22,21.67,19.36191901097842,2.6380809890215815
2024-12-09,SKU_13,WH_1,21,25.1,21.803237836473752,0.8032378364737518
2024-12-10,SKU_13,WH_1,16,17.32,16.0148806825607,0.014880682560701075
2024-12-11,SKU_13,WH_1,3,0.82,3.7885499832026537,0.7885499832026537
2024-12-12,SKU_13,WH_1,19,27.21,23.42080901507214,4.420809015072141
2024-12-13,SKU_13,WH_1,21,19.62,18.00202330454666,2.997976695453339
2024-12-14,SKU_13,WH_1,20,20.94,18.780331155371634,1.219668844628366
2024-12-15,SKU_13,WH_1,26,26.14,22.804004348268315,3.1959956517316854
2024-12-16,SKU_13,WH_1,18,16.48,16.285897860838293,1.7141021391617066
2024-12-17,SKU_13,WH_1,17,12.08,11.983021197993065,5.0169788020069355
2024-12-18,SKU_13,WH_1,15,14.34,13.73755277381546,1.2624472261845394
2024-12-19,SKU_13,WH_1,12,13.71,13.446198756698871,1.4461987566988714
2024-12-20,SKU_13,WH_1,21,17.52,16.25181525600837,4.748184743991629
2024-12-21,SKU_13,WH_1,11,13.56,13.24989605162556,2.2498960516255604
2024-12-22,SKU_13,WH_1,13,13.04,12.905452935932681,0.09454706406731894
2024-12-23,SKU_13,WH_1,21,21.51,19.184592792939085,1.8154072070609146
2024-12-24,SKU_13,WH_1,15,12.17,12.185329536061868,2.814670463938132
2024-12-25,SKU_13,WH_1,12,8.18,9.353370029543942,2.6466299704560576
2024-12-26,SKU_13,WH_1,29,27.69,24.12766650921969,4.87233349078031
2024-12-27,SKU_13,WH_1,19,19.29,17.596409155989157,1.4035908440108429
2024-12-28,SKU_13,WH_1,28,28.52,24.679446055933468,3.320553944066532
2024-12-29,SKU_13,WH_1,11,10.39,11.059650445151561,0.05965044515156137
2024-12-30,SKU_13,WH_1,25,28.44,25.680799470944983,0.6807994709449829
2024-11-10,SKU_13,WH_2,12,13.37,12.64440884834124,0.6444088483412393
2024-11-11,SKU_13,WH_2,7,10.53,10.745158386324492,3.7451583863244924
2024-11-12,SKU_13,WH_2,10,8.27,8.987862524633263,1.0121374753667371
2024-11-13,SKU_13,WH_2,14,14.34,13.328728858480007,0.671271141519993
2024-11-14,SKU_13,WH_2,11,12.37,11.892624659263086,0.8926246592630864
2024-11-15,SKU_13,WH_2,1,2.84,4.863162795626079,3.863162795626079
2024-11-16,SKU_13,WH_2,9,7.31,8.216072418856992,0.7839275811430078
2024-11-17,SKU_13,WH_2,11,17.05,15.433447371488056,4.433447371488056
2024-11-18,SKU_13,WH_2,6,4.74,6.143389499404243,0.14338949940424328
2024-11-19,SKU_13,WH_2,19,18.38,16.128059229714108,2.8719407702858923
2024-11-20,SKU_13,WH_2,14,18.48,16.289739222798122,2.289739222798122
2024-11-21,SKU_13,WH_2,16,20.79,19.380127774955216,3.3801277749552163
2024-11-22,SKU_13,WH_2,17,19.42,17.117043120324098,0.11704312032409803
2024-11-23,SKU_13,WH_2,22,23.66,20.335560212606037,1.6644397873939631
2024-11-24,SKU_13,WH_2,6,13.68,12.879750640332224,6.879750640332224
2024-11-25,SKU_13,WH_2,10,10.05,10.137219649362256,0.1372196493622564
2024-11-26,SKU_13,WH_2,13,15.76,14.633025157789794,1.6330251577897936
2024-11-27,SKU_13,WH_2,5,6.09,6.985257072835361,1.9852570728353607
2024-11-28,SKU_13,WH_2,19,15.05,13.865011416364377,5.134988583635623
2024-11-29,SKU_13,WH_2,23,25.19,21.352826167580247,1.6471738324197531
2024-11-30,SKU_13,WH_2,13,16.02,14.767671969683459,1.7676719696834589
2024-12-01,SKU_13,WH_2,13,13.64,12.96202157422489,0.037978425775110125
2024-12-02,SKU_13,WH_2,11,12.61,12.337311295626987,1.3373112956269875
2024-12-03,SKU_13,WH_2,14,13.24,12.830821000739654,1.169178999260346
2024-12-04,SKU_13,WH_2,21,22.93,20.046335945931713,0.9536640540682875
2024-12-05,SKU_13,WH_2,20,22.07,19.601109172851743,0.3988908271482572
2024-12-06,SKU_13,WH_2,19,15.1,14.194366633726569,4.805633366273431
2024-12-07,SKU_13,WH_2,12,17.27,15.82755432927232,3.8275543292723206
2024-12-08,SKU_13,WH_2,16,17.69,16.14894684889754,0.14894684889754117
2024-12-09,SKU_13,WH_2,16,13.35,12.944195054520305,3.0558049454796947
2024-12-10,SKU_13,WH_2,20,21.39,18.9957451819522,1.0042548180478015
2024-12-11,SKU_13,WH_2,6,4.23,6.1356462140453045,0.13564621404530453
2024-12-12,SKU_13,WH_2,27,30.63,25.865558954610897,1.134441045389103
2024-12-13,SKU_13,WH_2,19,19.0,17.08556246730054,1.9144375326994592
2024-12-14,SKU_13,WH_2,14,15.3,14.47285233004976,0.4728523300497596
2024-12-15,SKU_13,WH_2,17,15.14,14.449012900633539,2.550987099366461
2024-12-16,SKU_13,WH_2,22,14.86,14.134121703122705,7.865878296877295
2024-12-17,SKU_13,WH_2,21,21.53,19.215572249689618,1.7844277503103818
2024-12-18,SKU_13,WH_2,22,21.83,19.638203403181162,2.361796596818838
2024-12-19,SKU_13,WH_2,17,14.14,13.667464976516355,3.3325350234836453
2024-12-20,SKU_13,WH_2,24,28.15,24.27497557418937,0.27497557418936935
2024-12-21,SKU_13,WH_2,24,24.23,21.613820541900747,2.386179458099253
2024-12-22,SKU_13,WH_2,16,17.88,16.66018321740217,0.6601832174021709
2024-12-23,SKU_13,WH_2,21,22.57,20.271546435463105,0.7284535645368955
2024-12-24,SKU_13,WH_2,17,15.03,14.622925212564311,2.3770747874356886
2024-12-25,SKU_13,WH_2,25,26.15,23.159817359769853,1.8401826402301467
2024-12-26,SKU_13,WH_2,25,29.74,25.62947527652813,0.6294752765281295
2024-12-27,SKU_13,WH_2,13,9.43,10.6580088946195,2.341991105380499
2024-12-28,SKU_13,WH_2,16,16.19,15.558544245276405,0.4414557547235951
2024-12-29,SKU_13,WH_2,18,16.23,15.45502250492773,2.5449774950722706
2024-12-30,SKU_13,WH_2,14,9.79,11.62045090855281,2.37954909144719
2024-11-10,SKU_13,WH_3,8,10.66,10.81761901806621,2.8176190180662104
2024-11-11,SKU_13,WH_3,11,10.03,10.292914965830711,0.7070850341692889
2024-11-12,SKU_13,WH_3,13,11.59,11.295361450121703,1.7046385498782968
2024-11-13,SKU_13,WH_3,9,2.89,4.9939462442453255,4.0060537557546745
2024-11-14,SKU_13,WH_3,10,16.15,14.935649140780235,4.935649140780235
2024-11-15,SKU_13,WH_3,10,4.76,6.240767367877819,3.759232632122181
2024-11-16,SKU_13,WH_3,11,11.44,11.258414282105594,0.25841428210559414
2024-11-17,SKU_13,WH_3,5,4.23,5.891957054065183,0.8919570540651831
2024-11-18,SKU_13,WH_3,11,11.01,10.9769305395381,0.023069460461899283
2024-11-19,SKU_13,WH_3,5,1.13,3.3450576577690074,1.6549423422309926
2024-11-20,SKU_13,WH_3,8,12.74,12.16723886650324,4.16723886650324
2024-11-21,SKU_13,WH_3,3,0.0,2.3849351289839142,0.6150648710160858
2024-11-22,SKU_13,WH_3,12,8.48,9.067300449820548,2.9326995501794517
2024-11-23,SKU_13,WH_3,16,18.86,16.577926339558054,0.5779263395580543
2024-11-24,SKU_13,WH_3,13,5.84,7.050479198989197,5.949520801010803
2024-11-25,SKU_13,WH_3,13,9.53,9.899046802965465,3.100953197034535
2024-11-26,SKU_13,WH_3,21,17.94,16.01290684246811,4.987093157531891
2024-11-27,SKU_13,WH_3,7,7.7,8.53879925644872,1.5387992564487192
2024-11-28,SKU_13,WH_3,6,7.5,8.333086805044541,2.333086805044541
2024-11-29,SKU_13,WH_3,10,8.15,8.93558876096353,1.0644112390364704
2024-11-30,SKU_13,WH_3,12,12.61,12.230955603981153,0.2309556039811529
2024-12-01,SKU_13,WH_3,4,0.46,2.7633747256627283,1.2366252743372717
2024-12-02,SKU_13,WH_3,16,16.66,15.454826442925766,0.545173557074234
2024-12-03,SKU_13,WH_3,15,16.12,15.035658710651921,0.035658710651921055
2024-12-04,SKU_13,WH_3,21,20.78,18.322678280482865,2.677321719517135
2024-12-05,SKU_13,WH_3,17,16.08,15.030180720788495,1.9698192792115048
2024-12-06,SKU_13,WH_3,20,17.22,15.716730146403636,4.283269853596364
2024-12-07,SKU_13,WH_3,16,14.55,13.580491201927511,2.4195087980724885
2024-12-08,SKU_13,WH_3,11,12.52,12.209154084558087,1.2091540845580866
2024-12-09,SKU_13,WH_3,18,16.53,15.291307296803469,2.7086927031965313
2024-12-10,SKU_13,WH_3,20,16.96,15.54412559657582,4.455874403424181
2024-12-11,SKU_13,WH_3,8,5.92,7.344679372185457,0.6553206278145431
2024-12-12,SKU_13,WH_3,9,11.19,11.167870771976368,2.167870771976368
2024-12-13,SKU_13,WH_3,11,10.77,10.99812629924002,0.001873700759979613
2024-12-14,SKU_13,WH_3,25,27.81,23.745277972938666,1.2547220270613337
2024-12-15,SKU_13,WH_3,10,14.1,13.39882218717071,3.39882218717071
2024-12-16,SKU_13,WH_3,19,17.89,16.318967039540237,2.6810329604597634
2024-12-17,SKU_13,WH_3,19,22.9,20.24849529902329,1.2484952990232898
2024-12-18,SKU_13,WH_3,18,17.0,15.554759781031064,2.4452402189689355
2024-12-19,SKU_13,WH_3,20,23.82,20.86542084852502,0.8654208485250194
2024-12-20,SKU_13,WH_3,19,18.91,17.096315987908675,1.9036840120913254
2024-12-21,SKU_13,WH_3,17,16.58,15.442317348855171,1.5576826511448285
2024-12-22,SKU_13,WH_3,14,11.04,11.323622014459204,2.676377985540796
2024-12-23,SKU_13,WH_3,21,23.25,20.61420736998386,0.38579263001614095
2024-12-24,SKU_13,WH_3,15,15.35,14.545907079901218,0.4540929200987822
2024-12-25,SKU_13,WH_3,23,20.14,18.22108014208105,4.77891985791895
2024-12-26,SKU_13,WH_3,22,20.94,18.72128306235364,3.2787169376463616
2024-12-27,SKU_13,WH_3,23,22.94,20.29098483324186,2.709015166758139
2024-12-28,SKU_13,WH_3,13,11.51,11.734652425853108,1.265347574146892
2024-12-29,SKU_13,WH_3,17,16.35,15.359706071857614,1.6402939281423858
2024-12-30,SKU_13,WH_3,12,14.2,14.568792446231118,2.568792446231118
2024-11-10,SKU_13,WH_4,10,7.83,8.481695077955443,1.5183049220445568
2024-11-11,SKU_13,WH_4,16,19.21,17.012848199916444,1.0128481999164443
2024-11-12,SKU_13,WH_4,7,8.67,9.210126097855808,2.2101260978558077
2024-11-13,SKU_13,WH_4,2,2.67,4.782464945519225,2.7824649455192247
2024-11-14,SKU_13,WH_4,13,6.35,6.981560501804341,6.018439498195659
2024-11-15,SKU_13,WH_4,13,13.9,13.077730400952328,0.07773040095232808
2024-11-16,SKU_13,WH_4,11,13.02,12.197324245052215,1.197324245052215
2024-11-17,SKU_13,WH_4,3,2.82,4.738823297571139,1.7388232975711393
2024-11-18,SKU_13,WH_4,19,15.72,14.561726923854676,4.4382730761453235
2024-11-19,SKU_13,WH_4,16,13.6,12.714654860124908,3.2853451398750924
2024-11-20,SKU_13,WH_4,25,20.95,18.195446252298492,6.804553747701508
2024-11-21,SKU_13,WH_4,12,8.6,9.071123436966722,2.9288765630332776
2024-11-22,SKU_13,WH_4,9,12.08,11.505036093962556,2.5050360939625556
2024-11-23,SKU_13,WH_4,17,14.32,13.270290582466632,3.7297094175333676
2024-11-24,SKU_13,WH_4,20,20.32,17.899475165678158,2.100524834321842
2024-11-25,SKU_13,WH_4,29,27.98,25.66140840307236,3.338591596927639
2024-11-26,SKU_13,WH_4,17,17.58,15.881385335781715,1.1186146642182848
2024-11-27,SKU_13,WH_4,13,14.7,13.603019784292545,0.6030197842925453
2024-11-28,SKU_13,WH_4,28,31.24,28.414328490063976,0.4143284900639763
2024-11-29,SKU_13,WH_4,5,3.37,5.69958820480723,0.6995882048072302
2024-11-30,SKU_13,WH_4,13,15.08,14.160521435584219,1.1605214355842186
2024-12-01,SKU_13,WH_4,7,1.35,3.776588873919263,3.223411126080737
2024-12-02,SKU_13,WH_4,22,23.32,20.574343316695153,1.4256566833048474
2024-12-03,SKU_13,WH_4,18,14.5,13.688636019621782,4.311363980378218
2024-12-04,SKU_13,WH_4,18,17.31,15.946909828805193,2.053090171194807
2024-12-05,SKU_13,WH_4,15,15.47,14.736326340187528,0.26367365981247204
2024-12-06,SKU_13,WH_4,10,3.3,5.763135290839825,4.236864709160175
2024-12-07,SKU_13,WH_4,14,10.2,11.074638563904445,2.925361436095555
2024-12-08,SKU_13,WH_4,16,11.7,11.584617145691853,4.415382854308147
2024-12-09,SKU_13,WH_4,15,15.99,15.189350349533822,0.18935034953382157
2024-12-10,SKU_13,WH_4,15,11.41,12.079646890625328,2.9203531093746715
2024-12-11,SKU_13,WH_4,20,23.53,20.81824139833697,0.8182413983369692
2024-12-12,SKU_13,WH_4,13,13.79,13.249017284372556,0.249017284372556
2024-12-13,SKU_13,WH_4,17,17.6,16.237941225548035,0.7620587744519653
2024-12-14,SKU_13,WH_4,16,14.05,13.575703677526919,2.424296322473081
2024-12-15,SKU_13,WH_4,13,13.76,13.305601693181945,0.30560169318194497
2024-12-16,SKU_13,WH_4,26,20.31,18.336563032011178,7.663436967988822
2024-12-17,SKU_13,WH_4,11,9.35,10.277758491694032,0.7222415083059683
2024-12-18,SKU_13,WH_4,16,12.3,12.298429776011083,3.7015702239889166
2024-12-19,SKU_13,WH_4,29,27.12,25.06997632890879,3.9300236710912095
2024-12-20,SKU_13,WH_4,27,24.49,21.62366967493971,5.376330325060291
2024-12-21,SKU_13,WH_4,15,16.22,15.465444635726492,0.46544463572649164
2024-12-22,SKU_13,WH_4,23,29.29,27.19919259947424,4.199192599474241
2024-12-23,SKU_13,WH_4,31,34.26,28.978158986938066,2.021841013061934
2024-12-24,SKU_13,WH_4,20,16.51,15.744419230347216,4.255580769652784
2024-12-25,SKU_13,WH_4,19,19.05,17.879804101207263,1.120195898792737
2024-12-26,SKU_13,WH_4,19,20.81,19.04287168986935,0.04287168986935086
2024-12-27,SKU_13,WH_4,25,27.7,24.497667571579605,0.5023324284203952
2024-12-28,SKU_13,WH_4,27,26.33,23.478316206466758,3.521683793533242
2024-12-29,SKU_13,WH_4,12,14.39,14.20841662811074,2.20841662811074
2024-12-30,SKU_13,WH_4,18,18.11,17.83893194086143,0.16106805913857158
2024-11-10,SKU_13,WH_5,20,25.76,21.94391532231103,1.9439153223110317
2024-11-11,SKU_13,WH_5,19,19.85,17.696036902392017,1.3039630976079835
2024-11-12,SKU_13,WH_5,5,9.89,10.091189312569833,5.091189312569833
2024-11-13,SKU_13,WH_5,13,15.45,14.302647728028234,1.3026477280282336
2024-11-14,SKU_13,WH_5,13,11.67,11.134503071266698,1.865496928733302
2024-11-15,SKU_13,WH_5,31,33.46,29.693323994042085,1.3066760059579146
2024-11-16,SKU_13,WH_5,14,13.17,12.597479557945409,1.4025204420545911
2024-11-17,SKU_13,WH_5,16,15.75,14.771924175703912,1.2280758242960879
2024-11-18,SKU_13,WH_5,18,15.32,14.297281648008957,3.7027183519910434
2024-11-19,SKU_13,WH_5,27,31.23,28.163340967132935,1.1633409671329353
2024-11-20,SKU_13,WH_5,10,12.06,11.724686567403792,1.7246865674037917
2024-11-21,SKU_13,WH_5,14,14.42,13.502904157506059,0.4970958424939411
2024-11-22,SKU_13,WH_5,9,11.2,11.161745631934723,2.161745631934723
2024-11-23,SKU_13,WH_5,11,15.65,14.628623808874735,3.6286238088747353
2024-11-24,SKU_13,WH_5,13,10.05,10.273291370724971,2.726708629275029
2024-11-25,SKU_13,WH_5,19,20.07,17.99097692993533,1.0090230700646714
2024-11-26,SKU_13,WH_5,6,4.69,6.240355060423322,0.24035506042332244
2024-11-27,SKU_13,WH_5,8,9.73,10.106031230577749,2.1060312305777487
2024-11-28,SKU_13,WH_5,16,19.25,17.15118093358939,1.1511809335893908
2024-11-29,SKU_13,WH_5,3,3.99,5.698056620754515,2.6980566207545147
2024-11-30,SKU_13,WH_5,13,10.54,10.63503691451953,2.36496308548047
2024-12-01,SKU_13,WH_5,14,18.9,16.96343554642773,2.9634355464277284
2024-12-02,SKU_13,WH_5,23,27.28,23.26980670558346,0.2698067055834592
2024-12-03,SKU_13,WH_5,28,27.51,25.423101288668228,2.576898711331772
2024-12-04,SKU_13,WH_5,20,14.36,13.596739979064724,6.403260020935276
2024-12-05,SKU_13,WH_5,23,23.22,20.587359501755397,2.4126404982446026
2024-12-06,SKU_13,WH_5,19,16.97,15.792545721512562,3.207454278487438
2024-12-07,SKU_13,WH_5,26,27.43,25.548911391941306,0.45108860805869355
2024-12-08,SKU_13,WH_5,22,22.71,20.59444900460886,1.4055509953911383
2024-12-09,SKU_13,WH_5,21,26.91,23.860455152295593,2.860455152295593
2024-12-10,SKU_13,WH_5,14,9.72,10.882322452325214,3.117677547674786
2024-12-11,SKU_13,WH_5,18,16.4,15.65037151478929,2.34962848521071
2024-12-12,SKU_13,WH_5,14,13.3,13.214902233922718,0.785097766077282
2024-12-13,SKU_13,WH_5,12,13.6,13.314689320474452,1.3146893204744519
2024-12-14,SKU_13,WH_5,18,13.44,13.149414482407051,4.850585517592949
2024-12-15,SKU_13,WH_5,14,12.32,12.365473079947812,1.6345269200521884
2024-12-16,SKU_13,WH_5,7,5.62,7.451199803545563,0.4511998035455633
2024-12-17,SKU_13,WH_5,18,15.53,14.664312690726351,3.3356873092736485
2024-12-18,SKU_13,WH_5,22,20.59,18.43978124495404,3.560218755045959
2024-12-19,SKU_13,WH_5,20,18.68,16.96180665024155,3.0381933497584512
2024-12-20,SKU_13,WH_5,18,17.38,15.900584444497913,2.0994155555020875
2024-12-21,SKU_13,WH_5,16,18.18,16.526136239017767,0.5261362390177666
2024-12-22,SKU_13,WH_5,22,26.04,22.801934863149935,0.8019348631499348
2024-12-23,SKU_13,WH_5,16,12.68,12.637316276390566,3.3626837236094342
2024-12-24,SKU_13,WH_5,18,17.29,17.036368516659167,0.9636314833408335
2024-12-25,SKU_13,WH_5,15,18.73,17.095493743321704,2.095493743321704
2024-12-26,SKU_13,WH_5,19,22.17,19.80616023574227,0.8061602357422686
2024-12-27,SKU_13,WH_5,17,17.29,16.04367194800103,0.9563280519989696
2024-12-28,SKU_13,WH_5,25,20.11,18.390156198526494,6.609843801473506
2024-12-29,SKU_13,WH_5,23,16.88,15.725924897671629,7.274075102328371
2024-12-30,SKU_13,WH_5,21,22.13,20.907268869527055,0.09273113047294501
2024-11-10,SKU_14,WH_1,15,11.37,11.135782405465658,3.8642175945343418
2024-11-11,SKU_14,WH_1,18,14.94,13.860550067672447,4.139449932327553
2024-11-12,SKU_14,WH_1,12,7.98,8.607803962488484,3.392196037511516
2024-11-13,SKU_14,WH_1,7,8.7,9.223423960513284,2.2234239605132835
2024-11-14,SKU_14,WH_1,6,1.84,3.888852627433092,2.111147372566908
2024-11-15,SKU_14,WH_1,19,21.76,20.582572605592485,1.5825726055924854
2024-11-16,SKU_14,WH_1,18,19.19,17.02487195719307,0.9751280428069293
2024-11-17,SKU_14,WH_1,19,19.74,17.511465742990566,1.4885342570094338
2024-11-18,SKU_14,WH_1,11,11.51,11.800410120710268,0.8004101207102678
2024-11-19,SKU_14,WH_1,10,10.23,10.335644654698314,0.3356446546983136
2024-11-20,SKU_14,WH_1,22,23.16,21.45217280704923,0.5478271929507699
2024-11-21,SKU_14,WH_1,12,15.16,14.062189608931826,2.062189608931826
2024-11-22,SKU_14,WH_1,19,18.28,16.096499664154642,2.903500335845358
2024-11-23,SKU_14,WH_1,15,17.14,15.41607990343468,0.4160799034346798
2024-11-24,SKU_14,WH_1,8,9.25,9.869906078979055,1.8699060789790547
2024-11-25,SKU_14,WH_1,13,18.31,16.128812190866263,3.128812190866263
2024-11-26,SKU_14,WH_1,14,14.02,13.048838287005191,0.9511617129948089
2024-11-27,SKU_14,WH_1,15,15.39,14.16364211806029,0.8363578819397102
2024-11-28,SKU_14,WH_1,16,19.18,16.964897485361902,0.9648974853619023
2024-11-29,SKU_14,WH_1,14,9.6,9.920475430375285,4.079524569624715
2024-11-30,SKU_14,WH_1,13,12.03,11.604894682989347,1.3951053170106533
2024-12-01,SKU_14,WH_1,22,22.21,19.577912070414715,2.4220879295852846
2024-12-02,SKU_14,WH_1,19,17.53,16.18381814187756,2.816181858122441
2024-12-03,SKU_14,WH_1,17,18.68,16.95377237347406,0.04622762652594048
2024-12-04,SKU_14,WH_1,16,13.65,13.166793679450395,2.833206320549605
2024-12-05,SKU_14,WH_1,11,16.1,15.256978624261352,4.256978624261352
2024-12-06,SKU_14,WH_1,15,15.44,14.71956264414598,0.2804373558540192
2024-12-07,SKU_14,WH_1,17,19.47,17.77962917209473,0.7796291720947295
2024-12-08,SKU_14,WH_1,16,12.45,12.385698782982532,3.614301217017468
2024-12-09,SKU_14,WH_1,18,18.61,17.008831435383676,0.9911685646163235
2024-12-10,SKU_14,WH_1,15,13.71,13.295889206014962,1.7041107939850377
2024-12-11,SKU_14,WH_1,19,13.42,13.720575179489838,5.279424820510162
2024-12-12,SKU_14,WH_1,25,32.19,26.991049715342452,1.9910497153424522
2024-12-13,SKU_14,WH_1,17,17.07,15.900072541102244,1.0999274588977563
2024-12-14,SKU_14,WH_1,28,24.84,21.77969863051239,6.220301369487611
2024-12-15,SKU_14,WH_1,11,11.52,11.746591059698364,0.746591059698364
2024-12-16,SKU_14,WH_1,19,15.44,14.816826414934628,4.183173585065372
2024-12-17,SKU_14,WH_1,18,16.32,15.38554774680342,2.61445225319658
2024-12-18,SKU_14,WH_1,23,23.28,20.839941867066575,2.1600581329334254
2024-12-19,SKU_14,WH_1,13,16.46,15.570466079531752,2.5704660795317515
2024-12-20,SKU_14,WH_1,16,15.75,15.220231877415216,0.7797681225847839
2024-12-21,SKU_14,WH_1,22,15.91,15.221638455883966,6.778361544116034
2024-12-22,SKU_14,WH_1,18,17.23,16.021450195154213,1.9785498048457875
2024-12-23,SKU_14,WH_1,16,11.53,11.634695234622264,4.365304765377736
2024-12-24,SKU_14,WH_1,19,16.6,15.515900669038093,3.4840993309619073
2024-12-25,SKU_14,WH_1,10,9.25,10.197210378113194,0.1972103781131942
2024-12-26,SKU_14,WH_1,18,14.55,13.664679229719424,4.3353207702805765
2024-12-27,SKU_14,WH_1,19,16.08,16.098093716215626,2.901906283784374
2024-12-28,SKU_14,WH_1,17,20.33,18.343882693837415,1.3438826938374149
2024-12-29,SKU_14,WH_1,23,24.04,21.36421236214672,1.63578763785328
2024-12-30,SKU_14,WH_1,20,13.36,13.94390979976664,6.05609020023336
2024-11-10,SKU_14,WH_2,1,1.34,3.3427313810244494,2.3427313810244494
2024-11-11,SKU_14,WH_2,15,10.96,10.948681911088979,4.051318088911021
2024-11-12,SKU_14,WH_2,10,10.21,10.884982428265353,0.8849824282653529
2024-11-13,SKU_14,WH_2,17,21.49,18.776537006135733,1.776537006135733
2024-11-14,SKU_14,WH_2,14,13.87,13.87503163624814,0.12496836375185971
2024-11-15,SKU_14,WH_2,13,17.42,15.677493019936275,2.677493019936275
2024-11-16,SKU_14,WH_2,15,15.21,14.073892079642704,0.9261079203572962
2024-11-17,SKU_14,WH_2,22,20.26,17.76270153869443,4.237298461305571
2024-11-18,SKU_14,WH_2,10,7.74,8.521094128958557,1.4789058710414427
2024-11-19,SKU_14,WH_2,11,7.27,8.242341304553907,2.757658695446093
2024-11-20,SKU_14,WH_2,17,17.34,15.480038623984335,1.5199613760156652
2024-11-21,SKU_14,WH_2,12,12.36,11.856478290515373,0.14352170948462728
2024-11-22,SKU_14,WH_2,18,18.39,16.161123676051062,1.8388763239489379
2024-11-23,SKU_14,WH_2,6,6.29,7.1309844959085416,1.1309844959085416
2024-11-24,SKU_14,WH_2,27,29.08,26.448919395103232,0.551080604896768
2024-11-25,SKU_14,WH_2,10,7.96,8.801997659384284,1.1980023406157159
2024-11-26,SKU_14,WH_2,14,17.14,15.458066183747817,1.4580661837478175
2024-11-27,SKU_14,WH_2,9,13.38,12.671443604397737,3.671443604397737
2024-11-28,SKU_14,WH_2,15,15.45,14.351011984032425,0.6489880159675749
2024-11-29,SKU_14,WH_2,32,31.66,28.459375135255367,3.5406248647446326
2024-11-30,SKU_14,WH_2,23,26.68,24.88960105565757,1.8896010556575717
2024-12-01,SKU_14,WH_2,32,29.64,25.411475617511222,6.588524382488778
2024-12-02,SKU_14,WH_2,22,21.71,19.42928385078752,2.5707161492124797
2024-12-03,SKU_14,WH_2,16,18.6,17.15630134407574,1.1563013440757395
2024-12-04,SKU_14,WH_2,20,21.65,19.64620930856278,0.35379069143721864
2024-12-05,SKU_14,WH_2,14,16.21,15.634548965998238,1.6345489659982384
2024-12-06,SKU_14,WH_2,17,20.92,19.021973920779974,2.021973920779974
2024-12-07,SKU_14,WH_2,11,9.76,10.698642012152074,0.30135798784792556
2024-12-08,SKU_14,WH_2,14,12.46,12.476298398744502,1.5237016012554978
2024-12-09,SKU_14,WH_2,22,17.64,16.320601659049053,5.6793983409509465
2024-12-10,SKU_14,WH_2,20,23.68,20.958734147270757,0.9587341472707571
2024-12-11,SKU_14,WH_2,16,21.97,19.850088735757584,3.850088735757584
2024-12-12,SKU_14,WH_2,22,22.14,21.03094556622356,0.9690544337764386
2024-12-13,SKU_14,WH_2,14,8.63,9.805733399252397,4.1942666007476035
2024-12-14,SKU_14,WH_2,16,11.34,11.571081770464462,4.4289182295355385
2024-12-15,SKU_14,WH_2,16,21.01,18.924212584111515,2.9242125841115154
2024-12-16,SKU_14,WH_2,19,20.94,18.800367761992355,0.19963223800764496
2024-12-17,SKU_14,WH_2,27,29.03,24.91943940314964,2.0805605968503613
2024-12-18,SKU_14,WH_2,23,21.0,19.964579495496082,3.035420504503918
2024-12-19,SKU_14,WH_2,28,27.56,25.55023901179627,2.4497609882037317
2024-12-20,SKU_14,WH_2,15,17.01,15.8766609110335,0.8766609110335004
2024-12-21,SKU_14,WH_2,18,18.45,17.004196320797554,0.9958036792024458
2024-12-22,SKU_14,WH_2,26,30.6,28.165604312388528,2.1656043123885276
2024-12-23,SKU_14,WH_2,7,6.14,8.250773603655018,1.250773603655018
2024-12-24,SKU_14,WH_2,20,17.81,16.761837884006496,3.2381621159935037
2024-12-25,SKU_14,WH_2,13,11.14,11.644429582982138,1.3555704170178622
2024-12-26,SKU_14,WH_2,16,16.12,15.315481784970782,0.6845182150292182
2024-12-27,SKU_14,WH_2,16,17.85,16.533409776412913,0.5334097764129133
2024-12-28,SKU_14,WH_2,19,14.86,14.238659957641854,4.761340042358146
2024-12-29,SKU_14,WH_2,27,24.8,23.325678064200474,3.674321935799526
2024-12-30,SKU_14,WH_2,14,11.44,12.579181064118233,1.4208189358817673
2024-11-10,SKU_14,WH_3,15,16.22,14.915707467141907,0.08429253285809324
2024-11-11,SKU_14,WH_3,13,14.43,13.368948177151573,0.368948177151573
2024-11-12,SKU_14,WH_3,9,8.46,9.119588155238203,0.11958815523820299
2024-11-13,SKU_14,WH_3,10,8.14,8.928754837206881,1.0712451627931188
2024-11-14,SKU_14,WH_3,13,12.58,12.20046518114861,0.7995348188513898
2024-11-15,SKU_14,WH_3,23,23.35,21.653754891216842,1.3462451087831582
2024-11-16,SKU_14,WH_3,12,11.46,11.160812699663202,0.839187300336798
2024-11-17,SKU_14,WH_3,11,7.17,8.192486402867972,2.8075135971320275
2024-11-18,SKU_14,WH_3,21,22.07,19.367823582692026,1.6321764173079742
2024-11-19,SKU_14,WH_3,17,15.7,14.64858261615652,2.3514173838434793
2024-11-20,SKU_14,WH_3,12,13.87,13.118647378627895,1.1186473786278945
2024-11-21,SKU_14,WH_3,14,11.08,11.102051322580564,2.8979486774194356
2024-11-22,SKU_14,WH_3,15,11.2,11.019558938793827,3.9804410612061734
2024-11-23,SKU_14,WH_3,15,15.12,14.115420020378597,0.8845799796214031
2024-11-24,SKU_14,WH_3,13,13.63,12.945035595696172,0.05496440430382776
2024-11-25,SKU_14,WH_3,14,15.94,14.866480846440489,0.8664808464404885
2024-11-26,SKU_14,WH_3,21,18.12,16.228612588391897,4.771387411608103
2024-11-27,SKU_14,WH_3,16,21.69,19.002264137929114,3.0022641379291137
2024-11-28,SKU_14,WH_3,23,24.44,21.03489011225126,1.9651098877487385
2024-11-29,SKU_14,WH_3,20,23.18,20.24835943498477,0.24835943498477064
2024-11-30,SKU_14,WH_3,16,18.95,16.96039434242064,0.9603943424206385
2024-12-01,SKU_14,WH_3,8,9.55,10.320900948900439,2.320900948900439
2024-12-02,SKU_14,WH_3,15,12.02,11.969820354289059,3.030179645710941
2024-12-03,SKU_14,WH_3,12,9.33,10.159726456017598,1.840273543982402
2024-12-04,SKU_14,WH_3,14,18.6,16.89755300247512,2.897553002475121
2024-12-05,SKU_14,WH_3,15,13.39,12.967863569055622,2.0321364309443783
2024-12-06,SKU_14,WH_3,10,7.08,8.615899040890042,1.3841009591099578
2024-12-07,SKU_14,WH_3,14,18.65,17.03223079959521,3.0322307995952116
2024-12-08,SKU_14,WH_3,22,27.81,23.905191788442874,1.905191788442874
2024-12-09,SKU_14,WH_3,18,20.91,18.74036152420547,0.7403615242054684
2024-12-10,SKU_14,WH_3,17,23.65,20.80595955947568,3.8059595594756814
2024-12-11,SKU_14,WH_3,20,25.36,22.02482272957024,2.0248227295702392
2024-12-12,SKU_14,WH_3,13,9.91,10.405714727423309,2.594285272576691
2024-12-13,SKU_14,WH_3,14,14.4,13.672834869071101,0.32716513092889876
2024-12-14,SKU_14,WH_3,25,25.84,22.645205462378303,2.3547945376216965
2024-12-15,SKU_14,WH_3,19,18.39,16.724746283040663,2.2752537169593374
2024-12-16,SKU_14,WH_3,20,19.33,17.526945786496896,2.4730542135031044
2024-12-17,SKU_14,WH_3,18,16.51,15.486717061000146,2.513282938999854
2024-12-18,SKU_14,WH_3,11,6.78,8.086363971517514,2.913636028482486
2024-12-19,SKU_14,WH_3,16,17.09,15.841933295024027,0.15806670497597253
2024-12-20,SKU_14,WH_3,18,19.04,18.41295242543263,0.41295242543262844
2024-12-21,SKU_14,WH_3,17,19.66,17.94033247249503,0.9403324724950295
2024-12-22,SKU_14,WH_3,20,17.58,16.270543334540584,3.7294566654594163
2024-12-23,SKU_14,WH_3,16,12.7,12.577210584986686,3.4227894150133142
2024-12-24,SKU_14,WH_3,18,15.86,15.120849594570856,2.8791504054291437
2024-12-25,SKU_14,WH_3,14,18.5,16.758195445844564,2.7581954458445637
2024-12-26,SKU_14,WH_3,19,18.96,17.22907024475296,1.7709297552470389
2024-12-27,SKU_14,WH_3,21,22.81,20.36644050811021,0.6335594918897911
2024-12-28,SKU_14,WH_3,16,17.35,16.92609145412259,0.9260914541225915
2024-12-29,SKU_14,WH_3,14,15.06,14.451877900779007,0.4518779007790066
2024-12-30,SKU_14,WH_3,23,21.08,19.853033436847266,3.146966563152734
2024-11-10,SKU_14,WH_4,8,7.8,8.593653326876167,0.5936533268761668
2024-11-11,SKU_14,WH_4,14,16.18,14.936662630765973,0.9366626307659729
2024-11-12,SKU_14,WH_4,14,11.76,11.462001762960066,2.5379982370399343
2024-11-13,SKU_14,WH_4,17,20.43,17.97024302242846,0.9702430224284591
2024-11-14,SKU_14,WH_4,17,20.02,17.591796254736074,0.5917962547360744
2024-11-15,SKU_14,WH_4,10,6.52,7.300118653158978,2.699881346841022
2024-11-16,SKU_14,WH_4,18,22.24,19.339800650715514,1.3398006507155138
2024-11-17,SKU_14,WH_4,4,5.13,6.532753521720081,2.532753521720081
2024-11-18,SKU_14,WH_4,10,7.69,8.496655232641364,1.5033447673586355
2024-11-19,SKU_14,WH_4,9,9.1,10.109843840136609,1.1098438401366089
2024-11-20,SKU_14,WH_4,23,25.75,21.9171434996181,1.0828565003819008
2024-11-21,SKU_14,WH_4,16,17.2,15.492249917843727,0.5077500821562726
2024-11-22,SKU_14,WH_4,17,15.65,14.488933136617131,2.5110668633828688
2024-11-23,SKU_14,WH_4,12,12.22,11.835288860086955,0.1647111399130452
2024-11-24,SKU_14,WH_4,12,14.67,13.486352430472222,1.4863524304722215
2024-11-25,SKU_14,WH_4,10,9.05,9.400716830507303,0.599283169492697
2024-11-26,SKU_14,WH_4,9,6.12,7.072964815451683,1.9270351845483171
2024-11-27,SKU_14,WH_4,15,13.89,13.058616456859463,1.941383543140537
2024-11-28,SKU_14,WH_4,14,9.47,9.74195846210501,4.258041537894989
2024-11-29,SKU_14,WH_4,20,19.1,16.836816185411415,3.163183814588585
2024-11-30,SKU_14,WH_4,9,8.98,9.431280150854239,0.43128015085423854
2024-12-01,SKU_14,WH_4,23,26.62,23.04872213295662,0.048722132956619646
2024-12-02,SKU_14,WH_4,13,14.25,13.566512964362776,0.5665129643627758
2024-12-03,SKU_14,WH_4,7,7.98,9.070041198480517,2.070041198480517
2024-12-04,SKU_14,WH_4,13,13.65,13.118335805020353,0.11833580502035268
2024-12-05,SKU_14,WH_4,20,23.0,20.13652766048814,0.13652766048814158
2024-12-06,SKU_14,WH_4,8,4.86,6.797975740642358,1.2020242593576418
2024-12-07,SKU_14,WH_4,10,13.18,12.685149882959607,2.6851498829596068
2024-12-08,SKU_14,WH_4,10,6.21,7.347280263653265,2.652719736346735
2024-12-09,SKU_14,WH_4,15,14.22,13.347230178045256,1.6527698219547435
2024-12-10,SKU_14,WH_4,12,13.33,12.79853204318385,0.7985320431838492
2024-12-11,SKU_14,WH_4,20,25.13,21.428410251794265,1.428410251794265
2024-12-12,SKU_14,WH_4,16,12.84,13.038094122010019,2.961905877989981
2024-12-13,SKU_14,WH_4,15,10.75,10.918970021709745,4.081029978290255
2024-12-14,SKU_14,WH_4,17,16.76,15.419043830455319,1.580956169544681
2024-12-15,SKU_14,WH_4,25,26.4,22.77991091068853,2.2200890893114718
2024-12-16,SKU_14,WH_4,23,22.94,20.270663415201508,2.7293365847984923
2024-12-17,SKU_14,WH_4,17,20.1,18.22527943211736,1.225279432117361
2024-12-18,SKU_14,WH_4,6,4.45,6.5437519223302125,0.5437519223302125
2024-12-19,SKU_14,WH_4,19,20.22,18.222454441800082,0.7775455581999182
2024-12-20,SKU_14,WH_4,25,28.25,24.42089809166067,0.5791019083393287
2024-12-21,SKU_14,WH_4,29,30.18,25.66227890966499,3.337721090335009
2024-12-22,SKU_14,WH_4,21,21.32,19.219991403174642,1.7800085968253576
2024-12-23,SKU_14,WH_4,17,15.66,15.032470697015848,1.9675293029841523
2024-12-24,SKU_14,WH_4,12,13.8,13.330569162785647,1.3305691627856469
2024-12-25,SKU_14,WH_4,24,17.89,16.51867591861899,7.481324081381011
2024-12-26,SKU_14,WH_4,11,14.6,14.071049248891974,3.071049248891974
2024-12-27,SKU_14,WH_4,21,28.08,24.449510826074437,3.4495108260744374
2024-12-28,SKU_14,WH_4,23,23.99,21.284420038275616,1.7155799617243837
2024-12-29,SKU_14,WH_4,14,14.16,13.713752437681787,0.2862475623182128
2024-12-30,SKU_14,WH_4,28,32.14,28.17289129814378,0.17289129814378157
2024-11-10,SKU_14,WH_5,8,7.29,8.300759905031384,0.3007599050313843
2024-11-11,SKU_14,WH_5,10,6.01,7.131480636272821,2.868519363727179
2024-11-12,SKU_14,WH_5,18,13.43,12.571160001525286,5.428839998474714
2024-11-13,SKU_14,WH_5,9,10.1,10.128409771832276,1.1284097718322759
2024-11-14,SKU_14,WH_5,13,14.48,14.072545235372921,1.072545235372921
2024-11-15,SKU_14,WH_5,14,17.76,15.995714525928145,1.995714525928145
2024-11-16,SKU_14,WH_5,17,19.39,17.161380340867243,0.16138034086724318
2024-11-17,SKU_14,WH_5,21,20.33,17.834843114382547,3.165156885617453
2024-11-18,SKU_14,WH_5,25,25.09,21.250662655692317,3.7493373443076834
2024-11-19,SKU_14,WH_5,15,16.54,15.072992314514714,0.072992314514714
2024-11-20,SKU_14,WH_5,16,16.9,15.268745560693484,0.7312544393065163
2024-11-21,SKU_14,WH_5,12,22.49,19.666880564675612,7.666880564675612
2024-11-22,SKU_14,WH_5,13,11.39,11.241882859797402,1.7581171402025983
2024-11-23,SKU_14,WH_5,6,4.62,6.282382423783898,0.2823824237838979
2024-11-24,SKU_14,WH_5,17,16.72,15.196786978983896,1.803213021016104
2024-11-25,SKU_14,WH_5,13,13.35,12.732484928446713,0.26751507155328724
2024-11-26,SKU_14,WH_5,9,10.27,10.34973258393647,1.3497325839364702
2024-11-27,SKU_14,WH_5,10,12.98,12.221819360046517,2.221819360046517
2024-11-28,SKU_14,WH_5,12,13.95,13.138607942131213,1.1386079421312125
2024-11-29,SKU_14,WH_5,29,29.1,26.477231513537888,2.5227684864621125
2024-11-30,SKU_14,WH_5,16,13.5,12.658542972008384,3.3414570279916163
2024-12-01,SKU_14,WH_5,19,19.03,17.270045045530285,1.729954954469715
2024-12-02,SKU_14,WH_5,22,22.66,20.08378152954252,1.9162184704574798
2024-12-03,SKU_14,WH_5,11,10.18,10.750558322213701,0.2494416777862991
2024-12-04,SKU_14,WH_5,14,11.19,11.382330233988911,2.6176697660110886
2024-12-05,SKU_14,WH_5,21,16.18,15.254831867343128,5.745168132656872
2024-12-06,SKU_14,WH_5,22,24.72,21.61651889885321,0.38348110114678846
2024-12-07,SKU_14,WH_5,26,26.04,22.7869670526684,3.2130329473316017
2024-12-08,SKU_14,WH_5,12,13.27,13.177377837488319,1.1773778374883186
2024-12-09,SKU_14,WH_5,17,15.87,15.210699592713855,1.7893004072861451
2024-12-10,SKU_14,WH_5,20,25.8,22.696065717616612,2.6960657176166123
2024-12-11,SKU_14,WH_5,20,21.2,19.05547110766829,0.9445288923317108
2024-12-12,SKU_14,WH_5,27,28.84,24.85871267403352,2.1412873259664806
2024-12-13,SKU_14,WH_5,20,19.68,18.20227448027636,1.7977255197236417
2024-12-14,SKU_14,WH_5,14,16.47,15.70021032386604,1.70021032386604
2024-12-15,SKU_14,WH_5,13,14.88,14.265739527909496,1.2657395279094956
2024-12-16,SKU_14,WH_5,22,23.2,20.76746491933133,1.2325350806686686
2024-12-17,SKU_14,WH_5,19,17.3,16.18748401957082,2.812515980429179
2024-12-18,SKU_14,WH_5,17,21.5,19.45856565676362,2.4585656567636214
2024-12-19,SKU_14,WH_5,19,14.37,13.842884220088882,5.157115779911118
2024-12-20,SKU_14,WH_5,11,11.16,11.4893736874934,0.4893736874933996
2024-12-21,SKU_14,WH_5,10,11.51,11.568767811042854,1.5687678110428536
2024-12-22,SKU_14,WH_5,21,23.11,20.52622197776,0.4737780222400012
2024-12-23,SKU_14,WH_5,27,25.32,23.68506620164306,3.3149337983569396
2024-12-24,SKU_14,WH_5,7,0.66,3.4276497659970073,3.5723502340029927
2024-12-25,SKU_14,WH_5,16,15.5,14.772283643745384,1.227716356254616
2024-12-26,SKU_14,WH_5,11,13.09,12.833350475634106,1.8333504756341057
2024-12-27,SKU_14,WH_5,19,21.72,20.550106279993226,1.5501062799932264
2024-12-28,SKU_14,WH_5,24,22.85,20.401139620184292,3.598860379815708
2024-12-29,SKU_14,WH_5,12,7.51,8.908651900695293,3.0913480993047067
2024-12-30,SKU_14,WH_5,15,19.94,19.032772062652594,4.032772062652594
2024-11-10,SKU_15,WH_1,17,17.42,15.769992402813031,1.2300075971869688
2024-11-11,SKU_15,WH_1,12,14.26,13.224390331261175,1.2243903312611746
2024-11-12,SKU_15,WH_1,11,10.92,10.928543530261761,0.07145646973823894
2024-11-13,SKU_15,WH_1,6,12.2,11.784381738015364,5.784381738015364
2024-11-14,SKU_15,WH_1,12,14.97,13.77256278428819,1.7725627842881906
2024-11-15,SKU_15,WH_1,18,19.75,17.47143468712885,0.5285653128711516
2024-11-16,SKU_15,WH_1,8,9.23,9.778925609750864,1.7789256097508641
2024-11-17,SKU_15,WH_1,13,15.57,14.445374773421925,1.4453747734219249
2024-11-18,SKU_15,WH_1,16,19.67,17.428026825649596,1.4280268256495958
2024-11-19,SKU_15,WH_1,6,3.87,5.6995850738969285,0.3004149261030715
2024-11-20,SKU_15,WH_1,14,17.42,15.619598478002612,1.6195984780026116
2024-11-21,SKU_15,WH_1,14,14.91,13.727618943470633,0.27238105652936717
2024-11-22,SKU_15,WH_1,13,18.21,16.072540700576123,3.0725407005761234
2024-11-23,SKU_15,WH_1,19,17.94,16.021175281319838,2.978824718680162
2024-11-24,SKU_15,WH_1,15,10.85,10.776468036100711,4.223531963899289
2024-11-25,SKU_15,WH_1,7,11.29,11.082418375611809,4.082418375611809
2024-11-26,SKU_15,WH_1,8,11.81,11.477598471572266,3.477598471572266
2024-11-27,SKU_15,WH_1,7,4.49,6.061945808410977,0.938054191589023
2024-11-28,SKU_15,WH_1,16,16.24,14.83525379206424,1.1647462079357602
2024-11-29,SKU_15,WH_1,7,11.48,11.146639001781011,4.146639001781011
2024-11-30,SKU_15,WH_1,17,16.43,14.958206154634993,2.0417938453650066
2024-12-01,SKU_15,WH_1,13,14.33,13.493499339523687,0.4934993395236873
2024-12-02,SKU_15,WH_1,21,19.96,17.821442979748362,3.178557020251638
2024-12-03,SKU_15,WH_1,18,18.8,16.780444187305278,1.219555812694722
2024-12-04,SKU_15,WH_1,14,9.86,10.243729370108335,3.756270629891665
2024-12-05,SKU_15,WH_1,18,18.62,16.73152064147405,1.2684793585259513
2024-12-06,SKU_15,WH_1,6,4.58,6.439246403705773,0.4392464037057726
2024-12-07,SKU_15,WH_1,26,29.19,26.653622819365253,0.6536228193652533
2024-12-08,SKU_15,WH_1,15,17.5,15.983875213121422,0.9838752131214221
2024-12-09,SKU_15,WH_1,17,17.63,16.10296760350233,0.8970323964976714
2024-12-10,SKU_15,WH_1,23,23.96,20.902634780562966,2.097365219437034
2024-12-11,SKU_15,WH_1,16,14.32,13.637154194553267,2.3628458054467334
2024-12-12,SKU_15,WH_1,16,20.75,18.5258291072287,2.5258291072286987
2024-12-13,SKU_15,WH_1,9,10.94,11.248158727073879,2.2481587270738785
2024-12-14,SKU_15,WH_1,18,13.29,12.92873876940619,5.0712612305938105
2024-12-15,SKU_15,WH_1,24,24.67,21.43030330794641,2.56969669205359
2024-12-16,SKU_15,WH_1,23,24.77,21.484005628968006,1.5159943710319936
2024-12-17,SKU_15,WH_1,13,15.48,14.65333333691481,1.6533333369148107
2024-12-18,SKU_15,WH_1,13,8.63,9.566197397603347,3.4338026023966535
2024-12-19,SKU_15,WH_1,24,25.04,21.647236144025577,2.3527638559744233
2024-12-20,SKU_15,WH_1,15,11.56,11.514085421251567,3.4859145787484334
2024-12-21,SKU_15,WH_1,14,12.44,12.299362107179146,1.700637892820854
2024-12-22,SKU_15,WH_1,21,16.0,15.179442288762305,5.820557711237695
2024-12-23,SKU_15,WH_1,25,25.22,22.019263166719796,2.9807368332802042
2024-12-24,SKU_15,WH_1,16,20.84,18.55866777896849,2.5586677789684913
2024-12-25,SKU_15,WH_1,21,24.73,21.64883738075943,0.6488373807594314
2024-12-26,SKU_15,WH_1,21,20.77,18.706889589560543,2.293110410439457
2024-12-27,SKU_15,WH_1,9,14.04,13.551125744160377,4.551125744160377
2024-12-28,SKU_15,WH_1,14,16.15,15.324955163859581,1.3249551638595811
2024-12-29,SKU_15,WH_1,19,19.38,17.671907569684148,1.3280924303158521
2024-12-30,SKU_15,WH_1,18,17.85,17.417652706490557,0.5823472935094429
2024-11-10,SKU_15,WH_2,13,8.87,9.36526865178038,3.6347313482196206
2024-11-11,SKU_15,WH_2,3,3.63,5.465265437874957,2.465265437874957
2024-11-12,SKU_15,WH_2,17,18.58,16.56973824504033,0.4302617549596697
2024-11-13,SKU_15,WH_2,0,0.0,2.412300155078467,2.412300155078467
2024-11-14,SKU_15,WH_2,6,5.49,6.99202271561518,0.99202271561518
2024-11-15,SKU_15,WH_2,14,15.55,14.495893522571974,0.49589352257197383
2024-11-16,SKU_15,WH_2,8,7.52,8.302486692684267,0.3024866926842673
2024-11-17,SKU_15,WH_2,16,18.82,16.65277945004181,0.6527794500418089
2024-11-18,SKU_15,WH_2,15,22.07,19.30476454117448,4.304764541174482
2024-11-19,SKU_15,WH_2,28,27.12,23.011511117991013,4.988488882008987
2024-11-20,SKU_15,WH_2,11,8.84,9.327445496854331,1.672554503145669
2024-11-21,SKU_15,WH_2,13,10.91,10.988954850603273,2.011045149396727
2024-11-22,SKU_15,WH_2,12,10.55,10.74304722988734,1.25695277011266
2024-11-23,SKU_15,WH_2,10,2.62,4.9718728423330205,5.0281271576669795
2024-11-24,SKU_15,WH_2,9,9.89,10.176464839038287,1.176464839038287
2024-11-25,SKU_15,WH_2,15,16.23,14.859808753999085,0.14019124600091537
2024-11-26,SKU_15,WH_2,10,10.89,10.919070003091889,0.919070003091889
2024-11-27,SKU_15,WH_2,12,14.93,13.729894383763844,1.7298943837638436
2024-11-28,SKU_15,WH_2,9,10.22,10.359836969124679,1.3598369691246788
2024-11-29,SKU_15,WH_2,23,21.64,18.911110150855173,4.088889849144827
2024-11-30,SKU_15,WH_2,23,18.18,16.118737132744393,6.881262867255607
2024-12-01,SKU_15,WH_2,20,19.05,17.282031434277478,2.717968565722522
2024-12-02,SKU_15,WH_2,2,0.0,2.7044839493242954,0.7044839493242954
2024-12-03,SKU_15,WH_2,18,16.49,15.190048070637982,2.8099519293620183
2024-12-04,SKU_15,WH_2,21,20.89,18.45647076622014,2.5435292337798607
2024-12-05,SKU_15,WH_2,11,10.11,10.589466478401446,0.4105335215985537
2024-12-06,SKU_15,WH_2,8,6.39,7.722817145156599,0.2771828548434012
2024-12-07,SKU_15,WH_2,18,18.15,16.36415237431559,1.6358476256844092
2024-12-08,SKU_15,WH_2,32,33.22,29.594897790777093,2.405102209222907
2024-12-09,SKU_15,WH_2,16,13.21,12.89856813334559,3.1014318666544103
2024-12-10,SKU_15,WH_2,10,9.09,10.273258642197865,0.2732586421978649
2024-12-11,SKU_15,WH_2,7,9.47,10.252189566499567,3.252189566499567
2024-12-12,SKU_15,WH_2,13,15.78,15.055036767707763,2.0550367677077634
2024-12-13,SKU_15,WH_2,15,15.86,15.128098369285452,0.1280983692854516
2024-12-14,SKU_15,WH_2,21,21.05,18.83448173429033,2.1655182657096717
2024-12-15,SKU_15,WH_2,15,10.81,11.226244421410321,3.773755578589679
2024-12-16,SKU_15,WH_2,12,9.93,10.536135985864346,1.4638640141356536
2024-12-17,SKU_15,WH_2,17,15.77,15.035821102909026,1.9641788970909744
2024-12-18,SKU_15,WH_2,10,11.53,11.569006120967282,1.5690061209672823
2024-12-19,SKU_15,WH_2,18,13.04,12.850334767919273,5.149665232080727
2024-12-20,SKU_15,WH_2,8,8.45,9.466745217516833,1.4667452175168325
2024-12-21,SKU_15,WH_2,24,21.49,19.12147242121293,4.878527578787072
2024-12-22,SKU_15,WH_2,18,20.01,18.026958990352345,0.026958990352344614
2024-12-23,SKU_15,WH_2,25,24.59,21.4266864634245,3.573313536575501
2024-12-24,SKU_15,WH_2,12,9.01,9.94422867835753,2.055771321642469
2024-12-25,SKU_15,WH_2,26,24.27,21.420656743098107,4.579343256901893
2024-12-26,SKU_15,WH_2,9,12.79,12.602043164348995,3.602043164348995
2024-12-27,SKU_15,WH_2,21,19.3,17.54438051584702,3.4556194841529795
2024-12-28,SKU_15,WH_2,3,4.16,6.237591024030491,3.2375910240304906
2024-12-29,SKU_15,WH_2,29,21.14,20.122478045491064,8.877521954508936
2024-12-30,SKU_15,WH_2,19,13.81,14.132155357210053,4.867844642789947
2024-11-10,SKU_15,WH_3,18,21.78,19.223947477204177,1.2239474772041774
2024-11-11,SKU_15,WH_3,11,12.08,11.587738560174326,0.5877385601743264
2024-11-12,SKU_15,WH_3,13,8.43,9.100777075328166,3.899222924671834
2024-11-13,SKU_15,WH_3,7,7.3,8.248124034344299,1.2481240343442987
2024-11-14,SKU_15,WH_3,16,17.68,15.843050817124805,0.156949182875195
2024-11-15,SKU_15,WH_3,17,20.43,18.023254897181292,1.0232548971812925
2024-11-16,SKU_15,WH_3,16,16.66,15.243011292017197,0.7569887079828028
2024-11-17,SKU_15,WH_3,12,18.03,16.093383200975605,4.093383200975605
2024-11-18,SKU_15,WH_3,7,6.66,7.403151885309199,0.40315188530919865
2024-11-19,SKU_15,WH_3,19,22.36,19.423712587111226,0.4237125871112255
2024-11-20,SKU_15,WH_3,13,6.64,7.391892602487311,5.608107397512689
2024-11-21,SKU_15,WH_3,19,23.69,20.37093423752754,1.370934237527539
2024-11-22,SKU_15,WH_3,16,15.63,14.581033446263627,1.4189665537363734
2024-11-23,SKU_15,WH_3,16,13.27,12.737404049453257,3.262595950546743
2024-11-24,SKU_15,WH_3,17,21.55,18.840542363235446,1.8405423632354463
2024-11-25,SKU_15,WH_3,18,16.29,14.972547199722609,3.0274528002773913
2024-11-26,SKU_15,WH_3,21,16.93,15.409039669189301,5.590960330810699
2024-11-27,SKU_15,WH_3,15,13.5,12.76190201877997,2.2380979812200295
2024-11-28,SKU_15,WH_3,17,18.11,16.294654879088995,0.7053451209110051
2024-11-29,SKU_15,WH_3,9,9.47,10.002822399246767,1.0028223992467673
2024-11-30,SKU_15,WH_3,22,20.93,18.481679544561295,3.5183204554387046
2024-12-01,SKU_15,WH_3,4,8.34,9.362707402033344,5.362707402033344
2024-12-02,SKU_15,WH_3,10,4.56,6.485575309459406,3.5144246905405936
2024-12-03,SKU_15,WH_3,14,10.36,10.67827062620735,3.3217293737926497
2024-12-04,SKU_15,WH_3,10,11.39,11.362321248846657,1.3623212488466567
2024-12-05,SKU_15,WH_3,17,20.51,18.38361981236724,1.3836198123672396
2024-12-06,SKU_15,WH_3,15,12.47,12.313759467084415,2.686240532915585
2024-12-07,SKU_15,WH_3,20,20.72,19.76219938360918,0.23780061639082106
2024-12-08,SKU_15,WH_3,9,10.57,11.015559193824874,2.015559193824874
2024-12-09,SKU_15,WH_3,11,11.17,11.245178527586708,0.24517852758670777
2024-12-10,SKU_15,WH_3,15,13.94,13.358759092507588,1.6412409074924117
2024-12-11,SKU_15,WH_3,16,11.73,11.41260717375575,4.587392826244249
2024-12-12,SKU_15,WH_3,18,17.19,15.795259144985115,2.204740855014885
2024-12-13,SKU_15,WH_3,18,18.86,16.96603133327417,1.0339686667258299
2024-12-14,SKU_15,WH_3,20,20.86,18.53595584737856,1.4640441526214403
2024-12-15,SKU_15,WH_3,19,18.61,16.879067391270414,2.1209326087295857
2024-12-16,SKU_15,WH_3,25,33.66,28.13934072189115,3.1393407218911484
2024-12-17,SKU_15,WH_3,12,11.27,11.523683325190166,0.47631667480983353
2024-12-18,SKU_15,WH_3,14,12.93,12.597331974803248,1.4026680251967516
2024-12-19,SKU_15,WH_3,19,21.37,19.175435386279702,0.1754353862797018
2024-12-20,SKU_15,WH_3,13,13.45,13.04855093975805,0.048550939758049694
2024-12-21,SKU_15,WH_3,24,20.56,18.519626057483585,5.480373942516415
2024-12-22,SKU_15,WH_3,15,17.21,16.036247392148848,1.036247392148848
2024-12-23,SKU_15,WH_3,5,7.69,8.975602343740606,3.975602343740606
2024-12-24,SKU_15,WH_3,15,15.17,14.447979417743637,0.5520205822563629
2024-12-25,SKU_15,WH_3,19,20.77,18.536187851815512,0.4638121481844877
2024-12-26,SKU_15,WH_3,26,22.51,19.94852677256875,6.051473227431249
2024-12-27,SKU_15,WH_3,21,24.3,21.44176406733724,0.44176406733723894
2024-12-28,SKU_15,WH_3,17,9.95,10.490169628679265,6.509830371320735
2024-12-29,SKU_15,WH_3,16,18.63,16.930664516511573,0.9306645165115732
2024-12-30,SKU_15,WH_3,21,16.6,16.391523721403104,4.608476278596896
2024-11-10,SKU_15,WH_4,12,10.46,10.487280122561293,1.5127198774387072
2024-11-11,SKU_15,WH_4,17,13.88,13.204241160325005,3.7957588396749955
2024-11-12,SKU_15,WH_4,0,0.16,2.5713567024933055,2.5713567024933055
2024-11-13,SKU_15,WH_4,8,5.65,6.837896847195525,1.162103152804475
2024-11-14,SKU_15,WH_4,14,17.45,16.777420209541503,2.7774202095415035
2024-11-15,SKU_15,WH_4,13,9.02,9.767189904985607,3.2328100950143934
2024-11-16,SKU_15,WH_4,8,8.76,9.157435242181183,1.157435242181183
2024-11-17,SKU_15,WH_4,15,9.3,9.723992693652983,5.276007306347017
2024-11-18,SKU_15,WH_4,16,17.76,15.957309866953645,0.04269013304635472
2024-11-19,SKU_15,WH_4,13,10.87,10.861420229042743,2.138579770957257
2024-11-20,SKU_15,WH_4,18,20.35,17.817602848966114,0.18239715103388576
2024-11-21,SKU_15,WH_4,18,18.29,16.169063585521556,1.830936414478444
2024-11-22,SKU_15,WH_4,14,14.77,13.672183997125975,0.3278160028740249
2024-11-23,SKU_15,WH_4,16,10.51,11.154610659026714,4.845389340973286
2024-11-24,SKU_15,WH_4,13,15.33,14.246839217396946,1.2468392173969463
2024-11-25,SKU_15,WH_4,20,22.76,19.86050963108628,0.13949036891371946
2024-11-26,SKU_15,WH_4,14,13.12,12.466530148835837,1.5334698511641633
2024-11-27,SKU_15,WH_4,16,17.51,16.901785203239463,0.9017852032394629
2024-11-28,SKU_15,WH_4,14,12.55,12.143392984949324,1.8566070150506757
2024-11-29,SKU_15,WH_4,19,19.16,17.124249926348032,1.875750073651968
2024-11-30,SKU_15,WH_4,13,16.26,15.071377342196637,2.0713773421966373
2024-12-01,SKU_15,WH_4,19,19.55,17.79254165642508,1.2074583435749204
2024-12-02,SKU_15,WH_4,20,22.9,20.30909911693678,0.3090991169367783
2024-12-03,SKU_15,WH_4,18,16.6,15.479698354735671,2.520301645264329
2024-12-04,SKU_15,WH_4,7,7.48,8.783014882913683,1.7830148829136832
2024-12-05,SKU_15,WH_4,27,25.74,24.005556990525086,2.9944430094749137
2024-12-06,SKU_15,WH_4,12,14.71,13.885756972144398,1.8857569721443976
2024-12-07,SKU_15,WH_4,15,16.5,15.397319174986297,0.397319174986297
2024-12-08,SKU_15,WH_4,18,24.98,21.814821659964313,3.8148216599643128
2024-12-09,SKU_15,WH_4,14,10.73,11.211446737351693,2.788553262648307
2024-12-10,SKU_15,WH_4,18,20.21,19.42704310625856,1.4270431062585587
2024-12-11,SKU_15,WH_4,16,13.38,13.000079919640068,2.9999200803599315
2024-12-12,SKU_15,WH_4,22,19.91,18.08785945035599,3.912140549644011
2024-12-13,SKU_15,WH_4,24,30.3,27.64808584407642,3.6480858440764194
2024-12-14,SKU_15,WH_4,9,7.42,8.832128923172165,0.16787107682783464
2024-12-15,SKU_15,WH_4,14,16.12,15.310342747840703,1.3103427478407035
2024-12-16,SKU_15,WH_4,8,5.25,7.386469908733136,0.6135300912668642
2024-12-17,SKU_15,WH_4,24,27.04,23.53964243025691,0.4603575697430884
2024-12-18,SKU_15,WH_4,19,15.42,14.790802382712112,4.209197617287888
2024-12-19,SKU_15,WH_4,11,14.27,13.612893504571264,2.6128935045712645
2024-12-20,SKU_15,WH_4,16,14.4,13.702830316665494,2.2971696833345057
2024-12-21,SKU_15,WH_4,16,11.8,11.86988194724302,4.1301180527569805
2024-12-22,SKU_15,WH_4,9,2.29,4.339730466183143,4.660269533816857
2024-12-23,SKU_15,WH_4,21,27.1,23.53433132711802,2.5343313271180214
2024-12-24,SKU_15,WH_4,19,22.12,19.753517653106993,0.7535176531069929
2024-12-25,SKU_15,WH_4,21,24.45,21.415152528978762,0.4151525289787621
2024-12-26,SKU_15,WH_4,19,16.01,15.194644087246088,3.805355912753912
2024-12-27,SKU_15,WH_4,13,10.97,11.307818948124302,1.6921810518756981
2024-12-28,SKU_15,WH_4,17,19.08,17.399170238561698,0.3991702385616982
2024-12-29,SKU_15,WH_4,12,10.42,10.909177801005823,1.0908221989941769
2024-12-30,SKU_15,WH_4,21,21.82,20.656382801959204,0.34361719804079627
2024-11-10,SKU_15,WH_5,14,10.82,10.845061133294141,3.1549388667058587
2024-11-11,SKU_15,WH_5,15,18.51,17.547681674572218,2.5476816745722175
2024-11-12,SKU_15,WH_5,9,10.85,10.837914824574332,1.837914824574332
2024-11-13,SKU_15,WH_5,9,9.3,9.81019898978624,0.8101989897862403
2024-11-14,SKU_15,WH_5,12,16.9,15.27237357292196,3.2723735729219605
2024-11-15,SKU_15,WH_5,18,17.31,15.572746154952698,2.427253845047302
2024-11-16,SKU_15,WH_5,20,22.49,19.545069828929734,0.45493017107026645
2024-11-17,SKU_15,WH_5,10,10.89,10.937777314903006,0.9377773149030055
2024-11-18,SKU_15,WH_5,12,5.85,6.987696000312786,5.012303999687214
2024-11-19,SKU_15,WH_5,20,22.01,19.274446617012426,0.7255533829875738
2024-11-20,SKU_15,WH_5,16,14.42,13.339344925941768,2.6606550740582318
2024-11-21,SKU_15,WH_5,20,18.24,16.217526342687215,3.782473657312785
2024-11-22,SKU_15,WH_5,22,21.25,18.757851511756726,3.2421484882432736
2024-11-23,SKU_15,WH_5,10,13.23,12.82929207857985,2.8292920785798508
2024-11-24,SKU_15,WH_5,11,12.75,12.354355800984347,1.3543558009843473
2024-11-25,SKU_15,WH_5,27,27.44,25.176496835249512,1.8235031647504876
2024-11-26,SKU_15,WH_5,14,10.69,11.019751447360926,2.9802485526390736
2024-11-27,SKU_15,WH_5,9,9.25,10.326514845114966,1.326514845114966
2024-11-28,SKU_15,WH_5,15,8.96,9.569830251686371,5.430169748313629
2024-11-29,SKU_15,WH_5,19,19.45,17.373986310723787,1.6260136892762134
2024-11-30,SKU_15,WH_5,7,6.22,7.267005595349079,0.26700559534907864
2024-12-01,SKU_15,WH_5,15,12.21,12.167116406843107,2.832883593156893
2024-12-02,SKU_15,WH_5,13,10.11,10.679543441278415,2.3204565587215846
2024-12-03,SKU_15,WH_5,18,15.22,14.4725624327339,3.5274375672661
2024-12-04,SKU_15,WH_5,11,16.34,15.16477124373805,4.16477124373805
2024-12-05,SKU_15,WH_5,16,16.93,15.562886307515313,0.43711369248468657
2024-12-06,SKU_15,WH_5,10,5.48,7.282362848071505,2.7176371519284954
2024-12-07,SKU_15,WH_5,19,21.31,18.99154396927622,0.008456030723781538
2024-12-08,SKU_15,WH_5,22,20.05,18.22253771317582,3.7774622868241785
2024-12-09,SKU_15,WH_5,14,14.1,13.46507533835364,0.5349246616463592
2024-12-10,SKU_15,WH_5,22,20.64,18.46202335246393,3.5379766475360697
2024-12-11,SKU_15,WH_5,9,8.51,9.529979049915914,0.529979049915914
2024-12-12,SKU_15,WH_5,21,16.63,15.436297081909686,5.563702918090314
2024-12-13,SKU_15,WH_5,15,15.57,15.764636737625192,0.7646367376251924
2024-12-14,SKU_15,WH_5,12,15.75,15.132776796300043,3.1327767963000426
2024-12-15,SKU_15,WH_5,12,14.56,13.740158166391861,1.7401581663918613
2024-12-16,SKU_15,WH_5,13,15.37,14.563416362258153,1.5634163622581525
2024-12-17,SKU_15,WH_5,12,9.77,10.385514732004138,1.6144852679958621
2024-12-18,SKU_15,WH_5,14,11.89,11.758891695974423,2.241108304025577
2024-12-19,SKU_15,WH_5,25,29.25,24.819192715407198,0.18080728459280238
2024-12-20,SKU_15,WH_5,15,13.4,12.95369742527478,2.0463025747252193
2024-12-21,SKU_15,WH_5,12,10.55,11.045889924769607,0.9541100752303926
2024-12-22,SKU_15,WH_5,15,10.29,10.837262822859401,4.162737177140599
2024-12-23,SKU_15,WH_5,22,21.83,19.567142652335715,2.432857347664285
2024-12-24,SKU_15,WH_5,27,31.54,26.66686615459511,0.3331338454048911
2024-12-25,SKU_15,WH_5,16,14.34,14.457061828216721,1.5429381717832786
2024-12-26,SKU_15,WH_5,18,21.33,19.05937392914934,1.0593739291493414
2024-12-27,SKU_15,WH_5,9,8.54,9.517977217850534,0.5179772178505342
2024-12-28,SKU_15,WH_5,18,18.81,17.021492075709588,0.9785079242904118
2024-12-29,SKU_15,WH_5,20,18.6,16.974269062130784,3.0257309378692163
2024-12-30,SKU_15,WH_5,15,14.13,14.457637360128965,0.5423626398710351
2024-11-10,SKU_16,WH_1,18,17.62,16.98383836103161,1.0161616389683914
2024-11-11,SKU_16,WH_1,16,13.48,12.639837217337451,3.360162782662549
2024-11-12,SKU_16,WH_1,15,20.47,19.31119563967888,4.311195639678878
2024-11-13,SKU_16,WH_1,13,10.74,10.801811673819207,2.1981883261807926
2024-11-14,SKU_16,WH_1,6,4.32,6.1157118572120135,0.11571185721201349
2024-11-15,SKU_16,WH_1,10,10.12,10.349059492884367,0.34905949288436666
2024-11-16,SKU_16,WH_1,17,16.33,14.900064486026519,2.099935513973481
2024-11-17,SKU_16,WH_1,22,20.26,19.056588126055004,2.9434118739449957
2024-11-18,SKU_16,WH_1,8,9.45,9.732587698953308,1.7325876989533082
2024-11-19,SKU_16,WH_1,7,7.99,8.499764379509548,1.499764379509548
2024-11-20,SKU_16,WH_1,14,12.42,11.754851123737977,2.2451488762620233
2024-11-21,SKU_16,WH_1,4,5.42,6.826901471412545,2.826901471412545
2024-11-22,SKU_16,WH_1,23,22.96,21.252560913130218,1.7474390868697824
2024-11-23,SKU_16,WH_1,10,10.1,10.12574204811355,0.1257420481135494
2024-11-24,SKU_16,WH_1,24,22.03,19.251499738961318,4.748500261038682
2024-11-25,SKU_16,WH_1,16,14.61,13.37250970216352,2.6274902978364807
2024-11-26,SKU_16,WH_1,10,11.22,10.935210585882318,0.9352105858823183
2024-11-27,SKU_16,WH_1,14,10.03,10.558739795435583,3.4412602045644167
2024-11-28,SKU_16,WH_1,19,21.53,18.780285949603247,0.21971405039675318
2024-11-29,SKU_16,WH_1,3,7.77,8.757192173494152,5.757192173494152
2024-11-30,SKU_16,WH_1,12,12.36,11.821051030754898,0.17894896924510206
2024-12-01,SKU_16,WH_1,19,17.64,16.061642387048142,2.938357612951858
2024-12-02,SKU_16,WH_1,19,19.17,17.19499704878077,1.8050029512192296
2024-12-03,SKU_16,WH_1,18,18.36,16.403770873234777,1.5962291267652233
2024-12-04,SKU_16,WH_1,24,25.66,22.305674019621286,1.6943259803787143
2024-12-05,SKU_16,WH_1,15,13.45,12.936675837248265,2.0633241627517354
2024-12-06,SKU_16,WH_1,15,13.46,12.955390504909394,2.044609495090606
2024-12-07,SKU_16,WH_1,14,14.02,13.53191425416169,0.46808574583831053
2024-12-08,SKU_16,WH_1,12,11.64,11.684714531383701,0.3152854686162989
2024-12-09,SKU_16,WH_1,16,21.4,19.13602201386681,3.1360220138668105
2024-12-10,SKU_16,WH_1,15,11.39,11.498496652989795,3.501503347010205
2024-12-11,SKU_16,WH_1,15,14.07,13.531349568671983,1.468650431328017
2024-12-12,SKU_16,WH_1,13,13.6,13.118537745597354,0.11853774559735442
2024-12-13,SKU_16,WH_1,14,12.31,12.236904317814071,1.763095682185929
2024-12-14,SKU_16,WH_1,18,21.33,19.0284390882742,1.028439088274201
2024-12-15,SKU_16,WH_1,20,20.76,18.56359548052393,1.4364045194760706
2024-12-16,SKU_16,WH_1,16,14.28,13.586253004246393,2.4137469957536073
2024-12-17,SKU_16,WH_1,10,10.78,11.201107133422285,1.2011071334222851
2024-12-18,SKU_16,WH_1,18,19.04,17.26428188980322,0.7357181101967782
2024-12-19,SKU_16,WH_1,29,27.62,23.791363506415305,5.208636493584695
2024-12-20,SKU_16,WH_1,21,17.65,16.26443595502132,4.73556404497868
2024-12-21,SKU_16,WH_1,16,18.72,17.03447201307054,1.0344720130705412
2024-12-22,SKU_16,WH_1,19,23.66,20.965696990994854,1.9656969909948536
2024-12-23,SKU_16,WH_1,20,13.77,13.983008854010182,6.016991145989818
2024-12-24,SKU_16,WH_1,23,20.92,18.813066007645713,4.186933992354287
2024-12-25,SKU_16,WH_1,16,17.25,16.146394797057134,0.14639479705713399
2024-12-26,SKU_16,WH_1,22,25.51,22.639370346005137,0.639370346005137
2024-12-27,SKU_16,WH_1,19,17.78,16.633445170002833,2.366554829997167
2024-12-28,SKU_16,WH_1,13,11.88,12.18618813047209,0.8138118695279104
2024-12-29,SKU_16,WH_1,15,14.99,14.447323260981335,0.5526767390186649
2024-12-30,SKU_16,WH_1,18,21.98,20.774914838535864,2.7749148385358637
2024-11-10,SKU_16,WH_2,9,11.17,11.061537666064583,2.0615376660645826
2024-11-11,SKU_16,WH_2,2,1.04,3.478094878563037,1.478094878563037
2024-11-12,SKU_16,WH_2,16,13.87,13.106711241227858,2.893288758772142
2024-11-13,SKU_16,WH_2,19,16.78,15.187398146370308,3.812601853629692
2024-11-14,SKU_16,WH_2,18,16.19,14.815944568546811,3.1840554314531886
2024-11-15,SKU_16,WH_2,5,10.97,10.941208764490945,5.941208764490945
2024-11-16,SKU_16,WH_2,9,6.39,7.371714654982572,1.628285345017428
2024-11-17,SKU_16,WH_2,11,2.94,4.870391719228579,6.129608280771421
2024-11-18,SKU_16,WH_2,7,8.79,9.24672047169493,2.24672047169493
2024-11-19,SKU_16,WH_2,18,11.84,11.462886171573128,6.537113828426872
2024-11-20,SKU_16,WH_2,13,9.4,9.768155800391185,3.2318441996088154
2024-11-21,SKU_16,WH_2,14,16.12,14.743643180060472,0.7436431800604719
2024-11-22,SKU_16,WH_2,18,17.22,15.432845908218308,2.567154091781692
2024-11-23,SKU_16,WH_2,19,12.49,11.917898705852531,7.082101294147469
2024-11-24,SKU_16,WH_2,8,12.01,11.550211686008264,3.5502116860082644
2024-11-25,SKU_16,WH_2,2,4.66,6.115790208582288,4.115790208582288
2024-11-26,SKU_16,WH_2,17,16.07,14.691115443221356,2.3088845567786436
2024-11-27,SKU_16,WH_2,14,8.81,9.172292737710114,4.827707262289886
2024-11-28,SKU_16,WH_2,5,7.01,7.521148740303406,2.5211487403034063
2024-11-29,SKU_16,WH_2,19,18.44,16.241339705896145,2.758660294103855
2024-11-30,SKU_16,WH_2,10,13.36,12.604868107037461,2.6048681070374613
2024-12-01,SKU_16,WH_2,15,13.83,13.046386375974594,1.9536136240254063
2024-12-02,SKU_16,WH_2,19,14.93,14.786477811282861,4.213522188717139
2024-12-03,SKU_16,WH_2,27,28.4,24.13183292756981,2.8681670724301895
2024-12-04,SKU_16,WH_2,21,22.62,19.86585698701629,1.13414301298371
2024-12-05,SKU_16,WH_2,11,13.65,13.029530573147683,2.0295305731476834
2024-12-06,SKU_16,WH_2,14,15.6,14.827341770999931,0.8273417709999311
2024-12-07,SKU_16,WH_2,18,19.84,17.933689231547643,0.0663107684523574
2024-12-08,SKU_16,WH_2,21,21.87,19.600418640985666,1.3995813590143342
2024-12-09,SKU_16,WH_2,12,9.12,10.119237341286112,1.8807626587138877
2024-12-10,SKU_16,WH_2,18,20.63,18.428550133441405,0.428550133441405
2024-12-11,SKU_16,WH_2,16,10.7,11.085951769583852,4.914048230416148
2024-12-12,SKU_16,WH_2,3,0.0,2.8583316184012726,0.1416683815987274
2024-12-13,SKU_16,WH_2,18,17.01,15.572024681598666,2.4279753184013337
2024-12-14,SKU_16,WH_2,28,29.27,27.066062281074608,0.9339377189253923
2024-12-15,SKU_16,WH_2,24,23.51,20.721251664163475,3.278748335836525
2024-12-16,SKU_16,WH_2,29,27.38,23.52794451146513,5.4720554885348704
2024-12-17,SKU_16,WH_2,14,11.24,11.565598925900828,2.4344010740991724
2024-12-18,SKU_16,WH_2,18,18.78,17.07503284891789,0.9249671510821109
2024-12-19,SKU_16,WH_2,20,18.43,16.76208512015475,3.237914879845249
2024-12-20,SKU_16,WH_2,8,7.11,8.947563962993721,0.9475639629937209
2024-12-21,SKU_16,WH_2,19,21.89,19.79167958966868,0.7916795896686786
2024-12-22,SKU_16,WH_2,20,15.93,15.15791967069039,4.84208032930961
2024-12-23,SKU_16,WH_2,20,19.38,17.683566799291178,2.316433200708822
2024-12-24,SKU_16,WH_2,14,11.47,11.617576991985182,2.3824230080148183
2024-12-25,SKU_16,WH_2,13,10.23,10.695804173269586,2.304195826730414
2024-12-26,SKU_16,WH_2,18,18.53,16.90735623680161,1.0926437631983887
2024-12-27,SKU_16,WH_2,10,10.51,11.035927565725157,1.0359275657251565
2024-12-28,SKU_16,WH_2,16,19.11,17.32982404468052,1.329824044680521
2024-12-29,SKU_16,WH_2,20,22.35,20.04012822934985,0.040128229349850386
2024-12-30,SKU_16,WH_2,23,28.38,25.49470506161059,2.4947050616105884
2024-11-10,SKU_16,WH_3,15,18.35,16.253353945139565,1.2533539451395654
2024-11-11,SKU_16,WH_3,6,5.66,6.997576255095278,0.9975762550952778
2024-11-12,SKU_16,WH_3,14,12.36,11.87563168479099,2.1243683152090096
2024-11-13,SKU_16,WH_3,7,4.58,6.090056438869051,0.909943561130949
2024-11-14,SKU_16,WH_3,9,7.38,8.268449723852463,0.7315502761475372
2024-11-15,SKU_16,WH_3,24,25.58,21.8949433774381,2.1050566225619
2024-11-16,SKU_16,WH_3,5,9.5,9.879305529600307,4.879305529600307
2024-11-17,SKU_16,WH_3,8,8.01,8.584398903778796,0.584398903778796
2024-11-18,SKU_16,WH_3,16,13.89,13.028682246648442,2.971317753351558
2024-11-19,SKU_16,WH_3,11,14.26,13.137691516973083,2.1376915169730832
2024-11-20,SKU_16,WH_3,11,10.79,10.739148552330116,0.260851447669884
2024-11-21,SKU_16,WH_3,19,19.07,16.808494329233262,2.1915056707667375
2024-11-22,SKU_16,WH_3,24,24.85,21.226966701602812,2.7730332983971877
2024-11-23,SKU_16,WH_3,14,9.18,9.81680697538167,4.18319302461833
2024-11-24,SKU_16,WH_3,14,17.43,15.725533940329687,1.7255339403296865
2024-11-25,SKU_16,WH_3,15,15.63,14.554774546024172,0.44522545397582824
2024-11-26,SKU_16,WH_3,21,16.94,15.266557453817821,5.733442546182179
2024-11-27,SKU_16,WH_3,11,10.94,11.50410391418588,0.5041039141858796
2024-11-28,SKU_16,WH_3,12,18.47,16.393502894445035,4.393502894445035
2024-11-29,SKU_16,WH_3,24,19.77,17.51713160081258,6.482868399187421
2024-11-30,SKU_16,WH_3,21,18.84,16.695150239300936,4.304849760699064
2024-12-01,SKU_16,WH_3,13,18.2,16.51394608149773,3.5139460814977284
2024-12-02,SKU_16,WH_3,18,18.2,16.564082135880316,1.4359178641196841
2024-12-03,SKU_16,WH_3,10,6.17,7.503467516161644,2.4965324838383562
2024-12-04,SKU_16,WH_3,11,12.19,12.190046667103507,1.1900466671035073
2024-12-05,SKU_16,WH_3,21,23.97,20.996224666777216,0.0037753332227836722
2024-12-06,SKU_16,WH_3,4,6.96,8.07075279364064,4.07075279364064
2024-12-07,SKU_16,WH_3,14,12.85,12.47576371403013,1.5242362859698702
2024-12-08,SKU_16,WH_3,11,13.52,13.091833267316373,2.091833267316373
2024-12-09,SKU_16,WH_3,12,12.5,12.28443345879217,0.2844334587921704
2024-12-10,SKU_16,WH_3,21,18.17,16.44004059980453,4.559959400195471
2024-12-11,SKU_16,WH_3,18,22.67,20.094022877683006,2.094022877683006
2024-12-12,SKU_16,WH_3,11,5.99,7.392212085721573,3.6077879142784273
2024-12-13,SKU_16,WH_3,2,4.13,6.14049136574172,4.14049136574172
2024-12-14,SKU_16,WH_3,19,18.68,16.725681045209363,2.274318954790637
2024-12-15,SKU_16,WH_3,22,18.1,16.318550494416836,5.6814495055831635
2024-12-16,SKU_16,WH_3,9,9.51,10.05258355773517,1.0525835577351703
2024-12-17,SKU_16,WH_3,25,26.32,22.725011259663926,2.274988740336074
2024-12-18,SKU_16,WH_3,12,8.86,9.62023541435837,2.379764585641629
2024-12-19,SKU_16,WH_3,19,14.15,13.43683332054599,5.56316667945401
2024-12-20,SKU_16,WH_3,18,19.68,17.83829391546876,0.16170608453123947
2024-12-21,SKU_16,WH_3,12,12.49,12.323272416857467,0.323272416857467
2024-12-22,SKU_16,WH_3,10,9.19,10.12474086403556,0.1247408640355605
2024-12-23,SKU_16,WH_3,22,26.93,23.359433808906683,1.359433808906683
2024-12-24,SKU_16,WH_3,14,15.56,14.846814441166677,0.8468144411666767
2024-12-25,SKU_16,WH_3,9,0.08,2.7814248563391946,6.218575143660805
2024-12-26,SKU_16,WH_3,23,30.14,25.65790634102574,2.6579063410257397
2024-12-27,SKU_16,WH_3,19,17.04,15.695585872277345,3.304414127722655
2024-12-28,SKU_16,WH_3,11,13.12,12.74610786907188,1.7461078690718796
2024-12-29,SKU_16,WH_3,21,19.1,17.26576582382579,3.7342341761742084
2024-12-30,SKU_16,WH_3,23,24.37,22.44157549522112,0.5584245047788805
2024-11-10,SKU_16,WH_4,11,12.82,12.201702204941794,1.2017022049417942
2024-11-11,SKU_16,WH_4,14,13.22,12.669309891610862,1.3306901083891383
2024-11-12,SKU_16,WH_4,15,17.32,15.5940031835432,0.5940031835431991
2024-11-13,SKU_16,WH_4,18,18.76,16.538773741801034,1.4612262581989661
2024-11-14,SKU_16,WH_4,11,5.79,7.032144038162543,3.967855961837457
2024-11-15,SKU_16,WH_4,8,6.99,7.6152979702757175,0.38470202972428247
2024-11-16,SKU_16,WH_4,17,18.74,16.57468469204626,0.4253153079537384
2024-11-17,SKU_16,WH_4,16,15.27,14.148998750637723,1.8510012493622767
2024-11-18,SKU_16,WH_4,9,7.95,8.617234692318474,0.3827653076815256
2024-11-19,SKU_16,WH_4,17,14.05,13.120039498653068,3.8799605013469325
2024-11-20,SKU_16,WH_4,7,13.86,13.090201990528353,6.090201990528353
2024-11-21,SKU_16,WH_4,13,14.64,13.458853463723607,0.4588534637236066
2024-11-22,SKU_16,WH_4,14,18.68,16.5456515805606,2.5456515805606017
2024-11-23,SKU_16,WH_4,17,20.19,17.889026059869853,0.8890260598698525
2024-11-24,SKU_16,WH_4,13,12.6,12.180185222895846,0.8198147771041544
2024-11-25,SKU_16,WH_4,0,1.19,3.3622401001513764,3.3622401001513764
2024-11-26,SKU_16,WH_4,20,21.77,19.188689849065753,0.8113101509342471
2024-11-27,SKU_16,WH_4,14,13.2,12.510180051667758,1.4898199483322419
2024-11-28,SKU_16,WH_4,13,10.87,10.830580505816297,2.1694194941837033
2024-11-29,SKU_16,WH_4,8,5.4,6.934836226471784,1.0651637735282158
2024-11-30,SKU_16,WH_4,24,21.58,18.754615035724374,5.245384964275626
2024-12-01,SKU_16,WH_4,18,19.22,17.25534744411025,0.7446525558897505
2024-12-02,SKU_16,WH_4,20,19.06,17.110589358092305,2.889410641907695
2024-12-03,SKU_16,WH_4,6,1.26,3.6850710869173233,2.3149289130826767
2024-12-04,SKU_16,WH_4,15,21.36,18.934690858656857,3.9346908586568574
2024-12-05,SKU_16,WH_4,18,18.72,16.797200331423365,1.2027996685766347
2024-12-06,SKU_16,WH_4,16,19.71,17.837641823667788,1.8376418236677878
2024-12-07,SKU_16,WH_4,15,8.65,10.020307011647036,4.979692988352964
2024-12-08,SKU_16,WH_4,18,16.69,16.423467907673295,1.5765320923267048
2024-12-09,SKU_16,WH_4,13,10.39,10.809907997807615,2.190092002192385
2024-12-10,SKU_16,WH_4,16,11.43,11.555905582888142,4.444094417111858
2024-12-11,SKU_16,WH_4,24,23.53,22.23179750916439,1.768202490835609
2024-12-12,SKU_16,WH_4,21,19.08,17.328318456083643,3.671681543916357
2024-12-13,SKU_16,WH_4,16,16.03,15.30028151326544,0.6997184867345592
2024-12-14,SKU_16,WH_4,13,15.44,14.757792208517882,1.7577922085178823
2024-12-15,SKU_16,WH_4,12,13.28,13.00198582301799,1.0019858230179892
2024-12-16,SKU_16,WH_4,22,26.16,22.808245787787918,0.8082457877879179
2024-12-17,SKU_16,WH_4,25,28.44,24.45415470073417,0.5458452992658316
2024-12-18,SKU_16,WH_4,13,19.52,17.748611907830448,4.748611907830448
2024-12-19,SKU_16,WH_4,18,15.87,15.08521388682774,2.9147861131722603
2024-12-20,SKU_16,WH_4,18,19.45,18.752400032108824,0.7524000321088238
2024-12-21,SKU_16,WH_4,15,14.9,14.180566841575374,0.8194331584246264
2024-12-22,SKU_16,WH_4,19,18.82,17.070375487165993,1.9296245128340068
2024-12-23,SKU_16,WH_4,19,19.7,17.921255396348254,1.0787446036517458
2024-12-24,SKU_16,WH_4,27,27.48,23.738643514025185,3.261356485974815
2024-12-25,SKU_16,WH_4,10,9.42,10.230084378465003,0.23008437846500307
2024-12-26,SKU_16,WH_4,20,13.87,13.635713132010089,6.364286867989911
2024-12-27,SKU_16,WH_4,24,29.44,25.342830833382635,1.342830833382635
2024-12-28,SKU_16,WH_4,26,27.47,25.37020671163281,0.6297932883671891
2024-12-29,SKU_16,WH_4,13,12.25,12.379380400648566,0.6206195993514338
2024-12-30,SKU_16,WH_4,5,6.13,8.774167298750218,3.7741672987502177
2024-11-10,SKU_16,WH_5,7,9.36,9.859507526440236,2.859507526440236
2024-11-11,SKU_16,WH_5,7,4.32,6.216735200592729,0.783264799407271
2024-11-12,SKU_16,WH_5,10,9.26,9.825726078469176,0.17427392153082444
2024-11-13,SKU_16,WH_5,10,3.79,5.606107757453474,4.393892242546526
2024-11-14,SKU_16,WH_5,8,7.79,8.546804384216218,0.5468043842162178
2024-11-15,SKU_16,WH_5,16,16.51,14.959359769582715,1.040640230417285
2024-11-16,SKU_16,WH_5,9,11.02,10.876918385743528,1.8769183857435277
2024-11-17,SKU_16,WH_5,15,13.54,12.74884128149519,2.2511587185048096
2024-11-18,SKU_16,WH_5,5,4.05,5.6656813602025515,0.6656813602025515
2024-11-19,SKU_16,WH_5,9,13.24,12.50781161244215,3.5078116124421506
2024-11-20,SKU_16,WH_5,12,15.45,14.271775378764755,2.2717753787647545
2024-11-21,SKU_16,WH_5,24,28.92,26.18167126540774,2.18167126540774
2024-11-22,SKU_16,WH_5,14,14.91,13.77018899967668,0.2298110003233198
2024-11-23,SKU_16,WH_5,17,20.67,18.05126028793347,1.05126028793347
2024-11-24,SKU_16,WH_5,14,19.73,17.52757925310823,3.527579253108229
2024-11-25,SKU_16,WH_5,15,12.94,12.294562978345926,2.705437021654074
2024-11-26,SKU_16,WH_5,17,16.6,15.117353868119402,1.8826461318805983
2024-11-27,SKU_16,WH_5,11,7.89,8.664690565222694,2.3353094347773062
2024-11-28,SKU_16,WH_5,17,20.56,18.039993215444124,1.0399932154441238
2024-11-29,SKU_16,WH_5,13,13.98,13.184450182560157,0.18445018256015722
2024-11-30,SKU_16,WH_5,18,14.74,13.72797649551506,4.27202350448494
2024-12-01,SKU_16,WH_5,17,16.77,15.550805425658979,1.4491945743410213
2024-12-02,SKU_16,WH_5,13,14.21,13.560784156276023,0.5607841562760232
2024-12-03,SKU_16,WH_5,16,19.03,17.299034236049085,1.299034236049085
2024-12-04,SKU_16,WH_5,7,8.86,9.689244750640214,2.6892447506402135
2024-12-05,SKU_16,WH_5,11,10.52,10.972922322627683,0.0270776773723167
2024-12-06,SKU_16,WH_5,25,26.82,23.128610240955297,1.8713897590447033
2024-12-07,SKU_16,WH_5,16,17.96,16.395687249004393,0.3956872490043928
2024-12-08,SKU_16,WH_5,26,27.71,25.84482270691619,0.1551772930838098
2024-12-09,SKU_16,WH_5,18,17.11,15.835235002009183,2.164764997990817
2024-12-10,SKU_16,WH_5,19,20.21,18.287036860591986,0.7129631394080143
2024-12-11,SKU_16,WH_5,18,21.89,20.95100410957689,2.951004109576889
2024-12-12,SKU_16,WH_5,12,14.79,14.091590360133605,2.0915903601336048
2024-12-13,SKU_16,WH_5,13,17.37,16.048662032197935,3.048662032197935
2024-12-14,SKU_16,WH_5,19,20.12,18.302588282373556,0.6974117176264443
2024-12-15,SKU_16,WH_5,14,13.98,13.523933191836756,0.4760668081632442
2024-12-16,SKU_16,WH_5,10,9.11,10.517029345421689,0.5170293454216885
2024-12-17,SKU_16,WH_5,16,16.26,15.22100183240962,0.7789981675903803
2024-12-18,SKU_16,WH_5,16,15.62,14.816627786056447,1.183372213943553
2024-12-19,SKU_16,WH_5,10,12.54,12.39398281582619,2.39398281582619
2024-12-20,SKU_16,WH_5,13,14.57,13.665039034966389,0.665039034966389
2024-12-21,SKU_16,WH_5,17,16.4,15.347989580791166,1.6520104192088336
2024-12-22,SKU_16,WH_5,11,9.48,10.100129921176725,0.899870078823275
2024-12-23,SKU_16,WH_5,27,28.82,24.53002815032154,2.4699718496784584
2024-12-24,SKU_16,WH_5,21,20.27,18.20972134671095,2.7902786532890502
2024-12-25,SKU_16,WH_5,19,17.0,15.644920163205178,3.355079836794822
2024-12-26,SKU_16,WH_5,9,14.53,13.747694827928305,4.747694827928305
2024-12-27,SKU_16,WH_5,20,25.45,22.184963764221138,2.1849637642211377
2024-12-28,SKU_16,WH_5,24,22.73,20.246643913295404,3.7533560867045956
2024-12-29,SKU_16,WH_5,31,29.55,27.376403903514507,3.6235960964854925
2024-12-30,SKU_16,WH_5,17,22.09,20.970194678723256,3.9701946787232565
2024-11-10,SKU_17,WH_1,6,1.1,3.310301550925311,2.689698449074689
2024-11-11,SKU_17,WH_1,16,14.85,13.736545716825301,2.263454283174699
2024-11-12,SKU_17,WH_1,8,2.02,3.9537457634574706,4.046254236542529
2024-11-13,SKU_17,WH_1,21,20.42,17.969692229378552,3.030307770621448
2024-11-14,SKU_17,WH_1,8,2.99,4.816299777204975,3.183700222795025
2024-11-15,SKU_17,WH_1,17,19.09,16.887276302391065,0.11272369760893497
2024-11-16,SKU_17,WH_1,6,5.77,7.0656321847150085,1.0656321847150085
2024-11-17,SKU_17,WH_1,16,19.92,17.624411844119862,1.6244118441198623
2024-11-18,SKU_17,WH_1,10,8.31,8.905829110701646,1.0941708892983542
2024-11-19,SKU_17,WH_1,7,1.27,3.332148517182252,3.667851482817748
2024-11-20,SKU_17,WH_1,17,16.8,15.16007671309628,1.8399232869037192
2024-11-21,SKU_17,WH_1,9,5.14,6.499065931698441,2.500934068301559
2024-11-22,SKU_17,WH_1,10,6.34,7.045184247921708,2.954815752078292
2024-11-23,SKU_17,WH_1,16,17.56,15.79419050949496,0.2058094905050396
2024-11-24,SKU_17,WH_1,12,12.82,12.166706531465639,0.16670653146563907
2024-11-25,SKU_17,WH_1,17,13.18,12.455751004733347,4.544248995266653
2024-11-26,SKU_17,WH_1,15,18.31,16.113736596805815,1.1137365968058148
2024-11-27,SKU_17,WH_1,15,15.55,14.419527918404466,0.5804720815955342
2024-11-28,SKU_17,WH_1,12,10.36,10.427246051572725,1.572753948427275
2024-11-29,SKU_17,WH_1,16,13.53,12.803224376237957,3.1967756237620435
2024-11-30,SKU_17,WH_1,20,19.25,17.140040417327352,2.859959582672648
2024-12-01,SKU_17,WH_1,23,18.26,16.35990995960696,6.640090040393041
2024-12-02,SKU_17,WH_1,10,6.75,8.020915473517281,1.979084526482719
2024-12-03,SKU_17,WH_1,12,16.06,15.174235086018438,3.174235086018438
2024-12-04,SKU_17,WH_1,24,22.12,19.608641775263663,4.3913582247363365
2024-12-05,SKU_17,WH_1,24,29.98,25.51773554644576,1.5177355464457598
2024-12-06,SKU_17,WH_1,19,18.41,17.90765222573474,1.09234777426526
2024-12-07,SKU_17,WH_1,13,9.82,10.497082172846023,2.5029178271539774
2024-12-08,SKU_17,WH_1,16,19.1,17.309940289888143,1.309940289888143
2024-12-09,SKU_17,WH_1,19,16.04,15.238010756827448,3.761989243172552
2024-12-10,SKU_17,WH_1,11,6.84,8.101620727535513,2.898379272464487
2024-12-11,SKU_17,WH_1,15,20.24,18.289029920552494,3.289029920552494
2024-12-12,SKU_17,WH_1,12,8.93,9.896105958234791,2.1038940417652086
2024-12-13,SKU_17,WH_1,20,20.79,18.56692920593503,1.433070794064971
2024-12-14,SKU_17,WH_1,28,22.33,20.967457673064306,7.032542326935694
2024-12-15,SKU_17,WH_1,19,16.7,15.566430531400977,3.433569468599023
2024-12-16,SKU_17,WH_1,14,14.49,13.680617462710613,0.31938253728938726
2024-12-17,SKU_17,WH_1,15,12.6,12.570065751697806,2.429934248302194
2024-12-18,SKU_17,WH_1,25,28.54,24.55631469222627,0.4436853077737304
2024-12-19,SKU_17,WH_1,25,24.18,21.40361557840985,3.5963844215901517
2024-12-20,SKU_17,WH_1,8,7.45,9.065217232175781,1.0652172321757813
2024-12-21,SKU_17,WH_1,16,18.87,18.128764694006147,2.128764694006147
2024-12-22,SKU_17,WH_1,24,28.12,24.34433512311198,0.34433512311197845
2024-12-23,SKU_17,WH_1,9,8.7,9.779267782055014,0.7792677820550136
2024-12-24,SKU_17,WH_1,23,22.9,20.406772721938225,2.593227278061775
2024-12-25,SKU_17,WH_1,17,12.68,12.55982872675703,4.440171273242971
2024-12-26,SKU_17,WH_1,23,23.39,20.810064839617517,2.1899351603824826
2024-12-27,SKU_17,WH_1,16,18.61,16.98395672085359,0.9839567208535911
2024-12-28,SKU_17,WH_1,23,24.64,21.5988372891306,1.4011627108694
2024-12-29,SKU_17,WH_1,13,12.61,12.731945046634365,0.2680549533656347
2024-12-30,SKU_17,WH_1,12,10.98,12.132861609743548,0.13286160974354821
2024-11-10,SKU_17,WH_2,13,14.05,13.23131344170739,0.23131344170739077
2024-11-11,SKU_17,WH_2,4,1.77,3.5566560727729875,0.44334392722701255
2024-11-12,SKU_17,WH_2,7,4.02,5.72626962806095,1.2737303719390498
2024-11-13,SKU_17,WH_2,13,19.32,17.036982952692778,4.036982952692778
2024-11-14,SKU_17,WH_2,1,1.71,3.434054673625845,2.434054673625845
2024-11-15,SKU_17,WH_2,9,9.99,10.149282004835749,1.149282004835749
2024-11-16,SKU_17,WH_2,11,12.54,11.994740501326085,0.9947405013260848
2024-11-17,SKU_17,WH_2,10,9.11,9.755650373263155,0.24434962673684524
2024-11-18,SKU_17,WH_2,11,11.21,10.947098448513417,0.05290155148658293
2024-11-19,SKU_17,WH_2,11,3.29,5.362816020016575,5.637183979983425
2024-11-20,SKU_17,WH_2,4,6.67,7.3410201012927905,3.3410201012927905
2024-11-21,SKU_17,WH_2,10,12.46,11.910413964618073,1.9104139646180727
2024-11-22,SKU_17,WH_2,6,2.93,4.871545786047731,1.1284542139522689
2024-11-23,SKU_17,WH_2,16,15.03,13.927594082311494,2.0724059176885063
2024-11-24,SKU_17,WH_2,12,7.85,8.551755469872923,3.448244530127077
2024-11-25,SKU_17,WH_2,19,16.23,14.815975130068729,4.184024869931271
2024-11-26,SKU_17,WH_2,14,14.97,13.707638038589508,0.2923619614104922
2024-11-27,SKU_17,WH_2,23,20.21,17.71253068664394,5.287469313356059
2024-11-28,SKU_17,WH_2,18,15.8,15.521922438795416,2.478077561204584
2024-11-29,SKU_17,WH_2,11,10.64,10.669405159199513,0.3305948408004866
2024-11-30,SKU_17,WH_2,14,20.28,17.810006613316787,3.810006613316787
2024-12-01,SKU_17,WH_2,14,19.97,17.871693419492214,3.871693419492214
2024-12-02,SKU_17,WH_2,14,13.61,13.084201706022892,0.9157982939771081
2024-12-03,SKU_17,WH_2,6,3.53,5.709695511066959,0.2903044889330406
2024-12-04,SKU_17,WH_2,14,11.66,11.416829041716385,2.583170958283615
2024-12-05,SKU_17,WH_2,13,13.71,13.079222513865853,0.07922251386585266
2024-12-06,SKU_17,WH_2,14,14.06,13.345554251904481,0.6544457480955188
2024-12-07,SKU_17,WH_2,16,13.92,13.382453674746653,2.617546325253347
2024-12-08,SKU_17,WH_2,26,26.53,23.019329758501303,2.9806702414986965
2024-12-09,SKU_17,WH_2,24,23.14,20.27610617489681,3.7238938251031897
2024-12-10,SKU_17,WH_2,26,25.93,22.46974404836002,3.5302559516399796
2024-12-11,SKU_17,WH_2,14,16.96,15.58692511442763,1.5869251144276308
2024-12-12,SKU_17,WH_2,14,15.82,15.024770175208761,1.0247701752087615
2024-12-13,SKU_17,WH_2,9,7.62,8.899214452805905,0.1007855471940946
2024-12-14,SKU_17,WH_2,14,15.47,14.650917384986224,0.650917384986224
2024-12-15,SKU_17,WH_2,22,22.43,19.917606060255114,2.082393939744886
2024-12-16,SKU_17,WH_2,18,15.43,14.700251715903761,3.299748284096239
2024-12-17,SKU_17,WH_2,22,18.24,17.47698799244726,4.52301200755274
2024-12-18,SKU_17,WH_2,15,12.21,12.069770604316378,2.9302293956836216
2024-12-19,SKU_17,WH_2,18,18.19,16.45851829896954,1.5414817010304596
2024-12-20,SKU_17,WH_2,20,22.94,21.61581171394454,1.6158117139445416
2024-12-21,SKU_17,WH_2,26,23.53,20.90821117904794,5.091788820952061
2024-12-22,SKU_17,WH_2,16,17.27,16.14821545167201,0.14821545167200867
2024-12-23,SKU_17,WH_2,12,12.23,12.383088364013853,0.3830883640138527
2024-12-24,SKU_17,WH_2,13,11.21,11.43234983910363,1.5676501608963704
2024-12-25,SKU_17,WH_2,20,18.87,17.130169340238158,2.869830659761842
2024-12-26,SKU_17,WH_2,17,20.18,18.292085783461175,1.2920857834611752
2024-12-27,SKU_17,WH_2,21,19.74,18.003636024464306,2.9963639755356937
2024-12-28,SKU_17,WH_2,19,18.24,16.621208008940464,2.3787919910595363
2024-12-29,SKU_17,WH_2,27,33.24,27.918425488397812,0.918425488397812
2024-12-30,SKU_17,WH_2,18,19.26,18.546325688908205,0.5463256889082047
2024-11-10,SKU_17,WH_3,14,13.25,12.550206001078163,1.4497939989218374
2024-11-11,SKU_17,WH_3,11,8.67,9.16638819376007,1.8336118062399294
2024-11-12,SKU_17,WH_3,5,14.18,13.101683312550557,8.101683312550557
2024-11-13,SKU_17,WH_3,12,14.44,13.242603734237365,1.242603734237365
2024-11-14,SKU_17,WH_3,10,5.47,6.877215546796011,3.1227844532039892
2024-11-15,SKU_17,WH_3,14,16.87,16.2367455897722,2.2367455897722017
2024-11-16,SKU_17,WH_3,23,23.57,21.96799793420415,1.0320020657958509
2024-11-17,SKU_17,WH_3,18,19.17,16.925498392453648,1.0745016075463525
2024-11-18,SKU_17,WH_3,17,7.96,8.533253373683166,8.466746626316834
2024-11-19,SKU_17,WH_3,16,15.09,13.946058392466057,2.053941607533943
2024-11-20,SKU_17,WH_3,16,14.17,13.152670541189561,2.8473294588104388
2024-11-21,SKU_17,WH_3,20,18.79,16.617890890329804,3.3821091096701963
2024-11-22,SKU_17,WH_3,12,12.95,12.316676811680539,0.31667681168053896
2024-11-23,SKU_17,WH_3,13,9.99,10.219870848845037,2.780129151154963
2024-11-24,SKU_17,WH_3,11,15.29,14.211302556274497,3.2113025562744966
2024-11-25,SKU_17,WH_3,18,18.65,16.570082417519842,1.429917582480158
2024-11-26,SKU_17,WH_3,21,18.81,16.635145131135836,4.364854868864164
2024-11-27,SKU_17,WH_3,20,16.89,15.234689189518086,4.765310810481914
2024-11-28,SKU_17,WH_3,35,35.1,30.705210669549025,4.294789330450975
2024-11-29,SKU_17,WH_3,17,12.25,11.956440497066241,5.043559502933759
2024-11-30,SKU_17,WH_3,4,4.3,6.03525159479016,2.03525159479016
2024-12-01,SKU_17,WH_3,13,10.19,10.781002815228021,2.218997184771979
2024-12-02,SKU_17,WH_3,16,12.4,12.272966502733773,3.727033497266227
2024-12-03,SKU_17,WH_3,19,20.85,19.865426097971977,0.8654260979719766
2024-12-04,SKU_17,WH_3,24,16.43,15.365936263699485,8.634063736300515
2024-12-05,SKU_17,WH_3,16,16.36,15.339381868945114,0.6606181310548855
2024-12-06,SKU_17,WH_3,9,4.01,6.1129503720324845,2.8870496279675155
2024-12-07,SKU_17,WH_3,19,18.92,18.34653373925198,0.6534662607480186
2024-12-08,SKU_17,WH_3,10,9.79,10.50324419172374,0.5032441917237396
2024-12-09,SKU_17,WH_3,23,20.77,18.605734127972415,4.394265872027585
2024-12-10,SKU_17,WH_3,18,14.9,14.201306680434381,3.7986933195656185
2024-12-11,SKU_17,WH_3,21,19.93,18.214937405643063,2.785062594356937
2024-12-12,SKU_17,WH_3,19,19.06,17.38002700987377,1.6199729901262288
2024-12-13,SKU_17,WH_3,18,19.24,18.697468493353526,0.6974684933535258
2024-12-14,SKU_17,WH_3,13,16.97,15.733594452531596,2.7335944525315963
2024-12-15,SKU_17,WH_3,21,24.65,21.66380872077109,0.6638087207710903
2024-12-16,SKU_17,WH_3,23,24.18,21.439201412566113,1.5607985874338866
2024-12-17,SKU_17,WH_3,28,25.25,23.652310128798817,4.347689871201183
2024-12-18,SKU_17,WH_3,20,14.37,13.85744530653249,6.14255469346751
2024-12-19,SKU_17,WH_3,17,16.71,15.770744662075979,1.2292553379240214
2024-12-20,SKU_17,WH_3,12,16.95,15.837131899357251,3.837131899357251
2024-12-21,SKU_17,WH_3,22,24.21,21.513716333311844,0.4862836666881556
2024-12-22,SKU_17,WH_3,8,5.82,7.75080928587799,0.24919071412201
2024-12-23,SKU_17,WH_3,18,19.19,17.507552731979708,0.4924472680202925
2024-12-24,SKU_17,WH_3,23,24.12,21.46074708355767,1.5392529164423294
2024-12-25,SKU_17,WH_3,20,24.13,21.422437085798613,1.422437085798613
2024-12-26,SKU_17,WH_3,14,16.24,15.34727598360991,1.3472759836099097
2024-12-27,SKU_17,WH_3,10,7.84,9.056913343911523,0.943086656088477
2024-12-28,SKU_17,WH_3,28,30.15,27.70437842592372,0.29562157407627865
2024-12-29,SKU_17,WH_3,19,18.99,17.115763118230017,1.8842368817699828
2024-12-30,SKU_17,WH_3,29,27.35,24.689702489502455,4.310297510497545
2024-11-10,SKU_17,WH_4,8,13.71,12.916882612993922,4.916882612993922
2024-11-11,SKU_17,WH_4,14,12.28,12.520013755366422,1.4799862446335776
2024-11-12,SKU_17,WH_4,16,18.07,16.066239523743306,0.066239523743306
2024-11-13,SKU_17,WH_4,15,19.83,17.62359512575394,2.6235951257539405
2024-11-14,SKU_17,WH_4,4,3.18,5.287911162495884,1.2879111624958837
2024-11-15,SKU_17,WH_4,16,17.49,15.74170240879638,0.25829759120362006
2024-11-16,SKU_17,WH_4,9,7.01,7.537805046867359,1.4621949531326406
2024-11-17,SKU_17,WH_4,11,8.52,9.246556420400605,1.753443579599395
2024-11-18,SKU_17,WH_4,6,2.78,4.841571512540257,1.1584284874597426
2024-11-19,SKU_17,WH_4,12,14.05,13.102048525212089,1.1020485252120888
2024-11-20,SKU_17,WH_4,17,18.29,16.166603618961293,0.8333963810387068
2024-11-21,SKU_17,WH_4,8,6.34,7.111144835644397,0.8888551643556033
2024-11-22,SKU_17,WH_4,12,7.71,8.489938592342384,3.5100614076576164
2024-11-23,SKU_17,WH_4,16,20.89,18.17841897258917,2.1784189725891707
2024-11-24,SKU_17,WH_4,15,12.8,12.192754863773239,2.8072451362267614
2024-11-25,SKU_17,WH_4,13,12.14,11.776659637340526,1.2233403626594743
2024-11-26,SKU_17,WH_4,11,12.4,11.871247386851746,0.8712473868517456
2024-11-27,SKU_17,WH_4,12,14.17,13.120365348983423,1.120365348983423
2024-11-28,SKU_17,WH_4,17,15.63,14.465766803101085,2.5342331968989154
2024-11-29,SKU_17,WH_4,20,15.8,14.65234837616181,5.347651623838191
2024-11-30,SKU_17,WH_4,21,19.55,17.494565644657357,3.5054343553426435
2024-12-01,SKU_17,WH_4,14,15.51,14.608034290841216,0.608034290841216
2024-12-02,SKU_17,WH_4,11,9.06,9.780508657495304,1.2194913425046963
2024-12-03,SKU_17,WH_4,25,26.55,23.100295265357378,1.8997047346426221
2024-12-04,SKU_17,WH_4,20,23.21,20.47678087490805,0.47678087490805154
2024-12-05,SKU_17,WH_4,18,12.13,12.74180745772633,5.258192542273671
2024-12-06,SKU_17,WH_4,9,4.43,6.459538826281778,2.5404611737182217
2024-12-07,SKU_17,WH_4,14,12.6,12.522133284402729,1.477866715597271
2024-12-08,SKU_17,WH_4,24,25.2,23.39247494534189,0.6075250546581117
2024-12-09,SKU_17,WH_4,17,12.76,12.550310355522743,4.449689644477257
2024-12-10,SKU_17,WH_4,16,15.13,14.518298821405073,1.4817011785949266
2024-12-11,SKU_17,WH_4,17,18.2,16.55514025856862,0.4448597414313795
2024-12-12,SKU_17,WH_4,8,9.03,9.870423153010732,1.8704231530107318
2024-12-13,SKU_17,WH_4,13,12.46,12.31650819924348,0.6834918007565207
2024-12-14,SKU_17,WH_4,5,7.87,8.920717148841689,3.920717148841689
2024-12-15,SKU_17,WH_4,20,22.23,20.879275831703197,0.8792758317031968
2024-12-16,SKU_17,WH_4,20,24.85,21.55823038793686,1.5582303879368595
2024-12-17,SKU_17,WH_4,20,15.32,15.222843192921069,4.777156807078931
2024-12-18,SKU_17,WH_4,20,18.01,16.398073085257316,3.601926914742684
2024-12-19,SKU_17,WH_4,23,18.1,16.384610341472825,6.6153896585271745
2024-12-20,SKU_17,WH_4,21,22.29,19.79756636382992,1.2024336361700811
2024-12-21,SKU_17,WH_4,22,17.98,16.514155491131504,5.485844508868496
2024-12-22,SKU_17,WH_4,19,19.95,18.16254279529392,0.8374572047060802
2024-12-23,SKU_17,WH_4,25,20.39,18.600790420705543,6.399209579294457
2024-12-24,SKU_17,WH_4,21,16.31,15.599140640259442,5.400859359740558
2024-12-25,SKU_17,WH_4,27,21.42,19.461459160298293,7.538540839701707
2024-12-26,SKU_17,WH_4,27,29.47,27.42853053676042,0.4285305367604195
2024-12-27,SKU_17,WH_4,16,17.5,17.56363409090262,1.563634090902621
2024-12-28,SKU_17,WH_4,23,21.94,20.096379171024342,2.903620828975658
2024-12-29,SKU_17,WH_4,18,12.85,13.111932956598197,4.8880670434018025
2024-12-30,SKU_17,WH_4,16,14.81,15.51795742049322,0.4820425795067802
2024-11-10,SKU_17,WH_5,9,0.74,3.371172347359141,5.628827652640859
2024-11-11,SKU_17,WH_5,13,10.07,10.21553579528932,2.7844642047106802
2024-11-12,SKU_17,WH_5,16,7.64,8.451707170462361,7.548292829537639
2024-11-13,SKU_17,WH_5,16,15.11,13.946829204858236,2.0531707951417637
2024-11-14,SKU_17,WH_5,14,15.49,14.35035470914568,0.35035470914568023
2024-11-15,SKU_17,WH_5,13,15.4,14.17926579387215,1.1792657938721494
2024-11-16,SKU_17,WH_5,13,14.64,13.478031082104197,0.47803108210419687
2024-11-17,SKU_17,WH_5,16,19.41,17.229460390776282,1.229460390776282
2024-11-18,SKU_17,WH_5,16,17.0,15.420021827735667,0.5799781722643331
2024-11-19,SKU_17,WH_5,11,15.37,14.228806330839058,3.228806330839058
2024-11-20,SKU_17,WH_5,22,22.73,21.060145773107294,0.9398542268927059
2024-11-21,SKU_17,WH_5,23,19.19,17.05169329432783,5.94830670567217
2024-11-22,SKU_17,WH_5,7,4.1,5.838984763192704,1.1610152368072963
2024-11-23,SKU_17,WH_5,11,14.55,13.450805435745849,2.450805435745849
2024-11-24,SKU_17,WH_5,8,6.04,7.085632886256339,0.9143671137436611
2024-11-25,SKU_17,WH_5,22,21.84,19.22135999600089,2.7786400039991115
2024-11-26,SKU_17,WH_5,13,14.39,13.394049414585215,0.3940494145852149
2024-11-27,SKU_17,WH_5,16,16.96,15.323482080355852,0.676517919644148
2024-11-28,SKU_17,WH_5,20,21.71,18.969255219064447,1.030744780935553
2024-11-29,SKU_17,WH_5,16,11.23,11.017233942009,4.982766057991
2024-11-30,SKU_17,WH_5,13,15.97,14.878796705692107,1.8787967056921069
2024-12-01,SKU_17,WH_5,18,20.09,18.148475015670293,0.14847501567029298
2024-12-02,SKU_17,WH_5,19,17.29,16.00074330945534,2.9992566905446587
2024-12-03,SKU_17,WH_5,18,16.52,15.486549847368678,2.5134501526313215
2024-12-04,SKU_17,WH_5,17,14.16,13.53658002251625,3.463419977483751
2024-12-05,SKU_17,WH_5,22,18.26,16.54261160190468,5.457388398095318
2024-12-06,SKU_17,WH_5,23,25.68,22.46815722317789,0.5318427768221099
2024-12-07,SKU_17,WH_5,22,23.33,20.78108006381905,1.2189199361809493
2024-12-08,SKU_17,WH_5,20,24.36,21.595186002959725,1.595186002959725
2024-12-09,SKU_17,WH_5,15,15.64,15.165183503137564,0.16518350313756436
2024-12-10,SKU_17,WH_5,17,19.75,18.175639985994952,1.1756399859949518
2024-12-11,SKU_17,WH_5,18,16.13,15.546211724789877,2.4537882752101225
2024-12-12,SKU_17,WH_5,25,23.45,21.016201087411602,3.983798912588398
2024-12-13,SKU_17,WH_5,15,15.14,14.768429112641941,0.23157088735805864
2024-12-14,SKU_17,WH_5,29,28.23,26.254897130245226,2.745102869754774
2024-12-15,SKU_17,WH_5,16,15.9,15.51549504449909,0.4845049555009098
2024-12-16,SKU_17,WH_5,26,31.14,26.71680999183794,0.7168099918379411
2024-12-17,SKU_17,WH_5,18,14.49,14.078820268386465,3.9211797316135346
2024-12-18,SKU_17,WH_5,22,24.08,21.565895773398893,0.43410422660110726
2024-12-19,SKU_17,WH_5,9,12.01,12.445833752991033,3.4458337529910334
2024-12-20,SKU_17,WH_5,16,18.18,16.841190214144763,0.8411902141447634
2024-12-21,SKU_17,WH_5,22,25.56,22.629740695563335,0.6297406955633349
2024-12-22,SKU_17,WH_5,13,13.84,13.645710812703706,0.6457108127037063
2024-12-23,SKU_17,WH_5,23,24.32,22.873692316664208,0.12630768333579212
2024-12-24,SKU_17,WH_5,23,22.19,19.913564300312153,3.086435699687847
2024-12-25,SKU_17,WH_5,17,13.99,13.662427884353082,3.3375721156469176
2024-12-26,SKU_17,WH_5,21,23.31,20.790818438008024,0.20918156199197568
2024-12-27,SKU_17,WH_5,29,31.82,27.16236051490032,1.837639485099679
2024-12-28,SKU_17,WH_5,32,27.65,25.936267374335827,6.063732625664173
2024-12-29,SKU_17,WH_5,23,21.62,19.786468075130273,3.213531924869727
2024-12-30,SKU_17,WH_5,20,19.33,19.06475206397336,0.9352479360266415
2024-11-10,SKU_18,WH_1,14,14.13,13.178111077797787,0.8218889222022128
2024-11-11,SKU_18,WH_1,16,17.92,16.14882179356203,0.1488217935620284
2024-11-12,SKU_18,WH_1,12,16.03,14.80867984012799,2.80867984012799
2024-11-13,SKU_18,WH_1,21,22.49,19.554644233496457,1.4453557665035426
2024-11-14,SKU_18,WH_1,5,4.28,5.771833743853378,0.771833743853378
2024-11-15,SKU_18,WH_1,16,13.92,13.117619111831276,2.882380888168724
2024-11-16,SKU_18,WH_1,7,11.1,11.017040259944887,4.017040259944887
2024-11-17,SKU_18,WH_1,21,19.24,17.023079423066605,3.976920576933395
2024-11-18,SKU_18,WH_1,16,15.78,14.632630592055873,1.3673694079441265
2024-11-19,SKU_18,WH_1,18,17.63,15.722574157807442,2.2774258421925584
2024-11-20,SKU_18,WH_1,18,23.34,20.138090522948257,2.138090522948257
2024-11-21,SKU_18,WH_1,9,5.89,7.072729723383368,1.9272702766166319
2024-11-22,SKU_18,WH_1,6,3.83,5.730058514269971,0.26994148573002885
2024-11-23,SKU_18,WH_1,18,21.42,19.99133928471098,1.9913392847109783
2024-11-24,SKU_18,WH_1,13,11.9,11.458087271363517,1.5419127286364827
2024-11-25,SKU_18,WH_1,19,18.35,16.12452985868092,2.875470141319081
2024-11-26,SKU_18,WH_1,14,15.92,14.78260062942611,0.7826006294261099
2024-11-27,SKU_18,WH_1,15,13.18,12.479071135715426,2.520928864284574
2024-11-28,SKU_18,WH_1,11,9.61,9.879517790637296,1.120482209362704
2024-11-29,SKU_18,WH_1,12,12.42,11.973795517616574,0.026204482383425542
2024-11-30,SKU_18,WH_1,22,24.86,21.245507981785995,0.7544920182140054
2024-12-01,SKU_18,WH_1,25,25.26,21.883005238236922,3.1169947617630775
2024-12-02,SKU_18,WH_1,15,9.87,10.529580254979695,4.470419745020305
2024-12-03,SKU_18,WH_1,23,18.58,18.092668114160947,4.907331885839053
2024-12-04,SKU_18,WH_1,21,20.53,18.54342803756215,2.456571962437849
2024-12-05,SKU_18,WH_1,18,18.6,18.105251185877655,0.10525118587765547
2024-12-06,SKU_18,WH_1,17,18.81,17.239247853222636,0.2392478532226363
2024-12-07,SKU_18,WH_1,13,15.79,15.287719440611072,2.287719440611072
2024-12-08,SKU_18,WH_1,23,24.77,21.70866785892918,1.2913321410708214
2024-12-09,SKU_18,WH_1,18,17.06,15.950992821227791,2.049007178772209
2024-12-10,SKU_18,WH_1,18,13.58,13.912164740015655,4.087835259984345
2024-12-11,SKU_18,WH_1,9,7.44,8.855809210242182,0.1441907897578183
2024-12-12,SKU_18,WH_1,25,24.55,21.50454487564693,3.4954551243530716
2024-12-13,SKU_18,WH_1,19,19.57,18.0032246739789,0.9967753260211012
2024-12-14,SKU_18,WH_1,16,20.94,18.867311827995714,2.8673118279957137
2024-12-15,SKU_18,WH_1,14,15.42,14.874201209372838,0.8742012093728384
2024-12-16,SKU_18,WH_1,18,20.26,18.36038564790245,0.36038564790245076
2024-12-17,SKU_18,WH_1,26,24.2,22.806205025782795,3.193794974217205
2024-12-18,SKU_18,WH_1,21,19.44,17.6469365089118,3.3530634910882
2024-12-19,SKU_18,WH_1,13,15.86,15.316445111979933,2.3164451119799327
2024-12-20,SKU_18,WH_1,17,17.9,16.52707205326686,0.4729279467331402
2024-12-21,SKU_18,WH_1,20,21.41,20.249662375303913,0.2496623753039131
2024-12-22,SKU_18,WH_1,11,6.69,8.135324836890698,2.864675163109302
2024-12-23,SKU_18,WH_1,18,22.96,20.432416520742823,2.432416520742823
2024-12-24,SKU_18,WH_1,18,20.59,18.511358823792538,0.5113588237925377
2024-12-25,SKU_18,WH_1,31,34.43,28.733573159323697,2.266426840676303
2024-12-26,SKU_18,WH_1,22,24.82,21.852179444491174,0.1478205555088259
2024-12-27,SKU_18,WH_1,16,12.9,12.840784053976064,3.159215946023936
2024-12-28,SKU_18,WH_1,21,18.62,17.133605997164697,3.866394002835303
2024-12-29,SKU_18,WH_1,29,24.12,21.627650651353527,7.372349348646473
2024-12-30,SKU_18,WH_1,28,29.32,26.62519756310742,1.3748024368925797
2024-11-10,SKU_18,WH_2,12,11.44,11.192289025624216,0.8077109743757838
2024-11-11,SKU_18,WH_2,16,16.79,15.170264011336595,0.8297359886634048
2024-11-12,SKU_18,WH_2,15,17.5,15.6991820823432,0.6991820823431993
2024-11-13,SKU_18,WH_2,17,11.48,11.183522844201075,5.816477155798925
2024-11-14,SKU_18,WH_2,11,17.05,15.357381360860968,4.357381360860968
2024-11-15,SKU_18,WH_2,16,15.61,14.418707479890553,1.5812925201094465
2024-11-16,SKU_18,WH_2,16,17.23,16.591972460347918,0.5919724603479182
2024-11-17,SKU_18,WH_2,15,13.99,13.148320371972595,1.851679628027405
2024-11-18,SKU_18,WH_2,11,17.33,15.596034012274611,4.596034012274611
2024-11-19,SKU_18,WH_2,13,13.71,12.89392550849521,0.1060744915047902
2024-11-20,SKU_18,WH_2,10,11.57,11.110305964948838,1.1103059649488376
2024-11-21,SKU_18,WH_2,22,22.69,19.652304308866643,2.3476956911333566
2024-11-22,SKU_18,WH_2,10,13.26,13.274465124116505,3.274465124116505
2024-11-23,SKU_18,WH_2,9,9.58,9.804128264862506,0.8041282648625057
2024-11-24,SKU_18,WH_2,15,17.63,15.728220544037272,0.7282205440372724
2024-11-25,SKU_18,WH_2,14,14.57,13.2639918330295,0.7360081669704996
2024-11-26,SKU_18,WH_2,8,1.96,3.8390525582556108,4.160947441744389
2024-11-27,SKU_18,WH_2,11,11.33,11.032377759890133,0.03237775989013336
2024-11-28,SKU_18,WH_2,17,19.99,17.586284288582277,0.5862842885822772
2024-11-29,SKU_18,WH_2,12,9.17,9.779018368746163,2.220981631253837
2024-11-30,SKU_18,WH_2,9,14.92,13.771760220271327,4.771760220271327
2024-12-01,SKU_18,WH_2,20,21.83,20.692444332059022,0.6924443320590221
2024-12-02,SKU_18,WH_2,9,8.05,9.14072469071833,0.14072469071832927
2024-12-03,SKU_18,WH_2,7,7.57,8.591463536366325,1.5914635363663248
2024-12-04,SKU_18,WH_2,16,13.64,12.94867293369153,3.0513270663084704
2024-12-05,SKU_18,WH_2,25,22.77,19.988680119278772,5.011319880721228
2024-12-06,SKU_18,WH_2,9,2.3,4.350051020995774,4.649948979004226
2024-12-07,SKU_18,WH_2,7,8.6,9.358310682041793,2.358310682041793
2024-12-08,SKU_18,WH_2,15,9.78,10.261356796319307,4.738643203680693
2024-12-09,SKU_18,WH_2,24,22.55,21.196075567740884,2.803924432259116
2024-12-10,SKU_18,WH_2,19,25.37,21.93640482411427,2.9364048241142697
2024-12-11,SKU_18,WH_2,14,12.68,12.483864764813296,1.5161352351867041
2024-12-12,SKU_18,WH_2,8,8.78,9.569890231108102,1.5698902311081024
2024-12-13,SKU_18,WH_2,22,24.23,22.714784890022315,0.7147848900223153
2024-12-14,SKU_18,WH_2,14,12.25,12.05340533388907,1.9465946661109292
2024-12-15,SKU_18,WH_2,11,10.34,10.661585571961997,0.3384144280380035
2024-12-16,SKU_18,WH_2,9,5.6,7.199928631381112,1.8000713686188883
2024-12-17,SKU_18,WH_2,15,20.35,18.052358437255737,3.0523584372557373
2024-12-18,SKU_18,WH_2,18,15.42,14.455888986555571,3.5441110134444287
2024-12-19,SKU_18,WH_2,14,14.16,13.26505019145401,0.7349498085459896
2024-12-20,SKU_18,WH_2,14,16.65,15.241555443546511,1.2415554435465115
2024-12-21,SKU_18,WH_2,18,14.26,13.406529630163579,4.593470369836421
2024-12-22,SKU_18,WH_2,8,10.6,10.931086003722369,2.9310860037223687
2024-12-23,SKU_18,WH_2,13,7.65,8.746395905727978,4.253604094272022
2024-12-24,SKU_18,WH_2,23,19.12,18.234598751303643,4.765401248696357
2024-12-25,SKU_18,WH_2,10,15.71,14.861666848695224,4.861666848695224
2024-12-26,SKU_18,WH_2,24,25.88,24.027522619638983,0.02752261963898306
2024-12-27,SKU_18,WH_2,25,24.88,21.538812224063857,3.4611877759361427
2024-12-28,SKU_18,WH_2,21,16.44,15.281941553034326,5.718058446965674
2024-12-29,SKU_18,WH_2,21,19.79,17.851621775168603,3.148378224831397
2024-12-30,SKU_18,WH_2,23,19.96,19.055522710950374,3.944477289049626
2024-11-10,SKU_18,WH_3,13,18.17,16.178356595250744,3.1783565952507438
2024-11-11,SKU_18,WH_3,16,12.59,12.255375650192832,3.744624349807168
2024-11-12,SKU_18,WH_3,5,5.22,6.569160280719732,1.569160280719732
2024-11-13,SKU_18,WH_3,9,6.88,7.564606845984381,1.4353931540156193
2024-11-14,SKU_18,WH_3,15,20.18,17.828126721140187,2.828126721140187
2024-11-15,SKU_18,WH_3,19,20.59,19.325788825044217,0.32578882504421713
2024-11-16,SKU_18,WH_3,19,15.67,14.469924484485121,4.530075515514879
2024-11-17,SKU_18,WH_3,13,13.14,12.456577960199969,0.5434220398000313
2024-11-18,SKU_18,WH_3,9,2.79,4.786019236640523,4.213980763359477
2024-11-19,SKU_18,WH_3,9,13.36,12.550158195407105,3.5501581954071053
2024-11-20,SKU_18,WH_3,22,19.73,17.410405819935363,4.589594180064637
2024-11-21,SKU_18,WH_3,10,8.08,8.5925163772621,1.4074836227378995
2024-11-22,SKU_18,WH_3,15,9.8,10.090646116733868,4.909353883266132
2024-11-23,SKU_18,WH_3,20,15.65,14.549060028160447,5.450939971839553
2024-11-24,SKU_18,WH_3,11,12.11,11.865328227130775,0.8653282271307745
2024-11-25,SKU_18,WH_3,0,0.0,2.569868068806233,2.569868068806233
2024-11-26,SKU_18,WH_3,12,17.89,16.003899922059947,4.003899922059947
2024-11-27,SKU_18,WH_3,11,8.42,9.069663331602776,1.9303366683972243
2024-11-28,SKU_18,WH_3,6,4.38,6.080479542612053,0.08047954261205259
2024-11-29,SKU_18,WH_3,17,24.82,21.130760206106263,4.130760206106263
2024-11-30,SKU_18,WH_3,14,13.29,12.603856639250983,1.3961433607490168
2024-12-01,SKU_18,WH_3,15,11.88,11.705150678882584,3.2948493211174164
2024-12-02,SKU_18,WH_3,14,14.03,13.344410505820813,0.6555894941791873
2024-12-03,SKU_18,WH_3,15,13.33,12.792898554277274,2.207101445722726
2024-12-04,SKU_18,WH_3,20,12.56,12.0707229661922,7.9292770338078
2024-12-05,SKU_18,WH_3,14,14.67,13.645418287821037,0.3545817121789625
2024-12-06,SKU_18,WH_3,15,15.39,14.399361261464172,0.600638738535828
2024-12-07,SKU_18,WH_3,13,14.15,13.359571294965795,0.35957129496579476
2024-12-08,SKU_18,WH_3,17,11.44,11.396440239403281,5.603559760596719
2024-12-09,SKU_18,WH_3,19,14.82,13.977585618537903,5.022414381462097
2024-12-10,SKU_18,WH_3,6,2.5,4.2828805481764665,1.7171194518235335
2024-12-11,SKU_18,WH_3,12,9.94,10.342557063643543,1.657442936356457
2024-12-12,SKU_18,WH_3,22,22.69,19.913932647194653,2.0860673528053475
2024-12-13,SKU_18,WH_3,13,12.5,12.304688827642982,0.6953111723570178
2024-12-14,SKU_18,WH_3,18,20.31,18.212062264331962,0.21206226433196207
2024-12-15,SKU_18,WH_3,26,24.9,21.557859791758172,4.4421402082418275
2024-12-16,SKU_18,WH_3,14,15.73,15.008363429739815,1.0083634297398145
2024-12-17,SKU_18,WH_3,11,9.3,10.085775053982262,0.9142249460177378
2024-12-18,SKU_18,WH_3,19,18.58,17.88404281506353,1.1159571849364696
2024-12-19,SKU_18,WH_3,14,17.35,15.93499222581679,1.9349922258167904
2024-12-20,SKU_18,WH_3,15,15.38,14.508339913135547,0.49166008686445295
2024-12-21,SKU_18,WH_3,4,3.66,5.744717699029254,1.7447176990292537
2024-12-22,SKU_18,WH_3,17,16.58,15.324460513814051,1.675539486185949
2024-12-23,SKU_18,WH_3,5,2.0,4.101934543582337,0.8980654564176627
2024-12-24,SKU_18,WH_3,28,25.67,23.906715467358932,4.093284532641068
2024-12-25,SKU_18,WH_3,24,21.64,20.409596363639682,3.5904036363603176
2024-12-26,SKU_18,WH_3,17,20.33,18.226046118487293,1.226046118487293
2024-12-27,SKU_18,WH_3,18,21.07,18.794876350800408,0.7948763508004077
2024-12-28,SKU_18,WH_3,13,8.71,9.678251750331707,3.3217482496682926
2024-12-29,SKU_18,WH_3,17,14.15,13.529443238760068,3.4705567612399317
2024-12-30,SKU_18,WH_3,19,14.28,14.371485041718715,4.628514958281285
2024-11-10,SKU_18,WH_4,23,25.17,21.374254779017484,1.625745220982516
2024-11-11,SKU_18,WH_4,13,9.72,10.511761748774878,2.4882382512251215
2024-11-12,SKU_18,WH_4,13,8.14,8.888839201595204,4.111160798404796
2024-11-13,SKU_18,WH_4,7,9.39,9.740955820033243,2.7409558200332427
2024-11-14,SKU_18,WH_4,9,3.3,5.2207237821244545,3.7792762178755455
2024-11-15,SKU_18,WH_4,13,12.7,12.134377472136553,0.8656225278634473
2024-11-16,SKU_18,WH_4,18,14.02,13.129404095108187,4.870595904891813
2024-11-17,SKU_18,WH_4,14,12.7,12.170446388059599,1.8295536119404012
2024-11-18,SKU_18,WH_4,11,11.7,11.173598665614321,0.17359866561432113
2024-11-19,SKU_18,WH_4,16,14.06,13.074700640991049,2.9252993590089513
2024-11-20,SKU_18,WH_4,9,7.87,8.784977753661268,0.2150222463387319
2024-11-21,SKU_18,WH_4,20,22.11,19.25173696914626,0.7482630308537388
2024-11-22,SKU_18,WH_4,17,14.88,13.741910207916767,3.258089792083233
2024-11-23,SKU_18,WH_4,9,7.19,8.161744725679847,0.8382552743201526
2024-11-24,SKU_18,WH_4,12,14.87,13.77370873572208,1.7737087357220798
2024-11-25,SKU_18,WH_4,11,7.17,8.181603163881384,2.818396836118616
2024-11-26,SKU_18,WH_4,15,11.89,11.42656488882092,3.57343511117908
2024-11-27,SKU_18,WH_4,8,5.82,7.006283159775092,0.9937168402249084
2024-11-28,SKU_18,WH_4,19,23.05,19.819463751055558,0.819463751055558
2024-11-29,SKU_18,WH_4,23,23.64,20.33934079034804,2.6606592096519606
2024-11-30,SKU_18,WH_4,19,16.2,14.93745968746957,4.06254031253043
2024-12-01,SKU_18,WH_4,15,23.53,22.24855255483544,7.248552554835442
2024-12-02,SKU_18,WH_4,15,15.38,14.567502428929242,0.43249757107075837
2024-12-03,SKU_18,WH_4,24,25.92,22.56164748005536,1.4383525199446403
2024-12-04,SKU_18,WH_4,26,24.21,22.841516177223063,3.1584838227769367
2024-12-05,SKU_18,WH_4,17,16.94,15.84319791748114,1.15680208251886
2024-12-06,SKU_18,WH_4,18,16.72,15.764048503692615,2.2359514963073845
2024-12-07,SKU_18,WH_4,17,13.44,13.087828463332379,3.9121715366676213
2024-12-08,SKU_18,WH_4,16,19.73,18.05725429068401,2.0572542906840106
2024-12-09,SKU_18,WH_4,11,11.12,11.472899279064913,0.47289927906491336
2024-12-10,SKU_18,WH_4,15,14.92,14.256896613719915,0.7431033862800849
2024-12-11,SKU_18,WH_4,9,9.99,10.566008267117445,1.5660082671174447
2024-12-12,SKU_18,WH_4,14,11.55,11.516806121662986,2.4831938783370138
2024-12-13,SKU_18,WH_4,20,23.82,20.952693585432833,0.9526935854328329
2024-12-14,SKU_18,WH_4,21,17.76,16.431995019408845,4.568004980591155
2024-12-15,SKU_18,WH_4,15,15.73,15.097574360495054,0.09757436049505408
2024-12-16,SKU_18,WH_4,14,13.02,12.612752492467427,1.3872475075325728
2024-12-17,SKU_18,WH_4,10,9.15,10.169547712789646,0.16954771278964564
2024-12-18,SKU_18,WH_4,19,17.12,15.766736808994562,3.233263191005438
2024-12-19,SKU_18,WH_4,12,14.22,13.536276704836819,1.536276704836819
2024-12-20,SKU_18,WH_4,18,17.4,16.148139745972735,1.8518602540272653
2024-12-21,SKU_18,WH_4,25,27.34,23.58088463289915,1.4191153671008507
2024-12-22,SKU_18,WH_4,23,24.35,21.478558475167493,1.5214415248325075
2024-12-23,SKU_18,WH_4,26,29.94,25.808040112117325,0.1919598878826747
2024-12-24,SKU_18,WH_4,12,11.68,11.637082911699796,0.36291708830020397
2024-12-25,SKU_18,WH_4,20,17.2,16.147245872823085,3.8527541271769152
2024-12-26,SKU_18,WH_4,28,28.67,26.41966607243879,1.5803339275612096
2024-12-27,SKU_18,WH_4,20,14.76,14.390160574759372,5.609839425240628
2024-12-28,SKU_18,WH_4,24,24.39,21.90570657227355,2.0942934277264484
2024-12-29,SKU_18,WH_4,9,4.22,6.634494235538065,2.3655057644619353
2024-12-30,SKU_18,WH_4,17,10.73,12.069261395607093,4.930738604392907
2024-11-10,SKU_18,WH_5,23,21.6,18.84231513011521,4.15768486988479
2024-11-11,SKU_18,WH_5,23,20.68,18.118027494290892,4.881972505709108
2024-11-12,SKU_18,WH_5,8,6.14,7.115706771401486,0.8842932285985139
2024-11-13,SKU_18,WH_5,11,7.29,8.256693769431157,2.7433062305688427
2024-11-14,SKU_18,WH_5,12,9.65,9.90093070165417,2.09906929834583
2024-11-15,SKU_18,WH_5,13,12.31,11.928725080545895,1.0712749194541047
2024-11-16,SKU_18,WH_5,11,9.88,10.141125489470694,0.8588745105293061
2024-11-17,SKU_18,WH_5,7,2.76,4.911172297458217,2.088827702541783
2024-11-18,SKU_18,WH_5,7,8.96,9.797274540348969,2.797274540348969
2024-11-19,SKU_18,WH_5,9,7.09,8.23465243333492,0.7653475666650795
2024-11-20,SKU_18,WH_5,10,10.76,10.785486743276174,0.7854867432761736
2024-11-21,SKU_18,WH_5,14,14.98,13.774499389563921,0.22550061043607883
2024-11-22,SKU_18,WH_5,15,18.16,16.09360044387212,1.0936004438721199
2024-11-23,SKU_18,WH_5,15,17.45,15.72713927398872,0.7271392739887208
2024-11-24,SKU_18,WH_5,18,16.02,15.67738117039734,2.3226188296026606
2024-11-25,SKU_18,WH_5,11,17.31,16.586513921411047,5.586513921411047
2024-11-26,SKU_18,WH_5,6,3.09,4.953686806551504,1.046313193448496
2024-11-27,SKU_18,WH_5,12,6.87,7.631929519614182,4.368070480385818
2024-11-28,SKU_18,WH_5,22,22.74,21.082628401198384,0.9173715988016156
2024-11-29,SKU_18,WH_5,15,17.74,16.89261906742224,1.8926190674222383
2024-11-30,SKU_18,WH_5,14,13.57,12.84160205172917,1.1583979482708298
2024-12-01,SKU_18,WH_5,27,28.46,24.159085636328086,2.8409143636719136
2024-12-02,SKU_18,WH_5,14,17.39,15.869741458549152,1.8697414585491519
2024-12-03,SKU_18,WH_5,16,16.91,15.651485402210586,0.3485145977894142
2024-12-04,SKU_18,WH_5,11,13.69,13.324171221227402,2.3241712212274024
2024-12-05,SKU_18,WH_5,14,13.34,13.021989931237467,0.9780100687625328
2024-12-06,SKU_18,WH_5,16,15.29,14.546048693433287,1.4539513065667133
2024-12-07,SKU_18,WH_5,20,15.58,14.906828583896964,5.093171416103036
2024-12-08,SKU_18,WH_5,17,15.85,15.23024213365282,1.7697578663471791
2024-12-09,SKU_18,WH_5,8,10.49,11.089489047074233,3.089489047074233
2024-12-10,SKU_18,WH_5,18,19.14,18.5664955333957,0.5664955333956989
2024-12-11,SKU_18,WH_5,21,21.95,19.639887800238782,1.3601121997612182
2024-12-12,SKU_18,WH_5,19,17.98,16.402606414314178,2.597393585685822
2024-12-13,SKU_18,WH_5,24,25.04,21.63729691714616,2.362703082853841
2024-12-14,SKU_18,WH_5,16,12.27,12.307667819615762,3.6923321803842377
2024-12-15,SKU_18,WH_5,13,16.53,15.451716665711768,2.4517166657117677
2024-12-16,SKU_18,WH_5,21,16.25,15.294183741910887,5.705816258089113
2024-12-17,SKU_18,WH_5,6,2.41,4.39126893448964,1.6087310655103604
2024-12-18,SKU_18,WH_5,18,16.22,15.268814419744123,2.731185580255877
2024-12-19,SKU_18,WH_5,16,19.21,17.414378985904186,1.414378985904186
2024-12-20,SKU_18,WH_5,15,15.33,14.552426898577753,0.4475731014222468
2024-12-21,SKU_18,WH_5,26,23.5,22.15785518001573,3.84214481998427
2024-12-22,SKU_18,WH_5,21,15.7,15.108285592898403,5.891714407101597
2024-12-23,SKU_18,WH_5,21,16.63,15.512291162066587,5.487708837933413
2024-12-24,SKU_18,WH_5,22,21.29,19.1760642059549,2.8239357940450986
2024-12-25,SKU_18,WH_5,16,23.89,21.149546962542775,5.149546962542775
2024-12-26,SKU_18,WH_5,7,6.25,7.732593836139612,0.7325938361396123
2024-12-27,SKU_18,WH_5,32,28.48,26.318406919236143,5.681593080763857
2024-12-28,SKU_18,WH_5,17,17.65,16.44807376667947,0.551926233320529
2024-12-29,SKU_18,WH_5,27,22.78,20.622257944102483,6.377742055897517
2024-12-30,SKU_18,WH_5,24,26.31,24.20810358027236,0.2081035802723612
2024-11-10,SKU_19,WH_1,14,10.89,11.002613280555126,2.997386719444874
2024-11-11,SKU_19,WH_1,15,12.57,12.679902099908277,2.3200979000917226
2024-11-12,SKU_19,WH_1,12,14.69,13.482887133205496,1.4828871332054963
2024-11-13,SKU_19,WH_1,11,10.54,10.711664072630997,0.28833592736900293
2024-11-14,SKU_19,WH_1,12,7.52,8.33730382020385,3.66269617979615
2024-11-15,SKU_19,WH_1,7,7.4,8.35089364518802,1.3508936451880196
2024-11-16,SKU_19,WH_1,3,3.23,5.372150311630249,2.372150311630249
2024-11-17,SKU_19,WH_1,11,12.13,11.862050820913376,0.8620508209133764
2024-11-18,SKU_19,WH_1,4,2.41,3.824958007477195,0.17504199252280506
2024-11-19,SKU_19,WH_1,20,15.36,14.123490327073485,5.876509672926515
2024-11-20,SKU_19,WH_1,13,16.81,15.176170109869107,2.1761701098691066
2024-11-21,SKU_19,WH_1,22,19.55,17.314756650568768,4.685243349431232
2024-11-22,SKU_19,WH_1,10,6.97,7.584181113734455,2.415818886265545
2024-11-23,SKU_19,WH_1,12,12.21,11.756338898333341,0.24366110166665855
2024-11-24,SKU_19,WH_1,22,21.69,18.864666918702746,3.1353330812972544
2024-11-25,SKU_19,WH_1,15,13.32,13.268013893272052,1.7319861067279483
2024-11-26,SKU_19,WH_1,6,6.28,7.063979094640429,1.0639790946404286
2024-11-27,SKU_19,WH_1,10,10.26,10.277281439835763,0.2772814398357628
2024-11-28,SKU_19,WH_1,12,6.5,7.249455124197638,4.750544875802362
2024-11-29,SKU_19,WH_1,14,15.41,14.028790007571791,0.028790007571791065
2024-11-30,SKU_19,WH_1,17,13.37,12.519704881702701,4.480295118297299
2024-12-01,SKU_19,WH_1,13,14.05,13.350000950158602,0.3500009501586021
2024-12-02,SKU_19,WH_1,11,18.16,16.250968249156124,5.250968249156124
2024-12-03,SKU_19,WH_1,16,18.53,16.632155598332485,0.6321555983324849
2024-12-04,SKU_19,WH_1,16,17.27,15.71636921633996,0.28363078366004046
2024-12-05,SKU_19,WH_1,27,28.09,25.913365177929315,1.0866348220706854
2024-12-06,SKU_19,WH_1,15,18.62,16.849874805471458,1.8498748054714582
2024-12-07,SKU_19,WH_1,17,9.11,10.068214811757182,6.931785188242818
2024-12-08,SKU_19,WH_1,23,17.89,17.429762520436903,5.570237479563097
2024-12-09,SKU_19,WH_1,17,20.48,18.462886127794008,1.4628861277940075
2024-12-10,SKU_19,WH_1,17,23.56,20.863297288199604,3.863297288199604
2024-12-11,SKU_19,WH_1,17,13.4,13.10778460277443,3.89221539722557
2024-12-12,SKU_19,WH_1,23,26.19,22.859668964847952,0.14033103515204814
2024-12-13,SKU_19,WH_1,14,16.46,15.417708961460226,1.4177089614602263
2024-12-14,SKU_19,WH_1,15,9.41,10.200642023460565,4.799357976539435
2024-12-15,SKU_19,WH_1,13,8.96,9.911154457541475,3.0888455424585253
2024-12-16,SKU_19,WH_1,23,25.98,22.650184883326716,0.3498151166732839
2024-12-17,SKU_19,WH_1,23,26.43,24.556013018937303,1.5560130189373034
2024-12-18,SKU_19,WH_1,26,28.82,24.619051627212016,1.3809483727879837
2024-12-19,SKU_19,WH_1,18,15.17,14.728661625693544,3.271338374306456
2024-12-20,SKU_19,WH_1,22,22.4,20.074624726639517,1.9253752733604834
2024-12-21,SKU_19,WH_1,18,15.92,15.419771072926245,2.5802289270737546
2024-12-22,SKU_19,WH_1,11,6.61,8.155728570978058,2.8442714290219424
2024-12-23,SKU_19,WH_1,12,9.59,10.429113618050867,1.5708863819491334
2024-12-24,SKU_19,WH_1,25,27.6,23.978465125215795,1.021534874784205
2024-12-25,SKU_19,WH_1,19,21.7,19.39031402431034,0.3903140243103387
2024-12-26,SKU_19,WH_1,22,22.32,19.86106766271296,2.1389323372870415
2024-12-27,SKU_19,WH_1,25,26.23,23.044336049616756,1.9556639503832436
2024-12-28,SKU_19,WH_1,24,26.79,23.607446901139745,0.3925530988602546
2024-12-29,SKU_19,WH_1,27,24.21,21.64495388604034,5.355046113959659
2024-12-30,SKU_19,WH_1,19,21.73,20.753819073899354,1.7538190738993542
2024-11-10,SKU_19,WH_2,10,18.8,16.600493908368204,6.600493908368204
2024-11-11,SKU_19,WH_2,13,6.17,7.208745648898989,5.791254351101011
2024-11-12,SKU_19,WH_2,17,16.69,15.093810480488429,1.906189519511571
2024-11-13,SKU_19,WH_2,11,9.01,9.404666010745972,1.5953339892540281
2024-11-14,SKU_19,WH_2,26,25.49,21.59845965554877,4.401540344451231
2024-11-15,SKU_19,WH_2,15,8.98,9.48026476883107,5.51973523116893
2024-11-16,SKU_19,WH_2,15,14.95,13.807074235658735,1.1929257643412647
2024-11-17,SKU_19,WH_2,10,10.46,10.481910669195557,0.4819106691955568
2024-11-18,SKU_19,WH_2,15,15.05,14.799240696034863,0.2007593039651372
2024-11-19,SKU_19,WH_2,7,6.62,7.347114964158718,0.3471149641587177
2024-11-20,SKU_19,WH_2,9,8.32,8.898162902026051,0.10183709797394869
2024-11-21,SKU_19,WH_2,11,4.45,6.044188251760972,4.955811748239028
2024-11-22,SKU_19,WH_2,19,21.35,18.559645754016728,0.4403542459832721
2024-11-23,SKU_19,WH_2,16,18.19,16.06650297977945,0.0665029797794503
2024-11-24,SKU_19,WH_2,22,25.0,21.227816538244923,0.7721834617550769
2024-11-25,SKU_19,WH_2,6,3.34,5.21781071648369,0.7821892835163098
2024-11-26,SKU_19,WH_2,17,16.34,14.842929076034139,2.157070923965861
2024-11-27,SKU_19,WH_2,16,15.77,14.660723215865575,1.3392767841344249
2024-11-28,SKU_19,WH_2,21,21.46,18.764880026576847,2.235119973423153
2024-11-29,SKU_19,WH_2,12,8.63,9.336088588752634,2.6639114112473656
2024-11-30,SKU_19,WH_2,13,15.88,14.783728138101665,1.7837281381016652
2024-12-01,SKU_19,WH_2,18,17.0,16.55540632474334,1.4445936752566588
2024-12-02,SKU_19,WH_2,15,17.97,16.47028633995012,1.4702863399501211
2024-12-03,SKU_19,WH_2,17,15.72,15.096161213151333,1.9038387868486666
2024-12-04,SKU_19,WH_2,15,14.56,13.743442393086978,1.256557606913022
2024-12-05,SKU_19,WH_2,13,11.25,11.451882907375223,1.5481170926247767
2024-12-06,SKU_19,WH_2,20,21.63,19.24219747111002,0.7578025288899788
2024-12-07,SKU_19,WH_2,13,15.9,15.174610195037447,2.174610195037447
2024-12-08,SKU_19,WH_2,16,11.88,11.879449099267438,4.120550900732562
2024-12-09,SKU_19,WH_2,6,8.67,9.703057852271632,3.703057852271632
2024-12-10,SKU_19,WH_2,23,18.65,18.044858209104106,4.955141790895894
2024-12-11,SKU_19,WH_2,17,17.96,16.49638963727278,0.503610362727219
2024-12-12,SKU_19,WH_2,18,17.89,16.41034196535157,1.58965803464843
2024-12-13,SKU_19,WH_2,10,6.6,7.786514793272645,2.2134852067273547
2024-12-14,SKU_19,WH_2,13,15.12,14.38123713063743,1.3812371306374303
2024-12-15,SKU_19,WH_2,19,18.3,16.555857333570238,2.4441426664297623
2024-12-16,SKU_19,WH_2,18,15.63,14.806627601627907,3.1933723983720927
2024-12-17,SKU_19,WH_2,26,23.85,20.9518261559141,5.048173844085898
2024-12-18,SKU_19,WH_2,16,22.5,21.213739994715763,5.2137399947157625
2024-12-19,SKU_19,WH_2,21,18.85,17.034702685895674,3.965297314104326
2024-12-20,SKU_19,WH_2,21,16.9,15.65842775924289,5.34157224075711
2024-12-21,SKU_19,WH_2,13,19.7,19.023216522789298,6.023216522789298
2024-12-22,SKU_19,WH_2,22,23.68,20.913651109430205,1.086348890569795
2024-12-23,SKU_19,WH_2,13,11.23,11.482690452995332,1.5173095470046682
2024-12-24,SKU_19,WH_2,5,3.35,5.9054756056064885,0.9054756056064885
2024-12-25,SKU_19,WH_2,16,20.78,18.558626891301458,2.558626891301458
2024-12-26,SKU_19,WH_2,18,23.14,20.45459633309185,2.4545963330918497
2024-12-27,SKU_19,WH_2,13,9.9,10.413726667105868,2.586273332894132
2024-12-28,SKU_19,WH_2,27,34.15,28.517052596430283,1.5170525964302826
2024-12-29,SKU_19,WH_2,15,20.09,18.273537635929607,3.273537635929607
2024-12-30,SKU_19,WH_2,18,19.21,19.381931582027477,1.3819315820274767
2024-11-10,SKU_19,WH_3,19,14.64,13.437653596712591,5.562346403287409
2024-11-11,SKU_19,WH_3,10,15.61,14.500525275512837,4.500525275512837
2024-11-12,SKU_19,WH_3,6,11.62,11.168234166169961,5.168234166169961
2024-11-13,SKU_19,WH_3,22,20.86,18.111224554135628,3.888775445864372
2024-11-14,SKU_19,WH_3,22,17.06,15.354956853691439,6.645043146308561
2024-11-15,SKU_19,WH_3,13,12.24,11.7520958642208,1.2479041357791996
2024-11-16,SKU_19,WH_3,20,17.82,16.038595835728653,3.9614041642713467
2024-11-17,SKU_19,WH_3,18,20.63,18.076723456142677,0.07672345614267684
2024-11-18,SKU_19,WH_3,18,13.75,13.721276394170792,4.278723605829208
2024-11-19,SKU_19,WH_3,12,8.25,9.002605140760718,2.9973948592392823
2024-11-20,SKU_19,WH_3,13,15.55,14.554619884162653,1.554619884162653
2024-11-21,SKU_19,WH_3,12,14.21,13.186247403638854,1.1862474036388537
2024-11-22,SKU_19,WH_3,27,19.22,18.24661976320009,8.75338023679991
2024-11-23,SKU_19,WH_3,18,21.07,18.579491445882848,0.579491445882848
2024-11-24,SKU_19,WH_3,26,28.26,26.094906432066587,0.09490643206658689
2024-11-25,SKU_19,WH_3,17,16.11,15.02534625382919,1.9746537461708105
2024-11-26,SKU_19,WH_3,6,7.46,8.503462494797287,2.5034624947972866
2024-11-27,SKU_19,WH_3,24,25.1,21.585734351342204,2.4142656486577962
2024-11-28,SKU_19,WH_3,23,20.74,19.567474000912643,3.432525999087357
2024-11-29,SKU_19,WH_3,14,16.55,15.332780556623348,1.332780556623348
2024-11-30,SKU_19,WH_3,14,12.08,11.687302187723356,2.312697812276644
2024-12-01,SKU_19,WH_3,26,28.9,24.72373403296043,1.2762659670395706
2024-12-02,SKU_19,WH_3,6,2.46,4.488600546846148,1.5113994531538522
2024-12-03,SKU_19,WH_3,13,8.24,9.772349661591623,3.2276503384083775
2024-12-04,SKU_19,WH_3,9,9.94,10.52336956094521,1.5233695609452091
2024-12-05,SKU_19,WH_3,13,18.52,18.073798966917707,5.073798966917707
2024-12-06,SKU_19,WH_3,13,18.68,16.936452722987028,3.9364527229870276
2024-12-07,SKU_19,WH_3,23,18.3,16.57956840335029,6.42043159664971
2024-12-08,SKU_19,WH_3,17,11.79,11.893592583837306,5.1064074161626944
2024-12-09,SKU_19,WH_3,16,19.2,17.39752557098942,1.3975255709894192
2024-12-10,SKU_19,WH_3,12,12.31,12.320001045516781,0.320001045516781
2024-12-11,SKU_19,WH_3,27,29.09,24.976675443339392,2.023324556660608
2024-12-12,SKU_19,WH_3,12,10.74,11.273144814372346,0.7268551856276542
2024-12-13,SKU_19,WH_3,19,11.95,12.083109511045986,6.916890488954014
2024-12-14,SKU_19,WH_3,18,13.45,13.140480232552706,4.859519767447294
2024-12-15,SKU_19,WH_3,15,15.47,14.832552170508004,0.1674478294919961
2024-12-16,SKU_19,WH_3,22,18.27,17.7312995947567,4.268700405243301
2024-12-17,SKU_19,WH_3,23,18.44,16.87167596235421,6.12832403764579
2024-12-18,SKU_19,WH_3,22,21.45,20.58049583919862,1.419504160801381
2024-12-19,SKU_19,WH_3,20,15.08,14.45510649520747,5.54489350479253
2024-12-20,SKU_19,WH_3,22,16.73,15.7440865940607,6.2559134059393
2024-12-21,SKU_19,WH_3,23,24.8,21.92763186193369,1.0723681380663095
2024-12-22,SKU_19,WH_3,17,20.03,18.339684099135738,1.339684099135738
2024-12-23,SKU_19,WH_3,19,20.75,18.935853356498086,0.06414664350191401
2024-12-24,SKU_19,WH_3,19,15.33,14.841394397040784,4.158605602959216
2024-12-25,SKU_19,WH_3,20,20.13,18.44955560105166,1.5504443989483399
2024-12-26,SKU_19,WH_3,28,30.31,27.86103506949238,0.13896493050761904
2024-12-27,SKU_19,WH_3,19,17.01,16.147127306168905,2.8528726938310953
2024-12-28,SKU_19,WH_3,13,16.81,15.929689985310953,2.9296899853109526
2024-12-29,SKU_19,WH_3,14,15.06,14.61112317936755,0.6111231793675493
2024-12-30,SKU_19,WH_3,21,23.03,21.537095523162147,0.5370955231621473
2024-11-10,SKU_19,WH_4,16,17.43,16.969833177297357,0.9698331772973567
2024-11-11,SKU_19,WH_4,13,15.73,14.747151022396933,1.7471510223969329
2024-11-12,SKU_19,WH_4,18,20.36,17.86861593929821,0.13138406070179087
2024-11-13,SKU_19,WH_4,6,8.2,8.868862701773109,2.868862701773109
2024-11-14,SKU_19,WH_4,15,18.81,16.647578260303064,1.6475782603030638
2024-11-15,SKU_19,WH_4,13,10.9,10.941122241672305,2.0588777583276947
2024-11-16,SKU_19,WH_4,11,12.36,11.91611620840981,0.9161162084098091
2024-11-17,SKU_19,WH_4,19,19.97,17.641403926523274,1.3585960734767255
2024-11-18,SKU_19,WH_4,12,11.06,10.993207856816381,1.0067921431836186
2024-11-19,SKU_19,WH_4,16,17.49,15.743161803046446,0.25683819695355403
2024-11-20,SKU_19,WH_4,18,19.57,17.2647643506777,0.7352356493222985
2024-11-21,SKU_19,WH_4,12,8.75,9.320438882001513,2.679561117998487
2024-11-22,SKU_19,WH_4,27,22.5,20.89501698768035,6.10498301231965
2024-11-23,SKU_19,WH_4,11,10.8,10.931598669909322,0.06840133009067806
2024-11-24,SKU_19,WH_4,23,21.75,19.339029286912275,3.6609707130877247
2024-11-25,SKU_19,WH_4,16,17.73,15.959128762912917,0.0408712370870834
2024-11-26,SKU_19,WH_4,20,21.11,18.650623226877716,1.3493767731222839
2024-11-27,SKU_19,WH_4,13,14.38,13.444788981990376,0.4447889819903761
2024-11-28,SKU_19,WH_4,18,16.26,15.044099087207035,2.9559009127929645
2024-11-29,SKU_19,WH_4,22,24.18,22.576844788864243,0.5768447888642427
2024-11-30,SKU_19,WH_4,17,13.64,13.014295230958204,3.9857047690417957
2024-12-01,SKU_19,WH_4,14,17.66,16.33384773584992,2.3338477358499183
2024-12-02,SKU_19,WH_4,12,13.57,13.287966005892264,1.2879660058922635
2024-12-03,SKU_19,WH_4,25,23.98,21.0953226305071,3.9046773694929016
2024-12-04,SKU_19,WH_4,17,12.69,12.637249294087466,4.362750705912534
2024-12-05,SKU_19,WH_4,7,7.52,8.845570959157856,1.8455709591578557
2024-12-06,SKU_19,WH_4,16,18.21,16.568606630928343,0.5686066309283433
2024-12-07,SKU_19,WH_4,10,13.51,13.036549360210051,3.036549360210051
2024-12-08,SKU_19,WH_4,11,14.4,13.745818062910516,2.7458180629105158
2024-12-09,SKU_19,WH_4,26,23.57,20.846733272757817,5.153266727242183
2024-12-10,SKU_19,WH_4,9,8.77,9.756806504266038,0.7568065042660379
2024-12-11,SKU_19,WH_4,10,10.08,10.529009662708077,0.5290096627080771
2024-12-12,SKU_19,WH_4,14,10.34,10.76269220403397,3.2373077959660304
2024-12-13,SKU_19,WH_4,23,23.08,20.468730831471383,2.531269168528617
2024-12-14,SKU_19,WH_4,19,18.76,17.064114774641777,1.9358852253582235
2024-12-15,SKU_19,WH_4,15,14.96,14.148402798131162,0.851597201868838
2024-12-16,SKU_19,WH_4,16,18.47,16.751667239336278,0.7516672393362782
2024-12-17,SKU_19,WH_4,10,15.87,15.1047074682837,5.104707468283699
2024-12-18,SKU_19,WH_4,14,6.94,8.005462719696089,5.994537280303911
2024-12-19,SKU_19,WH_4,20,19.95,18.038114972762408,1.9618850272375923
2024-12-20,SKU_19,WH_4,22,25.19,21.91670006045769,0.08329993954231085
2024-12-21,SKU_19,WH_4,20,13.73,13.255401645146419,6.744598354853581
2024-12-22,SKU_19,WH_4,23,24.17,22.896486720392627,0.10351327960737322
2024-12-23,SKU_19,WH_4,5,5.27,7.393778920249991,2.393778920249991
2024-12-24,SKU_19,WH_4,16,12.94,12.519880389621362,3.4801196103786385
2024-12-25,SKU_19,WH_4,25,25.42,22.246726481809826,2.7532735181901735
2024-12-26,SKU_19,WH_4,17,16.03,15.245794814748583,1.7542051852514167
2024-12-27,SKU_19,WH_4,23,23.97,21.135994834064796,1.864005165935204
2024-12-28,SKU_19,WH_4,19,17.9,17.42560564609292,1.5743943539070813
2024-12-29,SKU_19,WH_4,27,29.97,25.642565017555913,1.3574349824440866
2024-12-30,SKU_19,WH_4,28,32.56,28.51979095815007,0.5197909581500717
2024-11-10,SKU_19,WH_5,9,10.55,10.673146591511628,1.6731465915116281
2024-11-11,SKU_19,WH_5,11,14.29,13.31302241137236,2.3130224113723603
2024-11-12,SKU_19,WH_5,15,13.48,12.572965155207454,2.427034844792546
2024-11-13,SKU_19,WH_5,6,0.94,3.2441545960843348,2.7558454039156652
2024-11-14,SKU_19,WH_5,12,14.53,13.258550981929684,1.2585509819296838
2024-11-15,SKU_19,WH_5,11,8.64,9.188246233033366,1.8117537669666337
2024-11-16,SKU_19,WH_5,9,11.62,11.125860007823816,2.1258600078238157
2024-11-17,SKU_19,WH_5,13,9.22,9.801135686792332,3.198864313207668
2024-11-18,SKU_19,WH_5,12,11.41,11.165463210517064,0.8345367894829359
2024-11-19,SKU_19,WH_5,18,19.04,16.81170475629164,1.1882952437083603
2024-11-20,SKU_19,WH_5,15,10.33,10.359028893647826,4.640971106352174
2024-11-21,SKU_19,WH_5,24,24.36,20.796581888300313,3.203418111699687
2024-11-22,SKU_19,WH_5,20,14.13,13.131875479760795,6.8681245202392045
2024-11-23,SKU_19,WH_5,15,18.64,16.57206145366959,1.5720614536695905
2024-11-24,SKU_19,WH_5,16,12.72,12.195844708915669,3.8041552910843315
2024-11-25,SKU_19,WH_5,10,5.51,7.1304501158260205,2.8695498841739795
2024-11-26,SKU_19,WH_5,17,15.18,14.141729645580513,2.8582703544194867
2024-11-27,SKU_19,WH_5,8,9.74,10.11981380604345,2.1198138060434495
2024-11-28,SKU_19,WH_5,16,18.51,16.38426011358861,0.3842601135886099
2024-11-29,SKU_19,WH_5,12,12.87,12.22880031717737,0.22880031717737026
2024-11-30,SKU_19,WH_5,20,19.64,17.44506230565662,2.55493769434338
2024-12-01,SKU_19,WH_5,19,20.05,19.365405095154216,0.36540509515421604
2024-12-02,SKU_19,WH_5,7,2.38,4.355473638691903,2.644526361308097
2024-12-03,SKU_19,WH_5,13,10.3,10.648632889233447,2.351367110766553
2024-12-04,SKU_19,WH_5,21,22.31,19.631061784396106,1.3689382156038938
2024-12-05,SKU_19,WH_5,11,11.17,11.259497012131558,0.2594970121315576
2024-12-06,SKU_19,WH_5,9,4.06,6.079026830433328,2.920973169566672
2024-12-07,SKU_19,WH_5,17,8.37,9.200831340683207,7.799168659316793
2024-12-08,SKU_19,WH_5,26,27.59,25.361256770518477,0.6387432294815234
2024-12-09,SKU_19,WH_5,15,13.21,12.933845029111943,2.066154970888057
2024-12-10,SKU_19,WH_5,20,14.95,14.087639317678551,5.912360682321449
2024-12-11,SKU_19,WH_5,14,11.22,11.846563833380635,2.1534361666193647
2024-12-12,SKU_19,WH_5,16,12.34,12.199520874025437,3.8004791259745634
2024-12-13,SKU_19,WH_5,22,21.3,19.095645157327755,2.9043548426722445
2024-12-14,SKU_19,WH_5,11,11.64,11.56708857599055,0.5670885759905495
2024-12-15,SKU_19,WH_5,17,14.82,14.082641781252722,2.917358218747278
2024-12-16,SKU_19,WH_5,19,15.71,15.040201130918437,3.9597988690815633
2024-12-17,SKU_19,WH_5,18,20.45,18.47681376853015,0.4768137685301497
2024-12-18,SKU_19,WH_5,21,19.16,17.424508495392008,3.5754915046079923
2024-12-19,SKU_19,WH_5,23,25.28,23.505659907545517,0.5056599075455175
2024-12-20,SKU_19,WH_5,17,19.81,17.92428669378263,0.92428669378263
2024-12-21,SKU_19,WH_5,14,15.3,14.607149373192804,0.6071493731928044
2024-12-22,SKU_19,WH_5,15,14.09,13.614154332299474,1.3858456677005258
2024-12-23,SKU_19,WH_5,29,28.89,24.753399544429975,4.246600455570025
2024-12-24,SKU_19,WH_5,19,14.36,13.90457413131017,5.09542586868983
2024-12-25,SKU_19,WH_5,17,12.56,12.568376174784373,4.4316238252156275
2024-12-26,SKU_19,WH_5,23,23.18,20.730544004805385,2.2694559951946154
2024-12-27,SKU_19,WH_5,16,14.07,13.607039204561655,2.392960795438345
2024-12-28,SKU_19,WH_5,14,11.39,11.621138028620729,2.378861971379271
2024-12-29,SKU_19,WH_5,15,18.17,16.665856202237062,1.6658562022370624
2024-12-30,SKU_19,WH_5,16,19.96,19.212352070878293,3.2123520708782927
2024-11-10,SKU_2,WH_1,13,14.12,13.226622911373756,0.2266229113737559
2024-11-11,SKU_2,WH_1,8,6.38,7.429332693479388,0.5706673065206118
2024-11-12,SKU_2,WH_1,10,6.13,7.133656060717376,2.8663439392826238
2024-11-13,SKU_2,WH_1,10,9.98,10.182657807295309,0.18265780729530867
2024-11-14,SKU_2,WH_1,8,5.51,7.030164322835639,0.9698356771643608
2024-11-15,SKU_2,WH_1,11,11.86,11.541307988585837,0.541307988585837
2024-11-16,SKU_2,WH_1,10,9.97,10.220418430898468,0.22041843089846758
2024-11-17,SKU_2,WH_1,20,17.83,17.140033306210583,2.859966693789417
2024-11-18,SKU_2,WH_1,10,12.97,12.21069992245592,2.2106999224559196
2024-11-19,SKU_2,WH_1,8,15.68,14.495351316154277,6.495351316154277
2024-11-20,SKU_2,WH_1,13,12.8,12.155758960005132,0.8442410399948681
2024-11-21,SKU_2,WH_1,11,16.14,14.784750338964136,3.7847503389641357
2024-11-22,SKU_2,WH_1,0,0.23,2.6331933238350254,2.6331933238350254
2024-11-23,SKU_2,WH_1,10,12.56,12.034223431019406,2.034223431019406
2024-11-24,SKU_2,WH_1,22,22.99,19.84162541308174,2.15837458691826
2024-11-25,SKU_2,WH_1,13,12.05,11.555749666628548,1.4442503333714516
2024-11-26,SKU_2,WH_1,20,16.15,14.790051080322975,5.209948919677025
2024-11-27,SKU_2,WH_1,10,13.27,12.602822536884627,2.602822536884627
2024-11-28,SKU_2,WH_1,12,14.11,13.039284322959352,1.039284322959352
2024-11-29,SKU_2,WH_1,21,21.37,18.64966350895088,2.35033649104912
2024-11-30,SKU_2,WH_1,23,21.06,18.39264601198984,4.607353988010161
2024-12-01,SKU_2,WH_1,9,12.25,12.110817062595496,3.110817062595496
2024-12-02,SKU_2,WH_1,20,20.7,18.265704341919285,1.7342956580807147
2024-12-03,SKU_2,WH_1,15,10.92,11.111370222712454,3.888629777287546
2024-12-04,SKU_2,WH_1,13,12.91,12.463260400809842,0.5367395991901578
2024-12-05,SKU_2,WH_1,20,19.96,19.200941389800235,0.799058610199765
2024-12-06,SKU_2,WH_1,25,28.49,24.334170348448556,0.6658296515514444
2024-12-07,SKU_2,WH_1,18,19.64,17.904970286476907,0.0950297135230933
2024-12-08,SKU_2,WH_1,12,17.13,15.804345681011837,3.804345681011837
2024-12-09,SKU_2,WH_1,21,25.23,21.952444850746033,0.9524448507460335
2024-12-10,SKU_2,WH_1,15,12.98,12.61732595272815,2.38267404727185
2024-12-11,SKU_2,WH_1,6,8.02,9.048644348327917,3.048644348327917
2024-12-12,SKU_2,WH_1,13,12.11,12.121438493390206,0.8785615066097936
2024-12-13,SKU_2,WH_1,18,17.11,15.798057441519548,2.201942558480452
2024-12-14,SKU_2,WH_1,15,12.48,12.296379200958095,2.7036207990419054
2024-12-15,SKU_2,WH_1,9,9.94,10.972707245706717,1.972707245706717
2024-12-16,SKU_2,WH_1,27,29.33,27.10207999191441,0.10207999191441175
2024-12-17,SKU_2,WH_1,19,21.29,19.065517456585365,0.0655174565853649
2024-12-18,SKU_2,WH_1,20,20.98,18.656549884923688,1.3434501150763118
2024-12-19,SKU_2,WH_1,16,16.69,15.511077502510158,0.48892249748984185
2024-12-20,SKU_2,WH_1,28,23.12,20.45768734887271,7.54231265112729
2024-12-21,SKU_2,WH_1,20,22.97,20.42330665835476,0.4233066583547611
2024-12-22,SKU_2,WH_1,26,30.9,26.433479092261244,0.43347909226124415
2024-12-23,SKU_2,WH_1,14,13.12,13.23689528072646,0.7631047192735405
2024-12-24,SKU_2,WH_1,21,18.05,16.660312845302442,4.3396871546975575
2024-12-25,SKU_2,WH_1,14,18.31,16.766942599720263,2.766942599720263
2024-12-26,SKU_2,WH_1,24,23.09,20.664129945148517,3.3358700548514832
2024-12-27,SKU_2,WH_1,15,12.9,12.901368755363027,2.098631244636973
2024-12-28,SKU_2,WH_1,27,22.43,21.296782879477338,5.7032171205226625
2024-12-29,SKU_2,WH_1,22,20.05,18.59442897125672,3.4055710287432817
2024-12-30,SKU_2,WH_1,25,20.89,19.869782814287284,5.130217185712716
2024-11-10,SKU_2,WH_2,11,10.86,10.977365675315758,0.022634324684242202
2024-11-11,SKU_2,WH_2,11,6.55,7.5120692014909975,3.4879307985090025
2024-11-12,SKU_2,WH_2,7,7.09,8.194973991797553,1.1949739917975535
2024-11-13,SKU_2,WH_2,7,9.54,9.885549572311033,2.8855495723110334
2024-11-14,SKU_2,WH_2,14,15.73,14.683693924185615,0.683693924185615
2024-11-15,SKU_2,WH_2,18,18.01,16.07655357518241,1.923446424817591
2024-11-16,SKU_2,WH_2,13,7.21,8.238643879218355,4.761356120781645
2024-11-17,SKU_2,WH_2,1,0.0,2.4450241611504504,1.4450241611504504
2024-11-18,SKU_2,WH_2,15,18.61,16.475167033804386,1.4751670338043859
2024-11-19,SKU_2,WH_2,32,30.89,27.70685738145099,4.293142618549009
2024-11-20,SKU_2,WH_2,15,18.96,16.653903341341152,1.6539033413411524
2024-11-21,SKU_2,WH_2,17,20.56,18.093303335914143,1.0933033359141433
2024-11-22,SKU_2,WH_2,9,8.52,9.202067488078365,0.20206748807836483
2024-11-23,SKU_2,WH_2,14,12.55,12.03763989038218,1.9623601096178191
2024-11-24,SKU_2,WH_2,13,19.07,16.90657013753007,3.906570137530071
2024-11-25,SKU_2,WH_2,8,8.46,9.118683199937157,1.1186831999371574
2024-11-26,SKU_2,WH_2,18,15.16,14.151443116966794,3.848556883033206
2024-11-27,SKU_2,WH_2,6,3.94,5.544491390304895,0.4555086096951051
2024-11-28,SKU_2,WH_2,19,18.36,17.258422611032497,1.741577388967503
2024-11-29,SKU_2,WH_2,10,10.32,10.41892046811644,0.4189204681164398
2024-11-30,SKU_2,WH_2,6,7.04,8.104998687716717,2.1049986877167175
2024-12-01,SKU_2,WH_2,17,11.52,11.419757452566392,5.580242547433608
2024-12-02,SKU_2,WH_2,11,11.48,11.432711989628523,0.43271198962852253
2024-12-03,SKU_2,WH_2,11,6.25,7.249627112956504,3.750372887043496
2024-12-04,SKU_2,WH_2,17,14.71,13.62908908034201,3.370910919657989
2024-12-05,SKU_2,WH_2,18,19.35,18.67703779936289,0.6770377993628891
2024-12-06,SKU_2,WH_2,29,27.73,23.607801105522114,5.392198894477886
2024-12-07,SKU_2,WH_2,15,19.73,17.849375683453058,2.849375683453058
2024-12-08,SKU_2,WH_2,13,16.79,15.603029804868036,2.6030298048680365
2024-12-09,SKU_2,WH_2,14,17.36,15.963768715919652,1.9637687159196524
2024-12-10,SKU_2,WH_2,10,10.68,11.28421730743622,1.2842173074362204
2024-12-11,SKU_2,WH_2,13,12.92,13.197281274160616,0.19728127416061625
2024-12-12,SKU_2,WH_2,18,20.75,18.593231500531733,0.5932315005317328
2024-12-13,SKU_2,WH_2,16,16.27,15.274835156587951,0.725164843412049
2024-12-14,SKU_2,WH_2,20,14.64,13.785416466398717,6.214583533601283
2024-12-15,SKU_2,WH_2,27,28.79,24.54765876991089,2.452341230089111
2024-12-16,SKU_2,WH_2,19,21.76,20.93148104929698,1.9314810492969805
2024-12-17,SKU_2,WH_2,0,3.71,5.875702023225197,5.875702023225197
2024-12-18,SKU_2,WH_2,13,17.86,17.456194201677498,4.456194201677498
2024-12-19,SKU_2,WH_2,19,16.87,16.581607044020366,2.418392955979634
2024-12-20,SKU_2,WH_2,19,18.37,16.490195993256233,2.5098040067437672
2024-12-21,SKU_2,WH_2,14,11.07,11.357049363516984,2.6429506364830164
2024-12-22,SKU_2,WH_2,8,10.92,11.252533383116077,3.252533383116077
2024-12-23,SKU_2,WH_2,12,12.75,12.38362083319289,0.3836208331928894
2024-12-24,SKU_2,WH_2,15,16.98,15.493600653877301,0.49360065387730145
2024-12-25,SKU_2,WH_2,23,21.56,19.07149280967362,3.9285071903263784
2024-12-26,SKU_2,WH_2,22,21.0,18.663906258141726,3.3360937418582743
2024-12-27,SKU_2,WH_2,23,22.82,20.205754455623044,2.794245544376956
2024-12-28,SKU_2,WH_2,13,7.03,8.619302497150526,4.380697502849474
2024-12-29,SKU_2,WH_2,25,27.36,23.447784548739296,1.5522154512607038
2024-12-30,SKU_2,WH_2,17,14.9,15.077094399548665,1.922905600451335
2024-11-10,SKU_2,WH_3,7,9.02,9.488670803565157,2.4886708035651566
2024-11-11,SKU_2,WH_3,15,13.91,13.163199767690221,1.8368002323097787
2024-11-12,SKU_2,WH_3,7,3.46,5.281573549118604,1.7184264508813962
2024-11-13,SKU_2,WH_3,14,15.83,14.696585575311078,0.6965855753110777
2024-11-14,SKU_2,WH_3,16,16.39,15.001454128159526,0.9985458718404736
2024-11-15,SKU_2,WH_3,22,22.28,19.404956453897338,2.595043546102662
2024-11-16,SKU_2,WH_3,14,16.74,15.236538192676692,1.2365381926766918
2024-11-17,SKU_2,WH_3,9,6.87,7.646126616636742,1.3538733833632577
2024-11-18,SKU_2,WH_3,11,7.73,8.507232108343164,2.492767891656836
2024-11-19,SKU_2,WH_3,22,23.48,20.381397269422585,1.6186027305774147
2024-11-20,SKU_2,WH_3,14,12.64,12.241381799947312,1.7586182000526875
2024-11-21,SKU_2,WH_3,23,20.14,17.95978490759053,5.040215092409468
2024-11-22,SKU_2,WH_3,19,21.63,19.044254353134708,0.044254353134707713
2024-11-23,SKU_2,WH_3,12,13.35,12.710597026973804,0.7105970269738044
2024-11-24,SKU_2,WH_3,9,6.11,7.223588050956419,1.776411949043581
2024-11-25,SKU_2,WH_3,15,13.78,13.69286917390753,1.3071308260924699
2024-11-26,SKU_2,WH_3,11,7.5,8.404762663945615,2.5952373360543852
2024-11-27,SKU_2,WH_3,17,16.32,15.00609381203325,1.9939061879667506
2024-11-28,SKU_2,WH_3,13,13.78,13.055710022828366,0.055710022828366235
2024-11-29,SKU_2,WH_3,27,26.36,24.381446396419378,2.6185536035806223
2024-11-30,SKU_2,WH_3,22,24.11,22.54600371456858,0.546003714568581
2024-12-01,SKU_2,WH_3,14,14.41,13.742332037174931,0.2576679628250691
2024-12-02,SKU_2,WH_3,9,15.01,14.430221670489729,5.430221670489729
2024-12-03,SKU_2,WH_3,18,17.0,15.740230266092528,2.259769733907472
2024-12-04,SKU_2,WH_3,20,20.43,19.77857790279527,0.22142209720473005
2024-12-05,SKU_2,WH_3,21,19.27,17.561380459006113,3.438619540993887
2024-12-06,SKU_2,WH_3,18,20.55,18.540842136469486,0.540842136469486
2024-12-07,SKU_2,WH_3,18,18.93,18.32247331078899,0.32247331078898966
2024-12-08,SKU_2,WH_3,21,24.17,21.47815325546222,0.478153255462221
2024-12-09,SKU_2,WH_3,10,6.99,8.382564848317118,1.6174351516828818
2024-12-10,SKU_2,WH_3,13,11.62,11.650934126400996,1.3490658735990042
2024-12-11,SKU_2,WH_3,21,22.11,19.809263677078427,1.1907363229215733
2024-12-12,SKU_2,WH_3,16,15.38,14.693265168577202,1.3067348314227978
2024-12-13,SKU_2,WH_3,15,13.66,13.2457146521125,1.7542853478874996
2024-12-14,SKU_2,WH_3,13,7.0,8.10076627348638,4.89923372651362
2024-12-15,SKU_2,WH_3,11,7.98,9.107179786963028,1.8928202130369716
2024-12-16,SKU_2,WH_3,24,24.74,21.5875115270284,2.4124884729715994
2024-12-17,SKU_2,WH_3,26,23.93,21.192234789282487,4.807765210717513
2024-12-18,SKU_2,WH_3,16,18.25,17.58488284370832,1.5848828437083213
2024-12-19,SKU_2,WH_3,18,20.11,18.40033181077536,0.4003318107753593
2024-12-20,SKU_2,WH_3,13,13.91,13.605556789840307,0.6055567898403069
2024-12-21,SKU_2,WH_3,20,21.07,18.97243700843776,1.0275629915622417
2024-12-22,SKU_2,WH_3,16,21.0,18.85406908259357,2.8540690825935684
2024-12-23,SKU_2,WH_3,10,9.38,10.341800031582682,0.34180003158268235
2024-12-24,SKU_2,WH_3,21,23.88,21.20990840780525,0.20990840780525133
2024-12-25,SKU_2,WH_3,21,19.28,17.52266812670014,3.4773318732998604
2024-12-26,SKU_2,WH_3,15,13.2,13.06712897164195,1.9328710283580506
2024-12-27,SKU_2,WH_3,13,10.32,10.86854172390903,2.131458276090971
2024-12-28,SKU_2,WH_3,22,19.36,17.680130292083238,4.319869707916762
2024-12-29,SKU_2,WH_3,24,25.55,22.55453436167757,1.4454656383224282
2024-12-30,SKU_2,WH_3,21,19.45,18.70438950205133,2.295610497948669
2024-11-10,SKU_2,WH_4,20,21.24,18.65990747462424,1.3400925253757592
2024-11-11,SKU_2,WH_4,13,10.02,10.188074464809912,2.8119255351900883
2024-11-12,SKU_2,WH_4,16,16.75,15.17671036698651,0.8232896330134896
2024-11-13,SKU_2,WH_4,9,8.22,8.914095563497924,0.08590443650207646
2024-11-14,SKU_2,WH_4,16,17.04,15.384066889101838,0.6159331108981618
2024-11-15,SKU_2,WH_4,16,22.47,19.516158429057953,3.5161584290579526
2024-11-16,SKU_2,WH_4,18,20.47,18.07127403189098,0.07127403189097947
2024-11-17,SKU_2,WH_4,8,8.0,8.621146548039903,0.6211465480399028
2024-11-18,SKU_2,WH_4,21,19.66,17.434115085642155,3.565884914357845
2024-11-19,SKU_2,WH_4,17,11.4,11.091453226438855,5.908546773561145
2024-11-20,SKU_2,WH_4,17,11.48,11.20088977341755,5.7991102265824495
2024-11-21,SKU_2,WH_4,14,13.74,12.98872495849071,1.0112750415092897
2024-11-22,SKU_2,WH_4,12,12.32,11.959387465451055,0.04061253454894498
2024-11-23,SKU_2,WH_4,17,18.3,16.275696710491648,0.7243032895083523
2024-11-24,SKU_2,WH_4,10,7.54,8.590314728349338,1.4096852716506625
2024-11-25,SKU_2,WH_4,19,15.48,14.473536987729084,4.526463012270916
2024-11-26,SKU_2,WH_4,5,6.44,7.491795602467645,2.4917956024676453
2024-11-27,SKU_2,WH_4,11,16.86,15.193392836853258,4.193392836853258
2024-11-28,SKU_2,WH_4,9,6.4,7.4068725602729595,1.5931274397270405
2024-11-29,SKU_2,WH_4,16,18.27,16.08242410801184,0.08242410801183908
2024-11-30,SKU_2,WH_4,14,18.09,16.078239306375302,2.078239306375302
2024-12-01,SKU_2,WH_4,16,20.33,18.120562472732352,2.1205624727323524
2024-12-02,SKU_2,WH_4,19,19.46,17.52305862074221,1.4769413792577915
2024-12-03,SKU_2,WH_4,14,15.4,14.41010107500569,0.4101010750056897
2024-12-04,SKU_2,WH_4,13,17.89,16.33944737891493,3.3394473789149295
2024-12-05,SKU_2,WH_4,20,23.9,20.83010596253042,0.8301059625304212
2024-12-06,SKU_2,WH_4,10,7.85,8.94373417382614,1.0562658261738598
2024-12-07,SKU_2,WH_4,23,28.16,26.027518043340077,3.027518043340077
2024-12-08,SKU_2,WH_4,13,6.35,7.476192167981134,5.523807832018866
2024-12-09,SKU_2,WH_4,21,23.26,20.60485078132387,0.3951492186761314
2024-12-10,SKU_2,WH_4,12,11.77,11.900581404214941,0.09941859578505863
2024-12-11,SKU_2,WH_4,7,6.28,7.554742433946599,0.5547424339465987
2024-12-12,SKU_2,WH_4,19,21.65,19.26587261632734,0.2658726163273393
2024-12-13,SKU_2,WH_4,14,15.2,14.485242529682914,0.4852425296829139
2024-12-14,SKU_2,WH_4,10,10.85,11.183023131530392,1.1830231315303923
2024-12-15,SKU_2,WH_4,5,6.37,7.442683747179758,2.442683747179758
2024-12-16,SKU_2,WH_4,8,7.77,8.77365738610598,0.7736573861059792
2024-12-17,SKU_2,WH_4,24,21.96,19.527270372566182,4.472729627433818
2024-12-18,SKU_2,WH_4,23,24.36,21.228595035269567,1.7714049647304329
2024-12-19,SKU_2,WH_4,20,18.17,16.429438636963884,3.5705613630361164
2024-12-20,SKU_2,WH_4,30,29.63,25.352605785811395,4.647394214188605
2024-12-21,SKU_2,WH_4,24,21.86,19.582450196704535,4.417549803295465
2024-12-22,SKU_2,WH_4,17,12.74,12.545456251465497,4.454543748534503
2024-12-23,SKU_2,WH_4,12,11.41,11.64462375390941,0.3553762460905894
2024-12-24,SKU_2,WH_4,14,9.49,11.123869461110724,2.876130538889276
2024-12-25,SKU_2,WH_4,20,18.2,16.64833661431431,3.35166338568569
2024-12-26,SKU_2,WH_4,14,14.58,13.816909961041304,0.1830900389586958
2024-12-27,SKU_2,WH_4,14,16.29,15.293630282863571,1.293630282863571
2024-12-28,SKU_2,WH_4,37,34.97,31.110325034517718,5.889674965482282
2024-12-29,SKU_2,WH_4,15,19.36,17.7303183494165,2.7303183494164998
2024-12-30,SKU_2,WH_4,14,16.45,16.272457047624464,2.2724570476244637
2024-11-10,SKU_2,WH_5,15,16.47,14.977058920337972,0.02294107966202752
2024-11-11,SKU_2,WH_5,22,22.23,19.404836661748746,2.595163338251254
2024-11-12,SKU_2,WH_5,12,14.24,13.19181706842245,1.1918170684224503
2024-11-13,SKU_2,WH_5,21,19.14,16.982282451715463,4.017717548284537
2024-11-14,SKU_2,WH_5,13,13.68,12.8330109643651,0.16698903563490042
2024-11-15,SKU_2,WH_5,6,8.2,8.847072361330982,2.847072361330982
2024-11-16,SKU_2,WH_5,10,13.66,12.819204365368686,2.8192043653686856
2024-11-17,SKU_2,WH_5,9,9.44,9.773204262260359,0.773204262260359
2024-11-18,SKU_2,WH_5,9,10.87,10.84713747807332,1.8471374780733196
2024-11-19,SKU_2,WH_5,7,8.77,9.185305883378287,2.1853058833782875
2024-11-20,SKU_2,WH_5,11,13.34,12.534403232851494,1.5344032328514938
2024-11-21,SKU_2,WH_5,11,8.67,9.200460822896632,1.7995391771033677
2024-11-22,SKU_2,WH_5,9,14.23,13.10001795631219,4.10001795631219
2024-11-23,SKU_2,WH_5,14,12.75,12.160365085659702,1.839634914340298
2024-11-24,SKU_2,WH_5,18,20.22,17.79877335358491,0.20122664641509047
2024-11-25,SKU_2,WH_5,13,12.88,12.162119788272431,0.837880211727569
2024-11-26,SKU_2,WH_5,11,12.6,12.116800449737578,1.1168004497375783
2024-11-27,SKU_2,WH_5,14,16.12,14.779564304413386,0.7795643044133858
2024-11-28,SKU_2,WH_5,15,16.6,15.018184005087635,0.018184005087634958
2024-11-29,SKU_2,WH_5,19,18.87,16.54786924789165,2.4521307521083493
2024-11-30,SKU_2,WH_5,8,8.4,9.203776158079464,1.2037761580794637
2024-12-01,SKU_2,WH_5,14,13.51,13.596921477555242,0.4030785224447584
2024-12-02,SKU_2,WH_5,14,14.19,13.353693338802563,0.6463066611974373
2024-12-03,SKU_2,WH_5,12,12.02,11.760918590782603,0.2390814092173965
2024-12-04,SKU_2,WH_5,15,15.78,14.87802498400527,0.12197501599472993
2024-12-05,SKU_2,WH_5,11,10.21,10.494789735750889,0.5052102642491114
2024-12-06,SKU_2,WH_5,16,9.89,10.210232839021794,5.789767160978206
2024-12-07,SKU_2,WH_5,21,30.2,25.346875866450095,4.346875866450095
2024-12-08,SKU_2,WH_5,12,9.75,10.359385407064112,1.6406145929358882
2024-12-09,SKU_2,WH_5,16,12.75,12.403576488227086,3.5964235117729135
2024-12-10,SKU_2,WH_5,17,18.78,16.860165494427093,0.13983450557290666
2024-12-11,SKU_2,WH_5,14,17.15,15.868371569695832,1.8683715696958316
2024-12-12,SKU_2,WH_5,28,28.62,24.21579708183776,3.78420291816224
2024-12-13,SKU_2,WH_5,11,11.69,11.548415504647867,0.5484155046478669
2024-12-14,SKU_2,WH_5,22,21.36,18.993138478866584,3.006861521133416
2024-12-15,SKU_2,WH_5,19,22.37,19.937537642572604,0.9375376425726039
2024-12-16,SKU_2,WH_5,5,7.61,8.905133635857473,3.9051336358574726
2024-12-17,SKU_2,WH_5,24,22.34,19.85184960719694,4.1481503928030605
2024-12-18,SKU_2,WH_5,22,23.39,20.599972153866847,1.4000278461331526
2024-12-19,SKU_2,WH_5,13,12.89,13.200131964785356,0.20013196478535633
2024-12-20,SKU_2,WH_5,19,21.5,19.12157122896992,0.12157122896991979
2024-12-21,SKU_2,WH_5,23,25.61,22.449255742690035,0.5507442573099652
2024-12-22,SKU_2,WH_5,23,32.3,27.243189795265476,4.243189795265476
2024-12-23,SKU_2,WH_5,25,24.31,21.389760167318006,3.6102398326819944
2024-12-24,SKU_2,WH_5,29,33.43,28.535751631881293,0.4642483681187066
2024-12-25,SKU_2,WH_5,16,11.76,12.261942211511,3.738057788489
2024-12-26,SKU_2,WH_5,13,15.47,15.11817695717905,2.1181769571790507
2024-12-27,SKU_2,WH_5,27,25.83,22.973452384732582,4.026547615267418
2024-12-28,SKU_2,WH_5,20,28.54,24.85188475438639,4.85188475438639
2024-12-29,SKU_2,WH_5,19,18.77,17.464841711545073,1.5351582884549266
2024-12-30,SKU_2,WH_5,29,29.31,26.516522911544875,2.4834770884551247
2024-11-10,SKU_20,WH_1,10,12.0,11.599110040932274,1.599110040932274
2024-11-11,SKU_20,WH_1,15,16.58,16.102980759666963,1.1029807596669627
2024-11-12,SKU_20,WH_1,19,16.17,15.78699862789103,3.2130013721089696
2024-11-13,SKU_20,WH_1,8,4.75,6.163133151364409,1.8368668486355908
2024-11-14,SKU_20,WH_1,13,12.49,12.004022704753494,0.9959772952465062
2024-11-15,SKU_20,WH_1,13,10.11,10.801841456069564,2.198158543930436
2024-11-16,SKU_20,WH_1,11,8.77,9.222967103946445,1.777032896053555
2024-11-17,SKU_20,WH_1,12,7.63,8.522969787579626,3.477030212420374
2024-11-18,SKU_20,WH_1,24,26.28,22.35514457800848,1.6448554219915188
2024-11-19,SKU_20,WH_1,23,26.26,22.420429683370045,0.5795703166299546
2024-11-20,SKU_20,WH_1,8,5.33,7.009855315774796,0.9901446842252044
2024-11-21,SKU_20,WH_1,16,18.54,16.474873691458487,0.47487369145848746
2024-11-22,SKU_20,WH_1,20,17.75,15.945836723081694,4.054163276918306
2024-11-23,SKU_20,WH_1,21,18.48,16.430280720613524,4.569719279386476
2024-11-24,SKU_20,WH_1,23,28.77,24.26442395835602,1.2644239583560193
2024-11-25,SKU_20,WH_1,13,12.73,12.414491485289641,0.5855085147103587
2024-11-26,SKU_20,WH_1,15,11.54,11.282161873821263,3.717838126178737
2024-11-27,SKU_20,WH_1,25,28.11,23.96438360326022,1.0356163967397798
2024-11-28,SKU_20,WH_1,13,16.92,15.465145102491764,2.465145102491764
2024-11-29,SKU_20,WH_1,15,16.14,15.036964891323304,0.03696489132330427
2024-11-30,SKU_20,WH_1,23,25.17,21.66866825548812,1.3313317445118784
2024-12-01,SKU_20,WH_1,18,15.41,14.63817221377616,3.3618277862238397
2024-12-02,SKU_20,WH_1,18,18.72,17.06201069487405,0.9379893051259494
2024-12-03,SKU_20,WH_1,7,7.55,8.835091190611516,1.8350911906115162
2024-12-04,SKU_20,WH_1,24,24.59,22.964379901486257,1.0356200985137427
2024-12-05,SKU_20,WH_1,21,21.78,19.774159366513842,1.2258406334861576
2024-12-06,SKU_20,WH_1,12,17.56,16.341015185833115,4.341015185833115
2024-12-07,SKU_20,WH_1,19,21.75,20.93616417533718,1.9361641753371792
2024-12-08,SKU_20,WH_1,20,16.7,16.63215927486127,3.3678407251387306
2024-12-09,SKU_20,WH_1,15,13.64,13.332353827578128,1.6676461724218719
2024-12-10,SKU_20,WH_1,27,30.36,25.908642999622028,1.0913570003779718
2024-12-11,SKU_20,WH_1,20,21.18,19.218481349341793,0.7815186506582066
2024-12-12,SKU_20,WH_1,15,18.32,16.787823000093027,1.7878230000930273
2024-12-13,SKU_20,WH_1,14,13.49,13.157926835428086,0.8420731645719144
2024-12-14,SKU_20,WH_1,22,27.84,24.234787312199664,2.234787312199664
2024-12-15,SKU_20,WH_1,24,21.6,19.38218762119063,4.617812378809369
2024-12-16,SKU_20,WH_1,20,26.65,23.749076081636808,3.749076081636808
2024-12-17,SKU_20,WH_1,19,18.64,17.240260380474275,1.7597396195257247
2024-12-18,SKU_20,WH_1,14,17.33,16.27956338622449,2.2795633862244884
2024-12-19,SKU_20,WH_1,20,17.21,16.129656268802744,3.8703437311972557
2024-12-20,SKU_20,WH_1,16,18.8,17.236984601011642,1.2369846010116419
2024-12-21,SKU_20,WH_1,22,14.95,14.450901664157362,7.549098335842638
2024-12-22,SKU_20,WH_1,23,27.02,23.80464757635068,0.8046475763506784
2024-12-23,SKU_20,WH_1,19,26.53,23.53436457378909,4.534364573789091
2024-12-24,SKU_20,WH_1,24,21.63,19.531029767020662,4.468970232979338
2024-12-25,SKU_20,WH_1,27,29.5,27.500683490164338,0.500683490164338
2024-12-26,SKU_20,WH_1,24,26.94,25.333219576033546,1.333219576033546
2024-12-27,SKU_20,WH_1,23,25.58,23.03413670397727,0.03413670397727131
2024-12-28,SKU_20,WH_1,27,23.33,21.184161027599515,5.815838972400485
2024-12-29,SKU_20,WH_1,23,24.6,22.12087351445381,0.8791264855461911
2024-12-30,SKU_20,WH_1,21,24.74,23.2850290755048,2.2850290755047986
2024-11-10,SKU_20,WH_2,14,11.85,11.522656974858158,2.477343025141842
2024-11-11,SKU_20,WH_2,10,15.5,14.450026818524416,4.450026818524416
2024-11-12,SKU_20,WH_2,15,20.51,19.26018267280286,4.260182672802859
2024-11-13,SKU_20,WH_2,10,6.51,7.432461718240265,2.5675382817597354
2024-11-14,SKU_20,WH_2,22,23.05,19.905189641904038,2.0948103580959625
2024-11-15,SKU_20,WH_2,25,23.02,19.919150428432026,5.080849571567974
2024-11-16,SKU_20,WH_2,9,5.74,7.298054917247587,1.7019450827524132
2024-11-17,SKU_20,WH_2,17,20.76,18.22766036190619,1.2276603619061888
2024-11-18,SKU_20,WH_2,10,6.23,7.147174157150273,2.852825842849727
2024-11-19,SKU_20,WH_2,16,19.99,18.894794679546937,2.894794679546937
2024-11-20,SKU_20,WH_2,19,22.47,19.577518988761092,0.5775189887610921
2024-11-21,SKU_20,WH_2,15,10.45,10.613446108025096,4.386553891974904
2024-11-22,SKU_20,WH_2,8,11.07,11.132837670559365,3.132837670559365
2024-11-23,SKU_20,WH_2,7,4.65,6.173467356512603,0.826532643487397
2024-11-24,SKU_20,WH_2,8,6.49,7.343463751682527,0.6565362483174733
2024-11-25,SKU_20,WH_2,11,11.44,11.119523393087498,0.11952339308749771
2024-11-26,SKU_20,WH_2,14,16.26,14.816490605301201,0.8164906053012011
2024-11-27,SKU_20,WH_2,21,21.07,18.296301225554267,2.7036987744457335
2024-11-28,SKU_20,WH_2,24,20.68,19.317387211929006,4.682612788070994
2024-11-29,SKU_20,WH_2,19,14.93,13.779831519891625,5.220168480108375
2024-11-30,SKU_20,WH_2,17,16.51,15.105294508136213,1.8947054918637871
2024-12-01,SKU_20,WH_2,4,5.72,7.421423608327133,3.4214236083271334
2024-12-02,SKU_20,WH_2,23,22.45,21.204015159603973,1.7959848403960272
2024-12-03,SKU_20,WH_2,14,13.95,13.534303620575631,0.4656963794243687
2024-12-04,SKU_20,WH_2,12,7.63,8.901485664502196,3.0985143354978035
2024-12-05,SKU_20,WH_2,10,10.12,10.59185267760144,0.5918526776014392
2024-12-06,SKU_20,WH_2,18,18.63,16.79291523839648,1.2070847616035216
2024-12-07,SKU_20,WH_2,30,31.89,26.874405653562285,3.1255943464377154
2024-12-08,SKU_20,WH_2,21,18.24,16.618233358963188,4.381766641036812
2024-12-09,SKU_20,WH_2,6,2.09,4.380422630327704,1.619577369672296
2024-12-10,SKU_20,WH_2,17,19.12,17.426854352758188,0.4268543527581876
2024-12-11,SKU_20,WH_2,20,15.68,14.95072409166067,5.049275908339331
2024-12-12,SKU_20,WH_2,9,11.59,11.66521668397259,2.6652166839725897
2024-12-13,SKU_20,WH_2,12,10.36,10.882942766520484,1.1170572334795157
2024-12-14,SKU_20,WH_2,17,17.92,16.47854791293269,0.5214520870673098
2024-12-15,SKU_20,WH_2,18,18.07,17.463252411153583,0.536747588846417
2024-12-16,SKU_20,WH_2,23,24.75,21.500631279580972,1.499368720419028
2024-12-17,SKU_20,WH_2,14,13.9,13.41998607158278,0.5800139284172197
2024-12-18,SKU_20,WH_2,22,21.07,19.97084381498756,2.0291561850124396
2024-12-19,SKU_20,WH_2,32,30.12,25.666401393657278,6.333598606342722
2024-12-20,SKU_20,WH_2,23,25.71,22.66672401976142,0.33327598023857874
2024-12-21,SKU_20,WH_2,18,18.07,16.782129314821674,1.217870685178326
2024-12-22,SKU_20,WH_2,17,18.69,17.368205223176478,0.36820522317647786
2024-12-23,SKU_20,WH_2,22,19.42,19.082742115297364,2.917257884702636
2024-12-24,SKU_20,WH_2,11,10.72,11.535211864752645,0.5352118647526449
2024-12-25,SKU_20,WH_2,20,20.31,18.54706612704703,1.4529338729529684
2024-12-26,SKU_20,WH_2,17,12.44,12.611861448791903,4.3881385512080975
2024-12-27,SKU_20,WH_2,17,19.04,17.366647282685523,0.3666472826855234
2024-12-28,SKU_20,WH_2,16,10.09,10.665933561934912,5.334066438065088
2024-12-29,SKU_20,WH_2,35,44.86,34.216929517766964,0.7830704822330361
2024-12-30,SKU_20,WH_2,23,23.08,22.829229928908944,0.1707700710910558
2024-11-10,SKU_20,WH_3,13,16.01,14.901829770014341,1.9018297700143414
2024-11-11,SKU_20,WH_3,12,16.63,15.141511886175339,3.141511886175339
2024-11-12,SKU_20,WH_3,5,9.02,9.484947216879975,4.484947216879975
2024-11-13,SKU_20,WH_3,15,13.66,12.78344202926086,2.2165579707391405
2024-11-14,SKU_20,WH_3,13,11.67,11.149941160046838,1.850058839953162
2024-11-15,SKU_20,WH_3,13,13.3,12.593031387122581,0.40696861287741903
2024-11-16,SKU_20,WH_3,9,9.44,10.161544170431224,1.161544170431224
2024-11-17,SKU_20,WH_3,9,8.96,9.439746271954125,0.4397462719541245
2024-11-18,SKU_20,WH_3,19,15.95,15.591405163407497,3.4085948365925027
2024-11-19,SKU_20,WH_3,13,14.47,13.258781955504226,0.2587819555042259
2024-11-20,SKU_20,WH_3,6,6.19,6.964492460994578,0.9644924609945784
2024-11-21,SKU_20,WH_3,8,6.48,7.356300550878474,0.6436994491215264
2024-11-22,SKU_20,WH_3,11,4.87,6.493556895306346,4.506443104693654
2024-11-23,SKU_20,WH_3,22,20.24,17.800534700782826,4.199465299217174
2024-11-24,SKU_20,WH_3,18,18.04,16.042946253307022,1.9570537466929778
2024-11-25,SKU_20,WH_3,14,16.81,15.183709163110395,1.1837091631103949
2024-11-26,SKU_20,WH_3,9,6.21,7.050834814273653,1.949165185726347
2024-11-27,SKU_20,WH_3,9,8.16,8.852700465098376,0.14729953490162373
2024-11-28,SKU_20,WH_3,23,19.82,17.563708006713753,5.436291993286247
2024-11-29,SKU_20,WH_3,23,25.18,23.103255018118865,0.1032550181188654
2024-11-30,SKU_20,WH_3,17,23.15,19.99021918583975,2.9902191858397487
2024-12-01,SKU_20,WH_3,15,21.45,19.085922627935208,4.085922627935208
2024-12-02,SKU_20,WH_3,8,5.92,7.323325995033958,0.676674004966042
2024-12-03,SKU_20,WH_3,14,11.84,11.647521908300643,2.352478091699357
2024-12-04,SKU_20,WH_3,16,17.04,16.661838868415,0.6618388684149998
2024-12-05,SKU_20,WH_3,10,7.33,8.586852358161623,1.4131476418383766
2024-12-06,SKU_20,WH_3,30,30.06,25.48276918034906,4.5172308196509405
2024-12-07,SKU_20,WH_3,21,17.44,16.06588776795325,4.9341122320467505
2024-12-08,SKU_20,WH_3,21,25.9,22.59926267633568,1.5992626763356803
2024-12-09,SKU_20,WH_3,15,20.37,18.350877442038396,3.3508774420383958
2024-12-10,SKU_20,WH_3,22,28.28,24.417054059809704,2.417054059809704
2024-12-11,SKU_20,WH_3,21,23.82,21.108062783951368,0.10806278395136815
2024-12-12,SKU_20,WH_3,13,15.18,14.602074082613864,1.6020740826138642
2024-12-13,SKU_20,WH_3,16,13.58,13.266255145977093,2.7337448540229072
2024-12-14,SKU_20,WH_3,16,17.34,15.939551938091062,0.06044806190893759
2024-12-15,SKU_20,WH_3,12,13.51,12.948342460428456,0.9483424604284565
2024-12-16,SKU_20,WH_3,17,17.77,16.38267746198268,0.6173225380173193
2024-12-17,SKU_20,WH_3,26,26.31,24.492338956571274,1.507661043428726
2024-12-18,SKU_20,WH_3,13,17.05,15.788529454610948,2.7885294546109485
2024-12-19,SKU_20,WH_3,14,17.55,17.262442366606862,3.2624423666068623
2024-12-20,SKU_20,WH_3,21,24.99,21.769048734198993,0.7690487341989929
2024-12-21,SKU_20,WH_3,23,20.6,18.52675543270873,4.473244567291271
2024-12-22,SKU_20,WH_3,19,16.22,15.343193733368446,3.6568062666315537
2024-12-23,SKU_20,WH_3,20,16.65,16.408658020212354,3.5913419797876465
2024-12-24,SKU_20,WH_3,9,7.95,9.204452484375343,0.20445248437534325
2024-12-25,SKU_20,WH_3,16,19.53,17.790789980020516,1.7907899800205165
2024-12-26,SKU_20,WH_3,18,18.25,17.580606203439523,0.4193937965604775
2024-12-27,SKU_20,WH_3,25,22.16,19.762582854448496,5.237417145551504
2024-12-28,SKU_20,WH_3,20,19.1,17.37894861713678,2.6210513828632216
2024-12-29,SKU_20,WH_3,24,21.46,20.41662651868542,3.583373481314581
2024-12-30,SKU_20,WH_3,24,25.45,23.320434682346228,0.6795653176537719
2024-11-10,SKU_20,WH_4,17,17.33,15.5811659901547,1.4188340098453
2024-11-11,SKU_20,WH_4,15,16.39,14.965309994832133,0.034690005167867355
2024-11-12,SKU_20,WH_4,11,10.5,10.592857643589998,0.4071423564100023
2024-11-13,SKU_20,WH_4,13,16.18,14.790608507029713,1.790608507029713
2024-11-14,SKU_20,WH_4,12,14.49,13.222684019812442,1.2226840198124425
2024-11-15,SKU_20,WH_4,10,10.2,10.362208414913045,0.3622084149130451
2024-11-16,SKU_20,WH_4,4,4.63,6.072379255053267,2.072379255053267
2024-11-17,SKU_20,WH_4,11,13.16,12.371801922806412,1.3718019228064122
2024-11-18,SKU_20,WH_4,5,2.77,4.753327550678671,0.2466724493213288
2024-11-19,SKU_20,WH_4,14,8.75,9.246227711577177,4.753772288422823
2024-11-20,SKU_20,WH_4,7,11.87,11.441179863522468,4.441179863522468
2024-11-21,SKU_20,WH_4,9,7.39,8.285437437913284,0.7145625620867158
2024-11-22,SKU_20,WH_4,8,11.0,10.92689303339105,2.9268930333910497
2024-11-23,SKU_20,WH_4,19,16.91,16.177851346021445,2.822148653978555
2024-11-24,SKU_20,WH_4,12,6.9,7.569466597514659,4.430533402485341
2024-11-25,SKU_20,WH_4,10,11.2,10.92862704562441,0.9286270456244097
2024-11-26,SKU_20,WH_4,21,20.94,18.20793249082477,2.7920675091752294
2024-11-27,SKU_20,WH_4,19,24.77,20.9836091664146,1.983609166414599
2024-11-28,SKU_20,WH_4,12,15.45,14.226302933500861,2.226302933500861
2024-11-29,SKU_20,WH_4,18,15.36,14.146248030345175,3.853751969654825
2024-11-30,SKU_20,WH_4,13,11.41,11.152061578159751,1.847938421840249
2024-12-01,SKU_20,WH_4,13,18.81,16.88445014869456,3.8844501486945617
2024-12-02,SKU_20,WH_4,16,13.06,12.701041565945074,3.298958434054926
2024-12-03,SKU_20,WH_4,14,20.88,18.380819122163835,4.380819122163835
2024-12-04,SKU_20,WH_4,20,18.74,17.961488539502394,2.038511460497606
2024-12-05,SKU_20,WH_4,19,21.45,19.04716397430653,0.04716397430653174
2024-12-06,SKU_20,WH_4,23,24.59,21.281458076672997,1.7185419233270025
2024-12-07,SKU_20,WH_4,10,6.93,8.056459129291559,1.943540870708441
2024-12-08,SKU_20,WH_4,9,7.52,8.709291197799764,0.29070880220023554
2024-12-09,SKU_20,WH_4,11,10.95,11.214653222200683,0.21465322220068295
2024-12-10,SKU_20,WH_4,17,12.92,12.439744618125363,4.5602553818746365
2024-12-11,SKU_20,WH_4,11,3.4,5.60949802018656,5.39050197981344
2024-12-12,SKU_20,WH_4,23,24.62,21.307059345181454,1.6929406548185462
2024-12-13,SKU_20,WH_4,27,29.25,26.73182268748687,0.2681773125131315
2024-12-14,SKU_20,WH_4,15,13.48,12.87024179090668,2.1297582090933194
2024-12-15,SKU_20,WH_4,18,16.97,15.55722401249649,2.4427759875035093
2024-12-16,SKU_20,WH_4,12,10.69,11.083881022109862,0.9161189778901377
2024-12-17,SKU_20,WH_4,16,11.69,11.52382379545018,4.4761762045498195
2024-12-18,SKU_20,WH_4,11,15.51,14.678335134987373,3.678335134987373
2024-12-19,SKU_20,WH_4,19,13.46,12.96817477432782,6.031825225672179
2024-12-20,SKU_20,WH_4,21,22.18,19.768463217527433,1.231536782472567
2024-12-21,SKU_20,WH_4,29,30.26,27.6822526304534,1.3177473695465984
2024-12-22,SKU_20,WH_4,18,20.83,18.672387936148553,0.672387936148553
2024-12-23,SKU_20,WH_4,19,14.05,13.566668133894407,5.433331866105593
2024-12-24,SKU_20,WH_4,27,24.69,21.7198195853917,5.280180414608299
2024-12-25,SKU_20,WH_4,14,9.57,10.446075933386469,3.553924066613531
2024-12-26,SKU_20,WH_4,20,18.36,16.820778800449244,3.1792211995507564
2024-12-27,SKU_20,WH_4,24,25.58,24.16746640715763,0.1674664071576295
2024-12-28,SKU_20,WH_4,20,16.0,15.506585530141946,4.493414469858054
2024-12-29,SKU_20,WH_4,17,19.1,17.529012463570613,0.5290124635706128
2024-12-30,SKU_20,WH_4,17,19.29,18.6862529265009,1.6862529265008988
2024-11-10,SKU_20,WH_5,15,14.47,13.393580825117898,1.6064191748821024
2024-11-11,SKU_20,WH_5,15,17.09,16.476483184561285,1.4764831845612854
2024-11-12,SKU_20,WH_5,8,9.35,9.79127491101258,1.7912749110125805
2024-11-13,SKU_20,WH_5,3,1.05,3.338042843758211,0.33804284375821103
2024-11-14,SKU_20,WH_5,20,22.12,19.29866207300276,0.7013379269972404
2024-11-15,SKU_20,WH_5,20,17.79,16.01845518625348,3.9815448137465204
2024-11-16,SKU_20,WH_5,13,14.94,13.7599298804711,0.7599298804711001
2024-11-17,SKU_20,WH_5,17,16.92,15.183074958229717,1.8169250417702827
2024-11-18,SKU_20,WH_5,8,8.05,8.571767080977162,0.5717670809771622
2024-11-19,SKU_20,WH_5,20,20.16,17.748390750533957,2.2516092494660427
2024-11-20,SKU_20,WH_5,15,12.46,11.95229667134462,3.0477033286553805
2024-11-21,SKU_20,WH_5,11,12.97,12.18428683783545,1.1842868378354492
2024-11-22,SKU_20,WH_5,13,12.96,12.18892922751613,0.8110707724838697
2024-11-23,SKU_20,WH_5,21,23.6,20.314549975643033,0.6854500243569674
2024-11-24,SKU_20,WH_5,8,5.92,7.0802043989542245,0.9197956010457755
2024-11-25,SKU_20,WH_5,27,30.16,25.255572526617144,1.7444274733828564
2024-11-26,SKU_20,WH_5,15,11.53,11.85061334509077,3.1493866549092306
2024-11-27,SKU_20,WH_5,15,15.65,14.593248286361252,0.40675171363874796
2024-11-28,SKU_20,WH_5,4,2.35,3.9760817871697784,0.023918212830221552
2024-11-29,SKU_20,WH_5,12,17.27,15.598708228864984,3.598708228864984
2024-11-30,SKU_20,WH_5,21,18.04,16.163557993883945,4.836442006116055
2024-12-01,SKU_20,WH_5,11,14.43,13.610456203373179,2.610456203373179
2024-12-02,SKU_20,WH_5,7,1.47,3.6749150987877077,3.3250849012122923
2024-12-03,SKU_20,WH_5,7,11.07,11.147863866394772,4.147863866394772
2024-12-04,SKU_20,WH_5,13,10.63,10.785984026043156,2.214015973956844
2024-12-05,SKU_20,WH_5,13,19.57,17.55332100555094,4.553321005550941
2024-12-06,SKU_20,WH_5,22,20.68,18.228229532068287,3.771770467931713
2024-12-07,SKU_20,WH_5,11,10.4,10.580317735358664,0.4196822646413363
2024-12-08,SKU_20,WH_5,15,16.55,15.26146872317478,0.2614687231747794
2024-12-09,SKU_20,WH_5,15,18.36,16.319762998366667,1.3197629983666666
2024-12-10,SKU_20,WH_5,11,12.03,11.720443246191351,0.7204432461913512
2024-12-11,SKU_20,WH_5,19,18.62,16.753045607318192,2.2469543926818076
2024-12-12,SKU_20,WH_5,20,24.65,21.321814641322874,1.3218146413228737
2024-12-13,SKU_20,WH_5,19,18.82,16.90489067526251,2.0951093247374892
2024-12-14,SKU_20,WH_5,15,11.5,12.091959292597831,2.9080407074021686
2024-12-15,SKU_20,WH_5,28,34.34,30.729993657613683,2.729993657613683
2024-12-16,SKU_20,WH_5,14,15.74,15.038283998036423,1.0382839980364231
2024-12-17,SKU_20,WH_5,15,14.97,14.101141837420428,0.8988581625795717
2024-12-18,SKU_20,WH_5,12,13.99,13.48914507028999,1.4891450702899895
2024-12-19,SKU_20,WH_5,20,20.53,18.436732837610826,1.5632671623891738
2024-12-20,SKU_20,WH_5,22,23.55,20.782432786896848,1.2175672131031519
2024-12-21,SKU_20,WH_5,12,13.74,13.277609179047488,1.277609179047488
2024-12-22,SKU_20,WH_5,15,13.21,12.967246632241752,2.0327533677582483
2024-12-23,SKU_20,WH_5,18,17.03,15.772058083879367,2.227941916120633
2024-12-24,SKU_20,WH_5,11,4.23,6.059827102421071,4.940172897578929
2024-12-25,SKU_20,WH_5,19,19.0,17.110889472969905,1.8891105270300947
2024-12-26,SKU_20,WH_5,20,14.63,13.743341918822171,6.256658081177829
2024-12-27,SKU_20,WH_5,20,24.27,21.29949320705472,1.29949320705472
2024-12-28,SKU_20,WH_5,16,15.99,16.03870183995638,0.038701839956381434
2024-12-29,SKU_20,WH_5,14,16.17,15.249784239100293,1.2497842391002933
2024-12-30,SKU_20,WH_5,20,18.7,17.933327324435638,2.0666726755643623
2024-11-10,SKU_21,WH_1,10,9.72,10.161652907880345,0.16165290788034525
2024-11-11,SKU_21,WH_1,23,19.64,17.594353178264218,5.4056468217357825
2024-11-12,SKU_21,WH_1,11,10.97,10.93460735965059,0.06539264034941006
2024-11-13,SKU_21,WH_1,17,16.13,14.857456065011162,2.142543934988838
2024-11-14,SKU_21,WH_1,15,19.44,17.187778740451176,2.1877787404511757
2024-11-15,SKU_21,WH_1,13,8.14,8.93491472867026,4.065085271329741
2024-11-16,SKU_21,WH_1,19,16.11,14.837672064439577,4.162327935560423
2024-11-17,SKU_21,WH_1,15,17.42,16.90700094390832,1.9070009439083186
2024-11-18,SKU_21,WH_1,12,9.71,9.946183011163903,2.053816988836097
2024-11-19,SKU_21,WH_1,20,19.26,17.02465408055981,2.9753459194401906
2024-11-20,SKU_21,WH_1,11,9.43,9.834595251503245,1.165404748496755
2024-11-21,SKU_21,WH_1,11,10.19,10.365739297257118,0.6342607027428819
2024-11-22,SKU_21,WH_1,18,18.11,16.049263218109374,1.950736781890626
2024-11-23,SKU_21,WH_1,17,18.32,16.280493726343614,0.7195062736563855
2024-11-24,SKU_21,WH_1,10,7.41,8.422897419222645,1.577102580777355
2024-11-25,SKU_21,WH_1,2,3.86,5.749604650681667,3.7496046506816674
2024-11-26,SKU_21,WH_1,15,21.8,19.117849217910173,4.117849217910173
2024-11-27,SKU_21,WH_1,15,15.05,13.988303994963998,1.0116960050360024
2024-11-28,SKU_21,WH_1,12,10.6,10.7090332658549,1.2909667341450994
2024-11-29,SKU_21,WH_1,16,18.0,16.03319351655576,0.03319351655575886
2024-11-30,SKU_21,WH_1,32,35.41,28.209934963147838,3.7900650368521625
2024-12-01,SKU_21,WH_1,14,16.35,15.250764476489636,1.2507644764896355
2024-12-02,SKU_21,WH_1,13,12.48,12.330168423041153,0.6698315769588472
2024-12-03,SKU_21,WH_1,28,27.44,23.67383718094462,4.32616281905538
2024-12-04,SKU_21,WH_1,13,17.82,16.51528540430406,3.515285404304059
2024-12-05,SKU_21,WH_1,12,12.57,12.452723268108603,0.45272326810860264
2024-12-06,SKU_21,WH_1,16,11.27,12.051564999136733,3.9484350008632667
2024-12-07,SKU_21,WH_1,16,14.68,13.933192316761758,2.066807683238242
2024-12-08,SKU_21,WH_1,17,16.27,15.352314377667204,1.647685622332796
2024-12-09,SKU_21,WH_1,8,11.76,11.902389677222041,3.9023896772220414
2024-12-10,SKU_21,WH_1,24,23.87,21.029852386807537,2.970147613192463
2024-12-11,SKU_21,WH_1,18,17.12,15.854082316412967,2.145917683587033
2024-12-12,SKU_21,WH_1,18,19.44,17.622455087671888,0.37754491232811205
2024-12-13,SKU_21,WH_1,6,4.64,6.611440298417134,0.6114402984171337
2024-12-14,SKU_21,WH_1,20,22.69,20.20276997112779,0.20276997112778972
2024-12-15,SKU_21,WH_1,9,8.03,9.026887222573714,0.026887222573714453
2024-12-16,SKU_21,WH_1,18,17.36,15.921028077676949,2.078971922323051
2024-12-17,SKU_21,WH_1,17,16.46,15.296021100238555,1.7039788997614451
2024-12-18,SKU_21,WH_1,15,21.79,19.54806536309377,4.5480653630937695
2024-12-19,SKU_21,WH_1,24,26.54,23.22664794021389,0.7733520597861094
2024-12-20,SKU_21,WH_1,13,14.23,13.532003887443118,0.5320038874431177
2024-12-21,SKU_21,WH_1,22,18.96,17.15430631158768,4.845693688412322
2024-12-22,SKU_21,WH_1,24,27.8,24.10220282338304,0.10220282338303832
2024-12-23,SKU_21,WH_1,20,22.22,19.799058024416002,0.20094197558399784
2024-12-24,SKU_21,WH_1,24,24.68,23.19148944074269,0.8085105592573107
2024-12-25,SKU_21,WH_1,16,13.89,13.704660286571482,2.2953397134285183
2024-12-26,SKU_21,WH_1,22,19.66,18.098325031791752,3.9016749682082477
2024-12-27,SKU_21,WH_1,12,14.58,13.960985983352495,1.9609859833524954
2024-12-28,SKU_21,WH_1,24,20.63,18.644465733343537,5.355534266656463
2024-12-29,SKU_21,WH_1,28,27.71,25.89690204748821,2.1030979525117885
2024-12-30,SKU_21,WH_1,22,27.64,25.33981367256667,3.3398136725666703
2024-11-10,SKU_21,WH_2,14,13.52,12.836620226544257,1.163379773455743
2024-11-11,SKU_21,WH_2,12,12.88,12.271377937941907,0.27137793794190657
2024-11-12,SKU_21,WH_2,11,9.72,10.111742900411555,0.8882570995884453
2024-11-13,SKU_21,WH_2,11,12.15,11.825020170036826,0.8250201700368258
2024-11-14,SKU_21,WH_2,8,6.84,7.617876979051025,0.382123020948975
2024-11-15,SKU_21,WH_2,5,7.2,8.24775500156278,3.24775500156278
2024-11-16,SKU_21,WH_2,15,16.64,15.068779115372335,0.06877911537233494
2024-11-17,SKU_21,WH_2,15,10.58,10.714292173713924,4.285707826286076
2024-11-18,SKU_21,WH_2,12,6.39,7.38041623711582,4.61958376288418
2024-11-19,SKU_21,WH_2,3,7.15,8.205240083411098,5.205240083411098
2024-11-20,SKU_21,WH_2,8,9.75,10.043907482809338,2.043907482809338
2024-11-21,SKU_21,WH_2,8,7.81,8.488702913473343,0.48870291347334316
2024-11-22,SKU_21,WH_2,21,25.26,21.403187461907656,0.4031874619076561
2024-11-23,SKU_21,WH_2,9,6.53,7.37841616465583,1.62158383534417
2024-11-24,SKU_21,WH_2,23,20.64,18.027283311248034,4.972716688751966
2024-11-25,SKU_21,WH_2,19,23.97,20.726216196705092,1.7262161967050922
2024-11-26,SKU_21,WH_2,10,9.27,9.753634740293844,0.24636525970615608
2024-11-27,SKU_21,WH_2,11,9.92,10.095819169944429,0.9041808300555711
2024-11-28,SKU_21,WH_2,9,4.79,6.541335589405059,2.458664410594941
2024-11-29,SKU_21,WH_2,11,16.04,14.795271641083373,3.7952716410833727
2024-11-30,SKU_21,WH_2,22,18.68,16.53859903045184,5.4614009695481585
2024-12-01,SKU_21,WH_2,18,17.79,16.256967240802744,1.7430327591972556
2024-12-02,SKU_21,WH_2,15,17.02,15.637725999957732,0.6377259999577323
2024-12-03,SKU_21,WH_2,11,7.42,8.591334792822053,2.408665207177947
2024-12-04,SKU_21,WH_2,13,14.43,13.47967588340149,0.47967588340148914
2024-12-05,SKU_21,WH_2,19,11.32,11.274120639838756,7.725879360161244
2024-12-06,SKU_21,WH_2,19,17.21,15.805785077934065,3.1942149220659353
2024-12-07,SKU_21,WH_2,9,12.14,12.769016871889093,3.769016871889093
2024-12-08,SKU_21,WH_2,19,18.76,16.86126273562596,2.13873726437404
2024-12-09,SKU_21,WH_2,16,18.62,16.829354710294766,0.8293547102947656
2024-12-10,SKU_21,WH_2,6,7.87,8.978188686972594,2.9781886869725938
2024-12-11,SKU_21,WH_2,8,12.07,11.829104862722858,3.8291048627228577
2024-12-12,SKU_21,WH_2,10,3.99,5.85952706347747,4.14047293652253
2024-12-13,SKU_21,WH_2,15,19.61,18.85394605034034,3.8539460503403404
2024-12-14,SKU_21,WH_2,17,15.97,15.043033286893671,1.956966713106329
2024-12-15,SKU_21,WH_2,13,8.62,9.47157854789252,3.52842145210748
2024-12-16,SKU_21,WH_2,9,9.32,9.955345858541904,0.9553458585419037
2024-12-17,SKU_21,WH_2,20,20.4,18.16234456171372,1.83765543828628
2024-12-18,SKU_21,WH_2,7,12.37,12.011753316464246,5.011753316464246
2024-12-19,SKU_21,WH_2,15,13.99,13.235646864896019,1.7643531351039812
2024-12-20,SKU_21,WH_2,16,15.62,14.609586766006363,1.3904132339936375
2024-12-21,SKU_21,WH_2,28,26.47,24.462817670256708,3.537182329743292
2024-12-22,SKU_21,WH_2,20,18.69,16.89865369276597,3.1013463072340315
2024-12-23,SKU_21,WH_2,23,25.55,22.315055530809964,0.6849444691900359
2024-12-24,SKU_21,WH_2,29,29.98,27.514893610188928,1.4851063898110723
2024-12-25,SKU_21,WH_2,20,10.68,11.271071406517942,8.728928593482058
2024-12-26,SKU_21,WH_2,26,27.99,26.073330808621574,0.0733308086215736
2024-12-27,SKU_21,WH_2,19,17.56,16.560616198778053,2.439383801221947
2024-12-28,SKU_21,WH_2,19,21.97,20.117212539957197,1.1172125399571975
2024-12-29,SKU_21,WH_2,21,16.6,15.875911747972003,5.124088252027997
2024-12-30,SKU_21,WH_2,18,18.28,17.921652834878426,0.07834716512157414
2024-11-10,SKU_21,WH_3,14,15.55,14.498535964577304,0.49853596457730376
2024-11-11,SKU_21,WH_3,17,17.05,15.464964662813701,1.535035337186299
2024-11-12,SKU_21,WH_3,14,7.55,8.431003601130731,5.568996398869269
2024-11-13,SKU_21,WH_3,24,24.97,21.25071565261691,2.749284347383089
2024-11-14,SKU_21,WH_3,10,10.54,10.854034025680093,0.8540340256800931
2024-11-15,SKU_21,WH_3,14,16.49,15.127577099961734,1.1275770999617336
2024-11-16,SKU_21,WH_3,13,18.2,16.2787633523838,3.2787633523837982
2024-11-17,SKU_21,WH_3,14,11.02,11.117068822587001,2.882931177412999
2024-11-18,SKU_21,WH_3,0,3.5,5.48090185419691,5.48090185419691
2024-11-19,SKU_21,WH_3,3,0.0,2.4246641695901014,0.5753358304098986
2024-11-20,SKU_21,WH_3,14,14.0,13.10727267765305,0.8927273223469498
2024-11-21,SKU_21,WH_3,7,10.91,10.9015345425213,3.9015345425213006
2024-11-22,SKU_21,WH_3,11,12.08,11.547560288388588,0.5475602883885884
2024-11-23,SKU_21,WH_3,15,10.6,11.110392309653774,3.889607690346226
2024-11-24,SKU_21,WH_3,10,10.49,11.1002755873447,1.1002755873447008
2024-11-25,SKU_21,WH_3,18,13.87,13.069696540720724,4.930303459279276
2024-11-26,SKU_21,WH_3,5,3.61,5.29070165694131,0.29070165694130967
2024-11-27,SKU_21,WH_3,9,2.05,3.8174294123060197,5.182570587693981
2024-11-28,SKU_21,WH_3,12,7.88,8.586584677956164,3.4134153220438357
2024-11-29,SKU_21,WH_3,13,12.58,12.175375972297115,0.8246240277028853
2024-11-30,SKU_21,WH_3,7,8.16,8.880417081831915,1.880417081831915
2024-12-01,SKU_21,WH_3,16,16.9,15.515864883611432,0.4841351163885683
2024-12-02,SKU_21,WH_3,7,4.12,5.849213369695715,1.1507866303042853
2024-12-03,SKU_21,WH_3,21,23.72,20.588652216397758,0.4113477836022419
2024-12-04,SKU_21,WH_3,26,24.06,22.641212831815636,3.3587871681843637
2024-12-05,SKU_21,WH_3,5,4.38,6.6479753536860535,1.6479753536860535
2024-12-06,SKU_21,WH_3,16,14.09,13.307640125800628,2.692359874199372
2024-12-07,SKU_21,WH_3,21,15.01,14.133892225432417,6.866107774567583
2024-12-08,SKU_21,WH_3,16,15.59,14.73696863182411,1.2630313681758896
2024-12-09,SKU_21,WH_3,11,13.9,13.303789683120655,2.3037896831206552
2024-12-10,SKU_21,WH_3,21,23.16,20.240369400704573,0.7596305992954271
2024-12-11,SKU_21,WH_3,22,18.76,16.83563285820237,5.16436714179763
2024-12-12,SKU_21,WH_3,15,15.54,14.615430723954944,0.3845692760450561
2024-12-13,SKU_21,WH_3,16,22.1,19.659777458755254,3.6597774587552543
2024-12-14,SKU_21,WH_3,25,19.98,17.921203900820576,7.078796099179424
2024-12-15,SKU_21,WH_3,16,9.71,10.248521394524275,5.751478605475725
2024-12-16,SKU_21,WH_3,15,14.33,13.635525767794107,1.3644742322058931
2024-12-17,SKU_21,WH_3,18,12.65,12.521767581623793,5.478232418376207
2024-12-18,SKU_21,WH_3,16,12.51,12.284035265679815,3.7159647343201847
2024-12-19,SKU_21,WH_3,15,14.42,13.700728977060793,1.299271022939207
2024-12-20,SKU_21,WH_3,17,17.13,15.863282999449986,1.1367170005500142
2024-12-21,SKU_21,WH_3,26,26.58,23.32807796957557,2.6719220304244296
2024-12-22,SKU_21,WH_3,17,14.8,14.139955058212218,2.8600449417877822
2024-12-23,SKU_21,WH_3,16,18.01,17.52512413948449,1.5251241394844897
2024-12-24,SKU_21,WH_3,23,26.12,22.868771481245584,0.13122851875441555
2024-12-25,SKU_21,WH_3,28,27.28,23.588673608086758,4.411326391913242
2024-12-26,SKU_21,WH_3,19,16.15,15.473515391212164,3.526484608787836
2024-12-27,SKU_21,WH_3,26,22.27,20.078193825560582,5.921806174439418
2024-12-28,SKU_21,WH_3,23,22.37,20.381848707486046,2.6181512925139536
2024-12-29,SKU_21,WH_3,26,24.41,21.829558704217135,4.170441295782865
2024-12-30,SKU_21,WH_3,13,11.06,12.777064421111277,0.22293557888872328
2024-11-10,SKU_21,WH_4,9,15.82,14.839797218781818,5.839797218781818
2024-11-11,SKU_21,WH_4,10,10.68,10.889298656949935,0.8892986569499346
2024-11-12,SKU_21,WH_4,8,7.85,8.643852993812855,0.643852993812855
2024-11-13,SKU_21,WH_4,9,9.61,9.881560355577188,0.8815603555771876
2024-11-14,SKU_21,WH_4,18,16.8,16.20371770703462,1.7962822929653797
2024-11-15,SKU_21,WH_4,0,0.0,2.4986587231546125,2.4986587231546125
2024-11-16,SKU_21,WH_4,14,17.74,16.981160148448136,2.9811601484481365
2024-11-17,SKU_21,WH_4,11,17.89,16.064511648164572,5.064511648164572
2024-11-18,SKU_21,WH_4,12,11.42,11.170854868879616,0.8291451311203843
2024-11-19,SKU_21,WH_4,18,15.84,14.655275570408893,3.344724429591107
2024-11-20,SKU_21,WH_4,10,10.88,10.896335851552806,0.8963358515528057
2024-11-21,SKU_21,WH_4,18,20.21,17.769204687449133,0.2307953125508675
2024-11-22,SKU_21,WH_4,13,9.56,9.84309403048343,3.15690596951657
2024-11-23,SKU_21,WH_4,14,19.38,17.14960837138694,3.1496083713869396
2024-11-24,SKU_21,WH_4,13,17.1,15.36811316653594,2.36811316653594
2024-11-25,SKU_21,WH_4,11,6.66,7.407633825728634,3.5923661742713664
2024-11-26,SKU_21,WH_4,17,20.1,17.745020890294104,0.7450208902941036
2024-11-27,SKU_21,WH_4,9,5.21,6.53252649425401,2.46747350574599
2024-11-28,SKU_21,WH_4,22,27.01,22.779020482731255,0.779020482731255
2024-11-29,SKU_21,WH_4,16,16.68,15.151056290776863,0.8489437092231373
2024-11-30,SKU_21,WH_4,12,20.64,18.08429212074011,6.084292120740109
2024-12-01,SKU_21,WH_4,13,16.77,15.485291842923917,2.4852918429239175
2024-12-02,SKU_21,WH_4,6,7.15,8.612516979827575,2.612516979827575
2024-12-03,SKU_21,WH_4,15,14.44,13.563429074141144,1.436570925858856
2024-12-04,SKU_21,WH_4,18,21.25,18.83851273494316,0.8385127349431585
2024-12-05,SKU_21,WH_4,17,18.74,16.789252843837037,0.21074715616296302
2024-12-06,SKU_21,WH_4,16,13.41,12.788322044126598,3.2116779558734017
2024-12-07,SKU_21,WH_4,17,16.89,15.467666737581204,1.5323332624187955
2024-12-08,SKU_21,WH_4,19,20.52,19.50974756810863,0.5097475681086294
2024-12-09,SKU_21,WH_4,20,19.81,17.80298282064652,2.1970171793534803
2024-12-10,SKU_21,WH_4,19,14.56,13.677365930567499,5.322634069432501
2024-12-11,SKU_21,WH_4,17,18.69,16.926479914844514,0.07352008515548647
2024-12-12,SKU_21,WH_4,26,32.73,27.44918985324717,1.4491898532471694
2024-12-13,SKU_21,WH_4,15,12.53,12.410491422959273,2.5895085770407267
2024-12-14,SKU_21,WH_4,16,14.87,14.199908493141388,1.800091506858612
2024-12-15,SKU_21,WH_4,10,10.74,11.212186136939055,1.2121861369390547
2024-12-16,SKU_21,WH_4,30,32.26,27.142817415050693,2.8571825849493067
2024-12-17,SKU_21,WH_4,26,26.44,23.071804221718025,2.9281957782819745
2024-12-18,SKU_21,WH_4,11,6.38,8.149037071363118,2.850962928636882
2024-12-19,SKU_21,WH_4,22,24.35,21.525291241812806,0.4747087581871945
2024-12-20,SKU_21,WH_4,16,15.84,16.008610757914475,0.008610757914475187
2024-12-21,SKU_21,WH_4,25,26.61,23.49852883441101,1.5014711655889883
2024-12-22,SKU_21,WH_4,32,30.48,28.14224595708854,3.857754042911459
2024-12-23,SKU_21,WH_4,23,20.99,19.094288915857287,3.9057110841427125
2024-12-24,SKU_21,WH_4,18,20.14,18.759746534682513,0.7597465346825132
2024-12-25,SKU_21,WH_4,20,18.3,16.925219552451583,3.0747804475484166
2024-12-26,SKU_21,WH_4,14,14.42,14.236887031750465,0.23688703175046477
2024-12-27,SKU_21,WH_4,20,14.96,14.627293000561508,5.372706999438492
2024-12-28,SKU_21,WH_4,13,15.0,14.841059808825486,1.8410598088254861
2024-12-29,SKU_21,WH_4,31,36.22,31.980713158275854,0.9807131582758544
2024-12-30,SKU_21,WH_4,22,29.2,26.205538261715134,4.205538261715134
2024-11-10,SKU_21,WH_5,16,16.58,15.159099074474739,0.8409009255252613
2024-11-11,SKU_21,WH_5,9,11.51,11.303319893780507,2.3033198937805075
2024-11-12,SKU_21,WH_5,10,13.22,12.625356024878814,2.6253560248788137
2024-11-13,SKU_21,WH_5,9,7.87,8.602052892026673,0.39794710797332655
2024-11-14,SKU_21,WH_5,15,18.84,17.832137625811892,2.8321376258118924
2024-11-15,SKU_21,WH_5,21,20.28,17.777434706220195,3.2225652937798053
2024-11-16,SKU_21,WH_5,8,15.62,14.507201042044928,6.507201042044928
2024-11-17,SKU_21,WH_5,17,20.1,17.799366771961687,0.7993667719616866
2024-11-18,SKU_21,WH_5,25,22.11,19.27384898522482,5.72615101477518
2024-11-19,SKU_21,WH_5,10,10.07,10.183652127581926,0.18365212758192584
2024-11-20,SKU_21,WH_5,18,16.39,14.924417965417582,3.0755820345824176
2024-11-21,SKU_21,WH_5,11,17.01,16.28180325103916,5.281803251039161
2024-11-22,SKU_21,WH_5,12,15.01,14.025104791969621,2.0251047919696212
2024-11-23,SKU_21,WH_5,6,7.92,8.690684594325344,2.6906845943253437
2024-11-24,SKU_21,WH_5,15,14.34,13.274556957056872,1.7254430429431284
2024-11-25,SKU_21,WH_5,20,19.42,17.24524585940422,2.7547541405957787
2024-11-26,SKU_21,WH_5,6,5.9,6.964232130308897,0.964232130308897
2024-11-27,SKU_21,WH_5,9,7.57,8.19327277111678,0.8067272288832203
2024-11-28,SKU_21,WH_5,17,11.65,11.109538025458779,5.890461974541221
2024-11-29,SKU_21,WH_5,18,19.41,17.095115472623334,0.9048845273766659
2024-11-30,SKU_21,WH_5,27,30.55,27.427384019498504,0.42738401949850413
2024-12-01,SKU_21,WH_5,10,12.46,12.329809687298763,2.329809687298763
2024-12-02,SKU_21,WH_5,17,15.21,14.394032734997324,2.6059672650026755
2024-12-03,SKU_21,WH_5,13,15.63,14.83708657912598,1.8370865791259803
2024-12-04,SKU_21,WH_5,21,27.53,23.619843455495964,2.619843455495964
2024-12-05,SKU_21,WH_5,19,19.03,17.28160690064321,1.7183930993567884
2024-12-06,SKU_21,WH_5,16,16.59,15.465094949743692,0.5349050502563077
2024-12-07,SKU_21,WH_5,18,17.69,17.283881990391635,0.7161180096083655
2024-12-08,SKU_21,WH_5,22,23.53,20.838022768177336,1.1619772318226644
2024-12-09,SKU_21,WH_5,10,9.5,10.703561341304153,0.7035613413041535
2024-12-10,SKU_21,WH_5,12,12.26,12.163019706360778,0.16301970636077812
2024-12-11,SKU_21,WH_5,11,9.03,9.881999817961868,1.1180001820381325
2024-12-12,SKU_21,WH_5,16,16.35,15.244906869047705,0.7550931309522948
2024-12-13,SKU_21,WH_5,7,6.03,7.4385952416557695,0.43859524165576946
2024-12-14,SKU_21,WH_5,17,10.69,11.046889248620895,5.953110751379105
2024-12-15,SKU_21,WH_5,20,20.66,18.409277642094878,1.590722357905122
2024-12-16,SKU_21,WH_5,13,9.98,10.428499592692006,2.571500407307994
2024-12-17,SKU_21,WH_5,19,18.48,16.633206961914958,2.366793038085042
2024-12-18,SKU_21,WH_5,18,16.79,15.52102236206759,2.4789776379324096
2024-12-19,SKU_21,WH_5,20,19.71,17.77201644571235,2.2279835542876505
2024-12-20,SKU_21,WH_5,19,15.47,14.658219487802388,4.341780512197612
2024-12-21,SKU_21,WH_5,22,23.38,20.622349579257257,1.377650420742743
2024-12-22,SKU_21,WH_5,10,11.54,11.572954777916063,1.5729547779160633
2024-12-23,SKU_21,WH_5,9,8.33,9.403328756986648,0.4033287569866477
2024-12-24,SKU_21,WH_5,24,22.71,20.174742850274946,3.8252571497250543
2024-12-25,SKU_21,WH_5,24,26.86,23.498332770707567,0.5016672292924333
2024-12-26,SKU_21,WH_5,19,21.58,19.288047074758325,0.2880470747583246
2024-12-27,SKU_21,WH_5,18,20.44,18.503346504667448,0.5033465046674479
2024-12-28,SKU_21,WH_5,26,30.37,25.863371989773615,0.13662801022638504
2024-12-29,SKU_21,WH_5,17,18.95,17.18283930750635,0.1828393075063488
2024-12-30,SKU_21,WH_5,20,23.3,21.89113210650132,1.8911321065013205
2024-11-10,SKU_22,WH_1,16,16.55,15.05443566719697,0.9455643328030305
2024-11-11,SKU_22,WH_1,10,7.15,8.149534005817578,1.8504659941824215
2024-11-12,SKU_22,WH_1,3,2.84,4.890314793788988,1.8903147937889884
2024-11-13,SKU_22,WH_1,4,3.05,4.863702523091031,0.8637025230910309
2024-11-14,SKU_22,WH_1,11,6.74,7.480036585312621,3.5199634146873793
2024-11-15,SKU_22,WH_1,18,20.88,18.143378054985554,0.14337805498555412
2024-11-16,SKU_22,WH_1,13,14.06,13.11062679707746,0.11062679707745993
2024-11-17,SKU_22,WH_1,18,19.13,17.009692363440728,0.9903076365592725
2024-11-18,SKU_22,WH_1,24,25.52,23.645471391822,0.3545286081780006
2024-11-19,SKU_22,WH_1,8,5.42,7.019199657706186,0.9808003422938141
2024-11-20,SKU_22,WH_1,18,18.0,16.04436926472272,1.9556307352772784
2024-11-21,SKU_22,WH_1,19,19.96,17.635753833968945,1.3642461660310552
2024-11-22,SKU_22,WH_1,20,23.9,20.673430154287985,0.6734301542879848
2024-11-23,SKU_22,WH_1,22,23.55,21.99967491642314,0.0003250835768611182
2024-11-24,SKU_22,WH_1,17,16.79,15.346925542622092,1.6530744573779081
2024-11-25,SKU_22,WH_1,17,19.83,17.797479765791895,0.7974797657918948
2024-11-26,SKU_22,WH_1,16,13.14,12.575628548064788,3.4243714519352118
2024-11-27,SKU_22,WH_1,18,16.06,15.856930508990889,2.1430694910091113
2024-11-28,SKU_22,WH_1,19,18.64,16.755491780677552,2.244508219322448
2024-11-29,SKU_22,WH_1,13,14.45,13.562090764124328,0.5620907641243278
2024-11-30,SKU_22,WH_1,15,9.41,10.028794618417287,4.971205381582713
2024-12-01,SKU_22,WH_1,12,9.48,10.193109908675716,1.8068900913242842
2024-12-02,SKU_22,WH_1,16,11.84,11.864173380862397,4.135826619137603
2024-12-03,SKU_22,WH_1,19,15.53,14.780778629247003,4.219221370752997
2024-12-04,SKU_22,WH_1,10,6.15,7.555617119849264,2.4443828801507363
2024-12-05,SKU_22,WH_1,8,5.53,7.370738517884205,0.6292614821157949
2024-12-06,SKU_22,WH_1,15,13.57,13.063242639751413,1.9367573602485866
2024-12-07,SKU_22,WH_1,10,12.77,12.535343353332921,2.5353433533329213
2024-12-08,SKU_22,WH_1,10,11.29,11.395531928452847,1.3955319284528471
2024-12-09,SKU_22,WH_1,14,14.67,13.835172251765025,0.16482774823497515
2024-12-10,SKU_22,WH_1,14,13.87,13.380585162974256,0.6194148370257437
2024-12-11,SKU_22,WH_1,14,9.17,10.420636390253682,3.579363609746318
2024-12-12,SKU_22,WH_1,23,28.48,26.210122551897474,3.2101225518974736
2024-12-13,SKU_22,WH_1,15,17.62,17.17221350651496,2.172213506514961
2024-12-14,SKU_22,WH_1,16,14.75,14.023807455213369,1.976192544786631
2024-12-15,SKU_22,WH_1,18,14.4,13.669537175891662,4.330462824108338
2024-12-16,SKU_22,WH_1,19,22.32,19.801547032391763,0.8015470323917633
2024-12-17,SKU_22,WH_1,15,15.66,14.959759367029092,0.04024063297090841
2024-12-18,SKU_22,WH_1,23,22.56,20.057160673063855,2.942839326936145
2024-12-19,SKU_22,WH_1,23,22.95,20.37708874817537,2.622911251824629
2024-12-20,SKU_22,WH_1,19,20.28,18.288242553157545,0.711757446842455
2024-12-21,SKU_22,WH_1,23,21.24,19.13944212311424,3.8605578768857605
2024-12-22,SKU_22,WH_1,18,20.49,18.56722857760879,0.5672285776087911
2024-12-23,SKU_22,WH_1,16,19.12,17.504330927099957,1.5043309270999572
2024-12-24,SKU_22,WH_1,10,11.46,11.665777376372517,1.6657773763725174
2024-12-25,SKU_22,WH_1,16,17.16,15.939927004438704,0.06007299556129553
2024-12-26,SKU_22,WH_1,19,19.94,18.02812255900749,0.971877440992511
2024-12-27,SKU_22,WH_1,20,19.11,17.335851980026654,2.6641480199733465
2024-12-28,SKU_22,WH_1,19,19.94,18.09383146431579,0.9061685356842091
2024-12-29,SKU_22,WH_1,11,16.72,15.581960247471978,4.581960247471978
2024-12-30,SKU_22,WH_1,21,23.51,21.902320764356272,0.9023207643562721
2024-11-10,SKU_22,WH_2,16,16.99,15.329359125002457,0.6706408749975434
2024-11-11,SKU_22,WH_2,7,6.9,7.662644127370882,0.6626441273708821
2024-11-12,SKU_22,WH_2,4,0.0,2.499285665491027,1.5007143345089728
2024-11-13,SKU_22,WH_2,6,7.08,8.221584707160773,2.2215847071607726
2024-11-14,SKU_22,WH_2,5,9.57,10.273885453135607,5.273885453135607
2024-11-15,SKU_22,WH_2,22,19.1,16.9307727002396,5.069227299760399
2024-11-16,SKU_22,WH_2,22,20.23,19.158319304838418,2.841680695161582
2024-11-17,SKU_22,WH_2,17,16.31,14.894440016960791,2.1055599830392087
2024-11-18,SKU_22,WH_2,14,16.36,14.926374784092289,0.9263747840922889
2024-11-19,SKU_22,WH_2,12,9.65,9.863437466828039,2.1365625331719613
2024-11-20,SKU_22,WH_2,11,12.69,12.15099573592536,1.1509957359253598
2024-11-21,SKU_22,WH_2,7,3.92,5.651883297738601,1.3481167022613993
2024-11-22,SKU_22,WH_2,13,11.93,11.539922886582088,1.4600771134179116
2024-11-23,SKU_22,WH_2,10,6.28,6.991550029567477,3.0084499704325234
2024-11-24,SKU_22,WH_2,11,9.78,10.050700800976406,0.9492991990235939
2024-11-25,SKU_22,WH_2,11,12.84,12.140949851174547,1.1409498511745468
2024-11-26,SKU_22,WH_2,16,15.91,14.693290420843736,1.306709579156264
2024-11-27,SKU_22,WH_2,22,22.73,19.69418604547876,2.3058139545212413
2024-11-28,SKU_22,WH_2,26,30.5,27.432581865963545,1.4325818659635452
2024-11-29,SKU_22,WH_2,15,17.45,15.77512462628435,0.7751246262843505
2024-11-30,SKU_22,WH_2,22,26.31,22.643861900724684,0.6438619007246835
2024-12-01,SKU_22,WH_2,12,14.72,14.018025734266732,2.0180257342667325
2024-12-02,SKU_22,WH_2,2,0.7,2.959223328565459,0.959223328565459
2024-12-03,SKU_22,WH_2,18,18.55,16.73583921163014,1.2641607883698605
2024-12-04,SKU_22,WH_2,14,14.04,13.366772093155557,0.6332279068444429
2024-12-05,SKU_22,WH_2,22,18.85,16.925049185903266,5.074950814096734
2024-12-06,SKU_22,WH_2,24,26.19,24.545375229410748,0.5453752294107481
2024-12-07,SKU_22,WH_2,13,10.25,10.741835621309656,2.258164378690344
2024-12-08,SKU_22,WH_2,26,26.29,24.623157768847552,1.3768422311524482
2024-12-09,SKU_22,WH_2,11,8.94,9.971664888002618,1.0283351119973823
2024-12-10,SKU_22,WH_2,16,12.29,12.823107325240375,3.1768926747596247
2024-12-11,SKU_22,WH_2,21,25.38,22.084652463788707,1.0846524637887072
2024-12-12,SKU_22,WH_2,17,24.33,21.44388707276326,4.4438870727632604
2024-12-13,SKU_22,WH_2,17,20.79,18.669983440751192,1.6699834407511922
2024-12-14,SKU_22,WH_2,25,23.19,20.717253466622356,4.282746533377644
2024-12-15,SKU_22,WH_2,18,17.56,17.26384109350351,0.7361589064964917
2024-12-16,SKU_22,WH_2,14,12.01,12.045255482851998,1.9547445171480025
2024-12-17,SKU_22,WH_2,13,13.02,12.672937941508456,0.3270620584915438
2024-12-18,SKU_22,WH_2,22,21.31,20.27060066158087,1.7293993384191317
2024-12-19,SKU_22,WH_2,28,27.57,23.743966006611792,4.256033993388208
2024-12-20,SKU_22,WH_2,6,11.47,11.715020644425843,5.715020644425843
2024-12-21,SKU_22,WH_2,15,14.11,13.59004758844062,1.4099524115593791
2024-12-22,SKU_22,WH_2,21,16.99,15.735299213661753,5.264700786338247
2024-12-23,SKU_22,WH_2,20,13.42,13.074476276629717,6.925523723370283
2024-12-24,SKU_22,WH_2,31,29.04,26.625461403353828,4.374538596646172
2024-12-25,SKU_22,WH_2,20,20.89,18.883034335418795,1.1169656645812047
2024-12-26,SKU_22,WH_2,20,24.11,21.581760764896888,1.581760764896888
2024-12-27,SKU_22,WH_2,27,26.26,23.199900225246935,3.8000997747530647
2024-12-28,SKU_22,WH_2,22,25.96,24.605016850906356,2.605016850906356
2024-12-29,SKU_22,WH_2,21,16.58,16.033154486640367,4.966845513359633
2024-12-30,SKU_22,WH_2,18,23.29,22.120350196995524,4.120350196995524
2024-11-10,SKU_22,WH_3,26,30.48,25.421618377930013,0.5783816220699869
2024-11-11,SKU_22,WH_3,15,20.97,18.319616086600703,3.3196160866007034
2024-11-12,SKU_22,WH_3,10,1.99,3.763921416867868,6.236078583132132
2024-11-13,SKU_22,WH_3,0,0.63,2.540525942761151,2.540525942761151
2024-11-14,SKU_22,WH_3,24,26.55,22.862282511090427,1.1377174889095727
2024-11-15,SKU_22,WH_3,22,24.72,21.20749167582031,0.7925083241796891
2024-11-16,SKU_22,WH_3,5,6.69,7.669922065540607,2.6699220655406073
2024-11-17,SKU_22,WH_3,20,18.01,16.07085328579708,3.9291467142029184
2024-11-18,SKU_22,WH_3,12,16.64,15.064134144359707,3.0641341443597074
2024-11-19,SKU_22,WH_3,7,3.88,5.746797425474943,1.2532025745250568
2024-11-20,SKU_22,WH_3,23,22.41,19.466383892451557,3.5336161075484434
2024-11-21,SKU_22,WH_3,14,18.4,16.368422486725652,2.3684224867256525
2024-11-22,SKU_22,WH_3,9,17.24,15.590277612330311,6.590277612330311
2024-11-23,SKU_22,WH_3,7,1.69,3.332547410858261,3.667452589141739
2024-11-24,SKU_22,WH_3,18,18.12,15.987517159649471,2.012482840350529
2024-11-25,SKU_22,WH_3,14,15.95,14.734717923930676,0.7347179239306758
2024-11-26,SKU_22,WH_3,7,0.18,2.449551186023358,4.550448813976642
2024-11-27,SKU_22,WH_3,11,4.29,5.633075464804695,5.366924535195305
2024-11-28,SKU_22,WH_3,20,17.1,15.265908642948201,4.734091357051799
2024-11-29,SKU_22,WH_3,16,17.68,15.690961550916267,0.309038449083733
2024-11-30,SKU_22,WH_3,21,19.35,17.08083119089026,3.9191688091097383
2024-12-01,SKU_22,WH_3,13,14.49,13.62780756338519,0.6278075633851898
2024-12-02,SKU_22,WH_3,25,25.41,21.835851002354758,3.164148997645242
2024-12-03,SKU_22,WH_3,16,22.45,19.946253782265114,3.9462537822651136
2024-12-04,SKU_22,WH_3,12,9.21,10.138166790277028,1.8618332097229722
2024-12-05,SKU_22,WH_3,5,7.5,8.733213093028757,3.7332130930287573
2024-12-06,SKU_22,WH_3,27,23.43,20.567905784373277,6.432094215626723
2024-12-07,SKU_22,WH_3,18,13.91,13.476691510589138,4.523308489410862
2024-12-08,SKU_22,WH_3,30,30.69,26.153323006581022,3.8466769934189777
2024-12-09,SKU_22,WH_3,18,16.04,15.244319863645236,2.755680136354764
2024-12-10,SKU_22,WH_3,28,25.47,23.799744500134096,4.200255499865904
2024-12-11,SKU_22,WH_3,12,9.65,10.502605186439887,1.4973948135601134
2024-12-12,SKU_22,WH_3,25,19.55,17.945501845570575,7.0544981544294245
2024-12-13,SKU_22,WH_3,15,15.26,14.87864160905391,0.12135839094609047
2024-12-14,SKU_22,WH_3,9,13.5,13.1830273544575,4.183027354457501
2024-12-15,SKU_22,WH_3,20,19.17,17.54631701056207,2.4536829894379295
2024-12-16,SKU_22,WH_3,24,30.11,25.60466315324564,1.6046631532456388
2024-12-17,SKU_22,WH_3,8,7.38,8.866088340186991,0.866088340186991
2024-12-18,SKU_22,WH_3,9,2.08,4.5460609378201395,4.4539390621798605
2024-12-19,SKU_22,WH_3,27,26.46,24.686967685758717,2.3130323142412834
2024-12-20,SKU_22,WH_3,21,24.55,21.562788992424817,0.5627889924248173
2024-12-21,SKU_22,WH_3,21,19.9,18.134387949356594,2.8656120506434064
2024-12-22,SKU_22,WH_3,16,13.83,13.406843496874535,2.5931565031254653
2024-12-23,SKU_22,WH_3,21,23.23,20.733753736307715,0.26624626369228466
2024-12-24,SKU_22,WH_3,19,10.75,11.244656588940746,7.755343411059254
2024-12-25,SKU_22,WH_3,22,26.06,22.909870658369645,0.9098706583696448
2024-12-26,SKU_22,WH_3,16,14.16,13.7658299339781,2.2341700660218997
2024-12-27,SKU_22,WH_3,29,33.49,28.513747133324976,0.48625286667502365
2024-12-28,SKU_22,WH_3,22,25.1,22.12739416536737,0.12739416536737025
2024-12-29,SKU_22,WH_3,14,13.56,13.553095498415908,0.44690450158409156
2024-12-30,SKU_22,WH_3,18,14.79,15.204622296971383,2.795377703028617
2024-11-10,SKU_22,WH_4,14,12.59,12.247223094691433,1.7527769053085667
2024-11-11,SKU_22,WH_4,24,25.97,24.166262697262564,0.16626269726256382
2024-11-12,SKU_22,WH_4,6,7.52,8.426382448711403,2.4263824487114025
2024-11-13,SKU_22,WH_4,17,13.75,12.958388845909923,4.041611154090077
2024-11-14,SKU_22,WH_4,16,18.75,16.60876638480655,0.6087663848065503
2024-11-15,SKU_22,WH_4,13,11.41,11.306002204708612,1.6939977952913878
2024-11-16,SKU_22,WH_4,6,2.23,4.00352142137622,1.9964785786237798
2024-11-17,SKU_22,WH_4,12,13.53,12.844164930836076,0.8441649308360759
2024-11-18,SKU_22,WH_4,8,6.37,7.059832870808131,0.9401671291918694
2024-11-19,SKU_22,WH_4,16,17.77,15.973656878902563,0.02634312109743675
2024-11-20,SKU_22,WH_4,14,10.54,10.628606614243514,3.3713933857564857
2024-11-21,SKU_22,WH_4,14,15.1,13.923002173222095,0.07699782677790523
2024-11-22,SKU_22,WH_4,8,8.37,8.920141024451107,0.920141024451107
2024-11-23,SKU_22,WH_4,12,12.16,11.818024146923383,0.1819758530766169
2024-11-24,SKU_22,WH_4,18,17.79,15.968819029944807,2.0311809700551926
2024-11-25,SKU_22,WH_4,13,11.06,10.954983991108843,2.0450160088911566
2024-11-26,SKU_22,WH_4,15,11.46,11.14866880099866,3.85133119900134
2024-11-27,SKU_22,WH_4,23,26.16,22.19820986899559,0.8017901310044095
2024-11-28,SKU_22,WH_4,11,11.01,10.971663509106687,0.028336490893313027
2024-11-29,SKU_22,WH_4,12,13.0,12.354127012751974,0.3541270127519738
2024-11-30,SKU_22,WH_4,17,19.64,17.54271863651303,0.5427186365130297
2024-12-01,SKU_22,WH_4,14,13.86,13.494672200309147,0.5053277996908534
2024-12-02,SKU_22,WH_4,9,7.29,8.681119663553686,0.3188803364463144
2024-12-03,SKU_22,WH_4,28,34.48,30.465638989928546,2.4656389899285465
2024-12-04,SKU_22,WH_4,12,14.23,13.563716723131844,1.5637167231318436
2024-12-05,SKU_22,WH_4,20,21.71,19.267731740261304,0.7322682597386958
2024-12-06,SKU_22,WH_4,19,22.79,20.267967648636123,1.267967648636123
2024-12-07,SKU_22,WH_4,19,19.27,17.45034564349343,1.5496543565065686
2024-12-08,SKU_22,WH_4,18,19.39,17.695437895383638,0.30456210461636246
2024-12-09,SKU_22,WH_4,16,9.32,10.269348850157794,5.730651149842206
2024-12-10,SKU_22,WH_4,22,20.72,18.670860990422266,3.329139009577734
2024-12-11,SKU_22,WH_4,23,21.56,19.272536926477404,3.727463073522596
2024-12-12,SKU_22,WH_4,13,9.84,10.601919894256884,2.398080105743116
2024-12-13,SKU_22,WH_4,21,19.55,17.801716525753754,3.198283474246246
2024-12-14,SKU_22,WH_4,14,19.51,17.80641183978182,3.80641183978182
2024-12-15,SKU_22,WH_4,12,12.29,12.262000373459188,0.2620003734591876
2024-12-16,SKU_22,WH_4,15,19.29,17.481571250579783,2.4815712505797833
2024-12-17,SKU_22,WH_4,25,25.33,22.042132717108785,2.9578672828912147
2024-12-18,SKU_22,WH_4,7,4.36,6.829113260660425,0.17088673933957477
2024-12-19,SKU_22,WH_4,14,10.4,10.817263993106703,3.182736006893297
2024-12-20,SKU_22,WH_4,18,21.16,18.95639931441412,0.9563993144141207
2024-12-21,SKU_22,WH_4,17,20.12,18.32872531541628,1.3287253154162784
2024-12-22,SKU_22,WH_4,16,20.59,18.525995344330664,2.5259953443306635
2024-12-23,SKU_22,WH_4,15,16.35,16.1530780745619,1.1530780745619005
2024-12-24,SKU_22,WH_4,17,18.88,17.146195817051474,0.1461958170514741
2024-12-25,SKU_22,WH_4,19,21.21,19.06829836596936,0.06829836596935834
2024-12-26,SKU_22,WH_4,19,14.39,13.719516691639628,5.280483308360372
2024-12-27,SKU_22,WH_4,21,22.65,20.22275233783296,0.7772476621670386
2024-12-28,SKU_22,WH_4,17,21.38,19.130770661726228,2.1307706617262276
2024-12-29,SKU_22,WH_4,21,20.48,18.491258944905226,2.5087410550947737
2024-12-30,SKU_22,WH_4,21,23.16,21.536359792586367,0.5363597925863672
2024-11-10,SKU_22,WH_5,10,12.91,12.336431333409083,2.3364313334090827
2024-11-11,SKU_22,WH_5,7,7.96,8.737193075975908,1.7371930759759078
2024-11-12,SKU_22,WH_5,11,11.7,11.221025563374774,0.22102556337477353
2024-11-13,SKU_22,WH_5,16,18.7,16.58356614804624,0.5835661480462413
2024-11-14,SKU_22,WH_5,23,20.88,18.16566866832835,4.834331331671649
2024-11-15,SKU_22,WH_5,19,16.77,15.193182175273586,3.806817824726414
2024-11-16,SKU_22,WH_5,12,5.84,7.059206027613525,4.940793972386475
2024-11-17,SKU_22,WH_5,3,9.26,9.850461158300513,6.850461158300513
2024-11-18,SKU_22,WH_5,13,9.08,9.355454985905803,3.644545014094197
2024-11-19,SKU_22,WH_5,12,11.48,11.131912574737894,0.8680874252621056
2024-11-20,SKU_22,WH_5,15,14.2,13.101461158136981,1.8985388418630187
2024-11-21,SKU_22,WH_5,22,24.19,22.397983395528435,0.39798339552843487
2024-11-22,SKU_22,WH_5,14,21.53,18.722997767395896,4.722997767395896
2024-11-23,SKU_22,WH_5,11,10.89,10.874407423908426,0.1255925760915737
2024-11-24,SKU_22,WH_5,3,7.25,8.132552983152703,5.132552983152703
2024-11-25,SKU_22,WH_5,19,20.03,18.858807845868903,0.14119215413109742
2024-11-26,SKU_22,WH_5,6,0.0,2.4141070657777317,3.5858929342222683
2024-11-27,SKU_22,WH_5,13,12.77,12.085740838103263,0.9142591618967373
2024-11-28,SKU_22,WH_5,20,20.09,17.775098160372437,2.224901839627563
2024-11-29,SKU_22,WH_5,18,19.62,17.410997010034148,0.5890029899658522
2024-11-30,SKU_22,WH_5,18,19.74,18.769169632758935,0.7691696327589348
2024-12-01,SKU_22,WH_5,15,13.54,12.964947341037318,2.035052658962682
2024-12-02,SKU_22,WH_5,16,14.46,13.63840244776323,2.36159755223677
2024-12-03,SKU_22,WH_5,29,29.45,27.118138360471875,1.8818616395281254
2024-12-04,SKU_22,WH_5,18,20.44,18.477044420438222,0.47704442043822226
2024-12-05,SKU_22,WH_5,18,17.78,16.51031338877005,1.4896866112299492
2024-12-06,SKU_22,WH_5,5,4.35,6.565270132201524,1.5652701322015243
2024-12-07,SKU_22,WH_5,13,14.13,13.555846963175073,0.5558469631750729
2024-12-08,SKU_22,WH_5,16,12.68,12.56032406601208,3.4396759339879193
2024-12-09,SKU_22,WH_5,18,14.65,14.608005670802195,3.3919943291978054
2024-12-10,SKU_22,WH_5,25,23.31,20.639254273293535,4.360745726706465
2024-12-11,SKU_22,WH_5,13,14.18,13.535436845959596,0.5354368459595964
2024-12-12,SKU_22,WH_5,24,25.63,22.46554488018052,1.53445511981948
2024-12-13,SKU_22,WH_5,24,22.31,21.031118418282983,2.9688815817170173
2024-12-14,SKU_22,WH_5,23,22.68,20.344918544404976,2.655081455595024
2024-12-15,SKU_22,WH_5,21,19.22,17.58656687596395,3.4134331240360503
2024-12-16,SKU_22,WH_5,17,14.94,14.481153725374922,2.518846274625078
2024-12-17,SKU_22,WH_5,16,15.46,14.898311923388754,1.1016880766112465
2024-12-18,SKU_22,WH_5,24,23.9,21.194737151604063,2.8052628483959374
2024-12-19,SKU_22,WH_5,27,31.91,29.371103510055992,2.371103510055992
2024-12-20,SKU_22,WH_5,24,25.02,22.11219650892609,1.8878034910739103
2024-12-21,SKU_22,WH_5,21,23.05,20.780605897728552,0.21939410227144762
2024-12-22,SKU_22,WH_5,23,25.15,22.212069117934895,0.7879308820651048
2024-12-23,SKU_22,WH_5,25,25.56,22.789967854316373,2.210032145683627
2024-12-24,SKU_22,WH_5,20,20.51,19.99896832962368,0.0010316703763209034
2024-12-25,SKU_22,WH_5,19,17.4,17.720323153219848,1.279676846780152
2024-12-26,SKU_22,WH_5,14,17.21,16.49024281497177,2.4902428149717686
2024-12-27,SKU_22,WH_5,22,20.93,18.99376008971181,3.0062399102881905
2024-12-28,SKU_22,WH_5,28,25.03,23.521834803563056,4.478165196436944
2024-12-29,SKU_22,WH_5,28,20.43,18.90083475573574,9.09916524426426
2024-12-30,SKU_22,WH_5,16,19.76,19.47760292015265,3.4776029201526484
2024-11-10,SKU_23,WH_1,17,17.59,16.070514144383775,0.9294858556162247
2024-11-11,SKU_23,WH_1,18,15.18,15.094558089656264,2.905441910343736
2024-11-12,SKU_23,WH_1,11,11.62,11.303803317588677,0.3038033175886774
2024-11-13,SKU_23,WH_1,16,14.79,14.659489129630947,1.3405108703690534
2024-11-14,SKU_23,WH_1,2,0.0,2.655444323582731,0.655444323582731
2024-11-15,SKU_23,WH_1,9,12.23,11.809937685982044,2.809937685982044
2024-11-16,SKU_23,WH_1,2,0.0,2.431362822677478,0.43136282267747816
2024-11-17,SKU_23,WH_1,9,12.51,11.91874263781876,2.9187426378187595
2024-11-18,SKU_23,WH_1,13,10.3,10.344888236455187,2.655111763544813
2024-11-19,SKU_23,WH_1,13,12.22,11.724792831103645,1.2752071688963547
2024-11-20,SKU_23,WH_1,10,7.36,8.337245306535102,1.6627546934648976
2024-11-21,SKU_23,WH_1,22,21.96,19.236213609262773,2.763786390737227
2024-11-22,SKU_23,WH_1,7,4.32,6.036858530059683,0.9631414699403171
2024-11-23,SKU_23,WH_1,16,15.75,14.604947174185012,1.3950528258149877
2024-11-24,SKU_23,WH_1,15,16.57,15.005397768944878,0.005397768944877868
2024-11-25,SKU_23,WH_1,12,14.03,13.111408632495067,1.111408632495067
2024-11-26,SKU_23,WH_1,17,16.96,15.226750825960153,1.7732491740398473
2024-11-27,SKU_23,WH_1,15,16.8,15.113545707355552,0.11354570735555214
2024-11-28,SKU_23,WH_1,19,23.57,21.936852059965236,2.9368520599652364
2024-11-29,SKU_23,WH_1,8,3.69,5.321493442657478,2.678506557342522
2024-11-30,SKU_23,WH_1,10,10.29,10.442157768244176,0.44215776824417574
2024-12-01,SKU_23,WH_1,16,14.65,14.478281226704853,1.521718773295147
2024-12-02,SKU_23,WH_1,14,11.58,11.385595416768687,2.6144045832313125
2024-12-03,SKU_23,WH_1,18,16.78,15.438948688695522,2.561051311304478
2024-12-04,SKU_23,WH_1,5,8.58,9.412865237003126,4.4128652370031265
2024-12-05,SKU_23,WH_1,18,19.64,17.665435260742,0.3345647392579991
2024-12-06,SKU_23,WH_1,21,23.71,20.596903707046245,0.40309629295375515
2024-12-07,SKU_23,WH_1,16,16.71,15.545715989023572,0.4542840109764281
2024-12-08,SKU_23,WH_1,12,13.29,12.957087233959122,0.9570872339591219
2024-12-09,SKU_23,WH_1,8,6.23,7.56846633017482,0.43153366982518016
2024-12-10,SKU_23,WH_1,23,20.74,18.31833169658762,4.68166830341238
2024-12-11,SKU_23,WH_1,13,13.08,12.696577138056844,0.30342286194315626
2024-12-12,SKU_23,WH_1,15,13.67,13.04747910133735,1.9525208986626499
2024-12-13,SKU_23,WH_1,22,26.65,23.15631541660771,1.1563154166077112
2024-12-14,SKU_23,WH_1,8,4.2,5.9962843289496846,2.0037156710503154
2024-12-15,SKU_23,WH_1,15,17.82,16.338302395976733,1.3383023959767328
2024-12-16,SKU_23,WH_1,12,6.2,7.400591506200341,4.599408493799659
2024-12-17,SKU_23,WH_1,19,14.67,13.767906578378083,5.232093421621917
2024-12-18,SKU_23,WH_1,12,10.97,11.148836202881379,0.8511637971186214
2024-12-19,SKU_23,WH_1,22,22.68,20.069004007666564,1.930995992333436
2024-12-20,SKU_23,WH_1,24,25.05,21.733698649288172,2.266301350711828
2024-12-21,SKU_23,WH_1,15,13.72,13.261750309855406,1.7382496901445936
2024-12-22,SKU_23,WH_1,20,24.49,21.453527216989357,1.4535272169893574
2024-12-23,SKU_23,WH_1,17,16.31,15.283059349058018,1.7169406509419822
2024-12-24,SKU_23,WH_1,20,18.53,16.91239999360833,3.0876000063916713
2024-12-25,SKU_23,WH_1,26,29.19,26.831169657515733,0.8311696575157335
2024-12-26,SKU_23,WH_1,24,22.44,20.082761779273838,3.917238220726162
2024-12-27,SKU_23,WH_1,24,23.39,20.866265468705198,3.1337345312948024
2024-12-28,SKU_23,WH_1,20,21.33,20.367767912490862,0.36776791249086216
2024-12-29,SKU_23,WH_1,37,38.46,33.358565742151406,3.6414342578485943
2024-12-30,SKU_23,WH_1,26,23.12,21.935954233061167,4.064045766938833
2024-11-10,SKU_23,WH_2,11,7.26,8.185664681742287,2.8143353182577133
2024-11-11,SKU_23,WH_2,6,9.59,9.931157024870942,3.9311570248709415
2024-11-12,SKU_23,WH_2,10,12.6,12.114523628858883,2.1145236288588833
2024-11-13,SKU_23,WH_2,22,21.1,18.48989518484335,3.5101048151566516
2024-11-14,SKU_23,WH_2,9,10.24,10.32640793980212,1.3264079398021202
2024-11-15,SKU_23,WH_2,12,12.41,11.88419814293222,0.11580185706777968
2024-11-16,SKU_23,WH_2,20,15.73,14.700234113338478,5.299765886661522
2024-11-17,SKU_23,WH_2,14,11.04,10.918648463519132,3.0813515364808683
2024-11-18,SKU_23,WH_2,7,5.93,7.01761980149529,0.01761980149529041
2024-11-19,SKU_23,WH_2,15,19.25,16.976226991796036,1.976226991796036
2024-11-20,SKU_23,WH_2,11,7.34,8.159568614040257,2.840431385959743
2024-11-21,SKU_23,WH_2,16,19.08,16.80639793523115,0.8063979352311499
2024-11-22,SKU_23,WH_2,12,7.51,8.298938789600385,3.701061210399615
2024-11-23,SKU_23,WH_2,16,15.65,14.489348561546802,1.5106514384531984
2024-11-24,SKU_23,WH_2,19,18.25,16.113231782633957,2.8867682173660434
2024-11-25,SKU_23,WH_2,14,16.06,14.816855123934491,0.8168551239344914
2024-11-26,SKU_23,WH_2,16,10.42,10.461213079944518,5.5387869200554825
2024-11-27,SKU_23,WH_2,22,23.6,20.409168521139396,1.5908314788606042
2024-11-28,SKU_23,WH_2,17,19.64,17.579378576143412,0.5793785761434123
2024-11-29,SKU_23,WH_2,14,9.6,10.019199580191252,3.980800419808748
2024-11-30,SKU_23,WH_2,12,12.33,12.101116348237678,0.10111634823767801
2024-12-01,SKU_23,WH_2,14,16.82,15.565372058134503,1.5653720581345034
2024-12-02,SKU_23,WH_2,15,20.9,18.493760771720122,3.4937607717201224
2024-12-03,SKU_23,WH_2,26,28.62,26.372686968476653,0.3726869684766534
2024-12-04,SKU_23,WH_2,12,12.04,11.95790534539037,0.042094654609629245
2024-12-05,SKU_23,WH_2,18,21.3,20.267369126740945,2.2673691267409453
2024-12-06,SKU_23,WH_2,19,18.47,16.792297370347804,2.2077026296521964
2024-12-07,SKU_23,WH_2,10,9.68,10.300768032565754,0.30076803256575424
2024-12-08,SKU_23,WH_2,18,22.03,19.73501738512804,1.7350173851280388
2024-12-09,SKU_23,WH_2,14,16.98,15.784375362082915,1.7843753620829155
2024-12-10,SKU_23,WH_2,23,24.16,22.77927506883648,0.2207249311635202
2024-12-11,SKU_23,WH_2,20,18.46,16.714748526192807,3.285251473807193
2024-12-12,SKU_23,WH_2,14,8.47,9.541033006672034,4.458966993327966
2024-12-13,SKU_23,WH_2,13,10.06,10.587924759298227,2.412075240701773
2024-12-14,SKU_23,WH_2,10,13.55,13.16734983863721,3.167349838637209
2024-12-15,SKU_23,WH_2,27,31.25,26.53829249039381,0.4617075096061889
2024-12-16,SKU_23,WH_2,14,17.24,16.054132546108708,2.0541325461087077
2024-12-17,SKU_23,WH_2,24,26.85,23.51693227188725,0.48306772811275067
2024-12-18,SKU_23,WH_2,24,19.37,17.78840799096162,6.21159200903838
2024-12-19,SKU_23,WH_2,22,26.59,23.485103612119172,1.4851036121191719
2024-12-20,SKU_23,WH_2,13,14.41,13.816949563918717,0.8169495639187172
2024-12-21,SKU_23,WH_2,23,18.14,16.59428552940216,6.4057144705978395
2024-12-22,SKU_23,WH_2,20,17.62,16.463846362163128,3.536153637836872
2024-12-23,SKU_23,WH_2,12,13.83,13.506751944609936,1.5067519446099364
2024-12-24,SKU_23,WH_2,20,20.84,18.839026163748898,1.1609738362511024
2024-12-25,SKU_23,WH_2,19,14.84,14.119313776618927,4.880686223381073
2024-12-26,SKU_23,WH_2,26,23.35,20.780622701770973,5.219377298229027
2024-12-27,SKU_23,WH_2,24,21.44,19.351572704184708,4.648427295815292
2024-12-28,SKU_23,WH_2,20,20.76,18.85416547222245,1.1458345277775486
2024-12-29,SKU_23,WH_2,19,21.53,19.453173640502545,0.45317364050254483
2024-12-30,SKU_23,WH_2,14,12.36,13.33945497304946,0.6605450269505404
2024-11-10,SKU_23,WH_3,18,16.94,15.305295471825394,2.694704528174606
2024-11-11,SKU_23,WH_3,15,12.6,12.225529088163423,2.774470911836577
2024-11-12,SKU_23,WH_3,23,23.61,20.395401290098576,2.604598709901424
2024-11-13,SKU_23,WH_3,14,18.74,16.53474741258071,2.5347474125807103
2024-11-14,SKU_23,WH_3,4,6.19,7.139749269600544,3.139749269600544
2024-11-15,SKU_23,WH_3,12,13.88,13.183863959124594,1.1838639591245936
2024-11-16,SKU_23,WH_3,12,9.01,9.469086110885327,2.5309138891146734
2024-11-17,SKU_23,WH_3,16,15.82,15.658380934474732,0.34161906552526844
2024-11-18,SKU_23,WH_3,10,14.86,13.805809873874846,3.8058098738748463
2024-11-19,SKU_23,WH_3,10,8.21,8.932368962391221,1.0676310376087788
2024-11-20,SKU_23,WH_3,16,15.71,14.596284850662757,1.403715149337243
2024-11-21,SKU_23,WH_3,16,16.81,15.169553975537989,0.8304460244620113
2024-11-22,SKU_23,WH_3,16,13.5,12.70004917607173,3.2999508239282704
2024-11-23,SKU_23,WH_3,11,14.91,13.850141948916388,2.850141948916388
2024-11-24,SKU_23,WH_3,7,8.48,9.340350526953397,2.3403505269533973
2024-11-25,SKU_23,WH_3,17,14.2,13.205504461363727,3.794495538636273
2024-11-26,SKU_23,WH_3,8,11.16,11.016462254877741,3.016462254877741
2024-11-27,SKU_23,WH_3,15,16.02,14.77823027524505,0.2217697247549495
2024-11-28,SKU_23,WH_3,14,15.3,14.170857629150479,0.17085762915047908
2024-11-29,SKU_23,WH_3,16,19.02,16.871526487779818,0.8715264877798177
2024-11-30,SKU_23,WH_3,7,6.22,7.170669983754629,0.17066998375462905
2024-12-01,SKU_23,WH_3,13,7.61,8.782869157174597,4.217130842825403
2024-12-02,SKU_23,WH_3,5,0.0,2.7585946201751623,2.2414053798248377
2024-12-03,SKU_23,WH_3,18,14.68,13.639185499538433,4.360814500461567
2024-12-04,SKU_23,WH_3,17,19.01,17.097021140907398,0.09702114090739755
2024-12-05,SKU_23,WH_3,16,12.83,12.399397843766229,3.600602156233771
2024-12-06,SKU_23,WH_3,14,14.67,13.678110734985845,0.32188926501415516
2024-12-07,SKU_23,WH_3,10,7.45,8.63043087511846,1.36956912488154
2024-12-08,SKU_23,WH_3,15,19.12,17.204204456163882,2.2042044561638825
2024-12-09,SKU_23,WH_3,13,15.7,14.859439077192286,1.8594390771922864
2024-12-10,SKU_23,WH_3,20,21.1,18.72268037690113,1.2773196230988688
2024-12-11,SKU_23,WH_3,16,19.36,17.443500978646448,1.4435009786464477
2024-12-12,SKU_23,WH_3,27,24.94,23.111306564798827,3.888693435201173
2024-12-13,SKU_23,WH_3,17,18.43,16.649488212100042,0.35051178789995774
2024-12-14,SKU_23,WH_3,15,17.72,16.21038642167361,1.2103864216736113
2024-12-15,SKU_23,WH_3,13,9.28,10.482751398122828,2.5172486018771725
2024-12-16,SKU_23,WH_3,28,27.98,25.964702115845324,2.0352978841546765
2024-12-17,SKU_23,WH_3,25,22.36,19.96191452845056,5.03808547154944
2024-12-18,SKU_23,WH_3,13,10.28,10.832240059365462,2.1677599406345376
2024-12-19,SKU_23,WH_3,22,22.32,19.86073704685324,2.1392629531467584
2024-12-20,SKU_23,WH_3,22,24.96,21.740532385045338,0.2594676149546622
2024-12-21,SKU_23,WH_3,20,14.9,14.287451907286243,5.712548092713757
2024-12-22,SKU_23,WH_3,17,18.35,16.70798109386477,0.29201890613522963
2024-12-23,SKU_23,WH_3,18,21.92,19.7769657732647,1.776965773264699
2024-12-24,SKU_23,WH_3,27,27.23,23.627368085018773,3.372631914981227
2024-12-25,SKU_23,WH_3,27,26.53,23.50698942963213,3.4930105703678684
2024-12-26,SKU_23,WH_3,22,24.31,21.73000365487413,0.26999634512586823
2024-12-27,SKU_23,WH_3,29,32.46,29.80353263581699,0.803532635816989
2024-12-28,SKU_23,WH_3,24,20.52,18.933361569796215,5.066638430203785
2024-12-29,SKU_23,WH_3,20,21.21,19.569539032944967,0.43046096705503345
2024-12-30,SKU_23,WH_3,14,10.62,12.489582135836002,1.5104178641639976
2024-11-10,SKU_23,WH_4,10,6.7,7.606654273107542,2.3933457268924583
2024-11-11,SKU_23,WH_4,13,15.27,14.163772182845738,1.1637721828457384
2024-11-12,SKU_23,WH_4,13,16.32,14.885934515489437,1.8859345154894367
2024-11-13,SKU_23,WH_4,12,12.88,12.187672015088298,0.18767201508829778
2024-11-14,SKU_23,WH_4,13,10.29,10.381808159769323,2.6181918402306774
2024-11-15,SKU_23,WH_4,8,9.54,9.84698393009388,1.8469839300938808
2024-11-16,SKU_23,WH_4,12,12.47,11.986001507755768,0.013998492244231997
2024-11-17,SKU_23,WH_4,16,17.68,16.907064987105404,0.9070649871054037
2024-11-18,SKU_23,WH_4,20,22.02,19.26889676618081,0.7311032338191907
2024-11-19,SKU_23,WH_4,15,17.53,15.775142035478318,0.7751420354783178
2024-11-20,SKU_23,WH_4,10,10.93,10.89000310713401,0.8900031071340102
2024-11-21,SKU_23,WH_4,1,0.0,2.4582837178510633,1.4582837178510633
2024-11-22,SKU_23,WH_4,10,9.97,10.092229401696082,0.09222940169608229
2024-11-23,SKU_23,WH_4,15,12.77,12.196848772796214,2.803151227203786
2024-11-24,SKU_23,WH_4,15,16.2,14.878559440571719,0.12144055942828125
2024-11-25,SKU_23,WH_4,19,23.16,19.92393596916665,0.9239359691666493
2024-11-26,SKU_23,WH_4,27,28.34,23.971149662840578,3.0288503371594224
2024-11-27,SKU_23,WH_4,15,12.12,12.42592500676475,2.57407499323525
2024-11-28,SKU_23,WH_4,19,16.94,15.276966455925685,3.7230335440743154
2024-11-29,SKU_23,WH_4,3,0.14,2.831569096666727,0.16843090333327293
2024-11-30,SKU_23,WH_4,17,20.02,17.648888353755193,0.6488883537551935
2024-12-01,SKU_23,WH_4,16,17.77,16.410083881228342,0.41008388122834205
2024-12-02,SKU_23,WH_4,13,13.75,13.238172267743735,0.23817226774373523
2024-12-03,SKU_23,WH_4,9,11.95,11.766996687218153,2.7669966872181533
2024-12-04,SKU_23,WH_4,9,7.48,8.541095961953022,0.45890403804697755
2024-12-05,SKU_23,WH_4,16,11.95,11.64521956396505,4.35478043603495
2024-12-06,SKU_23,WH_4,10,14.65,13.646399436226705,3.646399436226705
2024-12-07,SKU_23,WH_4,17,23.2,20.409597827365065,3.409597827365065
2024-12-08,SKU_23,WH_4,25,23.43,20.484685178747203,4.515314821252797
2024-12-09,SKU_23,WH_4,16,19.17,17.314352656114355,1.3143526561143553
2024-12-10,SKU_23,WH_4,12,12.78,12.487722402133663,0.487722402133663
2024-12-11,SKU_23,WH_4,6,4.61,6.465376383886431,0.4653763838864311
2024-12-12,SKU_23,WH_4,20,21.27,18.936832523261753,1.063167476738247
2024-12-13,SKU_23,WH_4,26,30.07,27.497496486894782,1.4974964868947822
2024-12-14,SKU_23,WH_4,7,7.78,9.02673858513198,2.02673858513198
2024-12-15,SKU_23,WH_4,25,20.03,18.00722481792591,6.992775182074091
2024-12-16,SKU_23,WH_4,22,18.78,17.02793978931766,4.97206021068234
2024-12-17,SKU_23,WH_4,29,25.88,22.629866989126565,6.370133010873435
2024-12-18,SKU_23,WH_4,13,13.31,13.120376289461989,0.12037628946198886
2024-12-19,SKU_23,WH_4,10,9.19,10.30481083500926,0.30481083500925976
2024-12-20,SKU_23,WH_4,17,13.59,13.18595650844387,3.8140434915561308
2024-12-21,SKU_23,WH_4,21,21.16,18.956118568065378,2.043881431934622
2024-12-22,SKU_23,WH_4,23,18.34,16.7644409794276,6.235559020572399
2024-12-23,SKU_23,WH_4,21,17.81,16.637081778953203,4.362918221046797
2024-12-24,SKU_23,WH_4,29,29.69,27.284572003059967,1.7154279969400328
2024-12-25,SKU_23,WH_4,13,11.79,12.048456435449447,0.951543564550553
2024-12-26,SKU_23,WH_4,14,21.37,19.310866554237027,5.310866554237027
2024-12-27,SKU_23,WH_4,12,10.52,11.287720740353109,0.7122792596468912
2024-12-28,SKU_23,WH_4,20,16.02,15.338387142587216,4.661612857412784
2024-12-29,SKU_23,WH_4,13,12.72,12.6966291319222,0.3033708680777991
2024-12-30,SKU_23,WH_4,13,21.87,20.65808922341499,7.65808922341499
2024-11-10,SKU_23,WH_5,16,11.09,11.108190110544053,4.891809889455947
2024-11-11,SKU_23,WH_5,11,18.75,16.60717592982779,5.60717592982779
2024-11-12,SKU_23,WH_5,15,13.68,13.668169577255075,1.3318304227449254
2024-11-13,SKU_23,WH_5,6,7.31,8.168170475888992,2.168170475888992
2024-11-14,SKU_23,WH_5,17,15.48,14.359669751812742,2.640330248187258
2024-11-15,SKU_23,WH_5,11,8.91,9.427907610768814,1.5720923892311855
2024-11-16,SKU_23,WH_5,17,14.91,13.757471159195125,3.2425288408048747
2024-11-17,SKU_23,WH_5,8,9.27,9.805495201474825,1.805495201474825
2024-11-18,SKU_23,WH_5,14,9.85,10.121360236898342,3.878639763101658
2024-11-19,SKU_23,WH_5,16,11.96,11.549841724608731,4.450158275391269
2024-11-20,SKU_23,WH_5,16,13.21,12.576066220144057,3.4239337798559433
2024-11-21,SKU_23,WH_5,20,16.84,15.124349305469606,4.875650694530394
2024-11-22,SKU_23,WH_5,12,11.92,11.6043569994336,0.3956430005664
2024-11-23,SKU_23,WH_5,16,20.19,17.763735778696415,1.7637357786964145
2024-11-24,SKU_23,WH_5,19,18.05,16.038458008359072,2.961541991640928
2024-11-25,SKU_23,WH_5,15,11.11,11.141630431857163,3.8583695681428374
2024-11-26,SKU_23,WH_5,9,11.71,11.354138320129014,2.354138320129014
2024-11-27,SKU_23,WH_5,21,15.68,14.524029403842052,6.475970596157948
2024-11-28,SKU_23,WH_5,22,23.02,21.379351044698318,0.6206489553016823
2024-11-29,SKU_23,WH_5,19,20.11,17.931694388551932,1.0683056114480678
2024-11-30,SKU_23,WH_5,13,15.29,14.392228764341992,1.3922287643419917
2024-12-01,SKU_23,WH_5,13,11.73,11.670324395959893,1.3296756040401068
2024-12-02,SKU_23,WH_5,12,13.13,12.859541373084074,0.859541373084074
2024-12-03,SKU_23,WH_5,13,11.08,11.356501522855375,1.6434984771446253
2024-12-04,SKU_23,WH_5,13,11.91,12.497345143349417,0.5026548566505831
2024-12-05,SKU_23,WH_5,8,6.11,7.547981124840633,0.452018875159367
2024-12-06,SKU_23,WH_5,12,12.39,12.177224226990614,0.1772242269906137
2024-12-07,SKU_23,WH_5,18,19.94,17.97854819380186,0.021451806198140133
2024-12-08,SKU_23,WH_5,13,15.85,15.068221595823161,2.068221595823161
2024-12-09,SKU_23,WH_5,12,16.68,15.500526810828852,3.500526810828852
2024-12-10,SKU_23,WH_5,10,4.72,6.602747258455819,3.3972527415441807
2024-12-11,SKU_23,WH_5,16,14.18,13.403932390580731,2.5960676094192685
2024-12-12,SKU_23,WH_5,14,16.42,15.164638530314184,1.1646385303141837
2024-12-13,SKU_23,WH_5,26,21.11,19.953346673522738,6.046653326477262
2024-12-14,SKU_23,WH_5,19,19.72,17.872925121035237,1.1270748789647627
2024-12-15,SKU_23,WH_5,17,20.83,18.576681526495776,1.5766815264957756
2024-12-16,SKU_23,WH_5,5,8.52,9.596509146873329,4.596509146873329
2024-12-17,SKU_23,WH_5,13,16.33,15.200066490610299,2.2000664906102987
2024-12-18,SKU_23,WH_5,12,13.77,13.211782831319573,1.2117828313195727
2024-12-19,SKU_23,WH_5,11,6.12,7.483475694152239,3.516524305847761
2024-12-20,SKU_23,WH_5,14,14.31,13.694501744894266,0.3054982551057339
2024-12-21,SKU_23,WH_5,22,17.88,16.286761416309684,5.713238583690316
2024-12-22,SKU_23,WH_5,21,22.75,20.16516709113701,0.8348329088629889
2024-12-23,SKU_23,WH_5,13,18.04,16.354618986874435,3.354618986874435
2024-12-24,SKU_23,WH_5,32,37.6,32.07435166065834,0.07435166065833698
2024-12-25,SKU_23,WH_5,14,14.91,14.106474093486371,0.10647409348637105
2024-12-26,SKU_23,WH_5,18,23.17,20.54893854962956,2.548938549629561
2024-12-27,SKU_23,WH_5,21,21.79,19.625978366053296,1.374021633946704
2024-12-28,SKU_23,WH_5,22,22.44,20.067641706833953,1.9323582931660468
2024-12-29,SKU_23,WH_5,22,18.28,16.63834837525985,5.361651624740151
2024-12-30,SKU_23,WH_5,21,21.82,20.748386829230245,0.25161317076975465
2024-11-10,SKU_24,WH_1,11,8.37,9.076655013192003,1.9233449868079973
2024-11-11,SKU_24,WH_1,11,12.1,11.89765736245342,0.8976573624534208
2024-11-12,SKU_24,WH_1,16,14.57,14.12582008217366,1.8741799178263392
2024-11-13,SKU_24,WH_1,22,21.47,18.779140706648334,3.2208592933516655
2024-11-14,SKU_24,WH_1,11,10.33,10.581106070364923,0.4188939296350771
2024-11-15,SKU_24,WH_1,11,13.16,12.582600986484437,1.5826009864844366
2024-11-16,SKU_24,WH_1,13,11.15,11.01405873837017,1.9859412616298293
2024-11-17,SKU_24,WH_1,9,6.11,7.11315171374717,1.88684828625283
2024-11-18,SKU_24,WH_1,14,18.24,16.092060890130337,2.0920608901303375
2024-11-19,SKU_24,WH_1,19,23.67,21.83959422542741,2.8395942254274082
2024-11-20,SKU_24,WH_1,19,21.99,19.215466448016535,0.21546644801653514
2024-11-21,SKU_24,WH_1,15,16.45,14.971899221122527,0.028100778877472976
2024-11-22,SKU_24,WH_1,18,12.17,11.945074191609882,6.054925808390118
2024-11-23,SKU_24,WH_1,14,16.2,14.999456858654495,0.9994568586544954
2024-11-24,SKU_24,WH_1,17,13.85,13.241167779383915,3.7588322206160854
2024-11-25,SKU_24,WH_1,23,27.06,24.822502134152163,1.8225021341521632
2024-11-26,SKU_24,WH_1,11,10.48,10.627449659167427,0.3725503408325732
2024-11-27,SKU_24,WH_1,24,26.79,23.070479499122843,0.9295205008771568
2024-11-28,SKU_24,WH_1,9,8.71,9.485453126440488,0.485453126440488
2024-11-29,SKU_24,WH_1,13,8.75,9.443690132630556,3.5563098673694444
2024-11-30,SKU_24,WH_1,16,16.49,15.164544257655782,0.8354557423442177
2024-12-01,SKU_24,WH_1,9,13.36,13.034776977754028,4.034776977754028
2024-12-02,SKU_24,WH_1,18,14.4,13.673998141277186,4.3260018587228135
2024-12-03,SKU_24,WH_1,9,8.52,9.497843284029006,0.49784328402900613
2024-12-04,SKU_24,WH_1,17,18.03,16.446667607519927,0.5533323924800726
2024-12-05,SKU_24,WH_1,28,25.51,22.270427816798353,5.729572183201647
2024-12-06,SKU_24,WH_1,14,17.64,16.279034320232075,2.279034320232075
2024-12-07,SKU_24,WH_1,22,25.75,22.50698793945464,0.506987939454639
2024-12-08,SKU_24,WH_1,9,12.72,12.570142825735731,3.570142825735731
2024-12-09,SKU_24,WH_1,16,13.49,13.696418844122654,2.303581155877346
2024-12-10,SKU_24,WH_1,12,6.07,7.510980954875086,4.489019045124914
2024-12-11,SKU_24,WH_1,6,8.19,9.378890530613347,3.378890530613347
2024-12-12,SKU_24,WH_1,13,14.7,13.827097486413994,0.8270974864139937
2024-12-13,SKU_24,WH_1,21,21.83,19.631866510670935,1.3681334893290646
2024-12-14,SKU_24,WH_1,7,7.62,8.830771541251313,1.8307715412513126
2024-12-15,SKU_24,WH_1,24,18.3,16.510831192586593,7.489168807413407
2024-12-16,SKU_24,WH_1,16,16.85,15.553594656503785,0.44640534349621497
2024-12-17,SKU_24,WH_1,19,25.28,21.942875525527228,2.942875525527228
2024-12-18,SKU_24,WH_1,23,24.93,21.712151529157477,1.2878484708425226
2024-12-19,SKU_24,WH_1,15,16.47,15.347648412281588,0.34764841228158794
2024-12-20,SKU_24,WH_1,9,10.91,11.333619194478423,2.3336191944784233
2024-12-21,SKU_24,WH_1,33,35.81,31.396310286465752,1.6036897135342478
2024-12-22,SKU_24,WH_1,13,14.97,14.339945543641871,1.3399455436418712
2024-12-23,SKU_24,WH_1,18,19.19,17.494826349756828,0.5051736502431723
2024-12-24,SKU_24,WH_1,19,24.5,21.586094421502754,2.5860944215027537
2024-12-25,SKU_24,WH_1,17,18.81,17.121425544985044,0.1214255449850441
2024-12-26,SKU_24,WH_1,18,22.33,19.91729784481494,1.9172978448149394
2024-12-27,SKU_24,WH_1,19,16.84,15.679524040927035,3.320475959072965
2024-12-28,SKU_24,WH_1,23,25.43,22.412914632598742,0.5870853674012579
2024-12-29,SKU_24,WH_1,22,21.42,19.242823540847315,2.757176459152685
2024-12-30,SKU_24,WH_1,27,26.73,24.656964481946524,2.343035518053476
2024-11-10,SKU_24,WH_2,12,12.27,11.93426439420001,0.06573560579998983
2024-11-11,SKU_24,WH_2,9,5.32,7.024488088145402,1.975511911854598
2024-11-12,SKU_24,WH_2,11,14.16,13.171192571129891,2.1711925711298914
2024-11-13,SKU_24,WH_2,15,11.75,11.510223454372522,3.4897765456274783
2024-11-14,SKU_24,WH_2,9,8.36,8.91345544941224,0.08654455058776023
2024-11-15,SKU_24,WH_2,20,23.08,19.96605695413094,0.03394304586905861
2024-11-16,SKU_24,WH_2,5,5.31,6.95893691055488,1.95893691055488
2024-11-17,SKU_24,WH_2,20,20.83,19.462818908487733,0.5371810915122666
2024-11-18,SKU_24,WH_2,8,9.67,9.876317734426028,1.8763177344260278
2024-11-19,SKU_24,WH_2,18,15.81,14.658482272964058,3.341517727035942
2024-11-20,SKU_24,WH_2,17,16.01,14.706443896014266,2.2935561039857344
2024-11-21,SKU_24,WH_2,16,13.87,13.061869715701047,2.9381302842989534
2024-11-22,SKU_24,WH_2,11,13.32,12.6216024629552,1.6216024629552006
2024-11-23,SKU_24,WH_2,18,19.77,18.794716620603946,0.7947166206039462
2024-11-24,SKU_24,WH_2,1,0.0,2.5726903854740764,1.5726903854740764
2024-11-25,SKU_24,WH_2,7,1.63,3.4132318263249544,3.5867681736750456
2024-11-26,SKU_24,WH_2,16,15.01,13.960302903763361,2.0396970962366385
2024-11-27,SKU_24,WH_2,12,14.44,13.268031106092547,1.2680311060925469
2024-11-28,SKU_24,WH_2,23,23.77,22.103528479478637,0.8964715205213629
2024-11-29,SKU_24,WH_2,22,26.03,22.24823201039653,0.24823201039653142
2024-11-30,SKU_24,WH_2,17,21.22,18.621585058759475,1.6215850587594751
2024-12-01,SKU_24,WH_2,17,18.52,16.786078951072685,0.21392104892731467
2024-12-02,SKU_24,WH_2,21,16.86,15.528013974614087,5.471986025385913
2024-12-03,SKU_24,WH_2,24,22.12,21.06757697496627,2.9324230250337315
2024-12-04,SKU_24,WH_2,21,22.53,20.081547230127164,0.918452769872836
2024-12-05,SKU_24,WH_2,17,17.59,16.3848583668606,0.6151416331394017
2024-12-06,SKU_24,WH_2,5,9.56,10.517285592433808,5.517285592433808
2024-12-07,SKU_24,WH_2,8,10.31,10.848372795897818,2.848372795897818
2024-12-08,SKU_24,WH_2,12,11.95,11.916122567868634,0.08387743213136645
2024-12-09,SKU_24,WH_2,27,27.32,23.5024580735627,3.4975419264373
2024-12-10,SKU_24,WH_2,13,9.31,10.220373742560497,2.779626257439503
2024-12-11,SKU_24,WH_2,13,14.12,13.52959372695769,0.5295937269576907
2024-12-12,SKU_24,WH_2,14,18.5,16.67216885841492,2.6721688584149206
2024-12-13,SKU_24,WH_2,11,11.64,11.537915980461714,0.5379159804617135
2024-12-14,SKU_24,WH_2,18,16.94,15.586951264017644,2.413048735982356
2024-12-15,SKU_24,WH_2,29,30.82,26.08583409459002,2.9141659054099804
2024-12-16,SKU_24,WH_2,19,16.72,15.57058806536549,3.42941193463451
2024-12-17,SKU_24,WH_2,19,21.81,19.721666066756974,0.7216660667569741
2024-12-18,SKU_24,WH_2,21,16.46,15.389713423151743,5.610286576848257
2024-12-19,SKU_24,WH_2,17,17.81,16.44530607504586,0.5546939249541403
2024-12-20,SKU_24,WH_2,11,15.25,14.563151037291943,3.5631510372919433
2024-12-21,SKU_24,WH_2,14,11.69,11.636044664402215,2.363955335597785
2024-12-22,SKU_24,WH_2,26,25.54,22.452752580440304,3.547247419559696
2024-12-23,SKU_24,WH_2,20,18.42,16.751831952021284,3.248168047978716
2024-12-24,SKU_24,WH_2,12,18.49,16.843651281387064,4.843651281387064
2024-12-25,SKU_24,WH_2,17,15.7,15.142802365011116,1.857197634988884
2024-12-26,SKU_24,WH_2,9,8.35,9.457437044092995,0.4574370440929947
2024-12-27,SKU_24,WH_2,27,23.42,20.807307512930546,6.192692487069454
2024-12-28,SKU_24,WH_2,21,22.77,20.416730714102293,0.5832692858977069
2024-12-29,SKU_24,WH_2,24,28.8,24.65613495640052,0.6561349564005212
2024-12-30,SKU_24,WH_2,22,19.91,19.136213979014517,2.863786020985483
2024-11-10,SKU_24,WH_3,23,23.28,20.226841402082687,2.7731585979173126
2024-11-11,SKU_24,WH_3,11,12.82,12.227002493714235,1.2270024937142345
2024-11-12,SKU_24,WH_3,6,10.65,10.669117591938143,4.669117591938143
2024-11-13,SKU_24,WH_3,16,14.85,13.654959418447756,2.3450405815522437
2024-11-14,SKU_24,WH_3,9,5.18,6.460351276451554,2.5396487235484457
2024-11-15,SKU_24,WH_3,13,16.2,14.845171250416854,1.845171250416854
2024-11-16,SKU_24,WH_3,15,19.16,16.939683139620296,1.9396831396202963
2024-11-17,SKU_24,WH_3,12,12.96,12.245774149252854,0.24577414925285446
2024-11-18,SKU_24,WH_3,19,16.05,14.792913233956327,4.207086766043673
2024-11-19,SKU_24,WH_3,13,15.41,14.132198466311257,1.132198466311257
2024-11-20,SKU_24,WH_3,16,18.88,17.823952497968442,1.8239524979684418
2024-11-21,SKU_24,WH_3,15,17.8,16.003227356980045,1.0032273569800445
2024-11-22,SKU_24,WH_3,19,21.36,18.653957284700887,0.346042715299113
2024-11-23,SKU_24,WH_3,19,21.45,18.77514739523512,0.22485260476488023
2024-11-24,SKU_24,WH_3,21,14.77,13.822842430574164,7.177157569425836
2024-11-25,SKU_24,WH_3,10,10.52,10.79501161449978,0.7950116144997796
2024-11-26,SKU_24,WH_3,13,10.86,11.015536262826345,1.9844637371736553
2024-11-27,SKU_24,WH_3,10,11.01,10.979274997207746,0.9792749972077459
2024-11-28,SKU_24,WH_3,13,13.06,12.504447109852773,0.49555289014722703
2024-11-29,SKU_24,WH_3,18,12.88,12.28254465488353,5.71745534511647
2024-11-30,SKU_24,WH_3,16,18.83,16.761975107200456,0.7619751072004561
2024-12-01,SKU_24,WH_3,14,17.16,15.887029560467823,1.8870295604678233
2024-12-02,SKU_24,WH_3,15,20.13,18.18670118176948,3.186701181769479
2024-12-03,SKU_24,WH_3,19,17.22,16.883644250381977,2.116355749618023
2024-12-04,SKU_24,WH_3,16,16.66,15.569279133576948,0.4307208664230515
2024-12-05,SKU_24,WH_3,10,10.73,11.135770345170425,1.1357703451704246
2024-12-06,SKU_24,WH_3,17,18.44,16.75643909814393,0.24356090185607115
2024-12-07,SKU_24,WH_3,18,13.27,12.996797086586271,5.003202913413729
2024-12-08,SKU_24,WH_3,17,19.26,17.469209469562756,0.469209469562756
2024-12-09,SKU_24,WH_3,24,21.47,20.405554327207074,3.5944456727929257
2024-12-10,SKU_24,WH_3,15,21.19,20.210458447782216,5.210458447782216
2024-12-11,SKU_24,WH_3,10,11.63,11.632747095662705,1.6327470956627046
2024-12-12,SKU_24,WH_3,15,14.46,13.750114338749519,1.249885661250481
2024-12-13,SKU_24,WH_3,12,14.68,13.902052322027785,1.9020523220277852
2024-12-14,SKU_24,WH_3,13,12.51,12.405253225100191,0.594746774899809
2024-12-15,SKU_24,WH_3,29,36.01,29.182577884601056,0.18257788460105573
2024-12-16,SKU_24,WH_3,14,20.84,18.710694496448415,4.710694496448415
2024-12-17,SKU_24,WH_3,17,17.3,16.023401596322653,0.9765984036773467
2024-12-18,SKU_24,WH_3,30,30.16,25.750814102966487,4.249185897033513
2024-12-19,SKU_24,WH_3,14,11.11,11.4885240040443,2.511475995955699
2024-12-20,SKU_24,WH_3,21,19.67,17.98274159004318,3.0172584099568205
2024-12-21,SKU_24,WH_3,22,20.41,18.722477365338477,3.2775226346615227
2024-12-22,SKU_24,WH_3,9,8.57,9.710671706859138,0.7106717068591379
2024-12-23,SKU_24,WH_3,13,11.6,11.560700352053468,1.439299647946532
2024-12-24,SKU_24,WH_3,16,16.26,15.298788125411722,0.701211874588278
2024-12-25,SKU_24,WH_3,13,15.64,14.94569007799386,1.9456900779938593
2024-12-26,SKU_24,WH_3,7,6.36,7.5175642329572225,0.5175642329572225
2024-12-27,SKU_24,WH_3,17,8.89,9.791044522840988,7.208955477159012
2024-12-28,SKU_24,WH_3,21,22.13,19.707579003015617,1.292420996984383
2024-12-29,SKU_24,WH_3,24,26.12,22.755148567061326,1.244851432938674
2024-12-30,SKU_24,WH_3,20,19.13,18.3323025105265,1.6676974894735004
2024-11-10,SKU_24,WH_4,20,17.65,15.82370890786502,4.17629109213498
2024-11-11,SKU_24,WH_4,10,8.59,9.45705323222647,0.5429467677735307
2024-11-12,SKU_24,WH_4,13,11.44,11.180912419721206,1.8190875802787936
2024-11-13,SKU_24,WH_4,8,6.56,7.463789161963752,0.536210838036248
2024-11-14,SKU_24,WH_4,15,16.96,15.259525111180963,0.2595251111809631
2024-11-15,SKU_24,WH_4,6,6.94,7.64164150944268,1.64164150944268
2024-11-16,SKU_24,WH_4,13,13.94,13.180208340493335,0.18020834049333523
2024-11-17,SKU_24,WH_4,16,18.98,16.773652434486394,0.7736524344863938
2024-11-18,SKU_24,WH_4,11,15.89,14.742817343996848,3.7428173439968475
2024-11-19,SKU_24,WH_4,14,10.73,10.785237485109569,3.214762514890431
2024-11-20,SKU_24,WH_4,7,11.02,10.904165865374168,3.9041658653741678
2024-11-21,SKU_24,WH_4,18,19.7,17.41752496766545,0.5824750323345498
2024-11-22,SKU_24,WH_4,13,11.4,11.086145025233629,1.9138549747663713
2024-11-23,SKU_24,WH_4,22,18.62,17.634388003684094,4.365611996315906
2024-11-24,SKU_24,WH_4,10,10.9,11.419397601668972,1.4193976016689724
2024-11-25,SKU_24,WH_4,16,15.57,14.515103475763286,1.4848965242367136
2024-11-26,SKU_24,WH_4,16,16.84,15.199337245011291,0.8006627549887089
2024-11-27,SKU_24,WH_4,11,13.3,12.621629344806847,1.6216293448068466
2024-11-28,SKU_24,WH_4,10,13.37,12.647681515351643,2.6476815153516426
2024-11-29,SKU_24,WH_4,14,10.92,11.442359950027452,2.557640049972548
2024-11-30,SKU_24,WH_4,12,10.14,10.336229044949993,1.6637709550500066
2024-12-01,SKU_24,WH_4,11,12.84,12.407904361686532,1.4079043616865317
2024-12-02,SKU_24,WH_4,21,23.46,20.58797706697629,0.4120229330237102
2024-12-03,SKU_24,WH_4,13,10.39,10.628884167489867,2.3711158325101334
2024-12-04,SKU_24,WH_4,9,9.11,9.979543723486415,0.9795437234864153
2024-12-05,SKU_24,WH_4,20,19.21,17.176759810999616,2.8232401890003835
2024-12-06,SKU_24,WH_4,15,17.23,16.895626736924946,1.895626736924946
2024-12-07,SKU_24,WH_4,28,26.63,23.187812680251056,4.8121873197489435
2024-12-08,SKU_24,WH_4,16,15.5,14.73196607819039,1.2680339218096108
2024-12-09,SKU_24,WH_4,15,19.57,17.854295531061858,2.854295531061858
2024-12-10,SKU_24,WH_4,13,16.96,15.68465425269062,2.6846542526906205
2024-12-11,SKU_24,WH_4,13,4.16,6.131649895642769,6.868350104357231
2024-12-12,SKU_24,WH_4,24,24.19,22.797129043059336,1.2028709569406644
2024-12-13,SKU_24,WH_4,27,26.26,22.942306226315623,4.0576937736843774
2024-12-14,SKU_24,WH_4,15,16.99,15.802118307192604,0.8021183071926039
2024-12-15,SKU_24,WH_4,13,16.49,15.40872386964283,2.408723869642831
2024-12-16,SKU_24,WH_4,20,19.23,17.416034807671792,2.5839651923282076
2024-12-17,SKU_24,WH_4,19,17.6,16.206118869473993,2.7938811305260067
2024-12-18,SKU_24,WH_4,7,10.09,10.53525305259769,3.5352530525976906
2024-12-19,SKU_24,WH_4,20,25.45,22.161912434303098,2.1619124343030975
2024-12-20,SKU_24,WH_4,26,29.19,26.772852825369174,0.7728528253691742
2024-12-21,SKU_24,WH_4,15,23.1,20.499000861858672,5.499000861858672
2024-12-22,SKU_24,WH_4,18,16.31,15.273145712321488,2.7268542876785116
2024-12-23,SKU_24,WH_4,29,23.83,21.12193268043365,7.878067319566352
2024-12-24,SKU_24,WH_4,14,17.87,16.548703275036345,2.5487032750363454
2024-12-25,SKU_24,WH_4,8,6.08,7.618826842344163,0.38117315765583726
2024-12-26,SKU_24,WH_4,20,17.7,16.331770846908867,3.668229153091133
2024-12-27,SKU_24,WH_4,21,24.0,21.225981576636936,0.2259815766369364
2024-12-28,SKU_24,WH_4,17,19.03,17.43961932713668,0.43961932713667906
2024-12-29,SKU_24,WH_4,16,12.09,12.27494405741466,3.7250559425853407
2024-12-30,SKU_24,WH_4,15,13.93,14.373476917292946,0.6265230827070543
2024-11-10,SKU_24,WH_5,13,8.19,8.942559072840462,4.057440927159538
2024-11-11,SKU_24,WH_5,15,11.41,11.235323863589194,3.764676136410806
2024-11-12,SKU_24,WH_5,11,7.68,8.781544271581444,2.218455728418556
2024-11-13,SKU_24,WH_5,17,17.77,16.04444622081086,0.9555537791891417
2024-11-14,SKU_24,WH_5,4,5.52,6.943508963373444,2.9435089633734437
2024-11-15,SKU_24,WH_5,16,10.78,10.786358152227407,5.2136418477725925
2024-11-16,SKU_24,WH_5,14,13.76,12.88501149609095,1.11498850390905
2024-11-17,SKU_24,WH_5,19,22.54,19.52645823493487,0.5264582349348714
2024-11-18,SKU_24,WH_5,12,8.57,9.06983974612444,2.9301602538755596
2024-11-19,SKU_24,WH_5,7,6.77,7.590625904917355,0.5906259049173546
2024-11-20,SKU_24,WH_5,7,8.31,8.867700437666185,1.8677004376661852
2024-11-21,SKU_24,WH_5,14,12.79,12.133055075118932,1.866944924881068
2024-11-22,SKU_24,WH_5,12,13.05,12.423837242919518,0.4238372429195181
2024-11-23,SKU_24,WH_5,11,6.58,7.430945536666288,3.5690544633337122
2024-11-24,SKU_24,WH_5,8,11.23,10.947262150551781,2.947262150551781
2024-11-25,SKU_24,WH_5,15,14.13,13.826572879238782,1.1734271207612181
2024-11-26,SKU_24,WH_5,11,11.42,11.135247249997033,0.13524724999703253
2024-11-27,SKU_24,WH_5,11,11.61,11.175303356922232,0.17530335692223176
2024-11-28,SKU_24,WH_5,17,17.59,15.746367618478171,1.2536323815218289
2024-11-29,SKU_24,WH_5,25,26.42,22.385505615225775,2.6144943847742255
2024-11-30,SKU_24,WH_5,15,19.43,17.20418979592908,2.2041897959290786
2024-12-01,SKU_24,WH_5,10,5.37,7.229726513810364,2.7702734861896356
2024-12-02,SKU_24,WH_5,6,6.15,7.406249512572889,1.4062495125728889
2024-12-03,SKU_24,WH_5,12,9.34,10.029864040763798,1.9701359592362024
2024-12-04,SKU_24,WH_5,9,11.87,11.654974393047542,2.6549743930475422
2024-12-05,SKU_24,WH_5,6,3.68,5.547822201030616,0.4521777989693838
2024-12-06,SKU_24,WH_5,18,18.44,16.533340270959282,1.4666597290407175
2024-12-07,SKU_24,WH_5,7,8.53,9.621209864676773,2.621209864676773
2024-12-08,SKU_24,WH_5,23,22.88,20.038907158111357,2.961092841888643
2024-12-09,SKU_24,WH_5,19,20.9,18.31840240565439,0.681597594345611
2024-12-10,SKU_24,WH_5,19,15.66,14.618076461992835,4.381923538007165
2024-12-11,SKU_24,WH_5,13,8.93,9.660188507749861,3.3398114922501385
2024-12-12,SKU_24,WH_5,19,17.46,15.930920537915288,3.069079462084712
2024-12-13,SKU_24,WH_5,12,9.07,9.720749540857105,2.2792504591428955
2024-12-14,SKU_24,WH_5,20,24.82,21.404389778687403,1.4043897786874027
2024-12-15,SKU_24,WH_5,20,25.0,21.55146700745284,1.551467007452839
2024-12-16,SKU_24,WH_5,15,19.87,17.98878463375912,2.9887846337591206
2024-12-17,SKU_24,WH_5,18,19.09,17.249081175468753,0.7509188245312473
2024-12-18,SKU_24,WH_5,24,25.51,22.267405660470367,1.7325943395296335
2024-12-19,SKU_24,WH_5,20,15.45,14.695654715155325,5.3043452848446755
2024-12-20,SKU_24,WH_5,36,32.19,29.126514870231393,6.873485129768607
2024-12-21,SKU_24,WH_5,33,35.43,31.596079037496295,1.4039209625037046
2024-12-22,SKU_24,WH_5,17,19.82,18.491403177385653,1.4914031773856529
2024-12-23,SKU_24,WH_5,18,15.99,15.689119350305315,2.3108806496946848
2024-12-24,SKU_24,WH_5,14,12.27,12.722412506264202,1.2775874937357976
2024-12-25,SKU_24,WH_5,23,22.71,20.71609326400901,2.283906735990989
2024-12-26,SKU_24,WH_5,28,29.56,25.850290112561915,2.1497098874380853
2024-12-27,SKU_24,WH_5,5,6.04,8.380427408732618,3.3804274087326185
2024-12-28,SKU_24,WH_5,10,12.73,12.738447215415281,2.738447215415281
2024-12-29,SKU_24,WH_5,27,29.1,25.151843531792856,1.8481564682071436
2024-12-30,SKU_24,WH_5,22,24.06,22.41457381171147,0.41457381171147034
2024-11-10,SKU_25,WH_1,13,7.76,8.461268842694185,4.538731157305815
2024-11-11,SKU_25,WH_1,10,8.94,9.525679445562078,0.47432055443792187
2024-11-12,SKU_25,WH_1,11,7.52,8.328533054280166,2.6714669457198337
2024-11-13,SKU_25,WH_1,20,19.58,17.33424373931942,2.665756260680581
2024-11-14,SKU_25,WH_1,10,11.26,11.615669157760392,1.6156691577603919
2024-11-15,SKU_25,WH_1,2,4.83,6.484790826282863,4.484790826282863
2024-11-16,SKU_25,WH_1,10,4.77,6.115178756232283,3.8848212437677168
2024-11-17,SKU_25,WH_1,21,21.89,19.224374260225304,1.7756257397746964
2024-11-18,SKU_25,WH_1,11,15.53,14.32928485571464,3.32928485571464
2024-11-19,SKU_25,WH_1,19,17.09,15.366041425251828,3.6339585747481724
2024-11-20,SKU_25,WH_1,13,18.42,16.2613807184787,3.2613807184787014
2024-11-21,SKU_25,WH_1,14,13.46,12.518887223536755,1.4811127764632452
2024-11-22,SKU_25,WH_1,12,12.76,12.1206004817092,0.12060048170920012
2024-11-23,SKU_25,WH_1,22,20.78,18.138689561020954,3.8613104389790465
2024-11-24,SKU_25,WH_1,14,8.15,8.861879558771786,5.138120441228214
2024-11-25,SKU_25,WH_1,20,20.05,19.104281942002416,0.8957180579975841
2024-11-26,SKU_25,WH_1,20,18.59,17.755893821689668,2.244106178310332
2024-11-27,SKU_25,WH_1,20,20.69,19.35490989104917,0.6450901089508285
2024-11-28,SKU_25,WH_1,17,10.55,10.813721193077223,6.186278806922777
2024-11-29,SKU_25,WH_1,22,20.26,18.022562519629105,3.977437480370895
2024-11-30,SKU_25,WH_1,7,4.76,6.667992382039132,0.3320076179608682
2024-12-01,SKU_25,WH_1,18,18.18,16.55623052284787,1.4437694771521308
2024-12-02,SKU_25,WH_1,11,10.56,11.02908143847634,0.029081438476339372
2024-12-03,SKU_25,WH_1,7,8.59,9.511787634243325,2.5117876342433245
2024-12-04,SKU_25,WH_1,12,9.07,9.829083057285102,2.170916942714898
2024-12-05,SKU_25,WH_1,12,15.81,14.948120012299874,2.9481200122998743
2024-12-06,SKU_25,WH_1,14,13.52,13.060633602051277,0.9393663979487226
2024-12-07,SKU_25,WH_1,12,13.26,12.874706243161343,0.8747062431613433
2024-12-08,SKU_25,WH_1,8,12.3,12.182537711963901,4.182537711963901
2024-12-09,SKU_25,WH_1,16,18.09,16.409565969781152,0.409565969781152
2024-12-10,SKU_25,WH_1,12,14.93,13.971675840601003,1.9716758406010033
2024-12-11,SKU_25,WH_1,16,16.66,15.409901146168792,0.5900988538312077
2024-12-12,SKU_25,WH_1,9,10.9,11.088828903072843,2.0888289030728426
2024-12-13,SKU_25,WH_1,12,16.37,15.183055254830936,3.1830552548309363
2024-12-14,SKU_25,WH_1,15,18.83,16.840616271281473,1.8406162712814726
2024-12-15,SKU_25,WH_1,24,24.7,22.95330761211484,1.0466923878851588
2024-12-16,SKU_25,WH_1,11,8.51,9.412765864299251,1.587234135700749
2024-12-17,SKU_25,WH_1,16,14.11,13.408436299979384,2.5915637000206164
2024-12-18,SKU_25,WH_1,12,16.22,15.142389812789576,3.1423898127895757
2024-12-19,SKU_25,WH_1,24,24.05,21.04497054357638,2.9550294564236204
2024-12-20,SKU_25,WH_1,18,14.58,13.680005662402008,4.319994337597992
2024-12-21,SKU_25,WH_1,21,15.57,14.863765438383357,6.136234561616643
2024-12-22,SKU_25,WH_1,28,28.36,26.24551501327164,1.754484986728361
2024-12-23,SKU_25,WH_1,22,23.1,20.518154513139514,1.481845486860486
2024-12-24,SKU_25,WH_1,35,35.54,31.48573516639206,3.514264833607939
2024-12-25,SKU_25,WH_1,13,9.02,11.006695032901888,1.993304967098112
2024-12-26,SKU_25,WH_1,29,27.18,25.35235575202689,3.6476442479731084
2024-12-27,SKU_25,WH_1,22,21.48,20.6381289562604,1.361871043739601
2024-12-28,SKU_25,WH_1,9,6.71,8.62549447508335,0.3745055249166498
2024-12-29,SKU_25,WH_1,27,24.57,21.784086583620816,5.215913416379184
2024-12-30,SKU_25,WH_1,25,23.7,22.245398367202828,2.754601632797172
2024-11-10,SKU_25,WH_2,21,24.33,21.005375104894124,0.005375104894124405
2024-11-11,SKU_25,WH_2,18,17.64,15.900388607027967,2.099611392972033
2024-11-12,SKU_25,WH_2,10,9.83,10.136990275762429,0.13699027576242884
2024-11-13,SKU_25,WH_2,14,12.89,12.213170461659146,1.7868295383408537
2024-11-14,SKU_25,WH_2,17,24.29,20.953277418200695,3.9532774182006953
2024-11-15,SKU_25,WH_2,13,12.51,11.999765564469183,1.0002344355308175
2024-11-16,SKU_25,WH_2,17,18.79,16.72983139225006,0.270168607749941
2024-11-17,SKU_25,WH_2,13,13.79,13.012164603970996,0.012164603970996168
2024-11-18,SKU_25,WH_2,11,10.36,10.489161185323606,0.5108388146763936
2024-11-19,SKU_25,WH_2,11,13.42,12.6526537079489,1.6526537079489003
2024-11-20,SKU_25,WH_2,18,21.88,19.175472254002706,1.175472254002706
2024-11-21,SKU_25,WH_2,8,7.7,8.588476240656522,0.5884762406565223
2024-11-22,SKU_25,WH_2,17,16.56,14.981856772362605,2.0181432276373954
2024-11-23,SKU_25,WH_2,17,23.62,20.457102562149714,3.4571025621497142
2024-11-24,SKU_25,WH_2,7,4.46,6.262896319921537,0.7371036800784632
2024-11-25,SKU_25,WH_2,5,4.13,5.76217363087658,0.7621736308765801
2024-11-26,SKU_25,WH_2,24,21.61,18.76346703567857,5.23653296432143
2024-11-27,SKU_25,WH_2,14,15.14,14.18665576203795,0.1866557620379492
2024-11-28,SKU_25,WH_2,26,20.84,18.128173201598862,7.871826798401138
2024-11-29,SKU_25,WH_2,8,12.83,12.319910429020316,4.319910429020316
2024-11-30,SKU_25,WH_2,12,8.14,8.910655171730124,3.0893448282698763
2024-12-01,SKU_25,WH_2,17,16.04,15.071566117315507,1.9284338826844927
2024-12-02,SKU_25,WH_2,12,15.53,14.71844148240687,2.7184414824068703
2024-12-03,SKU_25,WH_2,20,20.33,19.455305715670647,0.5446942843293527
2024-12-04,SKU_25,WH_2,15,12.27,12.233952080529313,2.7660479194706866
2024-12-05,SKU_25,WH_2,18,20.44,18.458889312281116,0.45888931228111574
2024-12-06,SKU_25,WH_2,11,11.46,11.490020046803863,0.49002004680386335
2024-12-07,SKU_25,WH_2,14,14.89,14.122507305618669,0.12250730561866874
2024-12-08,SKU_25,WH_2,15,19.8,17.941829929964484,2.9418299299644843
2024-12-09,SKU_25,WH_2,15,12.52,12.97883436784754,2.02116563215246
2024-12-10,SKU_25,WH_2,15,17.28,15.98136455619081,0.98136455619081
2024-12-11,SKU_25,WH_2,20,21.07,18.784622440282835,1.2153775597171652
2024-12-12,SKU_25,WH_2,19,17.6,16.149380593224585,2.850619406775415
2024-12-13,SKU_25,WH_2,18,19.72,17.91809732409422,0.0819026759057806
2024-12-14,SKU_25,WH_2,12,11.57,11.557454023788985,0.4425459762110151
2024-12-15,SKU_25,WH_2,9,8.03,9.003954411532463,0.003954411532463453
2024-12-16,SKU_25,WH_2,26,18.18,16.52383266648087,9.476167333519129
2024-12-17,SKU_25,WH_2,20,17.76,16.422466709537414,3.5775332904625863
2024-12-18,SKU_25,WH_2,15,15.74,15.076028277222182,0.07602827722218208
2024-12-19,SKU_25,WH_2,20,23.67,20.79337829440414,0.793378294404139
2024-12-20,SKU_25,WH_2,32,24.66,23.064469029596122,8.935530970403878
2024-12-21,SKU_25,WH_2,12,11.8,11.894352501322196,0.10564749867780421
2024-12-22,SKU_25,WH_2,16,15.64,14.916341897815228,1.0836581021847724
2024-12-23,SKU_25,WH_2,15,12.03,12.07968577721153,2.9203142227884697
2024-12-24,SKU_25,WH_2,12,11.57,11.664520585489678,0.33547941451032237
2024-12-25,SKU_25,WH_2,16,14.17,13.553748062991009,2.4462519370089915
2024-12-26,SKU_25,WH_2,18,12.93,13.312116278242339,4.687883721757661
2024-12-27,SKU_25,WH_2,8,15.46,14.80889307010656,6.80889307010656
2024-12-28,SKU_25,WH_2,12,11.86,11.756536767150358,0.243463232849642
2024-12-29,SKU_25,WH_2,19,22.91,20.29034967573664,1.290349675736639
2024-12-30,SKU_25,WH_2,15,13.22,13.85706645053597,1.1429335494640291
2024-11-10,SKU_25,WH_3,22,25.11,21.373350791105423,0.6266492088945768
2024-11-11,SKU_25,WH_3,13,11.7,11.24335873867519,1.7566412613248108
2024-11-12,SKU_25,WH_3,16,19.19,18.26168764297548,2.261687642975481
2024-11-13,SKU_25,WH_3,18,16.0,15.800567799428743,2.199432200571257
2024-11-14,SKU_25,WH_3,15,17.03,15.493550065030954,0.4935500650309539
2024-11-15,SKU_25,WH_3,16,20.31,17.991815386154794,1.9918153861547943
2024-11-16,SKU_25,WH_3,15,11.9,11.5903172512743,3.4096827487257
2024-11-17,SKU_25,WH_3,9,4.45,6.145223972485516,2.8547760275144842
2024-11-18,SKU_25,WH_3,12,11.66,11.232129455898068,0.7678705441019318
2024-11-19,SKU_25,WH_3,12,12.25,11.88491028700617,0.11508971299383042
2024-11-20,SKU_25,WH_3,6,3.55,5.3590726652302205,0.6409273347697795
2024-11-21,SKU_25,WH_3,17,15.08,13.92800143251937,3.0719985674806303
2024-11-22,SKU_25,WH_3,16,14.37,13.313548116111162,2.6864518838888376
2024-11-23,SKU_25,WH_3,32,33.06,29.46500629111148,2.5349937088885213
2024-11-24,SKU_25,WH_3,8,9.27,10.025768965116631,2.0257689651166313
2024-11-25,SKU_25,WH_3,6,3.76,5.5222362231767095,0.4777637768232905
2024-11-26,SKU_25,WH_3,15,14.19,13.211175227679309,1.788824772320691
2024-11-27,SKU_25,WH_3,19,16.72,15.241019738163859,3.7589802618361414
2024-11-28,SKU_25,WH_3,18,17.89,16.223146541588246,1.776853458411754
2024-11-29,SKU_25,WH_3,18,23.4,20.506912668762762,2.5069126687627623
2024-11-30,SKU_25,WH_3,10,11.04,11.096177470879594,1.096177470879594
2024-12-01,SKU_25,WH_3,13,12.56,12.292496985735992,0.7075030142640077
2024-12-02,SKU_25,WH_3,19,19.74,17.85690245168077,1.1430975483192292
2024-12-03,SKU_25,WH_3,9,1.65,3.7127485972224137,5.287251402777587
2024-12-04,SKU_25,WH_3,19,18.79,17.03785633746801,1.9621436625319895
2024-12-05,SKU_25,WH_3,6,5.09,6.861091496558838,0.8610914965588377
2024-12-06,SKU_25,WH_3,9,6.81,7.9520561718997484,1.0479438281002516
2024-12-07,SKU_25,WH_3,23,24.98,21.62978233033655,1.3702176696634503
2024-12-08,SKU_25,WH_3,6,2.96,5.246419230104773,0.753580769895227
2024-12-09,SKU_25,WH_3,16,13.16,12.69445598794286,3.3055440120571404
2024-12-10,SKU_25,WH_3,10,11.79,12.414879123483786,2.414879123483786
2024-12-11,SKU_25,WH_3,9,7.92,9.117461804496175,0.11746180449617505
2024-12-12,SKU_25,WH_3,23,16.73,15.39298382903292,7.60701617096708
2024-12-13,SKU_25,WH_3,16,10.97,11.132749290387085,4.8672507096129145
2024-12-14,SKU_25,WH_3,23,21.65,19.262414616224486,3.7375853837755137
2024-12-15,SKU_25,WH_3,14,18.77,16.976759414734765,2.976759414734765
2024-12-16,SKU_25,WH_3,17,22.28,19.75061186076648,2.7506118607664796
2024-12-17,SKU_25,WH_3,25,22.23,19.703135156618828,5.296864843381172
2024-12-18,SKU_25,WH_3,19,21.12,18.949181545141236,0.05081845485876357
2024-12-19,SKU_25,WH_3,20,18.86,17.18140304240615,2.8185969575938508
2024-12-20,SKU_25,WH_3,20,22.45,20.037210776033756,0.03721077603375633
2024-12-21,SKU_25,WH_3,21,22.79,20.524101410766047,0.4758985892339531
2024-12-22,SKU_25,WH_3,21,20.93,18.901592469256425,2.0984075307435752
2024-12-23,SKU_25,WH_3,14,16.57,15.772705700469883,1.7727057004698832
2024-12-24,SKU_25,WH_3,12,11.65,11.730195021419814,0.26980497858018637
2024-12-25,SKU_25,WH_3,19,17.35,16.022022057783115,2.977977942216885
2024-12-26,SKU_25,WH_3,12,14.54,13.738736592732138,1.7387365927321383
2024-12-27,SKU_25,WH_3,20,18.97,17.214017646107898,2.785982353892102
2024-12-28,SKU_25,WH_3,23,21.4,19.15555435023981,3.844445649760189
2024-12-29,SKU_25,WH_3,14,15.57,14.985838970209144,0.9858389702091443
2024-12-30,SKU_25,WH_3,27,24.97,22.924211287730447,4.075788712269553
2024-11-10,SKU_25,WH_4,12,12.3,11.92416357167169,0.07583642832831039
2024-11-11,SKU_25,WH_4,11,5.9,6.979238187117855,4.020761812882145
2024-11-12,SKU_25,WH_4,8,7.39,8.188077469931594,0.1880774699315939
2024-11-13,SKU_25,WH_4,12,6.83,7.585997354452513,4.414002645547487
2024-11-14,SKU_25,WH_4,7,8.17,8.843454603692589,1.8434546036925887
2024-11-15,SKU_25,WH_4,11,12.11,11.736826160382066,0.7368261603820656
2024-11-16,SKU_25,WH_4,11,7.36,8.225985703769283,2.7740142962307175
2024-11-17,SKU_25,WH_4,13,13.56,12.76817162859045,0.23182837140955037
2024-11-18,SKU_25,WH_4,13,7.33,8.423471397078945,4.576528602921055
2024-11-19,SKU_25,WH_4,18,18.5,16.26280157873817,1.73719842126183
2024-11-20,SKU_25,WH_4,2,2.97,4.827769557759054,2.827769557759054
2024-11-21,SKU_25,WH_4,7,1.67,3.2923168348535787,3.7076831651464213
2024-11-22,SKU_25,WH_4,20,20.16,17.778367773787387,2.2216322262126127
2024-11-23,SKU_25,WH_4,12,7.68,8.411882793662349,3.5881172063376514
2024-11-24,SKU_25,WH_4,20,18.11,17.098567828827427,2.901432171172573
2024-11-25,SKU_25,WH_4,22,19.77,17.49108394232465,4.50891605767535
2024-11-26,SKU_25,WH_4,11,15.32,14.150387837964491,3.150387837964491
2024-11-27,SKU_25,WH_4,15,10.73,10.673986498652834,4.326013501347166
2024-11-28,SKU_25,WH_4,3,8.58,9.000842414269979,6.000842414269979
2024-11-29,SKU_25,WH_4,15,18.27,16.071316490240303,1.071316490240303
2024-11-30,SKU_25,WH_4,17,19.24,17.049336878618156,0.04933687861815628
2024-12-01,SKU_25,WH_4,18,12.7,12.422346378193907,5.577653621806093
2024-12-02,SKU_25,WH_4,9,10.43,10.59445323637023,1.5944532363702297
2024-12-03,SKU_25,WH_4,7,2.15,4.105655212269488,2.894344787730512
2024-12-04,SKU_25,WH_4,14,10.68,10.85999818705403,3.14000181294597
2024-12-05,SKU_25,WH_4,23,19.81,17.664763901691547,5.335236098308453
2024-12-06,SKU_25,WH_4,22,26.09,22.616996857916988,0.6169968579169876
2024-12-07,SKU_25,WH_4,4,0.0,2.7957769718681273,1.2042230281318727
2024-12-08,SKU_25,WH_4,14,17.98,16.310999951293073,2.3109999512930735
2024-12-09,SKU_25,WH_4,13,15.26,14.246681125113373,1.2466811251133727
2024-12-10,SKU_25,WH_4,16,14.02,13.257816048509834,2.7421839514901656
2024-12-11,SKU_25,WH_4,10,6.18,7.281731398552634,2.718268601447366
2024-12-12,SKU_25,WH_4,28,26.53,22.993375816462326,5.006624183537674
2024-12-13,SKU_25,WH_4,14,9.91,10.416504479084605,3.5834955209153954
2024-12-14,SKU_25,WH_4,14,18.23,16.41081367265812,2.4108136726581186
2024-12-15,SKU_25,WH_4,21,28.6,24.48957202971055,3.4895720297105512
2024-12-16,SKU_25,WH_4,24,26.44,22.920923960039264,1.0790760399607358
2024-12-17,SKU_25,WH_4,14,12.13,12.141786020122337,1.8582139798776627
2024-12-18,SKU_25,WH_4,25,22.34,19.89488781306888,5.10511218693112
2024-12-19,SKU_25,WH_4,15,13.31,13.059327483205932,1.9406725167940682
2024-12-20,SKU_25,WH_4,24,24.42,22.853128878469818,1.1468711215301823
2024-12-21,SKU_25,WH_4,22,25.65,22.70466375853182,0.7046637585318187
2024-12-22,SKU_25,WH_4,18,20.7,19.717731778413814,1.717731778413814
2024-12-23,SKU_25,WH_4,26,29.28,27.11363626251055,1.1136362625105498
2024-12-24,SKU_25,WH_4,27,22.02,21.0145340967868,5.9854659032132
2024-12-25,SKU_25,WH_4,10,15.46,15.184285422684582,5.184285422684582
2024-12-26,SKU_25,WH_4,19,21.03,19.084886457460147,0.08488645746014711
2024-12-27,SKU_25,WH_4,34,30.44,26.26819492049495,7.731805079505051
2024-12-28,SKU_25,WH_4,28,25.24,23.983179158455055,4.016820841544945
2024-12-29,SKU_25,WH_4,13,13.32,13.53031221255769,0.5303122125576891
2024-12-30,SKU_25,WH_4,19,17.2,17.328451372991147,1.6715486270088533
2024-11-10,SKU_25,WH_5,19,16.89,15.199478964614988,3.800521035385012
2024-11-11,SKU_25,WH_5,10,6.24,7.19572756161028,2.80427243838972
2024-11-12,SKU_25,WH_5,10,8.02,8.62921053850405,1.3707894614959493
2024-11-13,SKU_25,WH_5,22,21.21,18.710227253988226,3.2897727460117743
2024-11-14,SKU_25,WH_5,9,3.15,4.8771475417746135,4.1228524582253865
2024-11-15,SKU_25,WH_5,12,11.2,10.9771387147666,1.0228612852334003
2024-11-16,SKU_25,WH_5,19,18.31,16.154307936958787,2.845692063041213
2024-11-17,SKU_25,WH_5,11,13.45,12.668024899747705,1.6680248997477047
2024-11-18,SKU_25,WH_5,17,16.84,15.164013205563059,1.8359867944369412
2024-11-19,SKU_25,WH_5,11,10.12,10.400130477502444,0.5998695224975563
2024-11-20,SKU_25,WH_5,12,13.66,12.848299560897798,0.8482995608977983
2024-11-21,SKU_25,WH_5,22,19.29,16.95203663339293,5.047963366607071
2024-11-22,SKU_25,WH_5,18,19.69,17.510278621029915,0.48972137897008494
2024-11-23,SKU_25,WH_5,19,16.15,14.989416523044898,4.010583476955102
2024-11-24,SKU_25,WH_5,10,13.72,13.00882865701017,3.00882865701017
2024-11-25,SKU_25,WH_5,19,18.57,16.661625702395916,2.3383742976040836
2024-11-26,SKU_25,WH_5,10,5.1,6.672462828809543,3.327537171190457
2024-11-27,SKU_25,WH_5,12,14.91,13.924510531888654,1.9245105318886537
2024-11-28,SKU_25,WH_5,20,21.72,19.03831043603437,0.9616895639656313
2024-11-29,SKU_25,WH_5,25,21.47,18.91825904483311,6.0817409551668895
2024-11-30,SKU_25,WH_5,15,12.59,13.013495082010433,1.986504917989567
2024-12-01,SKU_25,WH_5,18,16.43,15.430890005708005,2.5691099942919955
2024-12-02,SKU_25,WH_5,15,11.64,11.674864377486124,3.3251356225138764
2024-12-03,SKU_25,WH_5,10,11.93,11.989440415827032,1.9894404158270316
2024-12-04,SKU_25,WH_5,18,19.49,17.84478339259657,0.15521660740342824
2024-12-05,SKU_25,WH_5,15,17.81,16.523205547666056,1.5232055476660555
2024-12-06,SKU_25,WH_5,13,12.52,12.42468704466301,0.5753129553369902
2024-12-07,SKU_25,WH_5,13,13.65,13.246529422795577,0.246529422795577
2024-12-08,SKU_25,WH_5,15,13.47,13.086678682090295,1.9133213179097055
2024-12-09,SKU_25,WH_5,16,16.55,15.485264955661087,0.5147350443389129
2024-12-10,SKU_25,WH_5,13,17.71,16.30236550923776,3.3023655092377595
2024-12-11,SKU_25,WH_5,18,19.13,17.43960176066696,0.5603982393330398
2024-12-12,SKU_25,WH_5,13,12.38,12.25295322696811,0.7470467730318902
2024-12-13,SKU_25,WH_5,9,6.56,7.848302884469409,1.1516971155305908
2024-12-14,SKU_25,WH_5,13,8.65,9.627801827871782,3.3721981721282184
2024-12-15,SKU_25,WH_5,11,6.13,7.460338428152127,3.539661571847873
2024-12-16,SKU_25,WH_5,14,14.51,13.612068783234832,0.3879312167651676
2024-12-17,SKU_25,WH_5,14,12.96,12.459450139994765,1.5405498600052354
2024-12-18,SKU_25,WH_5,10,15.73,14.888261905874739,4.888261905874739
2024-12-19,SKU_25,WH_5,18,20.27,18.036888934370445,0.03688893437044527
2024-12-20,SKU_25,WH_5,26,23.31,21.737963062120556,4.262036937879444
2024-12-21,SKU_25,WH_5,17,13.83,13.28605170448849,3.7139482955115106
2024-12-22,SKU_25,WH_5,16,19.01,17.270197221086388,1.2701972210863879
2024-12-23,SKU_25,WH_5,27,32.62,29.548875238202598,2.548875238202598
2024-12-24,SKU_25,WH_5,21,21.04,18.791609789515174,2.2083902104848256
2024-12-25,SKU_25,WH_5,21,22.22,19.888067803136632,1.1119321968633677
2024-12-26,SKU_25,WH_5,26,24.26,22.899497510005528,3.100502489994472
2024-12-27,SKU_25,WH_5,17,20.57,18.786323219692854,1.7863232196928536
2024-12-28,SKU_25,WH_5,20,19.74,18.064667941526555,1.9353320584734455
2024-12-29,SKU_25,WH_5,16,19.33,17.7867601958902,1.7867601958901993
2024-12-30,SKU_25,WH_5,20,19.2,18.712616911484186,1.2873830885158135
2024-11-10,SKU_26,WH_1,14,14.46,13.358201339150565,0.6417986608494353
2024-11-11,SKU_26,WH_1,18,10.57,10.704542809710517,7.295457190289483
2024-11-12,SKU_26,WH_1,12,10.43,10.441986745848407,1.558013254151593
2024-11-13,SKU_26,WH_1,13,12.63,12.189315913243208,0.8106840867567922
2024-11-14,SKU_26,WH_1,10,13.6,13.534937224154032,3.5349372241540316
2024-11-15,SKU_26,WH_1,14,13.31,12.702415503322964,1.297584496677036
2024-11-16,SKU_26,WH_1,17,15.99,14.840469248509416,2.1595307514905837
2024-11-17,SKU_26,WH_1,8,8.26,8.96674038857808,0.9667403885780796
2024-11-18,SKU_26,WH_1,16,17.08,15.382643206956935,0.617356793043065
2024-11-19,SKU_26,WH_1,18,22.72,19.6044333506998,1.6044333506998
2024-11-20,SKU_26,WH_1,1,0.0,2.4662614034226085,1.4662614034226085
2024-11-21,SKU_26,WH_1,13,16.65,14.99668606918718,1.9966860691871808
2024-11-22,SKU_26,WH_1,14,18.35,16.146703124892145,2.146703124892145
2024-11-23,SKU_26,WH_1,19,19.17,18.163640723639183,0.8363592763608168
2024-11-24,SKU_26,WH_1,11,10.59,10.730957465570269,0.26904253442973136
2024-11-25,SKU_26,WH_1,14,11.42,11.188083370938376,2.811916629061624
2024-11-26,SKU_26,WH_1,13,12.44,11.969177187531907,1.0308228124680934
2024-11-27,SKU_26,WH_1,8,9.21,9.796825040085395,1.7968250400853947
2024-11-28,SKU_26,WH_1,11,17.14,15.347515531779262,4.347515531779262
2024-11-29,SKU_26,WH_1,21,25.51,21.75061085160452,0.7506108516045202
2024-11-30,SKU_26,WH_1,21,25.46,21.578347759102723,0.5783477591027228
2024-12-01,SKU_26,WH_1,11,15.95,14.873545974821436,3.873545974821436
2024-12-02,SKU_26,WH_1,21,24.02,20.950488982321698,0.04951101767830224
2024-12-03,SKU_26,WH_1,17,17.39,15.76757812443449,1.2324218755655103
2024-12-04,SKU_26,WH_1,8,6.48,7.668183706952788,0.33181629304721216
2024-12-05,SKU_26,WH_1,17,21.25,18.972969026503982,1.972969026503982
2024-12-06,SKU_26,WH_1,19,14.79,14.006494927012394,4.993505072987606
2024-12-07,SKU_26,WH_1,15,20.35,18.24290662703844,3.2429066270384403
2024-12-08,SKU_26,WH_1,23,23.17,21.927439582426697,1.0725604175733032
2024-12-09,SKU_26,WH_1,21,19.07,17.303335113733784,3.696664886266216
2024-12-10,SKU_26,WH_1,15,13.39,12.99698747875641,2.0030125212435905
2024-12-11,SKU_26,WH_1,16,14.04,13.531777362033598,2.4682226379664023
2024-12-12,SKU_26,WH_1,16,21.2,18.929971043668377,2.9299710436683775
2024-12-13,SKU_26,WH_1,18,15.75,15.101008086125109,2.898991913874891
2024-12-14,SKU_26,WH_1,19,17.59,16.23936059532124,2.7606394046787592
2024-12-15,SKU_26,WH_1,17,12.74,12.602270234217297,4.397729765782703
2024-12-16,SKU_26,WH_1,12,12.9,12.622411450047112,0.6224114500471121
2024-12-17,SKU_26,WH_1,24,15.82,15.065475968783236,8.934524031216764
2024-12-18,SKU_26,WH_1,7,6.74,8.117105153458281,1.1171051534582812
2024-12-19,SKU_26,WH_1,16,22.52,19.9071302484854,3.9071302484854016
2024-12-20,SKU_26,WH_1,15,16.16,15.191023268477382,0.19102326847738205
2024-12-21,SKU_26,WH_1,18,19.55,17.77899984213444,0.2210001578655607
2024-12-22,SKU_26,WH_1,18,21.41,19.065148188876464,1.0651481888764636
2024-12-23,SKU_26,WH_1,15,10.67,11.242592334365149,3.757407665634851
2024-12-24,SKU_26,WH_1,28,26.95,23.38426863185125,4.615731368148751
2024-12-25,SKU_26,WH_1,16,17.39,15.95698537249206,0.04301462750794016
2024-12-26,SKU_26,WH_1,18,16.13,15.339233399488275,2.6607666005117245
2024-12-27,SKU_26,WH_1,10,17.35,16.019671473451826,6.019671473451826
2024-12-28,SKU_26,WH_1,22,18.9,17.17580840791128,4.82419159208872
2024-12-29,SKU_26,WH_1,22,24.05,21.38393973671349,0.61606026328651
2024-12-30,SKU_26,WH_1,14,5.92,8.529439837857316,5.470560162142684
2024-11-10,SKU_26,WH_2,14,13.26,12.72416831128483,1.2758316887151704
2024-11-11,SKU_26,WH_2,19,19.63,17.601419531178824,1.3985804688211765
2024-11-12,SKU_26,WH_2,22,17.38,15.677164556504154,6.322835443495846
2024-11-13,SKU_26,WH_2,16,17.78,16.096478646258873,0.09647864625887337
2024-11-14,SKU_26,WH_2,8,5.39,6.955920643474595,1.0440793565254047
2024-11-15,SKU_26,WH_2,17,15.64,14.530578399894283,2.4694216001057168
2024-11-16,SKU_26,WH_2,14,14.94,13.881049330080344,0.11895066991965564
2024-11-17,SKU_26,WH_2,19,16.95,15.35989760808112,3.64010239191888
2024-11-18,SKU_26,WH_2,11,10.54,10.752892026597996,0.24710797340200408
2024-11-19,SKU_26,WH_2,9,9.3,9.760079299192402,0.7600792991924017
2024-11-20,SKU_26,WH_2,5,6.91,7.569117996401509,2.569117996401509
2024-11-21,SKU_26,WH_2,11,17.71,15.751771616575805,4.751771616575805
2024-11-22,SKU_26,WH_2,15,18.23,16.067772756087532,1.0677727560875319
2024-11-23,SKU_26,WH_2,18,21.23,18.61785618427921,0.6178561842792085
2024-11-24,SKU_26,WH_2,10,11.45,11.26144012344783,1.26144012344783
2024-11-25,SKU_26,WH_2,13,12.64,12.182490448632494,0.8175095513675057
2024-11-26,SKU_26,WH_2,19,23.22,20.09742495617439,1.0974249561743896
2024-11-27,SKU_26,WH_2,19,20.32,17.843299444258335,1.156700555741665
2024-11-28,SKU_26,WH_2,19,20.86,18.23132311334156,0.7686768866584401
2024-11-29,SKU_26,WH_2,7,7.26,8.321621771123722,1.3216217711237217
2024-11-30,SKU_26,WH_2,13,9.52,9.955560326520397,3.0444396734796033
2024-12-01,SKU_26,WH_2,14,16.44,15.244878254036067,1.2448782540360668
2024-12-02,SKU_26,WH_2,9,8.25,9.290864432901582,0.29086443290158215
2024-12-03,SKU_26,WH_2,22,20.3,19.45446647985776,2.5455335201422393
2024-12-04,SKU_26,WH_2,18,20.02,17.99542380820501,0.004576191794988915
2024-12-05,SKU_26,WH_2,18,21.55,19.217019431916615,1.217019431916615
2024-12-06,SKU_26,WH_2,16,18.27,16.503270878416163,0.5032708784161635
2024-12-07,SKU_26,WH_2,15,18.11,16.480799466855235,1.4807994668552347
2024-12-08,SKU_26,WH_2,13,10.09,10.519893000415076,2.4801069995849243
2024-12-09,SKU_26,WH_2,14,13.81,13.255421467794626,0.7445785322053737
2024-12-10,SKU_26,WH_2,8,9.62,10.225782617429712,2.2257826174297115
2024-12-11,SKU_26,WH_2,15,17.69,16.216542605907943,1.216542605907943
2024-12-12,SKU_26,WH_2,5,2.62,5.169322266444632,0.16932226644463189
2024-12-13,SKU_26,WH_2,18,20.57,18.2497502838815,0.24975028388150022
2024-12-14,SKU_26,WH_2,8,5.16,6.825188815644367,1.174811184355633
2024-12-15,SKU_26,WH_2,14,13.69,13.786114161455577,0.21388583854442267
2024-12-16,SKU_26,WH_2,31,32.1,26.685922653628875,4.314077346371125
2024-12-17,SKU_26,WH_2,12,9.84,10.396679717618774,1.603320282381226
2024-12-18,SKU_26,WH_2,20,19.41,17.52538014172625,2.4746198582737513
2024-12-19,SKU_26,WH_2,28,26.52,24.56970850535615,3.43029149464385
2024-12-20,SKU_26,WH_2,21,21.76,19.65838223124968,1.3416177687503215
2024-12-21,SKU_26,WH_2,19,18.73,16.980285906768046,2.019714093231954
2024-12-22,SKU_26,WH_2,9,10.2,10.914370279475596,1.9143702794755963
2024-12-23,SKU_26,WH_2,23,26.68,23.43882954931703,0.4388295493170311
2024-12-24,SKU_26,WH_2,20,21.28,19.105710254743755,0.8942897452562448
2024-12-25,SKU_26,WH_2,28,33.38,28.087031424613503,0.0870314246135031
2024-12-26,SKU_26,WH_2,21,21.19,19.217623894354723,1.7823761056452767
2024-12-27,SKU_26,WH_2,21,19.57,18.088004396184335,2.911995603815665
2024-12-28,SKU_26,WH_2,16,20.79,18.95081382751628,2.9508138275162814
2024-12-29,SKU_26,WH_2,11,10.44,11.020635728218728,0.02063572821872839
2024-12-30,SKU_26,WH_2,26,19.27,18.615858231695835,7.384141768304165
2024-11-10,SKU_26,WH_3,13,6.91,7.684828501208084,5.315171498791916
2024-11-11,SKU_26,WH_3,5,6.46,7.415892161167522,2.4158921611675224
2024-11-12,SKU_26,WH_3,9,12.91,12.211747291395648,3.211747291395648
2024-11-13,SKU_26,WH_3,12,8.49,9.086648969098434,2.913351030901566
2024-11-14,SKU_26,WH_3,1,2.11,3.881801164687205,2.881801164687205
2024-11-15,SKU_26,WH_3,9,16.55,15.056038273641857,6.056038273641857
2024-11-16,SKU_26,WH_3,10,9.97,10.172729288578733,0.17272928857873282
2024-11-17,SKU_26,WH_3,11,11.86,11.511574739929927,0.5115747399299266
2024-11-18,SKU_26,WH_3,9,8.45,9.039169711031171,0.03916971103117106
2024-11-19,SKU_26,WH_3,12,11.66,11.158141047040461,0.841858952959539
2024-11-20,SKU_26,WH_3,19,22.48,19.476469303409132,0.4764693034091323
2024-11-21,SKU_26,WH_3,3,7.1,8.20364205919449,5.20364205919449
2024-11-22,SKU_26,WH_3,14,11.94,11.538597629245098,2.461402370754902
2024-11-23,SKU_26,WH_3,19,17.71,15.839018408289911,3.1609815917100885
2024-11-24,SKU_26,WH_3,10,5.99,7.0601276924996075,2.9398723075003925
2024-11-25,SKU_26,WH_3,15,14.16,13.104910051356036,1.8950899486439639
2024-11-26,SKU_26,WH_3,11,9.79,10.069491708009423,0.9305082919905772
2024-11-27,SKU_26,WH_3,14,13.19,12.545955865398103,1.4540441346018973
2024-11-28,SKU_26,WH_3,12,6.5,7.378684228097631,4.621315771902369
2024-11-29,SKU_26,WH_3,11,5.72,7.027473677940973,3.972526322059027
2024-11-30,SKU_26,WH_3,21,21.31,18.650164613590427,2.3498353864095733
2024-12-01,SKU_26,WH_3,5,8.26,9.18865433238564,4.1886543323856404
2024-12-02,SKU_26,WH_3,23,21.47,18.92500819656667,4.074991803433331
2024-12-03,SKU_26,WH_3,6,12.04,11.664328727372226,5.664328727372226
2024-12-04,SKU_26,WH_3,19,18.97,16.89287186377104,2.1071281362289582
2024-12-05,SKU_26,WH_3,20,21.39,18.868605338734035,1.1313946612659649
2024-12-06,SKU_26,WH_3,15,20.09,18.093142127512507,3.0931421275125075
2024-12-07,SKU_26,WH_3,12,14.15,13.413173096647448,1.4131730966474478
2024-12-08,SKU_26,WH_3,20,20.87,18.375725673217204,1.6242743267827962
2024-12-09,SKU_26,WH_3,19,18.3,16.43553195559181,2.5644680444081907
2024-12-10,SKU_26,WH_3,21,21.16,18.773709238647484,2.226290761352516
2024-12-11,SKU_26,WH_3,21,24.89,21.5218912740367,0.521891274036701
2024-12-12,SKU_26,WH_3,11,12.57,12.269121759778738,1.2691217597787379
2024-12-13,SKU_26,WH_3,19,14.59,13.768497513129311,5.2315024868706885
2024-12-14,SKU_26,WH_3,16,13.34,12.922695851309383,3.077304148690617
2024-12-15,SKU_26,WH_3,18,20.84,18.525188015464085,0.5251880154640851
2024-12-16,SKU_26,WH_3,22,24.75,21.599528538418156,0.4004714615818443
2024-12-17,SKU_26,WH_3,18,17.89,16.48835738512614,1.5116426148738604
2024-12-18,SKU_26,WH_3,11,9.1,10.143525921561242,0.8564740784387581
2024-12-19,SKU_26,WH_3,11,13.0,12.545000591489362,1.5450005914893623
2024-12-20,SKU_26,WH_3,10,12.29,12.225409550578945,2.225409550578945
2024-12-21,SKU_26,WH_3,13,21.52,19.15359088115757,6.1535908811575695
2024-12-22,SKU_26,WH_3,21,20.56,18.395474070827003,2.604525929172997
2024-12-23,SKU_26,WH_3,13,10.76,11.142135486721065,1.857864513278935
2024-12-24,SKU_26,WH_3,19,14.32,13.60656206525884,5.39343793474116
2024-12-25,SKU_26,WH_3,19,26.49,22.98267793385234,3.98267793385234
2024-12-26,SKU_26,WH_3,24,24.81,23.162771803419584,0.8372281965804156
2024-12-27,SKU_26,WH_3,13,13.66,13.23056166226682,0.23056166226682073
2024-12-28,SKU_26,WH_3,30,30.69,26.19950618516233,3.800493814837669
2024-12-29,SKU_26,WH_3,11,15.69,15.280110960696845,4.280110960696845
2024-12-30,SKU_26,WH_3,15,17.5,18.070530283735838,3.070530283735838
2024-11-10,SKU_26,WH_4,17,17.58,15.884583354062316,1.1154166459376835
2024-11-11,SKU_26,WH_4,13,13.04,12.52608252926478,0.47391747073521984
2024-11-12,SKU_26,WH_4,5,7.45,8.338484988946018,3.3384849889460178
2024-11-13,SKU_26,WH_4,13,8.57,9.080830565047421,3.919169434952579
2024-11-14,SKU_26,WH_4,14,15.94,14.732307759396143,0.7323077593961429
2024-11-15,SKU_26,WH_4,9,7.66,8.512232046900964,0.487767953099036
2024-11-16,SKU_26,WH_4,6,8.19,8.91857067652788,2.91857067652788
2024-11-17,SKU_26,WH_4,8,9.32,9.723377259523017,1.7233772595230175
2024-11-18,SKU_26,WH_4,7,8.17,8.883829154511071,1.883829154511071
2024-11-19,SKU_26,WH_4,16,15.42,14.312063153601143,1.6879368463988573
2024-11-20,SKU_26,WH_4,21,19.98,17.60895889583885,3.3910411041611503
2024-11-21,SKU_26,WH_4,14,15.91,14.703172200444511,0.7031722004445111
2024-11-22,SKU_26,WH_4,0,1.09,3.3589476315761058,3.3589476315761058
2024-11-23,SKU_26,WH_4,9,7.62,8.4549101700404,0.5450898299596005
2024-11-24,SKU_26,WH_4,18,22.75,19.863237073024663,1.8632370730246635
2024-11-25,SKU_26,WH_4,11,13.4,13.295969309163041,2.2959693091630413
2024-11-26,SKU_26,WH_4,13,17.23,15.473463577524127,2.473463577524127
2024-11-27,SKU_26,WH_4,14,13.75,13.551048401426618,0.44895159857338207
2024-11-28,SKU_26,WH_4,14,15.45,14.27917819187416,0.27917819187415915
2024-11-29,SKU_26,WH_4,12,11.16,10.927141440154902,1.0728585598450984
2024-11-30,SKU_26,WH_4,15,10.94,10.91066777048324,4.08933222951676
2024-12-01,SKU_26,WH_4,12,9.5,10.043179093050098,1.9568209069499023
2024-12-02,SKU_26,WH_4,14,15.48,14.620562954253236,0.620562954253236
2024-12-03,SKU_26,WH_4,14,14.41,13.592265560899248,0.4077344391007518
2024-12-04,SKU_26,WH_4,13,15.78,14.930571324173561,1.9305713241735614
2024-12-05,SKU_26,WH_4,10,11.8,11.662648491210113,1.6626484912101134
2024-12-06,SKU_26,WH_4,15,12.56,12.809954027781433,2.1900459722185666
2024-12-07,SKU_26,WH_4,14,13.27,13.511292719086248,0.4887072809137525
2024-12-08,SKU_26,WH_4,20,14.3,13.498448996438913,6.501551003561087
2024-12-09,SKU_26,WH_4,16,12.6,12.433679298139895,3.5663207018601053
2024-12-10,SKU_26,WH_4,20,17.08,15.649943782791484,4.350056217208516
2024-12-11,SKU_26,WH_4,15,17.81,16.281044450462062,1.281044450462062
2024-12-12,SKU_26,WH_4,19,20.51,18.249097774700047,0.7509022252999529
2024-12-13,SKU_26,WH_4,14,11.51,12.046314704210912,1.9536852957890876
2024-12-14,SKU_26,WH_4,10,8.77,9.65492807042668,0.34507192957332045
2024-12-15,SKU_26,WH_4,30,32.04,26.841662588094255,3.1583374119057446
2024-12-16,SKU_26,WH_4,22,24.93,21.632292145330283,0.36770785466971745
2024-12-17,SKU_26,WH_4,20,22.91,20.326939756222068,0.3269397562220675
2024-12-18,SKU_26,WH_4,18,17.25,15.920870307269396,2.0791296927306036
2024-12-19,SKU_26,WH_4,14,12.15,12.16223798234712,1.8377620176528797
2024-12-20,SKU_26,WH_4,17,21.17,18.942653865797134,1.9426538657971335
2024-12-21,SKU_26,WH_4,19,16.2,15.2856422377627,3.7143577622373005
2024-12-22,SKU_26,WH_4,22,26.12,24.321003281148606,2.321003281148606
2024-12-23,SKU_26,WH_4,20,13.39,13.079496243948642,6.9205037560513585
2024-12-24,SKU_26,WH_4,14,9.41,10.232138395327295,3.7678616046727047
2024-12-25,SKU_26,WH_4,19,20.98,18.710264948145593,0.2897350518544073
2024-12-26,SKU_26,WH_4,14,19.37,17.681270955843235,3.6812709558432353
2024-12-27,SKU_26,WH_4,23,20.27,18.306453182669244,4.6935468173307555
2024-12-28,SKU_26,WH_4,13,12.53,12.435324533379346,0.5646754666206544
2024-12-29,SKU_26,WH_4,24,18.44,16.770049395462838,7.229950604537162
2024-12-30,SKU_26,WH_4,26,28.33,27.035521834263193,1.0355218342631929
2024-11-10,SKU_26,WH_5,23,20.36,17.98855133874319,5.011448661256811
2024-11-11,SKU_26,WH_5,11,8.95,9.538350864936673,1.4616491350633272
2024-11-12,SKU_26,WH_5,14,15.74,14.68524572144094,0.6852457214409409
2024-11-13,SKU_26,WH_5,15,15.84,14.738920358289157,0.2610796417108432
2024-11-14,SKU_26,WH_5,14,16.88,15.253990186920566,1.253990186920566
2024-11-15,SKU_26,WH_5,11,11.81,11.52729125084707,0.5272912508470693
2024-11-16,SKU_26,WH_5,6,7.97,8.689949212191857,2.6899492121918573
2024-11-17,SKU_26,WH_5,7,8.49,9.382378409252826,2.3823784092528264
2024-11-18,SKU_26,WH_5,21,17.59,15.8189633094206,5.1810366905794005
2024-11-19,SKU_26,WH_5,12,10.61,10.667520353963809,1.332479646036191
2024-11-20,SKU_26,WH_5,15,20.93,18.178158259912095,3.178158259912095
2024-11-21,SKU_26,WH_5,12,9.75,10.023308779653986,1.976691220346014
2024-11-22,SKU_26,WH_5,5,2.32,3.9416732485279184,1.0583267514720816
2024-11-23,SKU_26,WH_5,17,17.76,15.991547634821575,1.0084523651784245
2024-11-24,SKU_26,WH_5,18,15.89,14.667228746871395,3.3327712531286053
2024-11-25,SKU_26,WH_5,10,8.46,9.109843273819248,0.8901567261807521
2024-11-26,SKU_26,WH_5,10,9.04,9.442819523016972,0.557180476983028
2024-11-27,SKU_26,WH_5,1,2.61,4.835900228239501,3.8359002282395007
2024-11-28,SKU_26,WH_5,21,20.78,18.103347549191614,2.8966524508083857
2024-11-29,SKU_26,WH_5,24,32.57,29.086974434871053,5.086974434871053
2024-11-30,SKU_26,WH_5,14,9.57,9.931785323336872,4.068214676663128
2024-12-01,SKU_26,WH_5,6,0.0,2.755350831589012,3.244649168410988
2024-12-02,SKU_26,WH_5,16,13.97,13.32846940546954,2.6715305945304593
2024-12-03,SKU_26,WH_5,9,6.53,7.645805318904469,1.3541946810955308
2024-12-04,SKU_26,WH_5,12,10.37,10.609728299041546,1.3902717009584542
2024-12-05,SKU_26,WH_5,16,11.07,11.191183402189038,4.808816597810962
2024-12-06,SKU_26,WH_5,14,16.73,15.3979116916032,1.3979116916032002
2024-12-07,SKU_26,WH_5,26,24.82,21.368072090235884,4.631927909764116
2024-12-08,SKU_26,WH_5,14,16.62,15.319002263948107,1.3190022639481072
2024-12-09,SKU_26,WH_5,26,24.71,21.41211791985881,4.587882080141188
2024-12-10,SKU_26,WH_5,29,32.97,27.669797570926512,1.3302024290734877
2024-12-11,SKU_26,WH_5,15,16.72,15.691182306972674,0.6911823069726744
2024-12-12,SKU_26,WH_5,9,8.28,9.485095762858819,0.48509576285881906
2024-12-13,SKU_26,WH_5,26,23.78,22.425515448341482,3.574484551658518
2024-12-14,SKU_26,WH_5,14,16.54,15.587392264993685,1.5873922649936851
2024-12-15,SKU_26,WH_5,23,24.89,21.7955750561308,1.2044249438691992
2024-12-16,SKU_26,WH_5,11,10.43,10.96638675365934,0.03361324634066065
2024-12-17,SKU_26,WH_5,10,10.39,10.926744020494304,0.9267440204943043
2024-12-18,SKU_26,WH_5,19,22.87,20.34953344592311,1.349533445923111
2024-12-19,SKU_26,WH_5,17,12.34,12.216676456325889,4.783323543674111
2024-12-20,SKU_26,WH_5,18,16.89,15.662436264040961,2.337563735959039
2024-12-21,SKU_26,WH_5,6,7.51,8.644559471402488,2.644559471402488
2024-12-22,SKU_26,WH_5,19,14.51,13.627535244014712,5.372464755985288
2024-12-23,SKU_26,WH_5,15,14.48,13.646281830263046,1.353718169736954
2024-12-24,SKU_26,WH_5,27,21.24,20.254025659087397,6.745974340912603
2024-12-25,SKU_26,WH_5,21,24.3,21.423563060119726,0.4235630601197258
2024-12-26,SKU_26,WH_5,14,16.06,15.305028488681401,1.3050284886814012
2024-12-27,SKU_26,WH_5,23,22.39,20.0194470485887,2.980552951411301
2024-12-28,SKU_26,WH_5,22,25.99,22.937216188063758,0.9372161880637577
2024-12-29,SKU_26,WH_5,24,21.59,20.571388670623246,3.4286113293767535
2024-12-30,SKU_26,WH_5,33,31.68,29.877945221064135,3.1220547789358655
2024-11-10,SKU_27,WH_1,8,8.6,9.132193323365268,1.132193323365268
2024-11-11,SKU_27,WH_1,13,16.7,15.288091978509973,2.288091978509973
2024-11-12,SKU_27,WH_1,15,15.1,13.996229389525775,1.0037706104742252
2024-11-13,SKU_27,WH_1,13,14.91,13.791760706272091,0.7917607062720915
2024-11-14,SKU_27,WH_1,15,15.32,14.209005587141993,0.7909944128580069
2024-11-15,SKU_27,WH_1,5,0.77,3.269429203061349,1.7305707969386508
2024-11-16,SKU_27,WH_1,10,13.27,12.562861894909167,2.562861894909167
2024-11-17,SKU_27,WH_1,11,8.45,9.058986388080765,1.9410136119192352
2024-11-18,SKU_27,WH_1,4,0.84,3.3702086077188933,0.6297913922811067
2024-11-19,SKU_27,WH_1,19,21.32,18.62032262278584,0.3796773772141613
2024-11-20,SKU_27,WH_1,9,6.73,7.6282040301444916,1.3717959698555084
2024-11-21,SKU_27,WH_1,13,11.13,11.021794831766204,1.9782051682337958
2024-11-22,SKU_27,WH_1,18,15.74,14.706198828863815,3.2938011711361845
2024-11-23,SKU_27,WH_1,22,23.89,20.61348027402475,1.3865197259752513
2024-11-24,SKU_27,WH_1,21,22.96,19.92125184245186,1.0787481575481408
2024-11-25,SKU_27,WH_1,15,12.68,12.175093294465057,2.824906705534943
2024-11-26,SKU_27,WH_1,23,18.84,16.609820858881022,6.390179141118978
2024-11-27,SKU_27,WH_1,13,11.5,11.818375223988955,1.181624776011045
2024-11-28,SKU_27,WH_1,8,8.79,9.281385597908907,1.2813855979089066
2024-11-29,SKU_27,WH_1,19,24.23,20.974011128350284,1.9740111283502841
2024-11-30,SKU_27,WH_1,1,2.77,4.970652459191736,3.9706524591917356
2024-12-01,SKU_27,WH_1,16,14.25,13.472432528288596,2.5275674717114036
2024-12-02,SKU_27,WH_1,22,20.76,19.78474382668122,2.2152561733187817
2024-12-03,SKU_27,WH_1,10,9.55,10.288982465075579,0.2889824650755788
2024-12-04,SKU_27,WH_1,18,21.88,19.569539479355097,1.5695394793550967
2024-12-05,SKU_27,WH_1,13,11.9,11.778664280260948,1.2213357197390522
2024-12-06,SKU_27,WH_1,18,16.67,15.508828082361013,2.4911719176389866
2024-12-07,SKU_27,WH_1,18,22.89,20.26731583364053,2.267315833640531
2024-12-08,SKU_27,WH_1,24,23.24,20.555028665627646,3.4449713343723545
2024-12-09,SKU_27,WH_1,11,12.57,12.452247043826352,1.4522470438263522
2024-12-10,SKU_27,WH_1,6,10.98,11.34195577061166,5.34195577061166
2024-12-11,SKU_27,WH_1,16,9.75,10.380667155832478,5.619332844167522
2024-12-12,SKU_27,WH_1,25,20.1,18.32490356671941,6.67509643328059
2024-12-13,SKU_27,WH_1,10,9.35,10.256699285457229,0.25669928545722875
2024-12-14,SKU_27,WH_1,16,9.22,10.145245111884842,5.854754888115158
2024-12-15,SKU_27,WH_1,12,15.23,14.527058887073435,2.5270588870734354
2024-12-16,SKU_27,WH_1,23,24.89,21.66877972978083,1.3312202702191698
2024-12-17,SKU_27,WH_1,17,15.87,15.149739355027243,1.8502606449727566
2024-12-18,SKU_27,WH_1,20,24.97,21.807383971360057,1.807383971360057
2024-12-19,SKU_27,WH_1,14,10.96,11.418007405422758,2.581992594577242
2024-12-20,SKU_27,WH_1,13,13.59,13.115443616156327,0.11544361615632681
2024-12-21,SKU_27,WH_1,20,23.55,20.84508733762798,0.8450873376279802
2024-12-22,SKU_27,WH_1,16,16.4,15.31213775214294,0.6878622478570602
2024-12-23,SKU_27,WH_1,17,17.99,16.483198635495608,0.5168013645043921
2024-12-24,SKU_27,WH_1,23,22.8,20.303587094812485,2.6964129051875148
2024-12-25,SKU_27,WH_1,11,12.75,12.51450474327505,1.5145047432750491
2024-12-26,SKU_27,WH_1,16,16.32,15.265266588617571,0.7347334113824289
2024-12-27,SKU_27,WH_1,27,34.37,28.687650713840192,1.687650713840192
2024-12-28,SKU_27,WH_1,19,20.7,18.516089481911095,0.48391051808890495
2024-12-29,SKU_27,WH_1,12,9.03,10.098160095445795,1.9018399045542047
2024-12-30,SKU_27,WH_1,22,25.37,23.29196245973836,1.291962459738361
2024-11-10,SKU_27,WH_2,11,8.69,9.587960143318224,1.4120398566817762
2024-11-11,SKU_27,WH_2,15,17.42,15.725953530583642,0.7259535305836415
2024-11-12,SKU_27,WH_2,14,15.9,15.708012143679714,1.7080121436797135
2024-11-13,SKU_27,WH_2,6,10.9,10.98481610553061,4.98481610553061
2024-11-14,SKU_27,WH_2,11,9.31,9.763326576999617,1.2366734230003829
2024-11-15,SKU_27,WH_2,11,11.0,10.866277297982897,0.1337227020171028
2024-11-16,SKU_27,WH_2,17,17.35,15.539748761206647,1.4602512387933526
2024-11-17,SKU_27,WH_2,11,12.93,12.91090241781281,1.9109024178128102
2024-11-18,SKU_27,WH_2,21,20.67,17.975423401065704,3.0245765989342956
2024-11-19,SKU_27,WH_2,20,22.81,19.745933175918143,0.2540668240818569
2024-11-20,SKU_27,WH_2,8,9.11,9.815109439909493,1.8151094399094934
2024-11-21,SKU_27,WH_2,0,0.0,2.501648874042622,2.501648874042622
2024-11-22,SKU_27,WH_2,11,14.13,13.037701388831376,2.037701388831376
2024-11-23,SKU_27,WH_2,18,21.66,18.8800565828836,0.8800565828836007
2024-11-24,SKU_27,WH_2,15,13.24,12.55886671752554,2.4411332824744605
2024-11-25,SKU_27,WH_2,19,19.74,18.68545628634218,0.3145437136578195
2024-11-26,SKU_27,WH_2,23,20.56,17.965272892380767,5.034727107619233
2024-11-27,SKU_27,WH_2,25,22.28,19.244660436496165,5.755339563503835
2024-11-28,SKU_27,WH_2,23,25.95,22.30422213414039,0.6957778658596112
2024-11-29,SKU_27,WH_2,12,11.64,11.358233589457058,0.6417664105429424
2024-11-30,SKU_27,WH_2,14,7.25,8.431485719931574,5.568514280068426
2024-12-01,SKU_27,WH_2,17,21.11,19.01922556683082,2.019225566830819
2024-12-02,SKU_27,WH_2,14,13.89,13.498353418075292,0.5016465819247085
2024-12-03,SKU_27,WH_2,15,12.87,13.101473687574941,1.8985263124250586
2024-12-04,SKU_27,WH_2,9,12.03,11.921191310417726,2.9211913104177256
2024-12-05,SKU_27,WH_2,20,19.53,17.793086271094346,2.206913728905654
2024-12-06,SKU_27,WH_2,16,16.22,15.28103141930569,0.7189685806943107
2024-12-07,SKU_27,WH_2,24,24.78,21.68823480080223,2.311765199197769
2024-12-08,SKU_27,WH_2,11,7.2,8.716558474746181,2.283441525253819
2024-12-09,SKU_27,WH_2,24,21.0,18.774090276391906,5.225909723608094
2024-12-10,SKU_27,WH_2,16,17.0,15.663045803999118,0.3369541960008817
2024-12-11,SKU_27,WH_2,22,22.79,21.606610827643735,0.39338917235626525
2024-12-12,SKU_27,WH_2,26,26.24,22.95698800297096,3.0430119970290406
2024-12-13,SKU_27,WH_2,16,13.74,13.473558791362539,2.5264412086374612
2024-12-14,SKU_27,WH_2,12,9.32,10.389606827753841,1.6103931722461589
2024-12-15,SKU_27,WH_2,15,20.17,18.40693078841254,3.4069307884125415
2024-12-16,SKU_27,WH_2,9,7.87,9.107538638621913,0.1075386386219126
2024-12-17,SKU_27,WH_2,22,20.04,19.282680327723465,2.7173196722765347
2024-12-18,SKU_27,WH_2,19,14.41,13.71960296333633,5.28039703666367
2024-12-19,SKU_27,WH_2,15,11.26,12.089954435315303,2.9100455646846974
2024-12-20,SKU_27,WH_2,21,18.49,16.794307048027328,4.205692951972672
2024-12-21,SKU_27,WH_2,18,17.67,16.291100255923062,1.7088997440769376
2024-12-22,SKU_27,WH_2,20,21.28,19.16875363094589,0.8312463690541101
2024-12-23,SKU_27,WH_2,29,25.44,22.233233370331696,6.766766629668304
2024-12-24,SKU_27,WH_2,19,17.82,16.668145194803554,2.3318548051964463
2024-12-25,SKU_27,WH_2,22,21.27,20.446736307960293,1.5532636920397067
2024-12-26,SKU_27,WH_2,16,14.41,13.974250161000144,2.0257498389998556
2024-12-27,SKU_27,WH_2,21,17.44,16.482601113517525,4.517398886482475
2024-12-28,SKU_27,WH_2,17,18.28,16.842059566755115,0.15794043324488527
2024-12-29,SKU_27,WH_2,22,17.22,16.210295135001417,5.789704864998583
2024-12-30,SKU_27,WH_2,16,17.48,17.49573483328312,1.4957348332831195
2024-11-10,SKU_27,WH_3,18,23.06,20.06035674392526,2.0603567439252615
2024-11-11,SKU_27,WH_3,17,17.63,15.87973562845211,1.12026437154789
2024-11-12,SKU_27,WH_3,7,7.86,8.65057564141236,1.6505756414123596
2024-11-13,SKU_27,WH_3,14,13.44,12.665599214644073,1.3344007853559265
2024-11-14,SKU_27,WH_3,5,5.17,6.559223794695181,1.559223794695181
2024-11-15,SKU_27,WH_3,12,6.43,7.339852546588188,4.660147453411812
2024-11-16,SKU_27,WH_3,19,18.05,16.14311863313752,2.8568813668624813
2024-11-17,SKU_27,WH_3,17,15.88,14.748903627292444,2.251096372707556
2024-11-18,SKU_27,WH_3,21,25.2,21.284967660653166,0.2849676606531659
2024-11-19,SKU_27,WH_3,16,21.06,18.3804078582332,2.3804078582331982
2024-11-20,SKU_27,WH_3,17,14.37,13.37573280648262,3.6242671935173796
2024-11-21,SKU_27,WH_3,20,21.04,19.72759172133443,0.27240827866556927
2024-11-22,SKU_27,WH_3,9,12.16,11.935065005496064,2.935065005496064
2024-11-23,SKU_27,WH_3,11,14.06,13.23948725166453,2.2394872516645297
2024-11-24,SKU_27,WH_3,14,14.14,13.206389834116482,0.7936101658835177
2024-11-25,SKU_27,WH_3,25,20.99,18.35694870679208,6.643051293207922
2024-11-26,SKU_27,WH_3,23,20.0,17.72649251349092,5.273507486509079
2024-11-27,SKU_27,WH_3,7,4.63,6.272945827405811,0.7270541725941886
2024-11-28,SKU_27,WH_3,14,9.51,9.969969756941635,4.0300302430583645
2024-11-29,SKU_27,WH_3,18,17.62,16.012376664984895,1.9876233350151047
2024-11-30,SKU_27,WH_3,20,21.07,18.556413357459736,1.4435866425402644
2024-12-01,SKU_27,WH_3,17,22.91,20.444976457772434,3.4449764577724338
2024-12-02,SKU_27,WH_3,11,8.09,9.086003702551727,1.9139962974482732
2024-12-03,SKU_27,WH_3,16,12.29,12.226957666058697,3.7730423339413033
2024-12-04,SKU_27,WH_3,22,26.01,22.74829776154156,0.7482977615415614
2024-12-05,SKU_27,WH_3,16,11.77,11.86698982721078,4.13301017278922
2024-12-06,SKU_27,WH_3,19,19.0,17.254326398896268,1.7456736011037322
2024-12-07,SKU_27,WH_3,12,15.01,14.474505409022049,2.474505409022049
2024-12-08,SKU_27,WH_3,21,24.9,21.817308247702528,0.8173082477025275
2024-12-09,SKU_27,WH_3,18,20.69,18.5223133423205,0.5223133423205013
2024-12-10,SKU_27,WH_3,16,13.84,14.226993059660204,1.773006940339796
2024-12-11,SKU_27,WH_3,18,11.54,11.611783585938813,6.388216414061187
2024-12-12,SKU_27,WH_3,21,23.2,20.662280879401017,0.3377191205989831
2024-12-13,SKU_27,WH_3,16,14.17,13.653515486199804,2.3464845138001955
2024-12-14,SKU_27,WH_3,16,12.15,12.288295980046566,3.7117040199534337
2024-12-15,SKU_27,WH_3,16,22.39,20.06989441753966,4.069894417539661
2024-12-16,SKU_27,WH_3,12,15.14,14.653264136837201,2.653264136837201
2024-12-17,SKU_27,WH_3,23,26.42,24.665122411306207,1.665122411306207
2024-12-18,SKU_27,WH_3,23,17.8,16.514651056304004,6.485348943695996
2024-12-19,SKU_27,WH_3,21,27.39,23.643988081324814,2.6439880813248138
2024-12-20,SKU_27,WH_3,28,27.03,25.10629077777121,2.8937092222287895
2024-12-21,SKU_27,WH_3,15,15.07,14.613512287567636,0.38648771243236446
2024-12-22,SKU_27,WH_3,21,18.74,17.26389217753436,3.736107822465641
2024-12-23,SKU_27,WH_3,14,10.44,11.08945080883925,2.910549191160751
2024-12-24,SKU_27,WH_3,12,10.06,10.744502732595866,1.2554972674041345
2024-12-25,SKU_27,WH_3,16,17.76,16.57665659245931,0.5766565924593117
2024-12-26,SKU_27,WH_3,15,15.31,14.674269889085918,0.32573011091408155
2024-12-27,SKU_27,WH_3,14,18.55,17.05428080821447,3.0542808082144717
2024-12-28,SKU_27,WH_3,10,10.23,10.774332355342116,0.774332355342116
2024-12-29,SKU_27,WH_3,16,14.33,13.717771165145603,2.282228834854397
2024-12-30,SKU_27,WH_3,42,41.52,34.73986938309098,7.2601306169090165
2024-11-10,SKU_27,WH_4,0,0.0,2.771237109501924,2.771237109501924
2024-11-11,SKU_27,WH_4,4,0.49,2.6878372815449483,1.3121627184550517
2024-11-12,SKU_27,WH_4,15,18.91,17.95611793090641,2.9561179309064087
2024-11-13,SKU_27,WH_4,14,12.66,12.24593361252164,1.7540663874783604
2024-11-14,SKU_27,WH_4,10,9.67,10.004212242194745,0.004212242194745031
2024-11-15,SKU_27,WH_4,8,5.09,6.577391679485981,1.4226083205140192
2024-11-16,SKU_27,WH_4,11,10.01,10.15686631981311,0.8431336801868898
2024-11-17,SKU_27,WH_4,15,17.31,15.536425664369967,0.5364256643699665
2024-11-18,SKU_27,WH_4,9,9.22,9.73486761741617,0.7348676174161692
2024-11-19,SKU_27,WH_4,16,19.9,17.5789366853297,1.578936685329701
2024-11-20,SKU_27,WH_4,11,11.76,11.442277830715408,0.44227783071540827
2024-11-21,SKU_27,WH_4,15,22.2,19.2892651759798,4.2892651759798
2024-11-22,SKU_27,WH_4,21,18.6,16.45581505651885,4.544184943481149
2024-11-23,SKU_27,WH_4,21,22.45,19.471507825017074,1.5284921749829259
2024-11-24,SKU_27,WH_4,12,12.02,11.573861689398116,0.4261383106018837
2024-11-25,SKU_27,WH_4,5,3.69,5.285848168768989,0.28584816876898866
2024-11-26,SKU_27,WH_4,12,13.97,13.140913901999813,1.140913901999813
2024-11-27,SKU_27,WH_4,10,9.53,9.842372234397725,0.15762776560227465
2024-11-28,SKU_27,WH_4,22,18.54,16.479205574534475,5.520794425465525
2024-11-29,SKU_27,WH_4,14,11.04,10.952562638813271,3.047437361186729
2024-11-30,SKU_27,WH_4,7,8.36,8.897725588560576,1.8977255885605757
2024-12-01,SKU_27,WH_4,13,11.76,11.671708163574612,1.3282918364253877
2024-12-02,SKU_27,WH_4,7,5.07,6.796611758881924,0.20338824111807607
2024-12-03,SKU_27,WH_4,13,13.42,12.772565728102144,0.22743427189785592
2024-12-04,SKU_27,WH_4,11,14.08,13.302897426090073,2.302897426090073
2024-12-05,SKU_27,WH_4,9,8.56,9.251188231759427,0.25118823175942673
2024-12-06,SKU_27,WH_4,11,10.34,10.58230585020434,0.41769414979565944
2024-12-07,SKU_27,WH_4,16,17.4,15.943757244282555,0.05624275571744519
2024-12-08,SKU_27,WH_4,9,7.58,8.76980168488792,0.2301983151120801
2024-12-09,SKU_27,WH_4,15,14.8,13.865227181896655,1.134772818103345
2024-12-10,SKU_27,WH_4,14,7.08,8.43360341652387,5.566396583476131
2024-12-11,SKU_27,WH_4,16,15.88,14.887940899900501,1.1120591000994988
2024-12-12,SKU_27,WH_4,9,9.98,10.300493517092985,1.3004935170929848
2024-12-13,SKU_27,WH_4,12,12.09,11.951923530415849,0.04807646958415113
2024-12-14,SKU_27,WH_4,21,11.9,11.615804587609514,9.384195412390486
2024-12-15,SKU_27,WH_4,13,15.52,14.467051893955365,1.4670518939553645
2024-12-16,SKU_27,WH_4,10,11.65,11.318163108689975,1.3181631086899745
2024-12-17,SKU_27,WH_4,6,2.98,5.029620933589933,0.9703790664100671
2024-12-18,SKU_27,WH_4,20,21.87,19.2734044365569,0.7265955634431016
2024-12-19,SKU_27,WH_4,21,25.13,21.32412936905999,0.3241293690599889
2024-12-20,SKU_27,WH_4,18,17.4,15.857689113083577,2.142310886916423
2024-12-21,SKU_27,WH_4,13,16.29,15.08240947105585,2.0824094710558505
2024-12-22,SKU_27,WH_4,21,19.38,17.34067812991435,3.6593218700856482
2024-12-23,SKU_27,WH_4,18,14.71,13.671802204323475,4.328197795676525
2024-12-24,SKU_27,WH_4,22,24.89,21.461083661519556,0.5389163384804441
2024-12-25,SKU_27,WH_4,13,17.91,16.31032195191113,3.3103219519111313
2024-12-26,SKU_27,WH_4,14,14.46,13.567475345895419,0.4325246541045811
2024-12-27,SKU_27,WH_4,18,14.98,14.057441573823876,3.9425584261761237
2024-12-28,SKU_27,WH_4,20,18.23,16.45554399700658,3.544456002993421
2024-12-29,SKU_27,WH_4,22,25.15,21.679640061540006,0.320359938459994
2024-12-30,SKU_27,WH_4,26,31.0,27.01837594755212,1.0183759475521192
2024-11-10,SKU_27,WH_5,19,17.38,15.697666938893311,3.3023330611066886
2024-11-11,SKU_27,WH_5,12,20.51,18.20079969881598,6.200799698815981
2024-11-12,SKU_27,WH_5,15,12.8,12.263365848228064,2.736634151771936
2024-11-13,SKU_27,WH_5,17,13.67,12.812574553962671,4.187425446037329
2024-11-14,SKU_27,WH_5,17,19.4,17.264053262101903,0.2640532621019034
2024-11-15,SKU_27,WH_5,13,14.31,13.395308456436181,0.3953084564361813
2024-11-16,SKU_27,WH_5,8,11.48,11.28501610970026,3.28501610970026
2024-11-17,SKU_27,WH_5,0,0.54,2.610065225968439,2.610065225968439
2024-11-18,SKU_27,WH_5,9,9.43,9.764125435270008,0.7641254352700084
2024-11-19,SKU_27,WH_5,15,14.61,13.35832040304137,1.64167959695863
2024-11-20,SKU_27,WH_5,11,11.97,11.489124515109975,0.48912451510997457
2024-11-21,SKU_27,WH_5,8,10.81,10.809285377871312,2.809285377871312
2024-11-22,SKU_27,WH_5,7,8.15,8.901387100344552,1.901387100344552
2024-11-23,SKU_27,WH_5,21,19.2,16.961577065636657,4.038422934363343
2024-11-24,SKU_27,WH_5,9,6.85,7.535641578884966,1.4643584211150342
2024-11-25,SKU_27,WH_5,12,12.13,11.795539059532741,0.20446094046725882
2024-11-26,SKU_27,WH_5,14,12.71,12.110443751796193,1.8895562482038066
2024-11-27,SKU_27,WH_5,10,7.65,8.45695924809853,1.5430407519014704
2024-11-28,SKU_27,WH_5,10,10.48,10.446728100844682,0.4467281008446822
2024-11-29,SKU_27,WH_5,13,15.09,13.981758866784546,0.9817588667845456
2024-11-30,SKU_27,WH_5,12,12.12,11.787921507398842,0.21207849260115808
2024-12-01,SKU_27,WH_5,17,14.71,13.689598857461617,3.3104011425383835
2024-12-02,SKU_27,WH_5,23,24.87,23.143959368960022,0.14395936896002226
2024-12-03,SKU_27,WH_5,14,14.46,13.53916202107157,0.4608379789284296
2024-12-04,SKU_27,WH_5,13,10.41,10.612336877554036,2.3876631224459643
2024-12-05,SKU_27,WH_5,15,17.87,16.348244998016675,1.3482449980166749
2024-12-06,SKU_27,WH_5,15,16.92,15.515730654839775,0.5157306548397749
2024-12-07,SKU_27,WH_5,20,19.86,17.90450015418852,2.0954998458114815
2024-12-08,SKU_27,WH_5,16,14.52,13.57658106918561,2.4234189308143907
2024-12-09,SKU_27,WH_5,19,20.02,17.947529509554165,1.0524704904458346
2024-12-10,SKU_27,WH_5,13,10.06,10.480811469967051,2.519188530032949
2024-12-11,SKU_27,WH_5,19,19.0,16.995569590435725,2.004430409564275
2024-12-12,SKU_27,WH_5,12,7.04,8.54524357852956,3.4547564214704405
2024-12-13,SKU_27,WH_5,21,18.39,16.475104119722836,4.524895880277164
2024-12-14,SKU_27,WH_5,18,14.83,14.029707096203278,3.9702929037967216
2024-12-15,SKU_27,WH_5,13,14.26,13.469710512107307,0.46971051210730685
2024-12-16,SKU_27,WH_5,17,9.91,10.365784618428869,6.634215381571131
2024-12-17,SKU_27,WH_5,13,8.58,9.439272152728538,3.560727847271462
2024-12-18,SKU_27,WH_5,13,17.24,15.80755257318506,2.8075525731850597
2024-12-19,SKU_27,WH_5,13,11.72,11.502879043445036,1.497120956554964
2024-12-20,SKU_27,WH_5,17,17.79,16.318982083772603,0.6810179162273968
2024-12-21,SKU_27,WH_5,31,31.0,25.995139170192648,5.0048608298073525
2024-12-22,SKU_27,WH_5,22,19.21,18.425135655661332,3.5748643443386676
2024-12-23,SKU_27,WH_5,21,19.09,17.35347773393775,3.6465222660622487
2024-12-24,SKU_27,WH_5,22,19.69,17.941023129756093,4.058976870243907
2024-12-25,SKU_27,WH_5,20,16.46,15.521609875817864,4.478390124182136
2024-12-26,SKU_27,WH_5,16,17.57,16.360675290882142,0.360675290882142
2024-12-27,SKU_27,WH_5,25,23.87,21.313713210233768,3.686286789766232
2024-12-28,SKU_27,WH_5,26,27.74,24.314838450017625,1.685161549982375
2024-12-29,SKU_27,WH_5,28,30.78,28.472238650771555,0.4722386507715548
2024-12-30,SKU_27,WH_5,13,12.92,13.91948067376534,0.9194806737653405
2024-11-10,SKU_28,WH_1,13,13.4,12.681341402060035,0.3186585979399652
2024-11-11,SKU_28,WH_1,21,19.67,17.54230152034858,3.4576984796514196
2024-11-12,SKU_28,WH_1,28,25.92,24.01336879096106,3.98663120903894
2024-11-13,SKU_28,WH_1,14,11.18,11.081873499718736,2.9181265002812644
2024-11-14,SKU_28,WH_1,16,15.76,14.683463769743181,1.316536230256819
2024-11-15,SKU_28,WH_1,16,17.54,15.875822065827169,0.12417793417283107
2024-11-16,SKU_28,WH_1,9,6.3,7.265840974584957,1.7341590254150434
2024-11-17,SKU_28,WH_1,19,21.0,18.431028368761392,0.5689716312386075
2024-11-18,SKU_28,WH_1,11,12.82,12.309028554243481,1.309028554243481
2024-11-19,SKU_28,WH_1,21,19.54,17.480264455248843,3.519735544751157
2024-11-20,SKU_28,WH_1,20,25.41,21.667598472355188,1.6675984723551878
2024-11-21,SKU_28,WH_1,14,9.27,9.851768088374806,4.148231911625194
2024-11-22,SKU_28,WH_1,9,10.2,10.422136195674128,1.4221361956741276
2024-11-23,SKU_28,WH_1,13,9.88,10.177241470605297,2.8227585293947026
2024-11-24,SKU_28,WH_1,15,10.04,10.218612672741166,4.781387327258834
2024-11-25,SKU_28,WH_1,17,24.47,21.065114428584806,4.065114428584806
2024-11-26,SKU_28,WH_1,10,9.14,9.822607173665215,0.17739282633478481
2024-11-27,SKU_28,WH_1,11,10.97,10.991231163283647,0.008768836716352979
2024-11-28,SKU_28,WH_1,13,8.93,9.51784196279183,3.482158037208171
2024-11-29,SKU_28,WH_1,23,23.19,20.18413812929685,2.8158618707031486
2024-11-30,SKU_28,WH_1,8,9.03,9.63926132695782,1.6392613269578202
2024-12-01,SKU_28,WH_1,23,29.9,25.514669586839954,2.514669586839954
2024-12-02,SKU_28,WH_1,15,15.45,14.767004471492314,0.23299552850768634
2024-12-03,SKU_28,WH_1,16,17.47,16.134049605971327,0.13404960597132742
2024-12-04,SKU_28,WH_1,20,22.43,19.928289199536366,0.07171080046363443
2024-12-05,SKU_28,WH_1,14,12.2,12.219901865611309,1.780098134388691
2024-12-06,SKU_28,WH_1,7,2.91,5.3611206014369115,1.6388793985630885
2024-12-07,SKU_28,WH_1,19,19.19,18.57798699803529,0.4220130019647108
2024-12-08,SKU_28,WH_1,13,11.72,11.598656840240757,1.401343159759243
2024-12-09,SKU_28,WH_1,13,18.17,16.57021342724705,3.570213427247051
2024-12-10,SKU_28,WH_1,19,20.45,18.45435402055424,0.5456459794457587
2024-12-11,SKU_28,WH_1,22,25.83,22.613238771107127,0.6132387711071274
2024-12-12,SKU_28,WH_1,14,13.34,13.006100178703273,0.9938998212967274
2024-12-13,SKU_28,WH_1,22,22.51,19.96276872205731,2.0372312779426913
2024-12-14,SKU_28,WH_1,15,11.27,11.47970923252344,3.52029076747656
2024-12-15,SKU_28,WH_1,19,13.36,13.033717430539003,5.966282569460997
2024-12-16,SKU_28,WH_1,23,20.42,18.421034345424406,4.578965654575594
2024-12-17,SKU_28,WH_1,21,23.51,20.911552520969092,0.08844747903090777
2024-12-18,SKU_28,WH_1,12,18.18,16.65418222166543,4.65418222166543
2024-12-19,SKU_28,WH_1,20,19.02,17.357631780646372,2.642368219353628
2024-12-20,SKU_28,WH_1,26,21.5,19.224146244155627,6.775853755844373
2024-12-21,SKU_28,WH_1,21,20.41,18.604483881980347,2.3955161180196534
2024-12-22,SKU_28,WH_1,31,36.03,29.512602130785808,1.4873978692141918
2024-12-23,SKU_28,WH_1,24,26.3,23.47631648820937,0.5236835117906296
2024-12-24,SKU_28,WH_1,22,25.35,22.52822966604804,0.5282296660480412
2024-12-25,SKU_28,WH_1,19,17.61,16.666736797466132,2.3332632025338675
2024-12-26,SKU_28,WH_1,15,10.28,11.244005086635912,3.7559949133640878
2024-12-27,SKU_28,WH_1,15,11.77,12.36027946756609,2.639720532433911
2024-12-28,SKU_28,WH_1,24,21.14,19.273124316721095,4.726875683278905
2024-12-29,SKU_28,WH_1,23,24.85,22.10636825698067,0.8936317430193306
2024-12-30,SKU_28,WH_1,19,17.65,17.52379229071125,1.476207709288751
2024-11-10,SKU_28,WH_2,9,8.06,8.627855428031232,0.37214457196876793
2024-11-11,SKU_28,WH_2,11,13.25,12.669153432129068,1.6691534321290682
2024-11-12,SKU_28,WH_2,5,0.0,2.4856058702818915,2.5143941297181085
2024-11-13,SKU_28,WH_2,14,10.48,10.420800612404339,3.5791993875956614
2024-11-14,SKU_28,WH_2,14,14.19,13.885509468109545,0.11449053189045522
2024-11-15,SKU_28,WH_2,13,16.92,15.262475510871255,2.262475510871255
2024-11-16,SKU_28,WH_2,14,10.08,10.149212431314677,3.8507875686853232
2024-11-17,SKU_28,WH_2,12,14.45,13.284769958602748,1.2847699586027481
2024-11-18,SKU_28,WH_2,13,13.25,12.585910244445351,0.4140897555546488
2024-11-19,SKU_28,WH_2,14,7.66,8.817169639648213,5.182830360351787
2024-11-20,SKU_28,WH_2,10,4.55,6.13277284130532,3.8672271586946803
2024-11-21,SKU_28,WH_2,8,7.55,8.308235863023027,0.3082358630230271
2024-11-22,SKU_28,WH_2,12,13.07,12.434584470873618,0.4345844708736184
2024-11-23,SKU_28,WH_2,21,25.7,21.902534143817658,0.9025341438176575
2024-11-24,SKU_28,WH_2,20,20.11,17.760627651048974,2.2393723489510258
2024-11-25,SKU_28,WH_2,16,12.47,11.946954524424696,4.0530454755753045
2024-11-26,SKU_28,WH_2,14,17.25,15.499245815652847,1.4992458156528468
2024-11-27,SKU_28,WH_2,14,14.34,14.036668161356012,0.03666816135601181
2024-11-28,SKU_28,WH_2,14,11.09,11.020102482231064,2.9798975177689364
2024-11-29,SKU_28,WH_2,17,18.19,16.10610542292795,0.8938945770720501
2024-11-30,SKU_28,WH_2,18,14.55,14.193614364716966,3.806385635283034
2024-12-01,SKU_28,WH_2,22,20.27,19.430386524557818,2.569613475442182
2024-12-02,SKU_28,WH_2,19,22.76,20.18902762372083,1.189027623720829
2024-12-03,SKU_28,WH_2,11,7.83,9.258528181126557,1.7414718188734426
2024-12-04,SKU_28,WH_2,24,23.04,21.625429465325066,2.374570534674934
2024-12-05,SKU_28,WH_2,15,16.59,15.466378672358655,0.4663786723586547
2024-12-06,SKU_28,WH_2,14,15.18,15.30458407728224,1.3045840772822395
2024-12-07,SKU_28,WH_2,23,20.9,18.59167449012368,4.40832550987632
2024-12-08,SKU_28,WH_2,13,9.95,10.538715591491101,2.4612844085088987
2024-12-09,SKU_28,WH_2,12,11.36,11.514149825388948,0.48585017461105195
2024-12-10,SKU_28,WH_2,8,6.08,7.5824023622564525,0.4175976377435475
2024-12-11,SKU_28,WH_2,17,18.7,16.927287534431713,0.07271246556828714
2024-12-12,SKU_28,WH_2,12,9.56,10.238727296269197,1.7612727037308034
2024-12-13,SKU_28,WH_2,13,9.03,9.83549685369463,3.1645031463053694
2024-12-14,SKU_28,WH_2,20,15.12,15.129684888284013,4.870315111715987
2024-12-15,SKU_28,WH_2,12,15.43,14.661432830872917,2.6614328308729167
2024-12-16,SKU_28,WH_2,15,16.51,15.29687781435196,0.29687781435196037
2024-12-17,SKU_28,WH_2,26,19.95,17.930369830659302,8.069630169340698
2024-12-18,SKU_28,WH_2,18,23.54,20.79899505843009,2.7989950584300907
2024-12-19,SKU_28,WH_2,9,11.99,12.560739925669179,3.5607399256691785
2024-12-20,SKU_28,WH_2,25,22.93,20.326728849515273,4.673271150484727
2024-12-21,SKU_28,WH_2,26,29.82,25.490214853962502,0.5097851460374976
2024-12-22,SKU_28,WH_2,29,29.57,25.44210227398949,3.557897726010509
2024-12-23,SKU_28,WH_2,10,9.4,10.627854349653495,0.6278543496534947
2024-12-24,SKU_28,WH_2,21,18.61,17.144587637482694,3.8554123625173062
2024-12-25,SKU_28,WH_2,25,24.07,21.477956422143635,3.5220435778563655
2024-12-26,SKU_28,WH_2,27,25.46,22.465604322709535,4.534395677290465
2024-12-27,SKU_28,WH_2,15,10.05,11.785958126309088,3.2140418736909115
2024-12-28,SKU_28,WH_2,10,8.65,10.769221471421956,0.7692214714219556
2024-12-29,SKU_28,WH_2,19,19.64,18.13601184383737,0.8639881561626304
2024-12-30,SKU_28,WH_2,15,18.22,17.5740564729434,2.5740564729434006
2024-11-10,SKU_28,WH_3,9,5.0,6.505099660202183,2.494900339797817
2024-11-11,SKU_28,WH_3,10,9.06,9.43796464594518,0.5620353540548209
2024-11-12,SKU_28,WH_3,12,8.92,9.378599810937022,2.621400189062978
2024-11-13,SKU_28,WH_3,23,18.63,17.71423565612566,5.285764343874341
2024-11-14,SKU_28,WH_3,11,9.76,10.068965996567224,0.9310340034327762
2024-11-15,SKU_28,WH_3,10,15.89,14.700931806321684,4.700931806321684
2024-11-16,SKU_28,WH_3,9,8.74,9.215420348049175,0.2154203480491752
2024-11-17,SKU_28,WH_3,13,17.28,15.529732561035438,2.5297325610354378
2024-11-18,SKU_28,WH_3,10,8.7,9.16580786674309,0.8341921332569093
2024-11-19,SKU_28,WH_3,24,20.07,17.768904699655636,6.231095300344364
2024-11-20,SKU_28,WH_3,10,9.95,10.120477057228861,0.12047705722886093
2024-11-21,SKU_28,WH_3,12,17.97,16.023460886295638,4.023460886295638
2024-11-22,SKU_28,WH_3,18,12.56,11.970398015668815,6.029601984331185
2024-11-23,SKU_28,WH_3,2,1.42,3.398042996045757,1.3980429960457572
2024-11-24,SKU_28,WH_3,10,10.39,10.411483496699706,0.41148349669970585
2024-11-25,SKU_28,WH_3,22,23.29,20.178234366249736,1.821765633750264
2024-11-26,SKU_28,WH_3,9,10.47,10.408150923012037,1.4081509230120375
2024-11-27,SKU_28,WH_3,14,12.69,12.08843467300645,1.91156532699355
2024-11-28,SKU_28,WH_3,17,15.9,14.656849809782285,2.343150190217715
2024-11-29,SKU_28,WH_3,13,15.16,14.054664714374933,1.0546647143749333
2024-11-30,SKU_28,WH_3,21,22.08,19.262315604692873,1.7376843953071273
2024-12-01,SKU_28,WH_3,14,13.4,12.834632682434666,1.1653673175653338
2024-12-02,SKU_28,WH_3,16,17.27,15.76122592432558,0.23877407567442077
2024-12-03,SKU_28,WH_3,22,25.43,23.6886128954806,1.688612895480599
2024-12-04,SKU_28,WH_3,21,21.42,19.053153950850287,1.9468460491497126
2024-12-05,SKU_28,WH_3,19,26.41,22.93025212709707,3.93025212709707
2024-12-06,SKU_28,WH_3,13,11.5,11.489935756075788,1.5100642439242122
2024-12-07,SKU_28,WH_3,12,12.97,12.570583082529248,0.5705830825292484
2024-12-08,SKU_28,WH_3,15,18.85,17.06604519234153,2.06604519234153
2024-12-09,SKU_28,WH_3,22,17.2,15.95706939184058,6.04293060815942
2024-12-10,SKU_28,WH_3,14,16.03,15.284494456493439,1.284494456493439
2024-12-11,SKU_28,WH_3,14,10.47,10.830967911490175,3.169032088509825
2024-12-12,SKU_28,WH_3,12,12.64,12.558705739519862,0.558705739519862
2024-12-13,SKU_28,WH_3,18,16.68,15.630779822104468,2.3692201778955315
2024-12-14,SKU_28,WH_3,15,9.8,10.47628036404054,4.523719635959459
2024-12-15,SKU_28,WH_3,16,11.59,11.549899136611632,4.450100863388368
2024-12-16,SKU_28,WH_3,27,26.22,22.77147382650927,4.228526173490732
2024-12-17,SKU_28,WH_3,17,19.32,17.422229853741964,0.422229853741964
2024-12-18,SKU_28,WH_3,9,4.81,6.993220551007925,2.0067794489920754
2024-12-19,SKU_28,WH_3,24,23.89,21.01714623674996,2.9828537632500414
2024-12-20,SKU_28,WH_3,26,24.54,21.534947040602674,4.465052959397326
2024-12-21,SKU_28,WH_3,23,20.58,18.502032504168955,4.497967495831045
2024-12-22,SKU_28,WH_3,19,19.74,19.166182634549486,0.1661826345494859
2024-12-23,SKU_28,WH_3,25,22.52,20.219174925082807,4.7808250749171926
2024-12-24,SKU_28,WH_3,18,18.64,17.141533767886937,0.8584662321130629
2024-12-25,SKU_28,WH_3,16,18.17,16.717785090513484,0.7177850905134839
2024-12-26,SKU_28,WH_3,16,12.69,12.90377637026882,3.0962236297311794
2024-12-27,SKU_28,WH_3,18,16.26,15.54011062182365,2.4598893781763493
2024-12-28,SKU_28,WH_3,31,29.9,25.90006160672403,5.09993839327597
2024-12-29,SKU_28,WH_3,26,28.47,26.55919304781371,0.5591930478137108
2024-12-30,SKU_28,WH_3,22,20.43,20.911818657075322,1.0881813429246776
2024-11-10,SKU_28,WH_4,10,14.06,13.169620032249236,3.1696200322492363
2024-11-11,SKU_28,WH_4,12,12.27,11.89234693101453,0.10765306898547067
2024-11-12,SKU_28,WH_4,12,16.72,15.185212791729748,3.1852127917297484
2024-11-13,SKU_28,WH_4,18,19.54,17.356780504533788,0.6432194954662123
2024-11-14,SKU_28,WH_4,9,11.05,10.863247306585272,1.8632473065852722
2024-11-15,SKU_28,WH_4,8,9.41,9.779008064381864,1.7790080643818644
2024-11-16,SKU_28,WH_4,8,2.8,4.8587693450823615,3.1412306549176385
2024-11-17,SKU_28,WH_4,12,11.0,10.87807793060601,1.1219220693939906
2024-11-18,SKU_28,WH_4,9,9.1,9.736193388701196,0.7361933887011958
2024-11-19,SKU_28,WH_4,10,6.43,7.266114850285766,2.733885149714234
2024-11-20,SKU_28,WH_4,12,12.24,11.673855885603752,0.32614411439624824
2024-11-21,SKU_28,WH_4,19,16.08,14.767247064055642,4.232752935944358
2024-11-22,SKU_28,WH_4,16,20.71,18.092692527296197,2.0926925272961974
2024-11-23,SKU_28,WH_4,12,15.76,14.635858247738446,2.6358582477384456
2024-11-24,SKU_28,WH_4,18,17.74,15.783419919376287,2.2165800806237126
2024-11-25,SKU_28,WH_4,10,9.06,9.374811089638134,0.6251889103618655
2024-11-26,SKU_28,WH_4,12,11.43,11.144831776525482,0.8551682234745179
2024-11-27,SKU_28,WH_4,2,3.74,5.287434825632883,3.287434825632883
2024-11-28,SKU_28,WH_4,26,26.16,24.188463856859165,1.8115361431408346
2024-11-29,SKU_28,WH_4,8,7.55,8.32391460476631,0.3239146047663102
2024-11-30,SKU_28,WH_4,10,9.62,9.899890101142908,0.10010989885709165
2024-12-01,SKU_28,WH_4,19,15.19,14.273317370111611,4.726682629888389
2024-12-02,SKU_28,WH_4,14,10.5,10.822441143595546,3.1775588564044543
2024-12-03,SKU_28,WH_4,23,20.51,18.22830798996597,4.77169201003403
2024-12-04,SKU_28,WH_4,10,9.02,9.773806578835247,0.22619342116475316
2024-12-05,SKU_28,WH_4,7,9.17,10.00828355299733,3.00828355299733
2024-12-06,SKU_28,WH_4,18,19.31,17.17533216009837,0.824667839901629
2024-12-07,SKU_28,WH_4,13,11.32,11.26410215997211,1.7358978400278904
2024-12-08,SKU_28,WH_4,20,21.99,19.541575473969658,0.4584245260303419
2024-12-09,SKU_28,WH_4,18,20.17,19.296379791135756,1.296379791135756
2024-12-10,SKU_28,WH_4,17,18.16,16.357035757980512,0.6429642420194881
2024-12-11,SKU_28,WH_4,18,24.43,21.28478031547342,3.2847803154734194
2024-12-12,SKU_28,WH_4,19,18.25,16.38016303870813,2.6198369612918704
2024-12-13,SKU_28,WH_4,16,14.22,13.541496814667502,2.458503185332498
2024-12-14,SKU_28,WH_4,10,4.72,6.584199061242101,3.415800938757899
2024-12-15,SKU_28,WH_4,11,9.83,10.440860944404829,0.5591390555951712
2024-12-16,SKU_28,WH_4,10,16.01,15.201310425008156,5.201310425008156
2024-12-17,SKU_28,WH_4,17,15.76,14.975345712856575,2.0246542871434254
2024-12-18,SKU_28,WH_4,12,11.5,11.476060850113383,0.5239391498866173
2024-12-19,SKU_28,WH_4,22,21.46,19.020229439787233,2.979770560212767
2024-12-20,SKU_28,WH_4,24,29.37,25.084279568919285,1.0842795689192855
2024-12-21,SKU_28,WH_4,17,17.81,16.477819212627523,0.5221807873724771
2024-12-22,SKU_28,WH_4,17,13.76,13.264254037997537,3.735745962002463
2024-12-23,SKU_28,WH_4,24,22.19,20.95540764988862,3.0445923501113796
2024-12-24,SKU_28,WH_4,18,19.24,17.480626390433518,0.5193736095664825
2024-12-25,SKU_28,WH_4,20,20.68,18.424655043037696,1.5753449569623044
2024-12-26,SKU_28,WH_4,13,14.99,14.559144800110872,1.5591448001108716
2024-12-27,SKU_28,WH_4,25,31.63,26.838836669718727,1.8388366697187273
2024-12-28,SKU_28,WH_4,17,13.43,13.116540877065427,3.883459122934573
2024-12-29,SKU_28,WH_4,14,15.21,14.580522134855574,0.580522134855574
2024-12-30,SKU_28,WH_4,17,16.06,16.20602694847005,0.7939730515299495
2024-11-10,SKU_28,WH_5,22,19.81,17.560445471935772,4.439554528064228
2024-11-11,SKU_28,WH_5,16,17.49,15.869471499086476,0.13052850091352397
2024-11-12,SKU_28,WH_5,15,15.38,14.253691857803515,0.7463081421964848
2024-11-13,SKU_28,WH_5,7,9.42,9.933050615284579,2.9330506152845786
2024-11-14,SKU_28,WH_5,14,16.78,15.230656949024247,1.2306569490242474
2024-11-15,SKU_28,WH_5,6,7.03,8.232739149258393,2.232739149258393
2024-11-16,SKU_28,WH_5,3,0.0,2.4352127730504862,0.5647872269495138
2024-11-17,SKU_28,WH_5,9,5.54,6.876130153892548,2.1238698461074517
2024-11-18,SKU_28,WH_5,10,13.97,13.120605700482603,3.120605700482603
2024-11-19,SKU_28,WH_5,9,9.85,10.01777789689061,1.0177778968906104
2024-11-20,SKU_28,WH_5,18,17.69,15.770183365438278,2.229816634561722
2024-11-21,SKU_28,WH_5,16,15.54,14.29723113330459,1.7027688666954095
2024-11-22,SKU_28,WH_5,26,23.99,20.591915454873277,5.408084545126723
2024-11-23,SKU_28,WH_5,23,24.51,21.026719680842028,1.973280319157972
2024-11-24,SKU_28,WH_5,3,3.22,5.3551209469009065,2.3551209469009065
2024-11-25,SKU_28,WH_5,18,21.48,18.833120664623145,0.833120664623145
2024-11-26,SKU_28,WH_5,5,2.38,3.914582861260529,1.085417138739471
2024-11-27,SKU_28,WH_5,19,18.31,16.21962260157828,2.78037739842172
2024-11-28,SKU_28,WH_5,12,10.93,11.012052708476055,0.9879472915239447
2024-11-29,SKU_28,WH_5,16,14.21,13.205893007547177,2.7941069924528232
2024-11-30,SKU_28,WH_5,13,15.88,14.74926641323373,1.7492664132337303
2024-12-01,SKU_28,WH_5,16,18.36,16.39381364757244,0.39381364757243986
2024-12-02,SKU_28,WH_5,23,24.53,21.294063965731915,1.7059360342680847
2024-12-03,SKU_28,WH_5,14,10.26,10.65339563579364,3.3466043642063603
2024-12-04,SKU_28,WH_5,10,14.93,14.065008289872328,4.065008289872328
2024-12-05,SKU_28,WH_5,9,1.4,3.7459972615152575,5.2540027384847425
2024-12-06,SKU_28,WH_5,14,18.81,16.886365255074878,2.886365255074878
2024-12-07,SKU_28,WH_5,20,17.56,16.084432103137008,3.915567896862992
2024-12-08,SKU_28,WH_5,18,19.24,17.34602165902989,0.6539783409701094
2024-12-09,SKU_28,WH_5,20,14.1,13.460030205402873,6.539969794597127
2024-12-10,SKU_28,WH_5,8,6.0,7.493000192240249,0.5069998077597511
2024-12-11,SKU_28,WH_5,18,18.04,16.345779579247395,1.6542204207526048
2024-12-12,SKU_28,WH_5,18,16.49,15.308558546487218,2.691441453512782
2024-12-13,SKU_28,WH_5,18,21.46,19.105909078244082,1.105909078244082
2024-12-14,SKU_28,WH_5,17,15.7,15.019426648825334,1.980573351174666
2024-12-15,SKU_28,WH_5,27,22.59,21.243871732733222,5.756128267266778
2024-12-16,SKU_28,WH_5,32,24.52,22.931081135352155,9.068918864647845
2024-12-17,SKU_28,WH_5,15,14.15,13.695691204200974,1.3043087957990256
2024-12-18,SKU_28,WH_5,20,18.77,17.28423401320517,2.7157659867948283
2024-12-19,SKU_28,WH_5,6,7.34,8.911671318041796,2.9116713180417957
2024-12-20,SKU_28,WH_5,23,21.01,18.976509047301604,4.0234909526983955
2024-12-21,SKU_28,WH_5,22,29.88,25.654618948389874,3.6546189483898743
2024-12-22,SKU_28,WH_5,14,13.76,13.372450420729377,0.6275495792706227
2024-12-23,SKU_28,WH_5,21,19.08,17.39869867335452,3.60130132664548
2024-12-24,SKU_28,WH_5,25,20.73,18.632082805896374,6.367917194103626
2024-12-25,SKU_28,WH_5,18,17.09,15.889205569735143,2.110794430264857
2024-12-26,SKU_28,WH_5,21,22.51,20.117680329939123,0.8823196700608769
2024-12-27,SKU_28,WH_5,21,16.61,15.64983320494934,5.35016679505066
2024-12-28,SKU_28,WH_5,14,13.18,13.054948392876906,0.9450516071230943
2024-12-29,SKU_28,WH_5,14,9.06,10.054567357888086,3.945432642111914
2024-12-30,SKU_28,WH_5,19,18.13,17.512624579077656,1.4873754209223442
2024-11-10,SKU_29,WH_1,18,11.86,11.584787380222352,6.415212619777648
2024-11-11,SKU_29,WH_1,17,15.32,14.250416141920638,2.7495838580793617
2024-11-12,SKU_29,WH_1,14,13.37,12.713341281293634,1.2866587187063665
2024-11-13,SKU_29,WH_1,9,4.16,5.826735128034168,3.1732648719658316
2024-11-14,SKU_29,WH_1,19,22.82,19.883410323783263,0.8834103237832629
2024-11-15,SKU_29,WH_1,19,22.74,19.751842927494412,0.7518429274944118
2024-11-16,SKU_29,WH_1,9,8.72,9.4238745726228,0.42387457262280037
2024-11-17,SKU_29,WH_1,9,14.56,13.484851740499307,4.484851740499307
2024-11-18,SKU_29,WH_1,15,16.26,14.903011947526375,0.09698805247362507
2024-11-19,SKU_29,WH_1,7,9.66,9.962313239502928,2.9623132395029277
2024-11-20,SKU_29,WH_1,19,19.13,16.973630128298478,2.0263698717015224
2024-11-21,SKU_29,WH_1,16,18.22,16.231547768534874,0.2315477685348739
2024-11-22,SKU_29,WH_1,15,9.68,9.975695010195777,5.024304989804223
2024-11-23,SKU_29,WH_1,17,13.1,12.581022090825586,4.418977909174414
2024-11-24,SKU_29,WH_1,19,22.6,19.700621653380374,0.7006216533803737
2024-11-25,SKU_29,WH_1,16,17.7,15.992956683944207,0.007043316055792559
2024-11-26,SKU_29,WH_1,9,8.36,9.06264802986166,0.06264802986165918
2024-11-27,SKU_29,WH_1,13,10.25,10.43071977868774,2.56928022131226
2024-11-28,SKU_29,WH_1,19,18.17,16.245336848417516,2.754663151582484
2024-11-29,SKU_29,WH_1,12,13.77,13.02481626225507,1.0248162622550705
2024-11-30,SKU_29,WH_1,17,12.37,11.98126994498281,5.0187300550171905
2024-12-01,SKU_29,WH_1,19,22.05,19.705798242980016,0.7057982429800163
2024-12-02,SKU_29,WH_1,22,27.27,23.4114724719914,1.4114724719913987
2024-12-03,SKU_29,WH_1,15,19.63,17.910741141448153,2.9107411414481525
2024-12-04,SKU_29,WH_1,24,26.56,23.305361744018743,0.694638255981257
2024-12-05,SKU_29,WH_1,11,13.17,12.945160417683551,1.9451604176835513
2024-12-06,SKU_29,WH_1,7,2.82,5.4362587467958,1.5637412532042
2024-12-07,SKU_29,WH_1,17,16.87,15.666823197908748,1.333176802091252
2024-12-08,SKU_29,WH_1,13,14.06,13.55009181606874,0.5500918160687398
2024-12-09,SKU_29,WH_1,19,12.53,12.40178282193165,6.598217178068349
2024-12-10,SKU_29,WH_1,11,10.12,10.745995864039969,0.2540041359600309
2024-12-11,SKU_29,WH_1,17,16.05,15.265494882974897,1.734505117025103
2024-12-12,SKU_29,WH_1,16,15.34,14.484732513573968,1.5152674864260316
2024-12-13,SKU_29,WH_1,22,22.28,19.768147717813207,2.231852282186793
2024-12-14,SKU_29,WH_1,13,11.4,11.994026635662074,1.005973364337926
2024-12-15,SKU_29,WH_1,18,18.4,16.74821498089582,1.2517850191041795
2024-12-16,SKU_29,WH_1,17,16.18,15.275587321396483,1.7244126786035174
2024-12-17,SKU_29,WH_1,11,11.68,11.56273026219883,0.5627302621988299
2024-12-18,SKU_29,WH_1,16,16.31,15.240964740684879,0.7590352593151213
2024-12-19,SKU_29,WH_1,18,18.81,17.057384065862077,0.9426159341379226
2024-12-20,SKU_29,WH_1,14,13.17,12.868450467589865,1.1315495324101352
2024-12-21,SKU_29,WH_1,11,12.7,12.585456738543826,1.5854567385438258
2024-12-22,SKU_29,WH_1,11,5.45,7.4463556692834585,3.5536443307165415
2024-12-23,SKU_29,WH_1,23,22.85,20.198287248375888,2.8017127516241125
2024-12-24,SKU_29,WH_1,16,16.78,15.611227030677611,0.3887729693223889
2024-12-25,SKU_29,WH_1,21,20.46,18.419796523943592,2.5802034760564077
2024-12-26,SKU_29,WH_1,16,18.7,16.971655359623096,0.9716553596230959
2024-12-27,SKU_29,WH_1,29,25.38,22.050871560972297,6.949128439027703
2024-12-28,SKU_29,WH_1,10,11.3,11.602378381206957,1.6023783812069574
2024-12-29,SKU_29,WH_1,13,11.0,11.362913515775166,1.6370864842248345
2024-12-30,SKU_29,WH_1,22,21.09,19.847186347325312,2.1528136526746877
2024-11-10,SKU_29,WH_2,13,9.24,9.81245695188806,3.187543048111939
2024-11-11,SKU_29,WH_2,16,12.68,12.9198129413732,3.0801870586268
2024-11-12,SKU_29,WH_2,15,19.7,17.513375953457174,2.5133759534571745
2024-11-13,SKU_29,WH_2,19,23.25,20.191846646087676,1.1918466460876758
2024-11-14,SKU_29,WH_2,16,9.92,10.132869593992972,5.867130406007028
2024-11-15,SKU_29,WH_2,11,5.08,6.6264005487578785,4.3735994512421215
2024-11-16,SKU_29,WH_2,15,11.98,11.655958986281368,3.3440410137186323
2024-11-17,SKU_29,WH_2,11,12.57,12.07599101116021,1.0759910111602107
2024-11-18,SKU_29,WH_2,13,14.92,13.815512351013059,0.8155123510130586
2024-11-19,SKU_29,WH_2,14,16.8,15.26326782609907,1.2632678260990708
2024-11-20,SKU_29,WH_2,5,10.99,10.942942289751674,5.942942289751674
2024-11-21,SKU_29,WH_2,28,29.4,24.59958869661847,3.4004113033815315
2024-11-22,SKU_29,WH_2,2,4.52,6.361526549810643,4.361526549810643
2024-11-23,SKU_29,WH_2,19,18.28,16.12804083860817,2.8719591613918283
2024-11-24,SKU_29,WH_2,12,13.79,12.891248864236614,0.8912488642366139
2024-11-25,SKU_29,WH_2,20,21.9,19.184600455089747,0.8153995449102531
2024-11-26,SKU_29,WH_2,15,16.31,14.97435505157836,0.02564494842163967
2024-11-27,SKU_29,WH_2,23,24.13,20.972428922922816,2.0275710770771838
2024-11-28,SKU_29,WH_2,14,9.69,10.07131644859157,3.9286835514084295
2024-11-29,SKU_29,WH_2,6,5.69,7.153736838603498,1.153736838603498
2024-11-30,SKU_29,WH_2,20,22.49,19.670171180014,0.3298288199860018
2024-12-01,SKU_29,WH_2,11,12.79,12.577625634529708,1.5776256345297082
2024-12-02,SKU_29,WH_2,6,8.38,9.491389022517216,3.4913890225172164
2024-12-03,SKU_29,WH_2,20,17.12,15.703838742193879,4.296161257806121
2024-12-04,SKU_29,WH_2,19,17.91,16.480122563201313,2.519877436798687
2024-12-05,SKU_29,WH_2,21,23.85,20.90899219404013,0.0910078059598689
2024-12-06,SKU_29,WH_2,24,19.61,17.918712527184063,6.081287472815937
2024-12-07,SKU_29,WH_2,22,20.08,18.353967602776283,3.646032397223717
2024-12-08,SKU_29,WH_2,18,16.05,15.285188352279677,2.714811647720323
2024-12-09,SKU_29,WH_2,13,10.05,10.569223609732543,2.4307763902674573
2024-12-10,SKU_29,WH_2,15,4.4,6.7262830223006755,8.273716977699324
2024-12-11,SKU_29,WH_2,17,19.02,17.407237855436012,0.4072378554360121
2024-12-12,SKU_29,WH_2,14,13.64,13.23839678490811,0.7616032150918901
2024-12-13,SKU_29,WH_2,31,30.4,25.81654066038186,5.183459339618139
2024-12-14,SKU_29,WH_2,15,13.59,13.250521688427037,1.7494783115729629
2024-12-15,SKU_29,WH_2,14,12.62,12.647142436824867,1.3528575631751334
2024-12-16,SKU_29,WH_2,14,12.61,12.654796564846245,1.3452034351537545
2024-12-17,SKU_29,WH_2,18,28.31,24.510519786223394,6.510519786223394
2024-12-18,SKU_29,WH_2,11,10.02,10.629361469959047,0.37063853004095293
2024-12-19,SKU_29,WH_2,20,20.45,18.572675308542724,1.427324691457276
2024-12-20,SKU_29,WH_2,29,26.05,24.209824266233166,4.790175733766834
2024-12-21,SKU_29,WH_2,10,10.43,10.994631945014328,0.9946319450143282
2024-12-22,SKU_29,WH_2,24,24.07,21.407889399817055,2.592110600182945
2024-12-23,SKU_29,WH_2,16,13.32,13.124035247325672,2.875964752674328
2024-12-24,SKU_29,WH_2,20,24.58,21.621259571611205,1.6212595716112048
2024-12-25,SKU_29,WH_2,13,13.42,13.102595084255714,0.1025950842557144
2024-12-26,SKU_29,WH_2,21,22.54,20.154973038781165,0.845026961218835
2024-12-27,SKU_29,WH_2,18,20.19,18.34195951517526,0.3419595151752617
2024-12-28,SKU_29,WH_2,19,18.01,16.57366061360417,2.4263393863958314
2024-12-29,SKU_29,WH_2,29,28.73,24.609537840688407,4.390462159311593
2024-12-30,SKU_29,WH_2,35,33.39,31.36985325582843,3.6301467441715687
2024-11-10,SKU_29,WH_3,9,10.02,10.139110165500266,1.1391101655002664
2024-11-11,SKU_29,WH_3,13,11.71,11.215355319165212,1.7846446808347878
2024-11-12,SKU_29,WH_3,11,10.3,10.400237406910389,0.5997625930896113
2024-11-13,SKU_29,WH_3,15,11.89,11.466188866707917,3.533811133292083
2024-11-14,SKU_29,WH_3,11,13.94,13.770885640774996,2.7708856407749956
2024-11-15,SKU_29,WH_3,19,25.23,23.293484713851864,4.293484713851864
2024-11-16,SKU_29,WH_3,23,31.22,25.772020307774525,2.7720203077745253
2024-11-17,SKU_29,WH_3,8,10.47,10.390401222432109,2.390401222432109
2024-11-18,SKU_29,WH_3,9,1.66,3.291762024927962,5.708237975072038
2024-11-19,SKU_29,WH_3,14,10.94,11.442414722460724,2.5575852775392764
2024-11-20,SKU_29,WH_3,11,9.44,9.690476240325268,1.3095237596747324
2024-11-21,SKU_29,WH_3,22,16.76,15.098673275398877,6.901326724601123
2024-11-22,SKU_29,WH_3,16,14.03,13.91088813648603,2.0891118635139705
2024-11-23,SKU_29,WH_3,18,15.34,14.184630912234912,3.815369087765088
2024-11-24,SKU_29,WH_3,0,5.03,6.609739990387315,6.609739990387315
2024-11-25,SKU_29,WH_3,11,14.24,13.839696364477462,2.8396963644774615
2024-11-26,SKU_29,WH_3,14,19.64,17.35550413255747,3.3555041325574706
2024-11-27,SKU_29,WH_3,13,9.57,9.767572016179637,3.2324279838203633
2024-11-28,SKU_29,WH_3,10,6.31,6.965259282926318,3.0347407170736824
2024-11-29,SKU_29,WH_3,5,3.83,5.528987489710599,0.5289874897105991
2024-11-30,SKU_29,WH_3,22,22.97,19.779638912907846,2.2203610870921544
2024-12-01,SKU_29,WH_3,2,4.73,6.320011026755189,4.320011026755189
2024-12-02,SKU_29,WH_3,21,18.85,16.817032142945447,4.182967857054553
2024-12-03,SKU_29,WH_3,23,25.62,24.004520597366284,1.0045205973662839
2024-12-04,SKU_29,WH_3,15,16.02,14.946121523207141,0.05387847679285862
2024-12-05,SKU_29,WH_3,20,19.3,17.233846274655388,2.766153725344612
2024-12-06,SKU_29,WH_3,12,7.95,8.843685157049613,3.156314842950387
2024-12-07,SKU_29,WH_3,10,11.23,11.200019191764824,1.2000191917648237
2024-12-08,SKU_29,WH_3,8,4.64,6.405601606047397,1.594398393952603
2024-12-09,SKU_29,WH_3,18,17.13,15.605806014599539,2.3941939854004612
2024-12-10,SKU_29,WH_3,18,19.5,17.586456236927457,0.4135437630725427
2024-12-11,SKU_29,WH_3,15,10.09,10.300915579400193,4.699084420599807
2024-12-12,SKU_29,WH_3,15,16.35,15.13964848744742,0.13964848744742042
2024-12-13,SKU_29,WH_3,18,19.46,17.46009805994801,0.5399019400519904
2024-12-14,SKU_29,WH_3,21,27.86,23.943237240760016,2.9432372407600162
2024-12-15,SKU_29,WH_3,16,14.02,14.150744569936684,1.849255430063316
2024-12-16,SKU_29,WH_3,9,8.91,9.83045784053043,0.8304578405304301
2024-12-17,SKU_29,WH_3,19,15.87,14.97240328245515,4.027596717544849
2024-12-18,SKU_29,WH_3,18,14.78,13.909695386580362,4.090304613419638
2024-12-19,SKU_29,WH_3,12,15.09,14.215388347862895,2.215388347862895
2024-12-20,SKU_29,WH_3,13,12.41,12.131243444320027,0.8687565556799726
2024-12-21,SKU_29,WH_3,13,12.79,13.145259607986098,0.14525960798609816
2024-12-22,SKU_29,WH_3,5,11.04,11.13378987765365,6.1337898776536495
2024-12-23,SKU_29,WH_3,26,29.37,24.937368503477128,1.0626314965228723
2024-12-24,SKU_29,WH_3,12,10.98,11.216904554276857,0.7830954457231432
2024-12-25,SKU_29,WH_3,18,14.43,13.503881040907473,4.496118959092527
2024-12-26,SKU_29,WH_3,20,19.04,17.148708889094667,2.8512911109053327
2024-12-27,SKU_29,WH_3,17,17.88,16.29528212491907,0.7047178750809309
2024-12-28,SKU_29,WH_3,28,32.25,27.035525871760754,0.9644741282392459
2024-12-29,SKU_29,WH_3,20,19.88,17.9607365280633,2.0392634719366995
2024-12-30,SKU_29,WH_3,26,24.33,23.8226016861376,2.177398313862401
2024-11-10,SKU_29,WH_4,6,5.86,7.183691040736097,1.1836910407360968
2024-11-11,SKU_29,WH_4,20,24.28,20.937589751251526,0.9375897512515259
2024-11-12,SKU_29,WH_4,19,20.64,18.184099867247284,0.8159001327527164
2024-11-13,SKU_29,WH_4,7,5.78,7.20833752140578,0.2083375214057801
2024-11-14,SKU_29,WH_4,16,10.59,11.237166088254412,4.762833911745588
2024-11-15,SKU_29,WH_4,13,8.97,9.585643407085705,3.414356592914295
2024-11-16,SKU_29,WH_4,17,9.79,10.100978181330422,6.899021818669578
2024-11-17,SKU_29,WH_4,15,17.01,15.331943190107962,0.33194319010796214
2024-11-18,SKU_29,WH_4,5,0.64,2.605263559916676,2.394736440083324
2024-11-19,SKU_29,WH_4,15,13.17,12.406496893024,2.5935031069759997
2024-11-20,SKU_29,WH_4,18,21.76,19.13909079803406,1.1390907980340614
2024-11-21,SKU_29,WH_4,12,17.03,15.381291226478227,3.3812912264782273
2024-11-22,SKU_29,WH_4,13,18.06,16.060031860493904,3.060031860493904
2024-11-23,SKU_29,WH_4,9,7.45,8.272766930572093,0.727233069427907
2024-11-24,SKU_29,WH_4,16,18.7,16.46078188913106,0.46078188913105933
2024-11-25,SKU_29,WH_4,18,22.24,19.260222661703907,1.2602226617039065
2024-11-26,SKU_29,WH_4,22,26.27,22.452242657686128,0.4522426576861278
2024-11-27,SKU_29,WH_4,9,4.9,6.58303716593989,2.4169628340601097
2024-11-28,SKU_29,WH_4,19,19.34,17.132943244851894,1.8670567551481057
2024-11-29,SKU_29,WH_4,14,6.21,7.224144781179437,6.775855218820563
2024-11-30,SKU_29,WH_4,14,18.34,16.315879196101026,2.315879196101026
2024-12-01,SKU_29,WH_4,14,11.08,11.361228965043992,2.638771034956008
2024-12-02,SKU_29,WH_4,22,26.43,22.940903153090193,0.9409031530901935
2024-12-03,SKU_29,WH_4,12,14.25,13.54030322111319,1.5403032211131897
2024-12-04,SKU_29,WH_4,12,18.14,16.44210079764106,4.442100797641061
2024-12-05,SKU_29,WH_4,14,13.41,12.977742240482367,1.0222577595176325
2024-12-06,SKU_29,WH_4,18,20.18,18.23699216996618,0.23699216996617878
2024-12-07,SKU_29,WH_4,13,12.97,12.644235605131552,0.3557643948684479
2024-12-08,SKU_29,WH_4,21,20.96,18.793318548109866,2.206681451890134
2024-12-09,SKU_29,WH_4,19,24.68,21.49723303520983,2.497233035209831
2024-12-10,SKU_29,WH_4,7,8.55,9.528705358511981,2.5287053585119814
2024-12-11,SKU_29,WH_4,17,22.48,19.983416738723733,2.983416738723733
2024-12-12,SKU_29,WH_4,35,34.59,30.859266015842216,4.140733984157784
2024-12-13,SKU_29,WH_4,15,14.95,14.899764543826079,0.10023545617392138
2024-12-14,SKU_29,WH_4,15,14.12,13.538439603879686,1.4615603961203139
2024-12-15,SKU_29,WH_4,16,14.59,13.866376908665838,2.1336230913341616
2024-12-16,SKU_29,WH_4,19,17.99,16.489024070838315,2.5109759291616847
2024-12-17,SKU_29,WH_4,24,22.21,19.82561522089187,4.174384779108131
2024-12-18,SKU_29,WH_4,14,18.97,17.281604126046098,3.2816041260460977
2024-12-19,SKU_29,WH_4,20,21.24,19.21789694652534,0.7821030534746605
2024-12-20,SKU_29,WH_4,18,18.0,17.47531691821669,0.5246830817833086
2024-12-21,SKU_29,WH_4,15,16.38,16.17157876517831,1.1715787651783103
2024-12-22,SKU_29,WH_4,20,22.46,20.095227477592466,0.09522747759246641
2024-12-23,SKU_29,WH_4,17,14.85,14.175218461781316,2.8247815382186836
2024-12-24,SKU_29,WH_4,17,16.53,15.465776615800952,1.5342233841990485
2024-12-25,SKU_29,WH_4,28,30.1,25.73180235188513,2.268197648114871
2024-12-26,SKU_29,WH_4,16,17.66,16.458078897290978,0.45807889729097795
2024-12-27,SKU_29,WH_4,20,19.76,17.990761614251433,2.009238385748567
2024-12-28,SKU_29,WH_4,21,18.87,17.16635772529227,3.8336422747077314
2024-12-29,SKU_29,WH_4,24,22.65,20.424606781538902,3.575393218461098
2024-12-30,SKU_29,WH_4,21,24.38,22.794026717454717,1.7940267174547166
2024-11-10,SKU_29,WH_5,10,5.26,7.012782901986017,2.987217098013983
2024-11-11,SKU_29,WH_5,10,13.97,13.156637749421552,3.1566377494215523
2024-11-12,SKU_29,WH_5,18,17.8,16.0167344039433,1.9832655960567003
2024-11-13,SKU_29,WH_5,7,9.34,9.793564985968143,2.7935649859681426
2024-11-14,SKU_29,WH_5,13,18.28,16.11164255117219,3.1116425511721886
2024-11-15,SKU_29,WH_5,13,9.14,9.791681005444683,3.2083189945553166
2024-11-16,SKU_29,WH_5,23,22.83,19.856122470999626,3.143877529000374
2024-11-17,SKU_29,WH_5,14,10.71,10.849405582995606,3.1505944170043936
2024-11-18,SKU_29,WH_5,13,9.36,9.825621824022768,3.174378175977232
2024-11-19,SKU_29,WH_5,6,9.27,9.84077234219414,3.840772342194141
2024-11-20,SKU_29,WH_5,12,18.03,16.017923618892123,4.017923618892123
2024-11-21,SKU_29,WH_5,15,14.69,13.447111126525598,1.5528888734744015
2024-11-22,SKU_29,WH_5,15,18.84,16.582828102811114,1.5828281028111135
2024-11-23,SKU_29,WH_5,11,6.1,7.0374246023045535,3.9625753976954465
2024-11-24,SKU_29,WH_5,11,12.64,12.165044446554552,1.1650444465545515
2024-11-25,SKU_29,WH_5,16,14.3,13.279639830858528,2.720360169141472
2024-11-26,SKU_29,WH_5,12,13.03,12.139384046254943,0.13938404625494272
2024-11-27,SKU_29,WH_5,8,7.72,8.484857938803453,0.4848579388034526
2024-11-28,SKU_29,WH_5,7,1.21,3.336609107527266,3.663390892472734
2024-11-29,SKU_29,WH_5,18,20.66,17.96056809640862,0.03943190359138171
2024-11-30,SKU_29,WH_5,18,15.64,14.487610224625783,3.512389775374217
2024-12-01,SKU_29,WH_5,15,13.54,13.022128338806978,1.9778716611930225
2024-12-02,SKU_29,WH_5,18,16.72,15.428655025520651,2.5713449744793486
2024-12-03,SKU_29,WH_5,13,9.84,10.283953553542029,2.7160464464579714
2024-12-04,SKU_29,WH_5,20,20.29,18.032046673983842,1.9679533260161577
2024-12-05,SKU_29,WH_5,13,12.39,12.082028099293808,0.917971900706192
2024-12-06,SKU_29,WH_5,22,21.07,18.6272369212883,3.3727630787116993
2024-12-07,SKU_29,WH_5,16,18.16,16.47804670408212,0.47804670408212147
2024-12-08,SKU_29,WH_5,11,12.14,12.205220234427681,1.2052202344276814
2024-12-09,SKU_29,WH_5,15,14.16,13.519309526678963,1.4806904733210366
2024-12-10,SKU_29,WH_5,24,19.39,17.57289896096802,6.427101039031982
2024-12-11,SKU_29,WH_5,11,6.86,8.257212124016204,2.7427878759837956
2024-12-12,SKU_29,WH_5,17,17.69,16.241804999174697,0.7581950008253031
2024-12-13,SKU_29,WH_5,22,22.72,20.133309943943136,1.8666900560568642
2024-12-14,SKU_29,WH_5,8,6.72,8.052746102025994,0.052746102025993835
2024-12-15,SKU_29,WH_5,23,22.06,20.88686529339635,2.113134706603649
2024-12-16,SKU_29,WH_5,19,19.7,17.93497496433565,1.0650250356643483
2024-12-17,SKU_29,WH_5,12,9.11,10.141019346454494,1.8589806535455065
2024-12-18,SKU_29,WH_5,24,25.43,23.656798288272405,0.3432017117275947
2024-12-19,SKU_29,WH_5,18,16.16,15.256427782977855,2.7435722170221446
2024-12-20,SKU_29,WH_5,16,19.54,17.799762859444847,1.7997628594448472
2024-12-21,SKU_29,WH_5,37,34.57,30.90290408046445,6.097095919535551
2024-12-22,SKU_29,WH_5,7,6.52,8.319819993491873,1.3198199934918726
2024-12-23,SKU_29,WH_5,21,21.75,19.6990085933678,1.3009914066321997
2024-12-24,SKU_29,WH_5,20,23.83,21.13640176260946,1.1364017626094594
2024-12-25,SKU_29,WH_5,25,24.08,21.46564549447445,3.534354505525549
2024-12-26,SKU_29,WH_5,25,28.35,24.68441370134294,0.31558629865705967
2024-12-27,SKU_29,WH_5,19,16.39,15.729315767558706,3.270684232441294
2024-12-28,SKU_29,WH_5,14,14.97,14.609111894445764,0.6091118944457641
2024-12-29,SKU_29,WH_5,14,15.93,15.27591592857242,1.2759159285724202
2024-12-30,SKU_29,WH_5,31,29.72,28.2330079748755,2.7669920251245017
2024-11-10,SKU_3,WH_1,14,16.23,14.925639747304707,0.9256397473047073
2024-11-11,SKU_3,WH_1,19,21.21,18.679814892289027,0.32018510771097297
2024-11-12,SKU_3,WH_1,4,6.46,7.359509014012822,3.359509014012822
2024-11-13,SKU_3,WH_1,1,3.45,5.376605538990878,4.376605538990878
2024-11-14,SKU_3,WH_1,6,11.16,10.934173687494276,4.934173687494276
2024-11-15,SKU_3,WH_1,1,2.06,3.874450017646187,2.874450017646187
2024-11-16,SKU_3,WH_1,12,11.32,11.086917380014476,0.9130826199855235
2024-11-17,SKU_3,WH_1,15,15.03,13.985560936890945,1.0144390631090552
2024-11-18,SKU_3,WH_1,10,9.18,9.75160323809609,0.24839676190391025
2024-11-19,SKU_3,WH_1,16,14.71,13.423850716044166,2.576149283955834
2024-11-20,SKU_3,WH_1,12,13.61,12.74296331049097,0.7429633104909694
2024-11-21,SKU_3,WH_1,10,9.7,9.846468447731157,0.15353155226884319
2024-11-22,SKU_3,WH_1,16,15.55,14.420840343533348,1.5791596564666524
2024-11-23,SKU_3,WH_1,11,9.81,10.097910594727411,0.902089405272589
2024-11-24,SKU_3,WH_1,15,10.48,10.81967130927342,4.180328690726579
2024-11-25,SKU_3,WH_1,23,31.53,26.17970124057829,3.1797012405782894
2024-11-26,SKU_3,WH_1,6,6.99,7.614178885167646,1.6141788851676457
2024-11-27,SKU_3,WH_1,8,7.73,8.431882409166336,0.43188240916633625
2024-11-28,SKU_3,WH_1,16,15.89,14.663885149995945,1.336114850004055
2024-11-29,SKU_3,WH_1,22,19.4,17.165007863169624,4.834992136830376
2024-11-30,SKU_3,WH_1,20,19.62,17.520918051944797,2.479081948055203
2024-12-01,SKU_3,WH_1,8,5.64,7.223597837453528,0.7764021625464723
2024-12-02,SKU_3,WH_1,27,23.03,21.617589244685607,5.3824107553143925
2024-12-03,SKU_3,WH_1,16,8.98,9.814189065831656,6.1858109341683445
2024-12-04,SKU_3,WH_1,29,31.16,28.38075731847676,0.6192426815232395
2024-12-05,SKU_3,WH_1,15,16.95,15.746805949566452,0.7468059495664523
2024-12-06,SKU_3,WH_1,25,25.69,22.49637459357352,2.5036254064264796
2024-12-07,SKU_3,WH_1,22,22.39,20.13603101750299,1.8639689824970098
2024-12-08,SKU_3,WH_1,20,21.86,19.783500006999482,0.21649999300051803
2024-12-09,SKU_3,WH_1,20,20.16,18.60045888977561,1.3995411102243906
2024-12-10,SKU_3,WH_1,11,15.8,15.27941359822088,4.279413598220881
2024-12-11,SKU_3,WH_1,22,22.0,19.83749920167937,2.162500798320629
2024-12-12,SKU_3,WH_1,22,21.12,19.140955763338436,2.859044236661564
2024-12-13,SKU_3,WH_1,26,26.05,22.96538862127348,3.0346113787265203
2024-12-14,SKU_3,WH_1,29,31.37,28.850134176498926,0.1498658235010737
2024-12-15,SKU_3,WH_1,19,17.49,16.692669712000498,2.307330287999502
2024-12-16,SKU_3,WH_1,12,14.18,13.986082669013056,1.9860826690130562
2024-12-17,SKU_3,WH_1,20,22.19,20.12242368618481,0.12242368618480981
2024-12-18,SKU_3,WH_1,13,8.62,10.110604720970851,2.8893952790291486
2024-12-19,SKU_3,WH_1,19,22.46,20.353401542476647,1.3534015424766466
2024-12-20,SKU_3,WH_1,7,9.18,10.471904537062398,3.4719045370623984
2024-12-21,SKU_3,WH_1,25,22.85,20.50109974421363,4.498900255786371
2024-12-22,SKU_3,WH_1,10,7.24,8.822626314961575,1.1773736850384253
2024-12-23,SKU_3,WH_1,32,35.47,31.276696852542976,0.723303147457024
2024-12-24,SKU_3,WH_1,17,19.01,17.600726134080155,0.6007261340801548
2024-12-25,SKU_3,WH_1,15,14.81,14.302664051318047,0.6973359486819533
2024-12-26,SKU_3,WH_1,10,13.23,13.177514264885279,3.1775142648852785
2024-12-27,SKU_3,WH_1,30,34.46,28.823228977298413,1.1767710227015868
2024-12-28,SKU_3,WH_1,25,24.92,22.093621461884336,2.906378538115664
2024-12-29,SKU_3,WH_1,12,13.41,13.368962063689953,1.3689620636899527
2024-12-30,SKU_3,WH_1,22,20.28,19.51177516481286,2.4882248351871397
2024-11-10,SKU_3,WH_2,16,17.56,15.896545419536846,0.10345458046315414
2024-11-11,SKU_3,WH_2,14,7.76,8.598309434852322,5.401690565147678
2024-11-12,SKU_3,WH_2,11,10.86,10.939196837440317,0.06080316255968299
2024-11-13,SKU_3,WH_2,16,17.36,15.592892423706424,0.4071075762935763
2024-11-14,SKU_3,WH_2,15,14.11,13.181158480218503,1.8188415197814969
2024-11-15,SKU_3,WH_2,11,9.87,10.075977248670748,0.924022751329252
2024-11-16,SKU_3,WH_2,18,15.83,14.746501200963555,3.2534987990364446
2024-11-17,SKU_3,WH_2,10,7.77,8.735123217746684,1.2648767822533156
2024-11-18,SKU_3,WH_2,7,7.71,8.516785479588169,1.5167854795881688
2024-11-19,SKU_3,WH_2,16,14.93,13.693453086680375,2.3065469133196252
2024-11-20,SKU_3,WH_2,13,14.1,13.099684882988774,0.09968488298877354
2024-11-21,SKU_3,WH_2,25,23.49,20.24790484647947,4.7520951535205285
2024-11-22,SKU_3,WH_2,14,8.77,9.3169320891294,4.6830679108706
2024-11-23,SKU_3,WH_2,9,8.47,9.18105431764079,0.18105431764078972
2024-11-24,SKU_3,WH_2,7,2.57,4.9052399212684294,2.0947600787315706
2024-11-25,SKU_3,WH_2,14,13.19,12.629042299432871,1.3709577005671285
2024-11-26,SKU_3,WH_2,15,10.81,10.794905557095213,4.205094442904787
2024-11-27,SKU_3,WH_2,18,19.28,16.991834971855802,1.008165028144198
2024-11-28,SKU_3,WH_2,22,26.12,22.279525786813462,0.27952578681346196
2024-11-29,SKU_3,WH_2,11,17.83,16.033733271746065,5.033733271746065
2024-11-30,SKU_3,WH_2,8,8.42,9.078231705257945,1.078231705257945
2024-12-01,SKU_3,WH_2,18,18.22,16.359683118636735,1.6403168813632654
2024-12-02,SKU_3,WH_2,18,19.02,17.153749682143797,0.8462503178562031
2024-12-03,SKU_3,WH_2,2,3.16,5.315147188113819,3.3151471881138193
2024-12-04,SKU_3,WH_2,10,9.83,10.19308337500867,0.19308337500866912
2024-12-05,SKU_3,WH_2,8,9.33,9.842604466622516,1.8426044666225163
2024-12-06,SKU_3,WH_2,18,16.41,15.116065154233231,2.8839348457667686
2024-12-07,SKU_3,WH_2,26,25.23,21.71009355967321,4.289906440326789
2024-12-08,SKU_3,WH_2,19,18.25,16.436219406414008,2.5637805935859923
2024-12-09,SKU_3,WH_2,13,16.7,15.537700075232426,2.5377000752324257
2024-12-10,SKU_3,WH_2,20,20.15,18.167225018312042,1.8327749816879582
2024-12-11,SKU_3,WH_2,4,5.04,6.85225883381219,2.85225883381219
2024-12-12,SKU_3,WH_2,20,21.07,18.656450476402124,1.3435495235978756
2024-12-13,SKU_3,WH_2,16,18.01,16.3909963866568,0.3909963866567985
2024-12-14,SKU_3,WH_2,20,20.57,18.49186054166129,1.5081394583387109
2024-12-15,SKU_3,WH_2,14,19.26,17.337326298032828,3.3373262980328278
2024-12-16,SKU_3,WH_2,18,20.03,17.94860777831188,0.05139222168811841
2024-12-17,SKU_3,WH_2,11,7.69,8.752252090501912,2.247747909498088
2024-12-18,SKU_3,WH_2,23,22.06,19.560144996662,3.4398550033379998
2024-12-19,SKU_3,WH_2,20,13.07,12.779070254872869,7.2209297451271315
2024-12-20,SKU_3,WH_2,21,24.43,21.365811346215388,0.3658113462153878
2024-12-21,SKU_3,WH_2,16,16.88,15.583782338219542,0.4162176617804576
2024-12-22,SKU_3,WH_2,24,29.7,25.29886398296819,1.2988639829681894
2024-12-23,SKU_3,WH_2,23,24.86,21.717245695467778,1.2827543045322223
2024-12-24,SKU_3,WH_2,23,20.61,18.534858389065395,4.465141610934605
2024-12-25,SKU_3,WH_2,23,28.71,24.81633403587543,1.8163340358754283
2024-12-26,SKU_3,WH_2,21,20.47,18.749763410050882,2.250236589949118
2024-12-27,SKU_3,WH_2,3,0.48,3.5205158473939395,0.5205158473939395
2024-12-28,SKU_3,WH_2,12,6.18,7.538081268711234,4.461918731288766
2024-12-29,SKU_3,WH_2,15,19.28,17.607215355534414,2.6072153555344144
2024-12-30,SKU_3,WH_2,13,13.5,13.803750008671738,0.803750008671738
2024-11-10,SKU_3,WH_3,11,10.22,10.60802182412659,0.39197817587341
2024-11-11,SKU_3,WH_3,6,4.33,6.302429765294354,0.30242976529435417
2024-11-12,SKU_3,WH_3,7,4.71,6.25507659433377,0.7449234056662304
2024-11-13,SKU_3,WH_3,16,15.71,14.7701642517326,1.2298357482673996
2024-11-14,SKU_3,WH_3,6,3.08,4.813869724133175,1.1861302758668248
2024-11-15,SKU_3,WH_3,27,30.7,27.646189006987605,0.6461890069876048
2024-11-16,SKU_3,WH_3,19,17.99,16.194680044424125,2.805319955575875
2024-11-17,SKU_3,WH_3,17,19.63,17.637273619455286,0.6372736194552857
2024-11-18,SKU_3,WH_3,13,9.15,9.861442105232882,3.1385578947671178
2024-11-19,SKU_3,WH_3,27,26.77,23.047085768552712,3.952914231447288
2024-11-20,SKU_3,WH_3,9,13.86,13.214532918712663,4.2145329187126634
2024-11-21,SKU_3,WH_3,23,20.3,19.30483873122751,3.695161268772491
2024-11-22,SKU_3,WH_3,22,20.65,18.353886443009692,3.646113556990308
2024-11-23,SKU_3,WH_3,15,14.77,13.922865967496296,1.0771340325037038
2024-11-24,SKU_3,WH_3,15,18.43,16.605512866529164,1.605512866529164
2024-11-25,SKU_3,WH_3,10,10.26,10.570484199180903,0.5704841991809033
2024-11-26,SKU_3,WH_3,18,18.58,16.763986342838834,1.2360136571611662
2024-11-27,SKU_3,WH_3,12,15.49,14.453838464914956,2.4538384649149556
2024-11-28,SKU_3,WH_3,20,19.83,17.897997161915914,2.1020028380840863
2024-11-29,SKU_3,WH_3,17,17.38,15.760801550203965,1.239198449796035
2024-11-30,SKU_3,WH_3,16,12.03,11.773094118154361,4.226905881845639
2024-12-01,SKU_3,WH_3,19,19.51,18.01924955216395,0.9807504478360514
2024-12-02,SKU_3,WH_3,21,19.87,18.263004075105638,2.7369959248943623
2024-12-03,SKU_3,WH_3,18,12.98,12.741623150045232,5.258376849954768
2024-12-04,SKU_3,WH_3,9,4.41,6.8491055161698995,2.1508944838301005
2024-12-05,SKU_3,WH_3,18,19.63,18.023085523735105,0.023085523735105085
2024-12-06,SKU_3,WH_3,11,14.57,13.89907031378777,2.899070313787769
2024-12-07,SKU_3,WH_3,4,4.71,6.635438114814193,2.6354381148141934
2024-12-08,SKU_3,WH_3,21,18.27,16.626297240794813,4.373702759205187
2024-12-09,SKU_3,WH_3,16,16.62,15.510018525694337,0.4899814743056634
2024-12-10,SKU_3,WH_3,21,20.64,18.445969803882996,2.5540301961170044
2024-12-11,SKU_3,WH_3,19,20.44,18.55256299534311,0.44743700465689074
2024-12-12,SKU_3,WH_3,20,22.15,19.834127945201438,0.16587205479856237
2024-12-13,SKU_3,WH_3,9,10.12,10.825994007732945,1.8259940077329446
2024-12-14,SKU_3,WH_3,22,24.18,21.469109336365054,0.5308906636349455
2024-12-15,SKU_3,WH_3,17,20.18,18.464155250615445,1.4641552506154447
2024-12-16,SKU_3,WH_3,14,14.29,13.805048485300768,0.19495151469923222
2024-12-17,SKU_3,WH_3,33,30.38,25.93760195942849,7.062398040571509
2024-12-18,SKU_3,WH_3,17,13.79,13.339332984588514,3.6606670154114855
2024-12-19,SKU_3,WH_3,15,17.33,16.131206953213105,1.1312069532131055
2024-12-20,SKU_3,WH_3,13,13.84,13.625035897393762,0.6250358973937615
2024-12-21,SKU_3,WH_3,16,15.84,15.246435070846665,0.7535649291533346
2024-12-22,SKU_3,WH_3,21,20.37,18.4976611303404,2.5023388696595994
2024-12-23,SKU_3,WH_3,15,12.77,12.686709691508876,2.3132903084911245
2024-12-24,SKU_3,WH_3,19,19.31,17.634366169358678,1.3656338306413218
2024-12-25,SKU_3,WH_3,26,21.72,19.396425065117604,6.6035749348823956
2024-12-26,SKU_3,WH_3,26,22.7,20.32487555120463,5.675124448795369
2024-12-27,SKU_3,WH_3,18,16.01,15.41008555913177,2.5899144408682293
2024-12-28,SKU_3,WH_3,19,26.22,23.18999023753948,4.1899902375394795
2024-12-29,SKU_3,WH_3,18,20.77,18.879820816320912,0.8798208163209118
2024-12-30,SKU_3,WH_3,21,21.29,20.314435724157843,0.6855642758421574
2024-11-10,SKU_3,WH_4,19,19.01,18.243261348246172,0.7567386517538282
2024-11-11,SKU_3,WH_4,2,0.18,2.674161353567161,0.6741613535671611
2024-11-12,SKU_3,WH_4,3,3.6,5.296196518913653,2.2961965189136526
2024-11-13,SKU_3,WH_4,14,17.03,15.388684130661764,1.3886841306617637
2024-11-14,SKU_3,WH_4,22,23.71,20.445347596998324,1.5546524030016755
2024-11-15,SKU_3,WH_4,17,16.79,15.156912837323716,1.8430871626762837
2024-11-16,SKU_3,WH_4,6,2.47,3.8475918196399985,2.1524081803600015
2024-11-17,SKU_3,WH_4,18,21.43,20.028016141762105,2.028016141762105
2024-11-18,SKU_3,WH_4,9,2.92,4.793272541496536,4.206727458503464
2024-11-19,SKU_3,WH_4,15,18.29,16.096707405522604,1.0967074055226043
2024-11-20,SKU_3,WH_4,11,10.59,10.64463455181853,0.35536544818146965
2024-11-21,SKU_3,WH_4,10,3.63,5.195585730082179,4.804414269917821
2024-11-22,SKU_3,WH_4,16,15.16,14.026603664272509,1.9733963357274913
2024-11-23,SKU_3,WH_4,18,21.25,18.60401012262846,0.6040101226284591
2024-11-24,SKU_3,WH_4,21,21.09,18.373689529553964,2.626310470446036
2024-11-25,SKU_3,WH_4,6,8.9,9.436184192508138,3.4361841925081382
2024-11-26,SKU_3,WH_4,9,8.92,9.38866109783202,0.38866109783202063
2024-11-27,SKU_3,WH_4,17,24.26,20.916440072664507,3.916440072664507
2024-11-28,SKU_3,WH_4,19,20.77,18.095075424940998,0.9049245750590025
2024-11-29,SKU_3,WH_4,16,18.13,16.145760567519897,0.14576056751989697
2024-11-30,SKU_3,WH_4,14,13.65,12.899523526406993,1.100476473593007
2024-12-01,SKU_3,WH_4,10,8.93,9.835787547430094,0.16421245256990602
2024-12-02,SKU_3,WH_4,16,14.96,14.05209177639879,1.9479082236012104
2024-12-03,SKU_3,WH_4,15,18.36,16.590463954488346,1.5904639544883459
2024-12-04,SKU_3,WH_4,19,17.56,16.181278400486836,2.8187215995131645
2024-12-05,SKU_3,WH_4,17,17.06,15.786978743967996,1.213021256032004
2024-12-06,SKU_3,WH_4,20,21.36,19.02651200746634,0.9734879925336593
2024-12-07,SKU_3,WH_4,18,22.43,19.930128868954533,1.930128868954533
2024-12-08,SKU_3,WH_4,17,19.0,17.118257926282563,0.11825792628256337
2024-12-09,SKU_3,WH_4,23,21.29,20.403065171815026,2.596934828184974
2024-12-10,SKU_3,WH_4,14,14.34,13.8450055974132,0.15499440258679975
2024-12-11,SKU_3,WH_4,16,18.17,16.541257932959745,0.5412579329597449
2024-12-12,SKU_3,WH_4,14,8.83,9.714450851211682,4.285549148788318
2024-12-13,SKU_3,WH_4,13,13.91,13.542809147099302,0.5428091470993017
2024-12-14,SKU_3,WH_4,27,27.44,23.62628259034926,3.373717409650741
2024-12-15,SKU_3,WH_4,12,11.41,11.646118550741814,0.35388144925818565
2024-12-16,SKU_3,WH_4,16,17.25,15.969121877612473,0.030878122387527185
2024-12-17,SKU_3,WH_4,10,8.77,9.748450961808757,0.25154903819124286
2024-12-18,SKU_3,WH_4,23,23.01,20.30453062695278,2.695469373047221
2024-12-19,SKU_3,WH_4,15,13.58,13.856305140609102,1.143694859390898
2024-12-20,SKU_3,WH_4,14,11.58,11.594658381118574,2.405341618881426
2024-12-21,SKU_3,WH_4,21,21.21,19.106414430415843,1.8935855695841575
2024-12-22,SKU_3,WH_4,22,23.28,20.643122283196696,1.3568777168033037
2024-12-23,SKU_3,WH_4,11,15.48,14.768722908413082,3.768722908413082
2024-12-24,SKU_3,WH_4,31,30.76,26.21631071706404,4.78368928293596
2024-12-25,SKU_3,WH_4,21,20.77,18.73538095871265,2.26461904128735
2024-12-26,SKU_3,WH_4,18,20.33,19.55486397354227,1.5548639735422682
2024-12-27,SKU_3,WH_4,14,9.13,10.343006778606075,3.6569932213939254
2024-12-28,SKU_3,WH_4,25,30.45,26.14737729845439,1.1473772984543906
2024-12-29,SKU_3,WH_4,21,22.07,19.859852785247615,1.1401472147523855
2024-12-30,SKU_3,WH_4,20,21.62,20.38280154307509,0.3828015430750895
2024-11-10,SKU_3,WH_5,18,15.97,14.813082598471837,3.186917401528163
2024-11-11,SKU_3,WH_5,5,3.61,5.3533707668140265,0.35337076681402646
2024-11-12,SKU_3,WH_5,7,5.54,6.958800154645658,0.041199845354341846
2024-11-13,SKU_3,WH_5,11,9.96,10.170819005423454,0.8291809945765465
2024-11-14,SKU_3,WH_5,13,14.48,14.129123073695233,1.129123073695233
2024-11-15,SKU_3,WH_5,14,18.58,16.51808214771812,2.5180821477181183
2024-11-16,SKU_3,WH_5,13,10.6,10.710642640296149,2.2893573597038515
2024-11-17,SKU_3,WH_5,5,8.8,9.219382199764754,4.219382199764754
2024-11-18,SKU_3,WH_5,21,23.73,20.349197665375435,0.650802334624565
2024-11-19,SKU_3,WH_5,10,10.08,10.073302433329435,0.07330243332943454
2024-11-20,SKU_3,WH_5,16,17.32,15.451354628014624,0.5486453719853763
2024-11-21,SKU_3,WH_5,18,15.24,14.915256426776708,3.0847435732232924
2024-11-22,SKU_3,WH_5,16,17.03,15.348803289774757,0.6511967102252427
2024-11-23,SKU_3,WH_5,14,16.09,14.760147256905094,0.7601472569050944
2024-11-24,SKU_3,WH_5,20,18.32,16.16075713603189,3.83924286396811
2024-11-25,SKU_3,WH_5,21,14.81,13.705594459852277,7.294405540147723
2024-11-26,SKU_3,WH_5,18,16.69,15.193119448510819,2.806880551489181
2024-11-27,SKU_3,WH_5,17,19.43,17.318084061224607,0.31808406122460653
2024-11-28,SKU_3,WH_5,14,13.93,13.225626072228385,0.7743739277716148
2024-11-29,SKU_3,WH_5,17,15.03,14.08004632499741,2.9199536750025903
2024-11-30,SKU_3,WH_5,8,4.51,6.321541594555584,1.6784584054444158
2024-12-01,SKU_3,WH_5,7,3.42,5.673712258788289,1.3262877412117113
2024-12-02,SKU_3,WH_5,10,3.2,5.619731950470514,4.380268049529486
2024-12-03,SKU_3,WH_5,11,11.92,11.754284900985102,0.7542849009851018
2024-12-04,SKU_3,WH_5,22,21.18,18.72053089229084,3.2794691077091613
2024-12-05,SKU_3,WH_5,17,16.93,15.540555173356742,1.4594448266432583
2024-12-06,SKU_3,WH_5,12,12.66,12.452656198482952,0.452656198482952
2024-12-07,SKU_3,WH_5,14,14.01,13.427255227827132,0.572744772172868
2024-12-08,SKU_3,WH_5,12,6.56,7.774016895691675,4.225983104308325
2024-12-09,SKU_3,WH_5,9,4.16,6.080127104244552,2.9198728957554483
2024-12-10,SKU_3,WH_5,22,19.9,17.856302274100393,4.143697725899607
2024-12-11,SKU_3,WH_5,8,6.58,7.671619405729113,0.32838059427088684
2024-12-12,SKU_3,WH_5,15,16.36,15.18982069069037,0.1898206906903699
2024-12-13,SKU_3,WH_5,11,10.46,10.636303840288852,0.3636961597111483
2024-12-14,SKU_3,WH_5,4,9.08,9.746451144443322,5.746451144443322
2024-12-15,SKU_3,WH_5,27,30.43,27.62459865375512,0.6245986537551182
2024-12-16,SKU_3,WH_5,5,0.0,3.093058209133271,1.9069417908667292
2024-12-17,SKU_3,WH_5,23,22.9,20.094674618488064,2.905325381511936
2024-12-18,SKU_3,WH_5,23,25.55,22.28968777774451,0.7103122222554887
2024-12-19,SKU_3,WH_5,17,19.8,17.827299936323808,0.8272999363238078
2024-12-20,SKU_3,WH_5,21,17.8,16.353318561154744,4.646681438845256
2024-12-21,SKU_3,WH_5,15,16.16,15.174062211716002,0.17406221171600222
2024-12-22,SKU_3,WH_5,12,11.87,11.80447770226723,0.1955222977327704
2024-12-23,SKU_3,WH_5,18,17.92,16.361726647782994,1.6382733522170057
2024-12-24,SKU_3,WH_5,19,17.16,15.864402864603303,3.135597135396697
2024-12-25,SKU_3,WH_5,17,15.67,14.838066785212485,2.161933214787515
2024-12-26,SKU_3,WH_5,19,16.55,15.374398211639974,3.625601788360026
2024-12-27,SKU_3,WH_5,24,24.04,21.197140319463497,2.8028596805365034
2024-12-28,SKU_3,WH_5,31,36.81,31.965313467522712,0.9653134675227122
2024-12-29,SKU_3,WH_5,18,13.76,13.451512397946898,4.548487602053102
2024-12-30,SKU_3,WH_5,27,31.46,27.77810750984545,0.7781075098454515
2024-11-10,SKU_30,WH_1,2,2.2,3.8780523008548924,1.8780523008548924
2024-11-11,SKU_30,WH_1,14,13.4,13.30739204186525,0.6926079581347508
2024-11-12,SKU_30,WH_1,9,11.86,11.4600471307708,2.4600471307708
2024-11-13,SKU_30,WH_1,15,14.41,13.2689670679645,1.7310329320355002
2024-11-14,SKU_30,WH_1,13,9.19,9.71871900447713,3.28128099552287
2024-11-15,SKU_30,WH_1,19,21.99,19.26315826272609,0.26315826272609044
2024-11-16,SKU_30,WH_1,18,15.46,14.309816655809541,3.6901833441904586
2024-11-17,SKU_30,WH_1,22,21.8,20.576655188001812,1.423344811998188
2024-11-18,SKU_30,WH_1,11,13.51,12.66915230613664,1.66915230613664
2024-11-19,SKU_30,WH_1,22,23.75,20.438531142900583,1.5614688570994169
2024-11-20,SKU_30,WH_1,13,15.01,13.956094915162831,0.9560949151628311
2024-11-21,SKU_30,WH_1,17,19.39,17.283006702450734,0.28300670245073434
2024-11-22,SKU_30,WH_1,12,10.9,10.951733242552901,1.0482667574470987
2024-11-23,SKU_30,WH_1,13,12.68,12.183043475194024,0.8169565248059758
2024-11-24,SKU_30,WH_1,26,26.17,24.27664368097098,1.723356319029019
2024-11-25,SKU_30,WH_1,12,8.79,9.43735895098984,2.5626410490101605
2024-11-26,SKU_30,WH_1,20,19.71,17.620404796365506,2.3795952036344943
2024-11-27,SKU_30,WH_1,12,10.64,10.812188423308642,1.1878115766913577
2024-11-28,SKU_30,WH_1,13,7.71,8.636309352619078,4.363690647380922
2024-11-29,SKU_30,WH_1,7,7.53,8.409386560697117,1.4093865606971168
2024-11-30,SKU_30,WH_1,10,8.29,8.950275843547598,1.0497241564524025
2024-12-01,SKU_30,WH_1,17,15.7,14.978043853001484,2.021956146998516
2024-12-02,SKU_30,WH_1,10,10.18,10.607933168122042,0.6079331681220417
2024-12-03,SKU_30,WH_1,21,23.71,20.7092915993005,0.29070840069950066
2024-12-04,SKU_30,WH_1,13,10.46,10.717935348891688,2.2820646511083122
2024-12-05,SKU_30,WH_1,23,19.99,19.182211237317787,3.8177887626822127
2024-12-06,SKU_30,WH_1,10,9.97,10.443653990062932,0.4436539900629324
2024-12-07,SKU_30,WH_1,23,23.43,22.140701108125945,0.8592988918740545
2024-12-08,SKU_30,WH_1,23,20.54,19.610347945607078,3.389652054392922
2024-12-09,SKU_30,WH_1,26,26.92,23.45100149752349,2.548998502476511
2024-12-10,SKU_30,WH_1,26,22.51,21.43244914557652,4.56755085442348
2024-12-11,SKU_30,WH_1,9,10.95,11.555506931106509,2.5555069311065086
2024-12-12,SKU_30,WH_1,14,16.78,15.847122597181956,1.847122597181956
2024-12-13,SKU_30,WH_1,21,20.52,18.651020806957405,2.348979193042595
2024-12-14,SKU_30,WH_1,17,16.21,15.490930302561042,1.5090696974389584
2024-12-15,SKU_30,WH_1,18,18.57,18.221999664807882,0.2219996648078819
2024-12-16,SKU_30,WH_1,23,18.55,17.064754206711594,5.935245793288406
2024-12-17,SKU_30,WH_1,22,22.66,20.432105766983167,1.5678942330168333
2024-12-18,SKU_30,WH_1,15,16.43,15.471065882681081,0.4710658826810814
2024-12-19,SKU_30,WH_1,20,14.8,14.290381031991812,5.709618968008188
2024-12-20,SKU_30,WH_1,20,18.47,18.051081718747085,1.948918281252915
2024-12-21,SKU_30,WH_1,17,13.88,13.814459268827552,3.1855407311724484
2024-12-22,SKU_30,WH_1,17,17.89,16.73786725417222,0.2621327458277811
2024-12-23,SKU_30,WH_1,22,21.98,19.74137499004819,2.2586250099518104
2024-12-24,SKU_30,WH_1,13,9.5,10.656785160251982,2.3432148397480184
2024-12-25,SKU_30,WH_1,15,16.75,15.67497015890645,0.6749701589064507
2024-12-26,SKU_30,WH_1,18,19.17,17.5677567176471,0.4322432823528999
2024-12-27,SKU_30,WH_1,17,16.69,15.683420851203355,1.3165791487966452
2024-12-28,SKU_30,WH_1,23,26.85,23.481831324940547,0.48183132494054703
2024-12-29,SKU_30,WH_1,14,20.82,18.696928747818557,4.696928747818557
2024-12-30,SKU_30,WH_1,23,22.36,21.102832968847064,1.8971670311529358
2024-11-10,SKU_30,WH_2,20,21.85,19.29192544214353,0.7080745578564702
2024-11-11,SKU_30,WH_2,10,11.28,11.081592138172512,1.0815921381725122
2024-11-12,SKU_30,WH_2,14,12.35,11.84821268495507,2.1517873150449294
2024-11-13,SKU_30,WH_2,14,16.33,14.896000901018487,0.8960009010184873
2024-11-14,SKU_30,WH_2,1,1.08,3.3867101234221457,2.3867101234221457
2024-11-15,SKU_30,WH_2,21,25.93,22.18782315106511,1.1878231510651105
2024-11-16,SKU_30,WH_2,14,16.56,15.080741782784294,1.080741782784294
2024-11-17,SKU_30,WH_2,6,7.84,8.50495021668367,2.5049502166836692
2024-11-18,SKU_30,WH_2,16,19.59,18.725189813855504,2.725189813855504
2024-11-19,SKU_30,WH_2,19,17.93,16.005097013219686,2.994902986780314
2024-11-20,SKU_30,WH_2,14,18.67,16.526523513810815,2.5265235138108153
2024-11-21,SKU_30,WH_2,2,0.0,2.459728368953903,0.4597283689539031
2024-11-22,SKU_30,WH_2,27,23.09,21.388440861890306,5.611559138109694
2024-11-23,SKU_30,WH_2,15,10.32,10.453009726385321,4.546990273614679
2024-11-24,SKU_30,WH_2,21,17.48,15.736160280872676,5.263839719127324
2024-11-25,SKU_30,WH_2,13,12.45,12.061783098919326,0.9382169010806738
2024-11-26,SKU_30,WH_2,18,15.98,15.74227664467704,2.2577233553229608
2024-11-27,SKU_30,WH_2,9,13.16,12.564935192569372,3.564935192569372
2024-11-28,SKU_30,WH_2,42,40.33,31.803338432607184,10.196661567392816
2024-11-29,SKU_30,WH_2,12,16.26,15.204478057851023,3.2044780578510235
2024-11-30,SKU_30,WH_2,29,26.67,23.24151627577339,5.758483724226611
2024-12-01,SKU_30,WH_2,18,21.54,19.452266268545372,1.4522662685453724
2024-12-02,SKU_30,WH_2,11,7.86,9.268800205507349,1.7311997944926514
2024-12-03,SKU_30,WH_2,12,15.25,14.697786689955732,2.6977866899557323
2024-12-04,SKU_30,WH_2,15,21.66,19.461191964904376,4.461191964904376
2024-12-05,SKU_30,WH_2,15,14.66,14.052473926369716,0.947526073630284
2024-12-06,SKU_30,WH_2,18,21.83,19.75683522221327,1.7568352222132688
2024-12-07,SKU_30,WH_2,20,23.62,21.02168540223313,1.0216854022331283
2024-12-08,SKU_30,WH_2,18,14.39,13.843014806201403,4.156985193798597
2024-12-09,SKU_30,WH_2,13,13.37,13.091607169608555,0.09160716960855453
2024-12-10,SKU_30,WH_2,14,14.42,13.816764336873662,0.18323566312633766
2024-12-11,SKU_30,WH_2,20,22.83,20.387211858571035,0.38721185857103535
2024-12-12,SKU_30,WH_2,25,29.26,24.98911033763848,0.010889662361520891
2024-12-13,SKU_30,WH_2,14,11.06,11.594934505436088,2.405065494563912
2024-12-14,SKU_30,WH_2,6,4.78,6.659812856620523,0.6598128566205226
2024-12-15,SKU_30,WH_2,16,18.79,17.22061307896114,1.22061307896114
2024-12-16,SKU_30,WH_2,17,16.48,15.47700038683573,1.52299961316427
2024-12-17,SKU_30,WH_2,25,27.25,23.5476395716363,1.4523604283637006
2024-12-18,SKU_30,WH_2,29,26.79,25.028301572848076,3.9716984271519244
2024-12-19,SKU_30,WH_2,17,18.36,16.7400875260943,0.2599124739057004
2024-12-20,SKU_30,WH_2,20,15.71,15.168109966170684,4.831890033829316
2024-12-21,SKU_30,WH_2,21,23.36,20.922190158923218,0.0778098410767818
2024-12-22,SKU_30,WH_2,28,26.0,24.56556259824469,3.4344374017553108
2024-12-23,SKU_30,WH_2,21,22.43,20.443634924897808,0.5563650751021925
2024-12-24,SKU_30,WH_2,26,18.66,17.53733835643783,8.462661643562171
2024-12-25,SKU_30,WH_2,22,27.06,24.002690258201195,2.002690258201195
2024-12-26,SKU_30,WH_2,16,12.26,12.742670827578042,3.257329172421958
2024-12-27,SKU_30,WH_2,28,29.97,26.178703000517086,1.8212969994829145
2024-12-28,SKU_30,WH_2,15,15.54,15.37812057943782,0.3781205794378195
2024-12-29,SKU_30,WH_2,23,29.05,25.244481785433447,2.2444817854334467
2024-12-30,SKU_30,WH_2,19,18.85,18.508561588728366,0.4914384112716341
2024-11-10,SKU_30,WH_3,5,1.43,3.313585527134695,1.6864144728653052
2024-11-11,SKU_30,WH_3,11,11.19,10.999985618317679,1.4381682321484845e-05
2024-11-12,SKU_30,WH_3,18,16.87,16.164704601587164,1.8352953984128355
2024-11-13,SKU_30,WH_3,2,4.82,6.4410671363729515,4.4410671363729515
2024-11-14,SKU_30,WH_3,14,12.59,12.142309123757592,1.8576908762424083
2024-11-15,SKU_30,WH_3,6,2.75,4.800891427070011,1.1991085729299886
2024-11-16,SKU_30,WH_3,11,14.79,14.463978941977786,3.4639789419777856
2024-11-17,SKU_30,WH_3,17,17.95,16.046810550114362,0.9531894498856381
2024-11-18,SKU_30,WH_3,17,24.7,21.11521968096489,4.115219680964891
2024-11-19,SKU_30,WH_3,11,12.45,12.580084066741906,1.5800840667419056
2024-11-20,SKU_30,WH_3,20,22.59,19.510616293329317,0.489383706670683
2024-11-21,SKU_30,WH_3,7,13.6,13.412617013169271,6.412617013169271
2024-11-22,SKU_30,WH_3,16,19.79,17.459437626044977,1.459437626044977
2024-11-23,SKU_30,WH_3,8,13.4,12.574941420450662,4.574941420450662
2024-11-24,SKU_30,WH_3,4,2.26,3.769395330887348,0.23060466911265198
2024-11-25,SKU_30,WH_3,10,10.68,10.695998513544785,0.6959985135447848
2024-11-26,SKU_30,WH_3,20,21.35,18.639763575423686,1.360236424576314
2024-11-27,SKU_30,WH_3,18,21.71,20.151219695955938,2.1512196959559375
2024-11-28,SKU_30,WH_3,13,13.04,12.361693862528039,0.638306137471961
2024-11-29,SKU_30,WH_3,19,22.47,20.91446352145325,1.91446352145325
2024-11-30,SKU_30,WH_3,22,18.36,16.179846121809298,5.820153878190702
2024-12-01,SKU_30,WH_3,19,17.48,16.048282828720673,2.951717171279327
2024-12-02,SKU_30,WH_3,13,17.52,16.163156421040306,3.1631564210403056
2024-12-03,SKU_30,WH_3,10,9.82,10.367872653332252,0.3678726533322525
2024-12-04,SKU_30,WH_3,14,13.66,13.05737741105828,0.9426225889417204
2024-12-05,SKU_30,WH_3,26,26.82,23.11831108372976,2.881688916270239
2024-12-06,SKU_30,WH_3,14,14.06,13.516760084541353,0.48323991545864686
2024-12-07,SKU_30,WH_3,12,13.14,12.8093590741563,0.8093590741562995
2024-12-08,SKU_30,WH_3,10,9.22,10.057458172955746,0.05745817295574618
2024-12-09,SKU_30,WH_3,11,11.47,11.448532117347437,0.4485321173474368
2024-12-10,SKU_30,WH_3,33,31.29,28.42870538354875,4.571294616451251
2024-12-11,SKU_30,WH_3,19,20.03,18.07498355242526,0.9250164475747411
2024-12-12,SKU_30,WH_3,17,18.63,16.924733150753486,0.07526684924651406
2024-12-13,SKU_30,WH_3,20,16.26,16.05057562658455,3.94942437341545
2024-12-14,SKU_30,WH_3,13,17.1,15.863730469674625,2.863730469674625
2024-12-15,SKU_30,WH_3,31,30.4,27.806395181512755,3.1936048184872448
2024-12-16,SKU_30,WH_3,15,16.13,15.443227152093872,0.443227152093872
2024-12-17,SKU_30,WH_3,20,15.71,15.30105726197754,4.69894273802246
2024-12-18,SKU_30,WH_3,22,25.58,22.608049196114944,0.6080491961149441
2024-12-19,SKU_30,WH_3,15,18.43,16.906980969793498,1.9069809697934978
2024-12-20,SKU_30,WH_3,17,19.09,17.581017468427287,0.5810174684272873
2024-12-21,SKU_30,WH_3,19,23.42,20.932075710068716,1.932075710068716
2024-12-22,SKU_30,WH_3,17,14.37,13.882797783429096,3.117202216570904
2024-12-23,SKU_30,WH_3,18,17.78,16.593049229386658,1.4069507706133422
2024-12-24,SKU_30,WH_3,14,17.41,16.278089961699973,2.2780899616999726
2024-12-25,SKU_30,WH_3,20,16.94,16.637981261609024,3.362018738390976
2024-12-26,SKU_30,WH_3,17,19.86,18.072816412232005,1.0728164122320045
2024-12-27,SKU_30,WH_3,16,14.12,13.617059055257748,2.382940944742252
2024-12-28,SKU_30,WH_3,16,17.34,16.064522081291905,0.06452208129190495
2024-12-29,SKU_30,WH_3,16,19.31,17.596551559788594,1.596551559788594
2024-12-30,SKU_30,WH_3,16,17.3,17.019774922180428,1.019774922180428
2024-11-10,SKU_30,WH_4,8,6.21,7.04069429543081,0.9593057045691902
2024-11-11,SKU_30,WH_4,19,26.11,24.158268140465353,5.158268140465353
2024-11-12,SKU_30,WH_4,14,17.16,15.531125842073124,1.5311258420731235
2024-11-13,SKU_30,WH_4,12,10.49,10.663820860549535,1.336179139450465
2024-11-14,SKU_30,WH_4,12,12.1,11.768869065723756,0.2311309342762442
2024-11-15,SKU_30,WH_4,6,7.4,8.44293750462219,2.44293750462219
2024-11-16,SKU_30,WH_4,10,12.97,12.969575065898656,2.969575065898656
2024-11-17,SKU_30,WH_4,17,10.05,10.137570213465366,6.8624297865346335
2024-11-18,SKU_30,WH_4,9,7.31,8.10585792629597,0.89414207370403
2024-11-19,SKU_30,WH_4,5,4.17,5.651731862128749,0.6517318621287487
2024-11-20,SKU_30,WH_4,13,9.65,9.846078732874632,3.1539212671253676
2024-11-21,SKU_30,WH_4,12,14.44,13.258642807172354,1.2586428071723539
2024-11-22,SKU_30,WH_4,18,21.03,19.603776460395895,1.6037764603958955
2024-11-23,SKU_30,WH_4,15,15.85,15.611222879277573,0.6112228792775731
2024-11-24,SKU_30,WH_4,22,26.49,24.256987846196587,2.256987846196587
2024-11-25,SKU_30,WH_4,23,23.22,20.178494349961767,2.821505650038233
2024-11-26,SKU_30,WH_4,14,14.66,13.402214694739653,0.5977853052603468
2024-11-27,SKU_30,WH_4,12,7.58,8.481019539622832,3.5189804603771684
2024-11-28,SKU_30,WH_4,6,6.79,7.5580079079285225,1.5580079079285225
2024-11-29,SKU_30,WH_4,22,22.77,19.74509644289117,2.254903557108829
2024-11-30,SKU_30,WH_4,17,18.11,16.129748848055307,0.8702511519446929
2024-12-01,SKU_30,WH_4,14,13.25,12.8644561088356,1.1355438911643994
2024-12-02,SKU_30,WH_4,18,13.81,13.154276690067057,4.845723309932943
2024-12-03,SKU_30,WH_4,10,3.16,5.265949670127195,4.734050329872805
2024-12-04,SKU_30,WH_4,15,14.65,13.732125548274057,1.2678744517259428
2024-12-05,SKU_30,WH_4,18,17.25,15.855534250803768,2.1444657491962325
2024-12-06,SKU_30,WH_4,20,22.14,19.711130530557007,0.28886946944299297
2024-12-07,SKU_30,WH_4,21,15.27,14.5413638093708,6.4586361906292
2024-12-08,SKU_30,WH_4,22,17.85,16.457071873107957,5.542928126892043
2024-12-09,SKU_30,WH_4,13,15.9,16.029894091954638,3.029894091954638
2024-12-10,SKU_30,WH_4,22,19.73,17.9338644341262,4.0661355658738
2024-12-11,SKU_30,WH_4,13,17.17,15.972031932365887,2.972031932365887
2024-12-12,SKU_30,WH_4,14,16.19,15.277012140030298,1.2770121400302976
2024-12-13,SKU_30,WH_4,20,17.85,16.441315163546093,3.5586848364539065
2024-12-14,SKU_30,WH_4,20,17.03,15.872394343329676,4.127605656670324
2024-12-15,SKU_30,WH_4,16,16.99,15.709862912417607,0.29013708758239254
2024-12-16,SKU_30,WH_4,18,18.43,16.797259173185484,1.2027408268145159
2024-12-17,SKU_30,WH_4,18,19.44,17.703239802172472,0.2967601978275276
2024-12-18,SKU_30,WH_4,12,12.5,12.445934052281608,0.44593405228160776
2024-12-19,SKU_30,WH_4,15,10.7,11.267415102865616,3.732584897134384
2024-12-20,SKU_30,WH_4,13,12.08,12.024627353579183,0.9753726464208174
2024-12-21,SKU_30,WH_4,10,13.74,13.33840726954272,3.3384072695427207
2024-12-22,SKU_30,WH_4,16,11.94,12.463995694653248,3.5360043053467525
2024-12-23,SKU_30,WH_4,20,23.61,20.868588333385325,0.8685883333853255
2024-12-24,SKU_30,WH_4,12,13.57,13.171938345000735,1.1719383450007346
2024-12-25,SKU_30,WH_4,22,25.13,21.750151363785896,0.2498486362141037
2024-12-26,SKU_30,WH_4,18,14.25,13.56686454677251,4.433135453227489
2024-12-27,SKU_30,WH_4,21,14.53,13.774021196995403,7.2259788030045975
2024-12-28,SKU_30,WH_4,15,17.3,16.057326287508058,1.057326287508058
2024-12-29,SKU_30,WH_4,14,15.09,14.50546261286707,0.5054626128670705
2024-12-30,SKU_30,WH_4,12,11.85,12.702723515557054,0.7027235155570537
2024-11-10,SKU_30,WH_5,3,6.96,7.647962351523883,4.647962351523883
2024-11-11,SKU_30,WH_5,18,17.29,15.589950292821763,2.4100497071782367
2024-11-12,SKU_30,WH_5,12,9.35,9.8105428800135,2.1894571199865
2024-11-13,SKU_30,WH_5,13,17.09,16.4466581331961,3.446658133196099
2024-11-14,SKU_30,WH_5,23,23.64,21.9780243726681,1.0219756273319014
2024-11-15,SKU_30,WH_5,7,9.24,9.768435511411568,2.7684355114115675
2024-11-16,SKU_30,WH_5,14,14.34,13.273998614993408,0.7260013850065921
2024-11-17,SKU_30,WH_5,9,10.31,10.4066423854651,1.4066423854650996
2024-11-18,SKU_30,WH_5,14,13.09,12.418699587301075,1.5813004126989245
2024-11-19,SKU_30,WH_5,6,5.45,6.8966866796872255,0.8966866796872255
2024-11-20,SKU_30,WH_5,10,7.9,8.515758473485414,1.4842415265145856
2024-11-21,SKU_30,WH_5,10,9.99,10.081474211069768,0.08147421106976793
2024-11-22,SKU_30,WH_5,17,15.26,14.07130724525572,2.9286927547442794
2024-11-23,SKU_30,WH_5,14,16.55,14.997771867327181,0.9977718673271809
2024-11-24,SKU_30,WH_5,13,13.67,12.717417800364856,0.28258219963514364
2024-11-25,SKU_30,WH_5,12,19.37,17.101722560103426,5.1017225601034255
2024-11-26,SKU_30,WH_5,6,6.11,7.045875646309307,1.045875646309307
2024-11-27,SKU_30,WH_5,11,11.29,10.995511031558063,0.0044889684419366915
2024-11-28,SKU_30,WH_5,8,9.39,9.72729665340558,1.7272966534055794
2024-11-29,SKU_30,WH_5,16,13.05,12.389279907986035,3.610720092013965
2024-11-30,SKU_30,WH_5,8,0.32,2.5106687481335905,5.4893312518664095
2024-12-01,SKU_30,WH_5,19,21.08,18.600853580166056,0.3991464198339436
2024-12-02,SKU_30,WH_5,11,10.76,11.508625349977136,0.5086253499771356
2024-12-03,SKU_30,WH_5,19,13.48,12.751008359052852,6.248991640947148
2024-12-04,SKU_30,WH_5,22,18.02,16.198486591572685,5.801513408427315
2024-12-05,SKU_30,WH_5,16,16.72,15.338079003541884,0.6619209964581163
2024-12-06,SKU_30,WH_5,19,20.13,18.00056403543363,0.99943596456637
2024-12-07,SKU_30,WH_5,13,12.14,11.971761937192117,1.0282380628078833
2024-12-08,SKU_30,WH_5,13,14.57,13.582867223656022,0.582867223656022
2024-12-09,SKU_30,WH_5,12,13.23,12.781333302729793,0.7813333027297933
2024-12-10,SKU_30,WH_5,15,18.69,16.748030855857735,1.7480308558577349
2024-12-11,SKU_30,WH_5,20,18.85,18.08446167358002,1.9155383264199806
2024-12-12,SKU_30,WH_5,16,14.49,14.376785149441016,1.623214850558984
2024-12-13,SKU_30,WH_5,21,24.61,21.33749596078439,0.33749596078439126
2024-12-14,SKU_30,WH_5,18,18.94,17.060138204595496,0.9398617954045037
2024-12-15,SKU_30,WH_5,16,13.68,13.168253747800362,2.831746252199638
2024-12-16,SKU_30,WH_5,22,23.14,20.291921295086787,1.7080787049132127
2024-12-17,SKU_30,WH_5,14,9.32,10.103597666302166,3.896402333697834
2024-12-18,SKU_30,WH_5,15,10.15,10.625214585498444,4.374785414501556
2024-12-19,SKU_30,WH_5,19,24.13,21.177048212963207,2.177048212963207
2024-12-20,SKU_30,WH_5,21,25.17,21.684925157823926,0.6849251578239262
2024-12-21,SKU_30,WH_5,21,27.29,23.420863546169603,2.4208635461696026
2024-12-22,SKU_30,WH_5,17,14.88,14.1902456095455,2.8097543904545006
2024-12-23,SKU_30,WH_5,17,19.61,17.87392507503564,0.8739250750356398
2024-12-24,SKU_30,WH_5,17,14.28,13.56152520284653,3.4384747971534697
2024-12-25,SKU_30,WH_5,20,25.71,22.449414750875768,2.4494147508757678
2024-12-26,SKU_30,WH_5,20,18.98,17.22789494235857,2.7721050576414292
2024-12-27,SKU_30,WH_5,24,25.03,23.288163479449576,0.711836520550424
2024-12-28,SKU_30,WH_5,25,30.04,25.83636584563348,0.8363658456334804
2024-12-29,SKU_30,WH_5,30,28.72,24.799736343990798,5.200263656009202
2024-12-30,SKU_30,WH_5,22,20.94,20.125106186162082,1.874893813837918
2024-11-10,SKU_31,WH_1,19,20.15,19.090695537095243,0.09069553709524314
2024-11-11,SKU_31,WH_1,13,10.35,10.593637574999953,2.4063624250000473
2024-11-12,SKU_31,WH_1,7,6.02,7.211619927850183,0.21161992785018313
2024-11-13,SKU_31,WH_1,19,19.68,17.57516371361581,1.4248362863841884
2024-11-14,SKU_31,WH_1,12,12.55,12.084841193064765,0.08484119306476501
2024-11-15,SKU_31,WH_1,16,15.0,14.08390676333772,1.9160932366622792
2024-11-16,SKU_31,WH_1,16,19.13,17.09691349206185,1.0969134920618515
2024-11-17,SKU_31,WH_1,16,14.02,13.267855741922975,2.7321442580770245
2024-11-18,SKU_31,WH_1,16,17.24,15.634282415161199,0.36571758483880146
2024-11-19,SKU_31,WH_1,9,8.03,8.759927433660437,0.2400725663395633
2024-11-20,SKU_31,WH_1,15,18.57,16.67722340136187,1.6772234013618714
2024-11-21,SKU_31,WH_1,7,4.85,6.659853892193384,0.3401461078066159
2024-11-22,SKU_31,WH_1,21,18.84,16.723831082591598,4.276168917408402
2024-11-23,SKU_31,WH_1,8,8.05,8.738468140484283,0.738468140484283
2024-11-24,SKU_31,WH_1,19,17.9,16.10517274168541,2.8948272583145886
2024-11-25,SKU_31,WH_1,23,15.34,14.216676409062016,8.783323590937984
2024-11-26,SKU_31,WH_1,6,5.55,7.069556789207783,1.069556789207783
2024-11-27,SKU_31,WH_1,14,15.76,14.744646993502428,0.7446469935024282
2024-11-28,SKU_31,WH_1,19,19.41,17.316164181579115,1.683835818420885
2024-11-29,SKU_31,WH_1,16,18.24,16.312653924274883,0.31265392427488337
2024-11-30,SKU_31,WH_1,20,14.77,13.837172812352433,6.162827187647567
2024-12-01,SKU_31,WH_1,36,38.93,32.78914444584436,3.2108555541556427
2024-12-02,SKU_31,WH_1,17,24.27,21.643388512925345,4.643388512925345
2024-12-03,SKU_31,WH_1,26,25.7,22.689777789435322,3.310222210564678
2024-12-04,SKU_31,WH_1,0,4.37,7.120435905099832,7.120435905099832
2024-12-05,SKU_31,WH_1,14,11.5,11.63081126103822,2.36918873896178
2024-12-06,SKU_31,WH_1,19,21.42,19.329676819523392,0.32967681952339234
2024-12-07,SKU_31,WH_1,11,10.26,10.896774330293695,0.10322566970630476
2024-12-08,SKU_31,WH_1,16,11.52,11.631710372121653,4.368289627878347
2024-12-09,SKU_31,WH_1,12,11.8,11.945730403107929,0.05426959689207145
2024-12-10,SKU_31,WH_1,13,13.28,12.967262174677915,0.03273782532208536
2024-12-11,SKU_31,WH_1,19,18.31,16.547471416520132,2.452528583479868
2024-12-12,SKU_31,WH_1,24,21.86,20.796462707384833,3.2035372926151666
2024-12-13,SKU_31,WH_1,25,26.93,23.63487238612657,1.3651276138734296
2024-12-14,SKU_31,WH_1,12,10.86,11.43151496717394,0.5684850328260609
2024-12-15,SKU_31,WH_1,16,11.7,11.666698370158409,4.333301629841591
2024-12-16,SKU_31,WH_1,10,13.02,12.66260597166246,2.66260597166246
2024-12-17,SKU_31,WH_1,9,12.06,11.946035973334006,2.9460359733340056
2024-12-18,SKU_31,WH_1,18,20.58,18.48258083576891,0.48258083576891053
2024-12-19,SKU_31,WH_1,23,22.49,20.0457163157386,2.9542836842614015
2024-12-20,SKU_31,WH_1,17,16.92,15.720140751495848,1.2798592485041524
2024-12-21,SKU_31,WH_1,15,13.31,12.991669423307783,2.0083305766922166
2024-12-22,SKU_31,WH_1,19,20.06,18.329840077900787,0.6701599220992129
2024-12-23,SKU_31,WH_1,18,19.77,17.966301065715033,0.03369893428496695
2024-12-24,SKU_31,WH_1,16,16.74,15.65929545444913,0.3407045455508708
2024-12-25,SKU_31,WH_1,19,16.81,15.693436448035587,3.3065635519644125
2024-12-26,SKU_31,WH_1,28,28.43,24.57175956118656,3.4282404388134395
2024-12-27,SKU_31,WH_1,20,19.87,18.13813755378511,1.8618624462148894
2024-12-28,SKU_31,WH_1,19,19.43,17.872609677512987,1.1273903224870132
2024-12-29,SKU_31,WH_1,21,23.34,20.946254590832947,0.05374540916705328
2024-12-30,SKU_31,WH_1,20,19.84,19.233571936786625,0.7664280632133753
2024-11-10,SKU_31,WH_2,16,20.49,18.094618192027475,2.0946181920274753
2024-11-11,SKU_31,WH_2,8,2.22,4.010444775089589,3.9895552249104114
2024-11-12,SKU_31,WH_2,21,21.82,19.18239267722408,1.8176073227759204
2024-11-13,SKU_31,WH_2,7,10.41,10.427080615571267,3.427080615571267
2024-11-14,SKU_31,WH_2,15,20.44,18.034393710647596,3.0343937106475956
2024-11-15,SKU_31,WH_2,16,23.41,21.802944501506314,5.802944501506314
2024-11-16,SKU_31,WH_2,23,23.24,20.141526768904868,2.8584732310951324
2024-11-17,SKU_31,WH_2,11,8.14,8.929178873284883,2.070821126715117
2024-11-18,SKU_31,WH_2,15,17.43,15.696120655375458,0.6961206553754575
2024-11-19,SKU_31,WH_2,9,14.17,13.23885157689957,4.23885157689957
2024-11-20,SKU_31,WH_2,14,14.09,13.933216725969231,0.06678327403076878
2024-11-21,SKU_31,WH_2,12,10.32,10.48525633567635,1.5147436643236496
2024-11-22,SKU_31,WH_2,23,22.27,20.746171344384738,2.253828655615262
2024-11-23,SKU_31,WH_2,10,13.38,13.443364466973726,3.4433644669737262
2024-11-24,SKU_31,WH_2,24,21.76,20.629130306279723,3.3708696937202767
2024-11-25,SKU_31,WH_2,11,13.38,12.7602458920474,1.7602458920474007
2024-11-26,SKU_31,WH_2,13,16.06,14.926794455059472,1.926794455059472
2024-11-27,SKU_31,WH_2,21,20.25,17.95991157733357,3.040088422666429
2024-11-28,SKU_31,WH_2,20,21.04,18.5253518994498,1.4746481005502012
2024-11-29,SKU_31,WH_2,37,35.63,31.018109075016618,5.981890924983382
2024-11-30,SKU_31,WH_2,12,12.43,12.311981386308679,0.31198138630867867
2024-12-01,SKU_31,WH_2,10,14.69,13.976951682602062,3.9769516826020617
2024-12-02,SKU_31,WH_2,10,9.17,10.337733877683627,0.33773387768362717
2024-12-03,SKU_31,WH_2,10,14.23,13.626609989993952,3.626609989993952
2024-12-04,SKU_31,WH_2,13,15.79,15.11408460730606,2.1140846073060597
2024-12-05,SKU_31,WH_2,19,19.3,17.50594685617852,1.4940531438214784
2024-12-06,SKU_31,WH_2,7,7.04,8.941473066109667,1.9414730661096673
2024-12-07,SKU_31,WH_2,11,11.9,11.82159371210407,0.82159371210407
2024-12-08,SKU_31,WH_2,3,7.58,8.960880695375595,5.960880695375595
2024-12-09,SKU_31,WH_2,21,23.01,20.209968704604226,0.7900312953957744
2024-12-10,SKU_31,WH_2,15,11.99,11.82618262863873,3.1738173713612703
2024-12-11,SKU_31,WH_2,20,19.11,17.22235338942265,2.7776466105773494
2024-12-12,SKU_31,WH_2,7,5.6,7.297788729775,0.29778872977500015
2024-12-13,SKU_31,WH_2,23,22.98,20.146900249320794,2.853099750679206
2024-12-14,SKU_31,WH_2,13,14.16,13.419831605399537,0.419831605399537
2024-12-15,SKU_31,WH_2,8,6.44,7.686813742711468,0.3131862572885318
2024-12-16,SKU_31,WH_2,6,2.25,4.168035068872778,1.8319649311272217
2024-12-17,SKU_31,WH_2,30,28.2,24.085399798563806,5.914600201436194
2024-12-18,SKU_31,WH_2,27,27.02,23.308611628059886,3.691388371940114
2024-12-19,SKU_31,WH_2,24,23.68,20.726938339424656,3.273061660575344
2024-12-20,SKU_31,WH_2,20,19.75,17.970453915797275,2.0295460842027246
2024-12-21,SKU_31,WH_2,22,17.89,16.45308819462219,5.54691180537781
2024-12-22,SKU_31,WH_2,14,16.2,15.318877005733961,1.3188770057339614
2024-12-23,SKU_31,WH_2,14,13.87,13.605763954545726,0.3942360454542744
2024-12-24,SKU_31,WH_2,22,23.59,21.143056757256954,0.8569432427430463
2024-12-25,SKU_31,WH_2,23,21.51,19.35201541129446,3.6479845887055404
2024-12-26,SKU_31,WH_2,15,13.39,13.17369381303896,1.8263061869610393
2024-12-27,SKU_31,WH_2,18,20.05,18.348699300499465,0.3486993004994652
2024-12-28,SKU_31,WH_2,22,16.73,15.572610883967776,6.427389116032224
2024-12-29,SKU_31,WH_2,18,18.81,17.141516382471806,0.8584836175281936
2024-12-30,SKU_31,WH_2,28,21.13,21.02933898660365,6.970661013396349
2024-11-10,SKU_31,WH_3,14,7.79,8.612143369317943,5.387856630682057
2024-11-11,SKU_31,WH_3,3,3.52,5.517505026651863,2.517505026651863
2024-11-12,SKU_31,WH_3,10,9.66,9.985967770747397,0.014032229252602946
2024-11-13,SKU_31,WH_3,16,17.25,15.569548776310471,0.4304512236895288
2024-11-14,SKU_31,WH_3,18,24.29,22.615349633563476,4.615349633563476
2024-11-15,SKU_31,WH_3,7,8.6,9.11170660410466,2.1117066041046595
2024-11-16,SKU_31,WH_3,5,5.98,7.021598862323536,2.021598862323536
2024-11-17,SKU_31,WH_3,25,24.69,21.13067022233793,3.8693297776620703
2024-11-18,SKU_31,WH_3,15,16.95,16.333228694924884,1.333228694924884
2024-11-19,SKU_31,WH_3,16,17.11,15.382002940670105,0.6179970593298947
2024-11-20,SKU_31,WH_3,17,20.34,17.94237097298991,0.9423709729899095
2024-11-21,SKU_31,WH_3,19,22.68,19.84709336221247,0.847093362212469
2024-11-22,SKU_31,WH_3,26,17.37,16.705304786303465,9.294695213696535
2024-11-23,SKU_31,WH_3,16,17.93,16.227064337932738,0.22706433793273817
2024-11-24,SKU_31,WH_3,16,17.21,15.793611612533269,0.20638838746673116
2024-11-25,SKU_31,WH_3,20,23.11,20.257028128767768,0.25702812876776804
2024-11-26,SKU_31,WH_3,15,17.5,15.928590824851767,0.9285908248517671
2024-11-27,SKU_31,WH_3,15,15.8,14.867244336005797,0.13275566399420313
2024-11-28,SKU_31,WH_3,19,19.37,17.460380849397573,1.5396191506024266
2024-11-29,SKU_31,WH_3,13,9.24,10.042253785867343,2.9577462141326567
2024-11-30,SKU_31,WH_3,14,16.99,15.480734823489657,1.480734823489657
2024-12-01,SKU_31,WH_3,17,15.18,14.634177754038186,2.365822245961814
2024-12-02,SKU_31,WH_3,20,19.96,18.090710788553515,1.9092892114464846
2024-12-03,SKU_31,WH_3,8,7.27,8.73964517568093,0.7396451756809306
2024-12-04,SKU_31,WH_3,18,15.31,14.536294058175312,3.4637059418246885
2024-12-05,SKU_31,WH_3,17,17.3,15.996012301153586,1.003987698846414
2024-12-06,SKU_31,WH_3,17,18.85,17.01622126747583,0.016221267475831525
2024-12-07,SKU_31,WH_3,10,7.35,8.836511657512478,1.163488342487522
2024-12-08,SKU_31,WH_3,18,13.45,13.082007455809382,4.917992544190618
2024-12-09,SKU_31,WH_3,17,13.62,13.21929891612135,3.7807010838786503
2024-12-10,SKU_31,WH_3,27,24.78,21.660737060698494,5.339262939301506
2024-12-11,SKU_31,WH_3,17,16.93,15.848442021755238,1.151557978244762
2024-12-12,SKU_31,WH_3,13,11.35,11.58782018215477,1.4121798178452298
2024-12-13,SKU_31,WH_3,19,22.62,20.1376960161458,1.1376960161457994
2024-12-14,SKU_31,WH_3,17,20.44,18.59976356388416,1.59976356388416
2024-12-15,SKU_31,WH_3,16,8.23,9.528175248195218,6.471824751804782
2024-12-16,SKU_31,WH_3,12,13.95,13.635930541082601,1.635930541082601
2024-12-17,SKU_31,WH_3,17,18.44,16.989976484964767,0.010023515035232577
2024-12-18,SKU_31,WH_3,16,19.71,17.91353247980457,1.9135324798045694
2024-12-19,SKU_31,WH_3,24,22.15,20.862883105139616,3.137116894860384
2024-12-20,SKU_31,WH_3,24,22.07,19.75367878249213,4.2463212175078695
2024-12-21,SKU_31,WH_3,23,26.86,23.53041184916919,0.5304118491691909
2024-12-22,SKU_31,WH_3,19,22.53,20.179375617634157,1.1793756176341574
2024-12-23,SKU_31,WH_3,18,20.02,18.25146074070585,0.25146074070584845
2024-12-24,SKU_31,WH_3,19,22.7,20.437450507168236,1.4374505071682364
2024-12-25,SKU_31,WH_3,28,29.47,25.57799379828641,2.4220062017135895
2024-12-26,SKU_31,WH_3,19,23.17,22.09797099535663,3.0979709953566292
2024-12-27,SKU_31,WH_3,20,18.16,16.897249805200367,3.1027501947996328
2024-12-28,SKU_31,WH_3,14,11.48,11.87768854536424,2.12231145463576
2024-12-29,SKU_31,WH_3,22,25.26,22.281155488876305,0.2811554888763048
2024-12-30,SKU_31,WH_3,14,15.4,15.785949935440657,1.785949935440657
2024-11-10,SKU_31,WH_4,5,9.03,9.503841237874926,4.503841237874926
2024-11-11,SKU_31,WH_4,21,20.35,17.92871023319204,3.0712897668079613
2024-11-12,SKU_31,WH_4,10,7.84,8.616470465578901,1.3835295344210987
2024-11-13,SKU_31,WH_4,8,2.66,4.880523752955658,3.119476247044342
2024-11-14,SKU_31,WH_4,17,17.18,15.526018354289763,1.4739816457102375
2024-11-15,SKU_31,WH_4,17,15.79,14.677359539171661,2.322640460828339
2024-11-16,SKU_31,WH_4,4,5.28,6.957160969933388,2.957160969933388
2024-11-17,SKU_31,WH_4,7,8.44,9.115105319032494,2.1151053190324944
2024-11-18,SKU_31,WH_4,27,25.06,23.111499523047986,3.8885004769520144
2024-11-19,SKU_31,WH_4,14,16.95,15.232669276881486,1.2326692768814862
2024-11-20,SKU_31,WH_4,16,10.03,10.163032141667587,5.836967858332413
2024-11-21,SKU_31,WH_4,16,14.93,13.79845940296078,2.2015405970392194
2024-11-22,SKU_31,WH_4,18,18.02,17.224518038157346,0.7754819618426545
2024-11-23,SKU_31,WH_4,24,20.74,19.514050363107838,4.485949636892162
2024-11-24,SKU_31,WH_4,12,11.09,11.142233864388341,0.8577661356116586
2024-11-25,SKU_31,WH_4,15,17.09,15.46993635555097,0.4699363555509706
2024-11-26,SKU_31,WH_4,14,17.4,15.752618416518196,1.752618416518196
2024-11-27,SKU_31,WH_4,13,12.26,11.85872569894339,1.14127430105661
2024-11-28,SKU_31,WH_4,11,12.13,11.852300904348832,0.8523009043488319
2024-11-29,SKU_31,WH_4,14,11.13,11.04769779098032,2.9523022090196793
2024-11-30,SKU_31,WH_4,19,15.93,14.800209981585514,4.199790018414486
2024-12-01,SKU_31,WH_4,19,18.28,16.48195273917867,2.51804726082133
2024-12-02,SKU_31,WH_4,16,19.08,17.256624241513002,1.256624241513002
2024-12-03,SKU_31,WH_4,17,15.75,15.06158448117131,1.9384155188286893
2024-12-04,SKU_31,WH_4,15,10.01,10.50334755242247,4.49665244757753
2024-12-05,SKU_31,WH_4,7,7.97,9.010670784721533,2.0106707847215333
2024-12-06,SKU_31,WH_4,15,12.03,11.849368120257282,3.1506318797427184
2024-12-07,SKU_31,WH_4,20,17.96,16.471223923840505,3.5287760761594953
2024-12-08,SKU_31,WH_4,17,13.72,13.246684187339616,3.753315812660384
2024-12-09,SKU_31,WH_4,25,26.65,23.393314940681183,1.606685059318817
2024-12-10,SKU_31,WH_4,19,18.81,17.053649186305314,1.9463508136946857
2024-12-11,SKU_31,WH_4,24,26.21,22.98797183507969,1.0120281649203093
2024-12-12,SKU_31,WH_4,13,14.11,13.587217322267112,0.5872173222671115
2024-12-13,SKU_31,WH_4,17,16.27,15.389669099111698,1.610330900888302
2024-12-14,SKU_31,WH_4,14,15.62,15.063338313742687,1.0633383137426868
2024-12-15,SKU_31,WH_4,27,28.85,24.692527334458717,2.307472665541283
2024-12-16,SKU_31,WH_4,20,21.48,19.444527810317954,0.555472189682046
2024-12-17,SKU_31,WH_4,18,11.91,11.98197021984556,6.018029780154439
2024-12-18,SKU_31,WH_4,17,15.08,14.5096398427,2.4903601572999996
2024-12-19,SKU_31,WH_4,17,18.06,16.5377806710901,0.4622193289098995
2024-12-20,SKU_31,WH_4,14,14.1,13.677641500465311,0.32235849953468865
2024-12-21,SKU_31,WH_4,26,27.0,23.575014204040983,2.4249857959590173
2024-12-22,SKU_31,WH_4,26,28.17,24.507996005674947,1.492003994325053
2024-12-23,SKU_31,WH_4,16,8.06,9.493501139184188,6.506498860815812
2024-12-24,SKU_31,WH_4,16,12.56,12.566741868215768,3.433258131784232
2024-12-25,SKU_31,WH_4,15,14.94,14.260020603869313,0.7399793961306873
2024-12-26,SKU_31,WH_4,19,15.13,14.668516120323575,4.331483879676425
2024-12-27,SKU_31,WH_4,21,20.73,18.65440942566639,2.3455905743336096
2024-12-28,SKU_31,WH_4,15,15.31,14.8371772126923,0.16282278730770017
2024-12-29,SKU_31,WH_4,21,25.65,22.641833652214927,1.6418336522149275
2024-12-30,SKU_31,WH_4,18,16.37,16.41736504314805,1.582634956851951
2024-11-10,SKU_31,WH_5,23,24.11,20.740159162217328,2.259840837782672
2024-11-11,SKU_31,WH_5,21,20.82,18.219033628414863,2.780966371585137
2024-11-12,SKU_31,WH_5,12,12.83,12.180152807427826,0.18015280742782558
2024-11-13,SKU_31,WH_5,9,6.58,7.356010660118749,1.6439893398812506
2024-11-14,SKU_31,WH_5,6,15.06,13.91676951976431,7.91676951976431
2024-11-15,SKU_31,WH_5,17,16.23,14.83538829932512,2.1646117006748806
2024-11-16,SKU_31,WH_5,8,5.37,6.90654756797181,1.0934524320281902
2024-11-17,SKU_31,WH_5,11,7.68,8.493576594191834,2.5064234058081656
2024-11-18,SKU_31,WH_5,8,6.16,7.012443980381223,0.9875560196187774
2024-11-19,SKU_31,WH_5,15,12.48,11.937073310230703,3.062926689769297
2024-11-20,SKU_31,WH_5,14,15.53,14.274450756352385,0.27445075635238503
2024-11-21,SKU_31,WH_5,0,0.0,2.460475237720313,2.460475237720313
2024-11-22,SKU_31,WH_5,9,7.17,8.058705374850105,0.9412946251498955
2024-11-23,SKU_31,WH_5,25,30.19,25.195563761655432,0.195563761655432
2024-11-24,SKU_31,WH_5,16,20.07,17.827774981332478,1.8277749813324782
2024-11-25,SKU_31,WH_5,22,23.27,21.7596875851258,0.2403124148742002
2024-11-26,SKU_31,WH_5,10,6.92,7.616626991878045,2.3833730081219553
2024-11-27,SKU_31,WH_5,9,15.42,14.300117799446049,5.300117799446049
2024-11-28,SKU_31,WH_5,4,3.43,5.261384452895098,1.261384452895098
2024-11-29,SKU_31,WH_5,24,23.26,20.132496421769112,3.867503578230888
2024-11-30,SKU_31,WH_5,18,18.27,16.181929079945185,1.818070920054815
2024-12-01,SKU_31,WH_5,13,12.42,12.172008622431123,0.8279913775688765
2024-12-02,SKU_31,WH_5,12,10.44,10.67387005388644,1.3261299461135607
2024-12-03,SKU_31,WH_5,16,15.8,14.8688162750554,1.1311837249446004
2024-12-04,SKU_31,WH_5,18,16.65,15.279553564635462,2.720446435364538
2024-12-05,SKU_31,WH_5,14,7.81,8.834527899651674,5.165472100348326
2024-12-06,SKU_31,WH_5,10,11.12,11.281172592661571,1.2811725926615711
2024-12-07,SKU_31,WH_5,16,20.36,18.181189665418106,2.181189665418106
2024-12-08,SKU_31,WH_5,10,9.0,9.794587603139076,0.2054123968609236
2024-12-09,SKU_31,WH_5,16,18.19,16.309104648893353,0.3091046488933529
2024-12-10,SKU_31,WH_5,19,19.42,17.490423721286927,1.509576278713073
2024-12-11,SKU_31,WH_5,13,11.74,11.774074143582482,1.2259258564175184
2024-12-12,SKU_31,WH_5,23,19.24,17.3088133518003,5.6911866481997
2024-12-13,SKU_31,WH_5,21,16.92,15.576614217538946,5.423385782461054
2024-12-14,SKU_31,WH_5,23,26.34,22.818324643642452,0.18167535635754817
2024-12-15,SKU_31,WH_5,13,14.69,13.856141788629628,0.8561417886296283
2024-12-16,SKU_31,WH_5,29,23.52,20.7816634968516,8.2183365031484
2024-12-17,SKU_31,WH_5,19,21.28,20.496354581250305,1.496354581250305
2024-12-18,SKU_31,WH_5,26,22.13,19.90692451465646,6.09307548534354
2024-12-19,SKU_31,WH_5,14,10.7,11.569353877434814,2.430646122565186
2024-12-20,SKU_31,WH_5,17,19.67,18.167904928653265,1.1679049286532646
2024-12-21,SKU_31,WH_5,19,20.81,18.854081058110246,0.14591894188975374
2024-12-22,SKU_31,WH_5,13,13.33,13.198508444562625,0.19850844456262529
2024-12-23,SKU_31,WH_5,17,14.79,14.26533038983375,2.73466961016625
2024-12-24,SKU_31,WH_5,18,19.39,17.64595659488282,0.35404340511718146
2024-12-25,SKU_31,WH_5,28,29.12,26.83012275707084,1.1698772429291608
2024-12-26,SKU_31,WH_5,15,16.29,15.354968718904559,0.3549687189045585
2024-12-27,SKU_31,WH_5,19,17.39,16.10523866980394,2.8947613301960615
2024-12-28,SKU_31,WH_5,18,19.65,18.05656189169212,0.05656189169211956
2024-12-29,SKU_31,WH_5,15,14.96,14.274982361250231,0.7250176387497689
2024-12-30,SKU_31,WH_5,24,26.13,24.01644137946314,0.016441379463138617
2024-11-10,SKU_32,WH_1,5,0.0,2.3781971286753167,2.6218028713246833
2024-11-11,SKU_32,WH_1,12,13.46,12.638428766483718,0.6384287664837185
2024-11-12,SKU_32,WH_1,8,6.8,7.60253481215964,0.39746518784035967
2024-11-13,SKU_32,WH_1,9,7.31,8.19645851258075,0.8035414874192508
2024-11-14,SKU_32,WH_1,12,16.56,15.118160343591537,3.118160343591537
2024-11-15,SKU_32,WH_1,1,2.84,4.848675652037706,3.8486756520377057
2024-11-16,SKU_32,WH_1,10,12.48,11.96430778708998,1.9643077870899806
2024-11-17,SKU_32,WH_1,10,10.86,10.934503915032787,0.9345039150327867
2024-11-18,SKU_32,WH_1,12,13.47,12.574022644789476,0.5740226447894763
2024-11-19,SKU_32,WH_1,11,11.83,11.40900167009135,0.40900167009134947
2024-11-20,SKU_32,WH_1,14,10.33,10.3499922717109,3.6500077282891006
2024-11-21,SKU_32,WH_1,12,8.14,8.80509991431181,3.1949000856881895
2024-11-22,SKU_32,WH_1,5,4.76,6.059259229575219,1.0592592295752192
2024-11-23,SKU_32,WH_1,18,20.12,18.977995151499435,0.9779951514994352
2024-11-24,SKU_32,WH_1,13,15.74,14.589922685508371,1.5899226855083715
2024-11-25,SKU_32,WH_1,9,11.12,11.479407486386107,2.4794074863861066
2024-11-26,SKU_32,WH_1,10,8.67,9.179839659643026,0.8201603403569742
2024-11-27,SKU_32,WH_1,21,20.66,17.943248577849868,3.056751422150132
2024-11-28,SKU_32,WH_1,12,9.79,10.018632606419313,1.9813673935806868
2024-11-29,SKU_32,WH_1,17,18.06,16.00234834199511,0.9976516580048909
2024-11-30,SKU_32,WH_1,18,16.04,14.817572331012359,3.182427668987641
2024-12-01,SKU_32,WH_1,13,9.25,10.035694488279697,2.964305511720303
2024-12-02,SKU_32,WH_1,11,15.86,15.01147161428659,4.01147161428659
2024-12-03,SKU_32,WH_1,9,10.16,10.585360250494372,1.5853602504943716
2024-12-04,SKU_32,WH_1,19,20.25,18.0405560266451,0.959443973354901
2024-12-05,SKU_32,WH_1,22,19.65,17.635278293529034,4.3647217064709665
2024-12-06,SKU_32,WH_1,20,17.77,16.219026694788948,3.7809733052110523
2024-12-07,SKU_32,WH_1,13,11.87,11.758938937807692,1.2410610621923084
2024-12-08,SKU_32,WH_1,14,13.67,13.095368543244835,0.9046314567551654
2024-12-09,SKU_32,WH_1,11,11.3,11.330251402173726,0.33025140217372595
2024-12-10,SKU_32,WH_1,9,13.86,13.361672824416836,4.361672824416836
2024-12-11,SKU_32,WH_1,10,13.21,12.822184663370624,2.8221846633706242
2024-12-12,SKU_32,WH_1,23,22.19,19.517213678771768,3.4827863212282324
2024-12-13,SKU_32,WH_1,25,20.59,18.240726473252447,6.7592735267475526
2024-12-14,SKU_32,WH_1,17,21.23,18.99550607056799,1.9955060705679912
2024-12-15,SKU_32,WH_1,29,36.18,29.103146459919035,0.10314645991903504
2024-12-16,SKU_32,WH_1,20,23.79,20.889020911411425,0.8890209114114249
2024-12-17,SKU_32,WH_1,23,26.3,22.875280357212674,0.12471964278732628
2024-12-18,SKU_32,WH_1,26,26.27,24.596958581507927,1.403041418492073
2024-12-19,SKU_32,WH_1,12,15.82,15.437295205935406,3.4372952059354063
2024-12-20,SKU_32,WH_1,16,17.76,16.719099658403206,0.7190996584032057
2024-12-21,SKU_32,WH_1,7,1.56,3.9790809041317434,3.0209190958682566
2024-12-22,SKU_32,WH_1,21,21.99,19.73271292199286,1.26728707800714
2024-12-23,SKU_32,WH_1,16,12.19,12.175745883584632,3.824254116415368
2024-12-24,SKU_32,WH_1,16,13.91,13.526499927406933,2.473500072593067
2024-12-25,SKU_32,WH_1,29,26.32,24.5318686037905,4.4681313962095
2024-12-26,SKU_32,WH_1,22,19.73,18.05265187183976,3.9473481281602396
2024-12-27,SKU_32,WH_1,27,23.57,21.067004153312133,5.9329958466878665
2024-12-28,SKU_32,WH_1,23,22.06,19.97707542620428,3.02292457379572
2024-12-29,SKU_32,WH_1,13,11.29,11.958376027679861,1.0416239723201386
2024-12-30,SKU_32,WH_1,22,22.84,21.529783432128717,0.4702165678712831
2024-11-10,SKU_32,WH_2,28,31.95,28.69005934670882,0.6900593467088214
2024-11-11,SKU_32,WH_2,13,11.25,11.161761346368042,1.838238653631958
2024-11-12,SKU_32,WH_2,17,16.31,14.912948395627767,2.087051604372233
2024-11-13,SKU_32,WH_2,17,23.96,20.668821055576167,3.668821055576167
2024-11-14,SKU_32,WH_2,11,11.24,11.046689820044739,0.04668982004473854
2024-11-15,SKU_32,WH_2,12,10.12,10.350506011744018,1.6494939882559816
2024-11-16,SKU_32,WH_2,11,9.3,9.830032454709228,1.1699675452907723
2024-11-17,SKU_32,WH_2,7,6.58,7.554446564943006,0.5544465649430057
2024-11-18,SKU_32,WH_2,11,10.23,10.271768026817597,0.7282319731824032
2024-11-19,SKU_32,WH_2,9,10.2,10.21746542930241,1.2174654293024094
2024-11-20,SKU_32,WH_2,6,4.12,5.499624935415339,0.5003750645846612
2024-11-21,SKU_32,WH_2,12,7.94,8.536633250052164,3.463366749947836
2024-11-22,SKU_32,WH_2,10,15.25,14.088832895723145,4.0888328957231455
2024-11-23,SKU_32,WH_2,21,21.37,18.637324766392915,2.362675233607085
2024-11-24,SKU_32,WH_2,19,17.13,15.272797585840404,3.7272024141595956
2024-11-25,SKU_32,WH_2,18,17.62,15.7326183571247,2.2673816428753
2024-11-26,SKU_32,WH_2,17,21.03,18.298826197689092,1.2988261976890918
2024-11-27,SKU_32,WH_2,13,13.69,12.828452716686002,0.17154728331399838
2024-11-28,SKU_32,WH_2,9,5.48,6.94563160300505,2.05436839699495
2024-11-29,SKU_32,WH_2,13,12.35,11.820370196462788,1.1796298035372121
2024-11-30,SKU_32,WH_2,22,22.1,19.25309080937093,2.7469091906290686
2024-12-01,SKU_32,WH_2,17,15.74,14.931294309572069,2.0687056904279313
2024-12-02,SKU_32,WH_2,21,21.35,19.017108053661385,1.982891946338615
2024-12-03,SKU_32,WH_2,12,8.43,9.404230725161446,2.5957692748385544
2024-12-04,SKU_32,WH_2,21,23.68,20.706757495355216,0.29324250464478396
2024-12-05,SKU_32,WH_2,23,23.06,20.416084793245457,2.5839152067545434
2024-12-06,SKU_32,WH_2,14,15.49,14.766038562818496,0.7660385628184958
2024-12-07,SKU_32,WH_2,15,15.39,14.615580777292069,0.3844192227079315
2024-12-08,SKU_32,WH_2,17,13.9,13.573076778804475,3.4269232211955245
2024-12-09,SKU_32,WH_2,19,22.0,19.788834050753735,0.788834050753735
2024-12-10,SKU_32,WH_2,18,15.15,14.551385914902115,3.4486140850978853
2024-12-11,SKU_32,WH_2,20,20.84,18.58249466524331,1.4175053347566902
2024-12-12,SKU_32,WH_2,8,7.74,8.935320741778312,0.9353207417783125
2024-12-13,SKU_32,WH_2,21,20.08,18.21826733996503,2.7817326600349688
2024-12-14,SKU_32,WH_2,10,15.27,14.492705752768813,4.4927057527688135
2024-12-15,SKU_32,WH_2,8,7.99,8.956365089545612,0.9563650895456117
2024-12-16,SKU_32,WH_2,22,26.1,22.701995020198147,0.7019950201981473
2024-12-17,SKU_32,WH_2,21,20.64,18.396328627449996,2.6036713725500036
2024-12-18,SKU_32,WH_2,18,18.91,17.09052268526931,0.9094773147306903
2024-12-19,SKU_32,WH_2,20,21.93,19.62532558463439,0.37467441536561097
2024-12-20,SKU_32,WH_2,13,10.34,10.850999447539406,2.1490005524605937
2024-12-21,SKU_32,WH_2,20,19.23,17.434143464468182,2.565856535531818
2024-12-22,SKU_32,WH_2,15,15.78,15.090617974338624,0.09061797433862395
2024-12-23,SKU_32,WH_2,18,17.33,16.071890812759747,1.9281091872402527
2024-12-24,SKU_32,WH_2,11,10.45,10.857198158945952,0.14280184105404814
2024-12-25,SKU_32,WH_2,19,17.82,16.431941809611867,2.5680581903881325
2024-12-26,SKU_32,WH_2,16,12.33,12.792711633353315,3.2072883666466847
2024-12-27,SKU_32,WH_2,25,25.9,22.617914969449597,2.382085030550403
2024-12-28,SKU_32,WH_2,19,20.63,18.506359652931202,0.4936403470687978
2024-12-29,SKU_32,WH_2,14,13.95,13.588819267404421,0.41118073259557875
2024-12-30,SKU_32,WH_2,26,24.81,22.842163658532936,3.157836341467064
2024-11-10,SKU_32,WH_3,29,25.91,24.003077445301304,4.9969225546986955
2024-11-11,SKU_32,WH_3,5,1.17,3.49073054198819,1.50926945801181
2024-11-12,SKU_32,WH_3,3,3.04,4.961822328442691,1.9618223284426914
2024-11-13,SKU_32,WH_3,9,8.51,9.08437916388068,0.0843791638806799
2024-11-14,SKU_32,WH_3,8,10.39,10.53076782095977,2.5307678209597704
2024-11-15,SKU_32,WH_3,11,10.45,10.503384446928813,0.4966155530711873
2024-11-16,SKU_32,WH_3,10,12.6,12.226540918476662,2.226540918476662
2024-11-17,SKU_32,WH_3,17,12.92,12.229884411585791,4.770115588414209
2024-11-18,SKU_32,WH_3,8,17.1,15.371720852963286,7.371720852963286
2024-11-19,SKU_32,WH_3,12,9.61,9.839647245622496,2.160352754377504
2024-11-20,SKU_32,WH_3,17,12.67,12.11008810999176,4.889911890008239
2024-11-21,SKU_32,WH_3,17,17.56,15.740787914860977,1.2592120851390227
2024-11-22,SKU_32,WH_3,12,6.46,7.360793857629046,4.639206142370954
2024-11-23,SKU_32,WH_3,9,7.64,8.504642351869975,0.4953576481300246
2024-11-24,SKU_32,WH_3,14,11.11,10.922324843269434,3.0776751567305656
2024-11-25,SKU_32,WH_3,16,23.54,20.273789829676357,4.273789829676357
2024-11-26,SKU_32,WH_3,7,4.79,6.513924496508552,0.4860755034914481
2024-11-27,SKU_32,WH_3,15,12.26,11.83748337604819,3.1625166239518094
2024-11-28,SKU_32,WH_3,21,20.85,18.23109762430456,2.76890237569544
2024-11-29,SKU_32,WH_3,9,7.88,8.593696674586393,0.4063033254136066
2024-11-30,SKU_32,WH_3,16,10.87,10.987202398997443,5.012797601002557
2024-12-01,SKU_32,WH_3,16,12.71,12.430262011176628,3.5697379888233716
2024-12-02,SKU_32,WH_3,13,11.0,11.132350867693734,1.8676491323062656
2024-12-03,SKU_32,WH_3,14,14.69,13.642936820076558,0.3570631799234416
2024-12-04,SKU_32,WH_3,11,14.17,13.364128189365696,2.3641281893656956
2024-12-05,SKU_32,WH_3,14,18.11,16.292585293346136,2.2925852933461357
2024-12-06,SKU_32,WH_3,17,21.07,18.576099174707725,1.5760991747077249
2024-12-07,SKU_32,WH_3,2,0.0,2.9068694654023615,0.9068694654023615
2024-12-08,SKU_32,WH_3,8,5.61,7.185485252871877,0.8145147471281229
2024-12-09,SKU_32,WH_3,23,19.92,17.730485821971207,5.269514178028793
2024-12-10,SKU_32,WH_3,15,18.57,16.6830775392548,1.6830775392547999
2024-12-11,SKU_32,WH_3,20,22.07,19.428768350634698,0.571231649365302
2024-12-12,SKU_32,WH_3,35,34.18,30.418251291470312,4.5817487085296875
2024-12-13,SKU_32,WH_3,18,16.76,15.586554292102372,2.413445707897628
2024-12-14,SKU_32,WH_3,15,16.88,15.581707753642215,0.581707753642215
2024-12-15,SKU_32,WH_3,14,12.21,12.171864545430521,1.8281354545694786
2024-12-16,SKU_32,WH_3,20,22.48,20.127353356126523,0.1273533561265232
2024-12-17,SKU_32,WH_3,19,16.64,15.641135816520002,3.358864183479998
2024-12-18,SKU_32,WH_3,8,14.76,14.207224633935784,6.207224633935784
2024-12-19,SKU_32,WH_3,23,27.98,24.20617225558803,1.2061722555880294
2024-12-20,SKU_32,WH_3,14,19.62,17.89838599614175,3.8983859961417515
2024-12-21,SKU_32,WH_3,21,23.46,20.85581700151917,0.14418299848082938
2024-12-22,SKU_32,WH_3,19,14.71,13.841360496907777,5.158639503092223
2024-12-23,SKU_32,WH_3,18,16.42,15.358577214998986,2.641422785001014
2024-12-24,SKU_32,WH_3,7,3.89,6.103708643557435,0.896291356442565
2024-12-25,SKU_32,WH_3,17,21.89,19.639480426231735,2.639480426231735
2024-12-26,SKU_32,WH_3,16,14.11,13.529787270753483,2.4702127292465175
2024-12-27,SKU_32,WH_3,26,23.49,22.119881798675134,3.8801182013248656
2024-12-28,SKU_32,WH_3,16,19.17,17.5632819289412,1.5632819289412012
2024-12-29,SKU_32,WH_3,22,20.24,19.51671438315649,2.48328561684351
2024-12-30,SKU_32,WH_3,21,28.67,25.609611312573648,4.609611312573648
2024-11-10,SKU_32,WH_4,14,13.15,12.465875779847764,1.5341242201522363
2024-11-11,SKU_32,WH_4,15,15.22,14.113923832258621,0.8860761677413791
2024-11-12,SKU_32,WH_4,20,19.14,16.969010620372853,3.0309893796271474
2024-11-13,SKU_32,WH_4,7,12.0,11.505636276666445,4.505636276666445
2024-11-14,SKU_32,WH_4,9,10.92,10.899533459255256,1.899533459255256
2024-11-15,SKU_32,WH_4,9,10.96,10.918893407175657,1.9188934071756574
2024-11-16,SKU_32,WH_4,7,9.6,9.888527262463503,2.888527262463503
2024-11-17,SKU_32,WH_4,26,29.17,24.332243372749282,1.6677566272507178
2024-11-18,SKU_32,WH_4,3,0.0,2.605700802664634,0.394299197335366
2024-11-19,SKU_32,WH_4,16,17.68,16.91424699371945,0.9142469937194484
2024-11-20,SKU_32,WH_4,24,23.32,21.653549853180635,2.3464501468193646
2024-11-21,SKU_32,WH_4,13,15.74,14.609718122674751,1.6097181226747512
2024-11-22,SKU_32,WH_4,12,12.27,11.806732256103611,0.19326774389638857
2024-11-23,SKU_32,WH_4,25,21.65,18.895860429740633,6.104139570259367
2024-11-24,SKU_32,WH_4,6,8.9,9.57189585019176,3.57189585019176
2024-11-25,SKU_32,WH_4,18,19.73,17.490887197800024,0.5091128021999758
2024-11-26,SKU_32,WH_4,12,12.47,11.981711522483472,0.018288477516527735
2024-11-27,SKU_32,WH_4,23,21.21,18.65070922262417,4.349290777375831
2024-11-28,SKU_32,WH_4,2,0.74,3.3701963412110785,1.3701963412110785
2024-11-29,SKU_32,WH_4,11,14.19,13.11497236379142,2.11497236379142
2024-11-30,SKU_32,WH_4,14,15.09,14.00602474576327,0.006024745763269834
2024-12-01,SKU_32,WH_4,10,15.58,14.664824933882972,4.664824933882972
2024-12-02,SKU_32,WH_4,10,8.76,9.429738149329982,0.5702618506700183
2024-12-03,SKU_32,WH_4,11,11.57,11.337460075987593,0.3374600759875932
2024-12-04,SKU_32,WH_4,18,14.84,13.751800848740622,4.248199151259378
2024-12-05,SKU_32,WH_4,17,16.36,15.057478892250124,1.9425211077498759
2024-12-06,SKU_32,WH_4,3,1.72,3.5572438362282854,0.5572438362282854
2024-12-07,SKU_32,WH_4,22,20.7,18.222424840472627,3.777575159527373
2024-12-08,SKU_32,WH_4,13,10.98,11.054051339913807,1.9459486600861933
2024-12-09,SKU_32,WH_4,20,15.78,14.772864258605622,5.2271357413943775
2024-12-10,SKU_32,WH_4,7,4.89,6.76894830811396,0.2310516918860399
2024-12-11,SKU_32,WH_4,16,19.98,19.090374542694683,3.0903745426946827
2024-12-12,SKU_32,WH_4,18,11.66,11.335141433727202,6.664858566272798
2024-12-13,SKU_32,WH_4,20,21.51,18.964427415506464,1.0355725844935364
2024-12-14,SKU_32,WH_4,22,22.58,19.93746186895237,2.0625381310476314
2024-12-15,SKU_32,WH_4,7,8.88,9.785860127287261,2.785860127287261
2024-12-16,SKU_32,WH_4,23,20.21,19.36696258077004,3.633037419229961
2024-12-17,SKU_32,WH_4,19,18.88,17.01473880162174,1.9852611983782609
2024-12-18,SKU_32,WH_4,23,22.26,19.696280171808997,3.303719828191003
2024-12-19,SKU_32,WH_4,15,13.53,13.106059736961567,1.8939402630384325
2024-12-20,SKU_32,WH_4,20,16.2,15.221017969935238,4.778982030064762
2024-12-21,SKU_32,WH_4,15,18.5,16.713401371497095,1.7134013714970955
2024-12-22,SKU_32,WH_4,19,20.62,18.41233281392744,0.5876671860725615
2024-12-23,SKU_32,WH_4,11,11.89,11.902956049182185,0.9029560491821851
2024-12-24,SKU_32,WH_4,16,16.86,16.360812746531657,0.36081274653165707
2024-12-25,SKU_32,WH_4,17,11.86,11.832176516125497,5.167823483874503
2024-12-26,SKU_32,WH_4,18,17.72,16.134468118654393,1.865531881345607
2024-12-27,SKU_32,WH_4,18,17.12,15.751839346585486,2.248160653414514
2024-12-28,SKU_32,WH_4,14,12.87,12.509076486248883,1.4909235137511168
2024-12-29,SKU_32,WH_4,36,34.43,30.86919006885728,5.130809931142721
2024-12-30,SKU_32,WH_4,17,17.69,17.261138668531085,0.26113866853108547
2024-11-10,SKU_32,WH_5,9,7.09,8.301522691929963,0.6984773080700375
2024-11-11,SKU_32,WH_5,11,13.48,12.697318708900506,1.6973187089005055
2024-11-12,SKU_32,WH_5,17,16.5,14.979229833342504,2.0207701666574955
2024-11-13,SKU_32,WH_5,12,12.16,11.833839046710839,0.16616095328916103
2024-11-14,SKU_32,WH_5,12,11.68,11.231269343581818,0.7687306564181817
2024-11-15,SKU_32,WH_5,14,12.34,12.458210460764112,1.5417895392358876
2024-11-16,SKU_32,WH_5,2,4.37,6.103075522059557,4.103075522059557
2024-11-17,SKU_32,WH_5,22,20.91,18.257302870975934,3.742697129024066
2024-11-18,SKU_32,WH_5,18,17.78,17.194839140160774,0.8051608598392264
2024-11-19,SKU_32,WH_5,18,15.94,14.70663552578301,3.2933644742169896
2024-11-20,SKU_32,WH_5,19,20.17,19.06033319085166,0.060333190851661556
2024-11-21,SKU_32,WH_5,11,12.51,11.992972311900038,0.9929723119000382
2024-11-22,SKU_32,WH_5,14,11.99,11.595361933994733,2.4046380660052673
2024-11-23,SKU_32,WH_5,3,5.61,7.0185089134800505,4.0185089134800505
2024-11-24,SKU_32,WH_5,24,21.3,19.933002452533632,4.066997547466368
2024-11-25,SKU_32,WH_5,16,18.06,16.046516390081617,0.04651639008161723
2024-11-26,SKU_32,WH_5,25,23.44,20.335969960772506,4.6640300392274945
2024-11-27,SKU_32,WH_5,16,15.63,15.515965965436457,0.48403403456354255
2024-11-28,SKU_32,WH_5,21,24.68,21.226806309364505,0.2268063093645054
2024-11-29,SKU_32,WH_5,20,15.87,14.846453184461824,5.153546815538176
2024-11-30,SKU_32,WH_5,6,5.4,7.132530238464416,1.1325302384644163
2024-12-01,SKU_32,WH_5,26,24.72,21.549389628277044,4.450610371722956
2024-12-02,SKU_32,WH_5,12,14.11,13.527161544835804,1.5271615448358045
2024-12-03,SKU_32,WH_5,16,17.98,16.511399665135507,0.5113996651355066
2024-12-04,SKU_32,WH_5,23,21.62,19.232660988408952,3.767339011591048
2024-12-05,SKU_32,WH_5,18,18.11,16.550527651137365,1.4494723488626349
2024-12-06,SKU_32,WH_5,6,2.61,5.359490211996407,0.6405097880035928
2024-12-07,SKU_32,WH_5,20,20.38,18.442179704765046,1.5578202952349542
2024-12-08,SKU_32,WH_5,22,23.85,21.09355832091121,0.9064416790887897
2024-12-09,SKU_32,WH_5,17,14.74,14.093218087342313,2.906781912657687
2024-12-10,SKU_32,WH_5,21,18.62,17.026675604363405,3.9733243956365953
2024-12-11,SKU_32,WH_5,19,13.32,13.778046273332055,5.2219537266679446
2024-12-12,SKU_32,WH_5,20,14.65,13.933644780805347,6.066355219194653
2024-12-13,SKU_32,WH_5,14,10.66,11.163670275534686,2.8363297244653136
2024-12-14,SKU_32,WH_5,16,16.22,15.388907191452143,0.6110928085478573
2024-12-15,SKU_32,WH_5,20,16.37,15.521369521323386,4.478630478676614
2024-12-16,SKU_32,WH_5,23,25.74,22.605472355322437,0.39452764467756296
2024-12-17,SKU_32,WH_5,20,16.56,15.60673035286424,4.39326964713576
2024-12-18,SKU_32,WH_5,18,19.56,17.886378930010256,0.11362106998974397
2024-12-19,SKU_32,WH_5,18,20.96,18.77281576791216,0.7728157679121601
2024-12-20,SKU_32,WH_5,11,8.05,9.220492108530696,1.7795078914693043
2024-12-21,SKU_32,WH_5,23,23.98,21.17832519029044,1.8216748097095596
2024-12-22,SKU_32,WH_5,20,19.97,18.17245223921769,1.8275477607823092
2024-12-23,SKU_32,WH_5,25,23.51,20.959967846376312,4.040032153623688
2024-12-24,SKU_32,WH_5,19,16.03,16.287925869892643,2.712074130107357
2024-12-25,SKU_32,WH_5,19,15.75,15.250925750245766,3.7490742497542335
2024-12-26,SKU_32,WH_5,28,32.06,27.46677280643062,0.5332271935693811
2024-12-27,SKU_32,WH_5,20,11.24,11.731319597838347,8.268680402161653
2024-12-28,SKU_32,WH_5,29,29.53,25.788540068641613,3.2114599313583874
2024-12-29,SKU_32,WH_5,24,22.52,20.519399439042196,3.4806005609578037
2024-12-30,SKU_32,WH_5,13,8.88,11.562766997775359,1.437233002224641
2024-11-10,SKU_33,WH_1,10,10.08,10.623441819442984,0.6234418194429843
2024-11-11,SKU_33,WH_1,19,24.18,22.50703650437195,3.50703650437195
2024-11-12,SKU_33,WH_1,17,12.76,12.21145873255865,4.7885412674413494
2024-11-13,SKU_33,WH_1,13,10.79,10.846988344207173,2.1530116557928274
2024-11-14,SKU_33,WH_1,21,21.32,18.652687360489143,2.3473126395108572
2024-11-15,SKU_33,WH_1,8,13.14,12.525232722735693,4.5252327227356925
2024-11-16,SKU_33,WH_1,9,10.98,11.027705924602762,2.0277059246027616
2024-11-17,SKU_33,WH_1,17,15.75,14.74440147924522,2.2555985207547806
2024-11-18,SKU_33,WH_1,14,18.51,16.37223360163347,2.3722336016334715
2024-11-19,SKU_33,WH_1,20,23.32,20.137407164366937,0.13740716436693745
2024-11-20,SKU_33,WH_1,19,18.46,17.524640198683027,1.4753598013169729
2024-11-21,SKU_33,WH_1,15,13.39,12.748594166996826,2.251405833003174
2024-11-22,SKU_33,WH_1,9,8.8,9.320729700820397,0.3207297008203973
2024-11-23,SKU_33,WH_1,8,12.72,12.272432659440696,4.272432659440696
2024-11-24,SKU_33,WH_1,18,18.45,16.437242768734322,1.5627572312656781
2024-11-25,SKU_33,WH_1,20,16.65,16.025726880009714,3.9742731199902863
2024-11-26,SKU_33,WH_1,13,14.9,14.682264081951311,1.6822640819513115
2024-11-27,SKU_33,WH_1,19,26.28,22.604823099569376,3.6048230995693764
2024-11-28,SKU_33,WH_1,14,12.74,12.36302243175571,1.6369775682442906
2024-11-29,SKU_33,WH_1,29,30.65,27.86538652388166,1.1346134761183393
2024-11-30,SKU_33,WH_1,21,24.37,21.30660387802219,0.3066038780221909
2024-12-01,SKU_33,WH_1,25,27.76,24.14177211355718,0.858227886442819
2024-12-02,SKU_33,WH_1,7,11.02,11.524782591285769,4.524782591285769
2024-12-03,SKU_33,WH_1,13,11.09,11.421226286397122,1.578773713602878
2024-12-04,SKU_33,WH_1,2,0.0,2.9870173076912234,0.9870173076912234
2024-12-05,SKU_33,WH_1,15,13.01,12.623108183550922,2.3768918164490778
2024-12-06,SKU_33,WH_1,25,28.51,24.488655158318032,0.5113448416819679
2024-12-07,SKU_33,WH_1,10,6.6,7.956727331006019,2.043272668993981
2024-12-08,SKU_33,WH_1,18,15.22,14.526923357538262,3.473076642461738
2024-12-09,SKU_33,WH_1,18,22.99,20.360136755448046,2.360136755448046
2024-12-10,SKU_33,WH_1,15,12.41,12.359287965987576,2.6407120340124237
2024-12-11,SKU_33,WH_1,20,13.14,12.934594179158335,7.065405820841665
2024-12-12,SKU_33,WH_1,21,19.35,17.788170258853178,3.211829741146822
2024-12-13,SKU_33,WH_1,13,9.91,10.51861952019809,2.48138047980191
2024-12-14,SKU_33,WH_1,12,8.68,9.690071751163352,2.3099282488366484
2024-12-15,SKU_33,WH_1,13,12.82,12.618950020036493,0.38104997996350676
2024-12-16,SKU_33,WH_1,11,8.95,9.904015022138312,1.0959849778616881
2024-12-17,SKU_33,WH_1,23,24.15,21.411135331516533,1.5888646684834669
2024-12-18,SKU_33,WH_1,21,19.09,17.371741443487075,3.6282585565129253
2024-12-19,SKU_33,WH_1,18,16.55,15.544392465841263,2.4556075341587373
2024-12-20,SKU_33,WH_1,17,17.7,16.258005144196957,0.7419948558030427
2024-12-21,SKU_33,WH_1,14,12.4,12.30996284149915,1.69003715850085
2024-12-22,SKU_33,WH_1,12,14.92,14.239672576036929,2.239672576036929
2024-12-23,SKU_33,WH_1,13,16.5,15.410365930582092,2.410365930582092
2024-12-24,SKU_33,WH_1,21,21.98,19.76818736694413,1.2318126330558705
2024-12-25,SKU_33,WH_1,14,10.45,10.892157066168204,3.1078429338317957
2024-12-26,SKU_33,WH_1,25,27.2,23.490127584325045,1.5098724156749554
2024-12-27,SKU_33,WH_1,16,10.34,10.963767492963973,5.036232507036027
2024-12-28,SKU_33,WH_1,20,17.24,16.00500005745349,3.99499994254651
2024-12-29,SKU_33,WH_1,21,20.17,18.3950313172618,2.6049686827381997
2024-12-30,SKU_33,WH_1,21,18.17,17.583481365856557,3.4165186341434435
2024-11-10,SKU_33,WH_2,15,19.43,17.31029531964961,2.3102953196496117
2024-11-11,SKU_33,WH_2,6,3.82,5.839933062959159,0.16006693704084096
2024-11-12,SKU_33,WH_2,24,26.1,24.069801209601792,0.06980120960179192
2024-11-13,SKU_33,WH_2,14,13.69,12.927477211640127,1.0725227883598727
2024-11-14,SKU_33,WH_2,9,12.65,12.850638767400184,3.8506387674001843
2024-11-15,SKU_33,WH_2,12,14.51,13.302520454551145,1.3025204545511446
2024-11-16,SKU_33,WH_2,13,12.23,11.859182923775554,1.1408170762244456
2024-11-17,SKU_33,WH_2,10,9.89,10.165647020880515,0.16564702088051497
2024-11-18,SKU_33,WH_2,26,29.7,26.945806448354,0.9458064483539985
2024-11-19,SKU_33,WH_2,8,7.15,8.29285225584449,0.2928522558444904
2024-11-20,SKU_33,WH_2,11,11.38,11.062102479216332,0.06210247921633183
2024-11-21,SKU_33,WH_2,12,6.55,7.3207186054155775,4.6792813945844225
2024-11-22,SKU_33,WH_2,24,23.52,20.369351460909886,3.6306485390901138
2024-11-23,SKU_33,WH_2,14,12.61,12.814983376243152,1.185016623756848
2024-11-24,SKU_33,WH_2,12,6.46,7.445255841486759,4.554744158513241
2024-11-25,SKU_33,WH_2,17,15.24,14.1198908034035,2.8801091965965
2024-11-26,SKU_33,WH_2,14,11.35,11.160271089298737,2.839728910701263
2024-11-27,SKU_33,WH_2,14,16.72,15.180760662959427,1.1807606629594272
2024-11-28,SKU_33,WH_2,4,0.0,2.4669088397894474,1.5330911602105526
2024-11-29,SKU_33,WH_2,21,18.08,16.020231587300756,4.979768412699244
2024-11-30,SKU_33,WH_2,0,0.0,2.4161121319186702,2.4161121319186702
2024-12-01,SKU_33,WH_2,23,22.49,21.22630140233692,1.7736985976630812
2024-12-02,SKU_33,WH_2,9,11.38,11.306762108238923,2.3067621082389227
2024-12-03,SKU_33,WH_2,11,6.75,7.848475427304278,3.151524572695722
2024-12-04,SKU_33,WH_2,10,10.79,10.943868108025923,0.9438681080259226
2024-12-05,SKU_33,WH_2,11,6.46,7.642080354827902,3.357919645172098
2024-12-06,SKU_33,WH_2,22,22.1,19.490255429038598,2.509744570961402
2024-12-07,SKU_33,WH_2,15,11.72,11.39035056681,3.6096494331900004
2024-12-08,SKU_33,WH_2,16,19.41,17.497820428896066,1.4978204288960661
2024-12-09,SKU_33,WH_2,18,16.85,15.464164407492321,2.535835592507679
2024-12-10,SKU_33,WH_2,18,16.78,15.484625610769184,2.515374389230816
2024-12-11,SKU_33,WH_2,20,19.39,17.520448913565357,2.4795510864346433
2024-12-12,SKU_33,WH_2,21,20.03,18.090511192350142,2.9094888076498577
2024-12-13,SKU_33,WH_2,18,19.44,17.643332512428493,0.35666748757150657
2024-12-14,SKU_33,WH_2,13,11.26,11.47091195811351,1.5290880418864905
2024-12-15,SKU_33,WH_2,24,19.97,18.030425875592677,5.969574124407323
2024-12-16,SKU_33,WH_2,27,29.71,27.371477550752278,0.37147755075227806
2024-12-17,SKU_33,WH_2,24,25.76,22.58284763942563,1.41715236057437
2024-12-18,SKU_33,WH_2,17,9.68,10.480029286597459,6.519970713402541
2024-12-19,SKU_33,WH_2,11,10.66,11.251574015118152,0.2515740151181518
2024-12-20,SKU_33,WH_2,15,17.37,16.024157392771418,1.0241573927714178
2024-12-21,SKU_33,WH_2,18,19.15,17.51461712793295,0.4853828720670492
2024-12-22,SKU_33,WH_2,20,18.75,17.186346524415068,2.813653475584932
2024-12-23,SKU_33,WH_2,13,13.39,13.02890763917479,0.02890763917478978
2024-12-24,SKU_33,WH_2,14,17.79,16.454439413889897,2.4544394138898973
2024-12-25,SKU_33,WH_2,21,26.68,23.31593880102481,2.31593880102481
2024-12-26,SKU_33,WH_2,18,16.41,15.318571210855573,2.6814287891444266
2024-12-27,SKU_33,WH_2,21,19.88,18.122341033167153,2.877658966832847
2024-12-28,SKU_33,WH_2,15,17.72,16.33481918655166,1.334819186551659
2024-12-29,SKU_33,WH_2,12,15.52,14.902578241081459,2.902578241081459
2024-12-30,SKU_33,WH_2,18,15.94,16.143121743826995,1.8568782561730046
2024-11-10,SKU_33,WH_3,18,20.3,17.891307712570562,0.10869228742943804
2024-11-11,SKU_33,WH_3,17,21.35,18.72660144752602,1.7266014475260185
2024-11-12,SKU_33,WH_3,9,6.86,7.653645976207185,1.3463540237928147
2024-11-13,SKU_33,WH_3,13,14.03,13.178786500827762,0.17878650082776204
2024-11-14,SKU_33,WH_3,12,12.59,12.183129547326374,0.18312954732637365
2024-11-15,SKU_33,WH_3,13,12.7,12.21583884655205,0.7841611534479505
2024-11-16,SKU_33,WH_3,5,5.88,7.103406549226782,2.103406549226782
2024-11-17,SKU_33,WH_3,24,21.76,19.221367093883707,4.778632906116293
2024-11-18,SKU_33,WH_3,20,22.25,19.379249490390507,0.6207505096094934
2024-11-19,SKU_33,WH_3,21,23.95,20.58331116737837,0.4166888326216309
2024-11-20,SKU_33,WH_3,20,23.06,19.947263425771943,0.052736574228056554
2024-11-21,SKU_33,WH_3,15,6.99,7.650366320797425,7.349633679202575
2024-11-22,SKU_33,WH_3,14,9.32,9.933766213806422,4.066233786193578
2024-11-23,SKU_33,WH_3,18,18.9,16.796155441687457,1.203844558312543
2024-11-24,SKU_33,WH_3,25,25.6,22.04186846227912,2.958131537720881
2024-11-25,SKU_33,WH_3,10,12.63,12.316365542836877,2.316365542836877
2024-11-26,SKU_33,WH_3,16,12.64,12.321440901167957,3.678559098832043
2024-11-27,SKU_33,WH_3,10,10.01,10.267149885611934,0.26714988561193387
2024-11-28,SKU_33,WH_3,18,21.97,19.351701216276666,1.3517012162766662
2024-11-29,SKU_33,WH_3,16,16.83,15.305656194191174,0.6943438058088258
2024-11-30,SKU_33,WH_3,11,12.42,12.009989639218974,1.0099896392189738
2024-12-01,SKU_33,WH_3,24,27.59,23.6482676685914,0.3517323314085985
2024-12-02,SKU_33,WH_3,18,17.0,15.647814630733293,2.3521853692667065
2024-12-03,SKU_33,WH_3,17,15.44,14.783654443002414,2.2163455569975863
2024-12-04,SKU_33,WH_3,19,18.55,16.955541845172977,2.044458154827023
2024-12-05,SKU_33,WH_3,25,23.24,20.62250606512211,4.37749393487789
2024-12-06,SKU_33,WH_3,23,21.39,19.222316733832486,3.7776832661675144
2024-12-07,SKU_33,WH_3,12,10.11,10.972160240760982,1.0278397592390185
2024-12-08,SKU_33,WH_3,19,21.48,19.47866719285219,0.47866719285218906
2024-12-09,SKU_33,WH_3,16,17.36,16.15937553931722,0.15937553931722093
2024-12-10,SKU_33,WH_3,21,22.22,19.925362398943047,1.0746376010569527
2024-12-11,SKU_33,WH_3,20,14.19,13.818269933053376,6.181730066946624
2024-12-12,SKU_33,WH_3,11,12.75,12.802814018429485,1.8028140184294852
2024-12-13,SKU_33,WH_3,20,15.86,15.264654789417447,4.735345210582553
2024-12-14,SKU_33,WH_3,12,13.73,13.412243463697756,1.4122434636977559
2024-12-15,SKU_33,WH_3,20,17.49,16.27853747782783,3.721462522172171
2024-12-16,SKU_33,WH_3,16,12.78,12.673610240762997,3.326389759237003
2024-12-17,SKU_33,WH_3,24,23.36,22.121072116438317,1.8789278835616834
2024-12-18,SKU_33,WH_3,20,25.44,23.751009502842273,3.7510095028422725
2024-12-19,SKU_33,WH_3,20,22.51,20.096735169704022,0.09673516970402218
2024-12-20,SKU_33,WH_3,17,20.03,18.147541327361374,1.147541327361374
2024-12-21,SKU_33,WH_3,20,17.82,16.585768720229265,3.4142312797707355
2024-12-22,SKU_33,WH_3,19,16.88,15.838783535430293,3.1612164645697067
2024-12-23,SKU_33,WH_3,25,27.19,23.744872338683273,1.2551276613167275
2024-12-24,SKU_33,WH_3,17,14.42,14.004334828787172,2.9956651712128277
2024-12-25,SKU_33,WH_3,22,23.36,20.918742012026495,1.0812579879735047
2024-12-26,SKU_33,WH_3,20,17.11,16.095452380664867,3.9045476193351334
2024-12-27,SKU_33,WH_3,17,13.13,13.191112708406543,3.8088872915934573
2024-12-28,SKU_33,WH_3,21,20.7,18.803871813536624,2.196128186463376
2024-12-29,SKU_33,WH_3,21,23.47,21.128208875150378,0.12820887515037782
2024-12-30,SKU_33,WH_3,14,5.58,8.833408439071178,5.166591560928822
2024-11-10,SKU_33,WH_4,9,4.02,5.726433137518443,3.273566862481557
2024-11-11,SKU_33,WH_4,10,7.89,8.64509706918317,1.3549029308168308
2024-11-12,SKU_33,WH_4,8,5.81,7.036857423967515,0.9631425760324852
2024-11-13,SKU_33,WH_4,17,13.37,12.58573207235263,4.414267927647369
2024-11-14,SKU_33,WH_4,9,8.29,8.84677390400819,0.15322609599181014
2024-11-15,SKU_33,WH_4,22,21.82,19.13260702894566,2.8673929710543398
2024-11-16,SKU_33,WH_4,19,17.85,16.044468927382745,2.955531072617255
2024-11-17,SKU_33,WH_4,18,19.4,17.220402824195347,0.7795971758046534
2024-11-18,SKU_33,WH_4,14,17.52,15.826252264179903,1.826252264179903
2024-11-19,SKU_33,WH_4,15,12.94,12.281376202776414,2.718623797223586
2024-11-20,SKU_33,WH_4,21,26.7,22.84352849422684,1.8435284942268417
2024-11-21,SKU_33,WH_4,14,16.44,15.035735908047997,1.0357359080479966
2024-11-22,SKU_33,WH_4,6,2.44,4.045819039829181,1.9541809601708193
2024-11-23,SKU_33,WH_4,13,12.39,11.89111572345936,1.1088842765406408
2024-11-24,SKU_33,WH_4,19,21.17,18.519331302146327,0.48066869785367317
2024-11-25,SKU_33,WH_4,20,18.92,16.78705857161702,3.2129414283829796
2024-11-26,SKU_33,WH_4,13,15.88,14.860163967799435,1.8601639677994353
2024-11-27,SKU_33,WH_4,10,15.28,14.258422093079975,4.258422093079975
2024-11-28,SKU_33,WH_4,18,14.76,13.739776725076505,4.260223274923495
2024-11-29,SKU_33,WH_4,17,18.28,16.170772042251983,0.8292279577480173
2024-11-30,SKU_33,WH_4,7,4.54,6.366307057064369,0.6336929429356308
2024-12-01,SKU_33,WH_4,12,16.75,15.537099273311123,3.5370992733111226
2024-12-02,SKU_33,WH_4,8,11.33,11.36136555477445,3.3613655547744496
2024-12-03,SKU_33,WH_4,16,15.45,14.571370825161118,1.428629174838882
2024-12-04,SKU_33,WH_4,7,5.18,6.847484998674241,0.15251500132575924
2024-12-05,SKU_33,WH_4,22,20.07,18.062794218877638,3.937205781122362
2024-12-06,SKU_33,WH_4,10,8.8,9.483967778982109,0.5160322210178911
2024-12-07,SKU_33,WH_4,16,14.13,13.351374373381569,2.648625626618431
2024-12-08,SKU_33,WH_4,20,14.92,13.967284927194536,6.032715072805464
2024-12-09,SKU_33,WH_4,23,23.54,20.596675131319667,2.4033248686803326
2024-12-10,SKU_33,WH_4,10,9.91,10.373284798901317,0.3732847989013166
2024-12-11,SKU_33,WH_4,14,14.57,13.55452522173113,0.4454747782688706
2024-12-12,SKU_33,WH_4,31,28.91,26.527832209393445,4.472167790606555
2024-12-13,SKU_33,WH_4,7,6.28,7.741042021572486,0.7410420215724862
2024-12-14,SKU_33,WH_4,17,16.73,15.641161875689551,1.3588381243104486
2024-12-15,SKU_33,WH_4,18,17.04,15.849999294822073,2.150000705177927
2024-12-16,SKU_33,WH_4,18,17.41,16.202404135663453,1.7975958643365466
2024-12-17,SKU_33,WH_4,20,17.28,15.94024801689788,4.059751983102119
2024-12-18,SKU_33,WH_4,9,10.61,11.036694150609154,2.0366941506091543
2024-12-19,SKU_33,WH_4,32,32.66,27.467992704865786,4.532007295134214
2024-12-20,SKU_33,WH_4,20,20.63,18.53963298431178,1.4603670156882202
2024-12-21,SKU_33,WH_4,19,17.74,16.302670650090377,2.697329349909623
2024-12-22,SKU_33,WH_4,20,20.41,18.62620040404096,1.3737995959590386
2024-12-23,SKU_33,WH_4,17,21.42,19.355604188684794,2.3556041886847936
2024-12-24,SKU_33,WH_4,16,14.83,14.22222720186593,1.7777727981340696
2024-12-25,SKU_33,WH_4,20,16.27,15.308375335609474,4.691624664390526
2024-12-26,SKU_33,WH_4,16,13.88,14.38746997109922,1.61253002890078
2024-12-27,SKU_33,WH_4,24,23.03,20.402264457938198,3.597735542061802
2024-12-28,SKU_33,WH_4,21,21.44,19.28884010416443,1.7111598958355714
2024-12-29,SKU_33,WH_4,26,27.71,24.123932653310067,1.8760673466899327
2024-12-30,SKU_33,WH_4,20,14.27,14.747673785873596,5.252326214126404
2024-11-10,SKU_33,WH_5,15,22.16,19.371222772223145,4.371222772223145
2024-11-11,SKU_33,WH_5,13,12.91,12.350685244067215,0.6493147559327852
2024-11-12,SKU_33,WH_5,17,18.44,16.455198207109127,0.5448017928908726
2024-11-13,SKU_33,WH_5,2,2.88,5.020829194935062,3.020829194935062
2024-11-14,SKU_33,WH_5,12,13.09,12.524701010654576,0.5247010106545762
2024-11-15,SKU_33,WH_5,6,1.16,3.2496391409370666,2.7503608590629334
2024-11-16,SKU_33,WH_5,2,1.33,3.3244562532405784,1.3244562532405784
2024-11-17,SKU_33,WH_5,13,13.25,12.566934251435228,0.433065748564772
2024-11-18,SKU_33,WH_5,8,3.75,5.244047830827891,2.755952169172109
2024-11-19,SKU_33,WH_5,3,2.75,4.725997117375859,1.7259971173758588
2024-11-20,SKU_33,WH_5,2,0.0,2.3786297241417826,0.37862972414178264
2024-11-21,SKU_33,WH_5,14,21.97,19.214705821720013,5.214705821720013
2024-11-22,SKU_33,WH_5,14,13.34,12.507120795224498,1.4928792047755017
2024-11-23,SKU_33,WH_5,19,19.33,17.071370781559907,1.9286292184400935
2024-11-24,SKU_33,WH_5,11,16.0,14.735053863557397,3.735053863557397
2024-11-25,SKU_33,WH_5,13,18.23,15.970397123021746,2.970397123021746
2024-11-26,SKU_33,WH_5,20,21.98,19.17733246915596,0.8226675308440399
2024-11-27,SKU_33,WH_5,26,30.02,27.147238864702828,1.1472388647028282
2024-11-28,SKU_33,WH_5,19,18.91,16.666104741616607,2.333895258383393
2024-11-29,SKU_33,WH_5,20,18.88,16.62210419933697,3.3778958006630297
2024-11-30,SKU_33,WH_5,14,12.05,11.641041988433477,2.358958011566523
2024-12-01,SKU_33,WH_5,21,17.91,16.34951492384488,4.650485076155121
2024-12-02,SKU_33,WH_5,9,11.38,11.45120113604139,2.451201136041391
2024-12-03,SKU_33,WH_5,12,4.7,6.518864382741933,5.481135617258067
2024-12-04,SKU_33,WH_5,16,16.71,15.532526190022377,0.4674738099776228
2024-12-05,SKU_33,WH_5,14,15.14,14.419021560376013,0.419021560376013
2024-12-06,SKU_33,WH_5,13,13.25,12.875918117074896,0.12408188292510403
2024-12-07,SKU_33,WH_5,13,12.43,12.283310486024705,0.7166895139752949
2024-12-08,SKU_33,WH_5,10,9.08,9.789737519573436,0.21026248042656448
2024-12-09,SKU_33,WH_5,15,15.5,14.616643376393405,0.38335662360659484
2024-12-10,SKU_33,WH_5,19,19.13,17.219683411196577,1.780316588803423
2024-12-11,SKU_33,WH_5,22,20.32,19.391371668097662,2.608628331902338
2024-12-12,SKU_33,WH_5,12,5.36,7.2593059998877845,4.7406940001122155
2024-12-13,SKU_33,WH_5,22,25.17,21.563623256218698,0.4363767437813024
2024-12-14,SKU_33,WH_5,22,22.98,20.221238502884457,1.7787614971155428
2024-12-15,SKU_33,WH_5,20,18.11,17.533446098986662,2.466553901013338
2024-12-16,SKU_33,WH_5,15,18.45,16.70575505454825,1.7057550545482485
2024-12-17,SKU_33,WH_5,13,15.42,15.57970761134307,2.5797076113430695
2024-12-18,SKU_33,WH_5,15,13.18,12.856805678452154,2.1431943215478455
2024-12-19,SKU_33,WH_5,12,14.24,13.533349884379613,1.5333498843796125
2024-12-20,SKU_33,WH_5,10,9.43,10.210695834980449,0.21069583498044864
2024-12-21,SKU_33,WH_5,20,22.59,20.024943392264408,0.024943392264408004
2024-12-22,SKU_33,WH_5,19,17.93,16.466427641909622,2.533572358090378
2024-12-23,SKU_33,WH_5,14,18.36,16.612304776497048,2.612304776497048
2024-12-24,SKU_33,WH_5,25,28.85,24.689429208989733,0.3105707910102673
2024-12-25,SKU_33,WH_5,11,8.55,9.580100148128835,1.4198998518711647
2024-12-26,SKU_33,WH_5,32,36.19,29.465956292519113,2.534043707480887
2024-12-27,SKU_33,WH_5,21,17.22,16.053055241282543,4.946944758717457
2024-12-28,SKU_33,WH_5,24,19.45,17.785187388104827,6.214812611895173
2024-12-29,SKU_33,WH_5,17,19.36,17.78202067471519,0.7820206747151914
2024-12-30,SKU_33,WH_5,16,19.34,18.542694919744044,2.5426949197440436
2024-11-10,SKU_34,WH_1,25,22.59,19.566707773355905,5.433292226644095
2024-11-11,SKU_34,WH_1,10,6.4,7.635721280129158,2.3642787198708417
2024-11-12,SKU_34,WH_1,16,14.87,13.738994689544988,2.261005310455012
2024-11-13,SKU_34,WH_1,16,15.09,13.997910148274205,2.0020898517257955
2024-11-14,SKU_34,WH_1,15,17.44,15.815602031442504,0.8156020314425039
2024-11-15,SKU_34,WH_1,7,1.76,3.4174051732292527,3.5825948267707473
2024-11-16,SKU_34,WH_1,12,11.43,11.25886828360631,0.7411317163936904
2024-11-17,SKU_34,WH_1,5,3.53,5.337109799030369,0.33710979903036886
2024-11-18,SKU_34,WH_1,10,0.87,3.2906480993559466,6.709351900644053
2024-11-19,SKU_34,WH_1,13,16.79,15.132478324330158,2.132478324330158
2024-11-20,SKU_34,WH_1,15,14.6,13.38233668817497,1.61766331182503
2024-11-21,SKU_34,WH_1,16,14.79,13.62863346580145,2.3713665341985504
2024-11-22,SKU_34,WH_1,4,3.59,5.319737702518117,1.3197377025181174
2024-11-23,SKU_34,WH_1,15,18.88,17.71978470438067,2.7197847043806718
2024-11-24,SKU_34,WH_1,14,13.77,12.718168147138183,1.2818318528618171
2024-11-25,SKU_34,WH_1,18,16.53,14.994181206190573,3.0058187938094267
2024-11-26,SKU_34,WH_1,18,16.03,14.795445142932898,3.2045548570671016
2024-11-27,SKU_34,WH_1,7,6.91,7.599458004415042,0.5994580044150419
2024-11-28,SKU_34,WH_1,22,22.53,19.514672367254736,2.485327632745264
2024-11-29,SKU_34,WH_1,14,11.97,11.507671822067085,2.492328177932915
2024-11-30,SKU_34,WH_1,15,19.23,18.166261197709012,3.1662611977090123
2024-12-01,SKU_34,WH_1,9,7.51,8.541302743419532,0.4586972565804679
2024-12-02,SKU_34,WH_1,10,8.71,9.53423316939797,0.46576683060203017
2024-12-03,SKU_34,WH_1,18,16.81,15.403423524619193,2.5965764753808074
2024-12-04,SKU_34,WH_1,12,8.16,9.156887664607407,2.8431123353925933
2024-12-05,SKU_34,WH_1,26,20.41,18.262732094082445,7.737267905917555
2024-12-06,SKU_34,WH_1,17,20.42,18.36169766423003,1.3616976642300287
2024-12-07,SKU_34,WH_1,11,8.65,9.613903675123137,1.3860963248768634
2024-12-08,SKU_34,WH_1,19,16.63,15.414328503626493,3.5856714963735072
2024-12-09,SKU_34,WH_1,28,30.97,26.08295401037681,1.9170459896231904
2024-12-10,SKU_34,WH_1,17,18.04,16.55390821026994,0.44609178973005825
2024-12-11,SKU_34,WH_1,12,14.12,13.458033335263242,1.4580333352632415
2024-12-12,SKU_34,WH_1,16,16.31,15.211610521023434,0.7883894789765655
2024-12-13,SKU_34,WH_1,15,20.25,18.240108089143003,3.2401080891430034
2024-12-14,SKU_34,WH_1,19,15.94,15.091178395518561,3.908821604481439
2024-12-15,SKU_34,WH_1,14,15.27,14.452514609607203,0.4525146096072028
2024-12-16,SKU_34,WH_1,21,20.33,18.32031191433539,2.6796880856646084
2024-12-17,SKU_34,WH_1,20,18.76,16.926815241429995,3.0731847585700045
2024-12-18,SKU_34,WH_1,12,8.78,9.639859038949002,2.3601409610509982
2024-12-19,SKU_34,WH_1,28,21.44,19.17061514551752,8.82938485448248
2024-12-20,SKU_34,WH_1,24,29.96,25.676865823537348,1.676865823537348
2024-12-21,SKU_34,WH_1,27,27.03,23.71621268252311,3.2837873174768895
2024-12-22,SKU_34,WH_1,26,25.95,22.923734708009192,3.076265291990808
2024-12-23,SKU_34,WH_1,16,16.34,15.633133229150015,0.36686677084998465
2024-12-24,SKU_34,WH_1,29,29.03,25.172709767957546,3.827290232042454
2024-12-25,SKU_34,WH_1,21,20.25,18.744173565849405,2.2558264341505954
2024-12-26,SKU_34,WH_1,13,16.15,15.84808544625845,2.84808544625845
2024-12-27,SKU_34,WH_1,16,19.77,18.40369514974396,2.4036951497439603
2024-12-28,SKU_34,WH_1,15,18.18,17.96361031584617,2.9636103158461715
2024-12-29,SKU_34,WH_1,27,28.3,26.42725519067152,0.5727448093284799
2024-12-30,SKU_34,WH_1,20,23.73,22.28043005295929,2.2804300529592894
2024-11-10,SKU_34,WH_2,12,11.35,11.055716373691084,0.9442836263089163
2024-11-11,SKU_34,WH_2,11,14.04,13.843571675188677,2.8435716751886773
2024-11-12,SKU_34,WH_2,6,12.91,12.183926795749827,6.1839267957498265
2024-11-13,SKU_34,WH_2,13,16.56,15.023724131832475,2.0237241318324752
2024-11-14,SKU_34,WH_2,17,13.4,12.572255944076314,4.427744055923686
2024-11-15,SKU_34,WH_2,14,14.97,13.717632898941325,0.282367101058675
2024-11-16,SKU_34,WH_2,12,13.79,12.909840538546451,0.909840538546451
2024-11-17,SKU_34,WH_2,10,9.07,9.48008473415664,0.5199152658433608
2024-11-18,SKU_34,WH_2,13,11.99,11.497898295707328,1.5021017042926719
2024-11-19,SKU_34,WH_2,24,19.86,17.503646786686094,6.496353213313906
2024-11-20,SKU_34,WH_2,14,8.79,9.279677997291474,4.720322002708526
2024-11-21,SKU_34,WH_2,12,16.5,14.952932274834334,2.9529322748343336
2024-11-22,SKU_34,WH_2,16,19.04,18.04561819655847,2.0456181965584683
2024-11-23,SKU_34,WH_2,7,8.78,9.278197939458355,2.278197939458355
2024-11-24,SKU_34,WH_2,14,14.54,13.326211228793364,0.6737887712066364
2024-11-25,SKU_34,WH_2,15,14.8,13.685970385801724,1.314029614198276
2024-11-26,SKU_34,WH_2,21,24.42,20.997909591140672,0.0020904088593276526
2024-11-27,SKU_34,WH_2,11,10.81,10.815767177128226,0.184232822871774
2024-11-28,SKU_34,WH_2,10,4.34,6.1128502801911795,3.8871497198088205
2024-11-29,SKU_34,WH_2,13,17.04,16.378669098295006,3.3786690982950063
2024-11-30,SKU_34,WH_2,20,18.58,16.478488834861196,3.5215111651388042
2024-12-01,SKU_34,WH_2,18,23.8,20.805066738922456,2.8050667389224557
2024-12-02,SKU_34,WH_2,10,12.12,12.078941656098282,2.078941656098282
2024-12-03,SKU_34,WH_2,15,14.21,13.393086118727128,1.606913881272872
2024-12-04,SKU_34,WH_2,11,9.68,10.018704336776231,0.9812956632237686
2024-12-05,SKU_34,WH_2,20,25.26,21.62748195480922,1.6274819548092196
2024-12-06,SKU_34,WH_2,16,13.25,13.56851022048976,2.4314897795102404
2024-12-07,SKU_34,WH_2,8,9.64,10.190305389539379,2.190305389539379
2024-12-08,SKU_34,WH_2,25,30.04,25.446901873470562,0.4469018734705621
2024-12-09,SKU_34,WH_2,16,18.59,16.85288550389901,0.8528855038990102
2024-12-10,SKU_34,WH_2,23,25.82,24.12830387408758,1.1283038740875817
2024-12-11,SKU_34,WH_2,17,14.19,13.502549481465444,3.4974505185345564
2024-12-12,SKU_34,WH_2,18,14.55,13.696769958410108,4.303230041589892
2024-12-13,SKU_34,WH_2,18,15.37,14.579773307984931,3.420226692015069
2024-12-14,SKU_34,WH_2,8,11.8,11.86456791942956,3.8645679194295592
2024-12-15,SKU_34,WH_2,24,23.47,22.219414119293493,1.7805858807065071
2024-12-16,SKU_34,WH_2,17,19.88,18.038333990611005,1.0383339906110045
2024-12-17,SKU_34,WH_2,21,23.02,20.361171439698627,0.6388285603013735
2024-12-18,SKU_34,WH_2,29,32.77,29.695488763096122,0.6954887630961224
2024-12-19,SKU_34,WH_2,17,12.48,12.522559633147912,4.477440366852088
2024-12-20,SKU_34,WH_2,12,7.77,8.985634524694461,3.0143654753055387
2024-12-21,SKU_34,WH_2,15,15.68,14.912391386707204,0.08760861329279557
2024-12-22,SKU_34,WH_2,13,12.69,12.739490099002008,0.26050990099799165
2024-12-23,SKU_34,WH_2,31,34.05,30.823741150393065,0.17625884960693483
2024-12-24,SKU_34,WH_2,25,25.74,22.789898992226853,2.2101010077731473
2024-12-25,SKU_34,WH_2,20,17.19,16.115481798828387,3.8845182011716126
2024-12-26,SKU_34,WH_2,14,13.24,13.168525993086627,0.831474006913373
2024-12-27,SKU_34,WH_2,16,10.96,11.425334640528085,4.574665359471915
2024-12-28,SKU_34,WH_2,12,11.69,11.685973169503981,0.31402683049601876
2024-12-29,SKU_34,WH_2,19,20.78,18.715994627810876,0.28400537218912447
2024-12-30,SKU_34,WH_2,13,17.64,17.393529057233504,4.393529057233504
2024-11-10,SKU_34,WH_3,12,13.73,12.898128515785993,0.8981285157859933
2024-11-11,SKU_34,WH_3,9,7.68,8.541865738073593,0.45813426192640705
2024-11-12,SKU_34,WH_3,9,8.04,8.505358121294952,0.49464187870504794
2024-11-13,SKU_34,WH_3,13,18.55,16.44939494733579,3.44939494733579
2024-11-14,SKU_34,WH_3,23,28.6,23.940677653622583,0.9406776536225827
2024-11-15,SKU_34,WH_3,14,9.47,9.780696164134568,4.219303835865432
2024-11-16,SKU_34,WH_3,7,4.55,6.0459961262755755,0.9540038737244245
2024-11-17,SKU_34,WH_3,20,16.61,15.064696708658131,4.935303291341869
2024-11-18,SKU_34,WH_3,15,16.82,16.153170685915708,1.1531706859157076
2024-11-19,SKU_34,WH_3,8,4.36,6.123592856506103,1.8764071434938971
2024-11-20,SKU_34,WH_3,17,17.15,15.520615117369587,1.4793848826304128
2024-11-21,SKU_34,WH_3,11,10.92,10.950890701185791,0.04910929881420856
2024-11-22,SKU_34,WH_3,10,11.69,11.1853649584389,1.1853649584388997
2024-11-23,SKU_34,WH_3,13,13.04,12.456051147101496,0.5439488528985041
2024-11-24,SKU_34,WH_3,6,5.5,6.919107317137348,0.9191073171373478
2024-11-25,SKU_34,WH_3,10,8.28,9.073564860981529,0.9264351390184711
2024-11-26,SKU_34,WH_3,21,23.78,20.395256511396084,0.6047434886039156
2024-11-27,SKU_34,WH_3,10,6.96,7.495689561239718,2.5043104387602817
2024-11-28,SKU_34,WH_3,22,19.92,17.532559814145984,4.4674401858540165
2024-11-29,SKU_34,WH_3,16,15.47,14.309729037469552,1.6902709625304482
2024-11-30,SKU_34,WH_3,28,29.33,24.682532285340944,3.317467714659056
2024-12-01,SKU_34,WH_3,16,19.22,17.374523069245786,1.374523069245786
2024-12-02,SKU_34,WH_3,17,16.84,15.57353200046124,1.42646799953876
2024-12-03,SKU_34,WH_3,14,13.98,13.49095428767753,0.5090457123224699
2024-12-04,SKU_34,WH_3,17,15.44,14.721848614474057,2.278151385525943
2024-12-05,SKU_34,WH_3,17,19.58,17.848434805955478,0.8484348059554776
2024-12-06,SKU_34,WH_3,22,21.05,18.867818330384154,3.1321816696158464
2024-12-07,SKU_34,WH_3,29,30.78,28.203305915908295,0.7966940840917047
2024-12-08,SKU_34,WH_3,15,8.77,9.788867748598959,5.211132251401041
2024-12-09,SKU_34,WH_3,20,26.18,23.011525325690055,3.011525325690055
2024-12-10,SKU_34,WH_3,12,12.22,12.267478418022304,0.26747841802230354
2024-12-11,SKU_34,WH_3,20,23.52,20.943416911769038,0.9434169117690381
2024-12-12,SKU_34,WH_3,15,7.81,9.125526050226735,5.8744739497732645
2024-12-13,SKU_34,WH_3,19,23.72,21.060015397699352,2.0600153976993525
2024-12-14,SKU_34,WH_3,15,11.43,11.612557412428586,3.387442587571414
2024-12-15,SKU_34,WH_3,15,13.19,13.052215778302683,1.947784221697317
2024-12-16,SKU_34,WH_3,12,7.81,8.937410407209795,3.0625895927902054
2024-12-17,SKU_34,WH_3,16,12.0,12.02027945799889,3.9797205420011093
2024-12-18,SKU_34,WH_3,26,24.85,23.140500201622856,2.8594997983771435
2024-12-19,SKU_34,WH_3,18,16.74,15.658357532166965,2.3416424678330348
2024-12-20,SKU_34,WH_3,18,20.77,18.683180657014496,0.6831806570144963
2024-12-21,SKU_34,WH_3,22,22.21,19.814692398688894,2.1853076013111057
2024-12-22,SKU_34,WH_3,19,15.26,14.664606645711975,4.3353933542880245
2024-12-23,SKU_34,WH_3,19,18.74,17.153102674640042,1.8468973253599579
2024-12-24,SKU_34,WH_3,12,6.05,7.76782436494677,4.23217563505323
2024-12-25,SKU_34,WH_3,21,21.25,19.221811512615254,1.778188487384746
2024-12-26,SKU_34,WH_3,21,21.34,19.254304966254335,1.7456950337456654
2024-12-27,SKU_34,WH_3,20,21.59,19.373242769811377,0.6267572301886233
2024-12-28,SKU_34,WH_3,17,19.81,18.133714248680104,1.1337142486801035
2024-12-29,SKU_34,WH_3,15,17.65,16.47248547241069,1.472485472410689
2024-12-30,SKU_34,WH_3,16,19.16,18.601836194752405,2.601836194752405
2024-11-10,SKU_34,WH_4,23,22.3,19.443999037336628,3.556000962663372
2024-11-11,SKU_34,WH_4,11,11.69,11.206846518104145,0.206846518104145
2024-11-12,SKU_34,WH_4,4,6.75,7.542129438241238,3.542129438241238
2024-11-13,SKU_34,WH_4,17,18.17,16.087667546615553,0.9123324533844475
2024-11-14,SKU_34,WH_4,19,18.43,16.33455496080162,2.6654450391983815
2024-11-15,SKU_34,WH_4,18,18.96,16.73099009112162,1.269009908878381
2024-11-16,SKU_34,WH_4,16,16.03,14.886641618210318,1.1133583817896824
2024-11-17,SKU_34,WH_4,16,12.03,12.162933466002453,3.8370665339975467
2024-11-18,SKU_34,WH_4,22,23.55,20.375812316598275,1.6241876834017255
2024-11-19,SKU_34,WH_4,14,15.3,14.230682764490249,0.23068276449024872
2024-11-20,SKU_34,WH_4,15,17.2,15.598560027940879,0.5985600279408789
2024-11-21,SKU_34,WH_4,9,8.21,9.00559897332196,0.0055989733219607984
2024-11-22,SKU_34,WH_4,14,10.81,11.335063756119325,2.6649362438806747
2024-11-23,SKU_34,WH_4,18,28.65,24.122281924822914,6.122281924822914
2024-11-24,SKU_34,WH_4,18,13.67,12.90264792830695,5.0973520716930505
2024-11-25,SKU_34,WH_4,16,15.93,14.845021006985426,1.1549789930145735
2024-11-26,SKU_34,WH_4,19,20.45,18.10787697943908,0.8921230205609199
2024-11-27,SKU_34,WH_4,7,0.0,2.6253316833034432,4.374668316696557
2024-11-28,SKU_34,WH_4,20,13.87,13.269219834778848,6.730780165221152
2024-11-29,SKU_34,WH_4,14,14.82,13.876141652190652,0.12385834780934779
2024-11-30,SKU_34,WH_4,20,23.11,20.145974024703236,0.14597402470323573
2024-12-01,SKU_34,WH_4,15,12.37,12.291219172448944,2.708780827551056
2024-12-02,SKU_34,WH_4,28,27.76,25.87146226038338,2.1285377396166183
2024-12-03,SKU_34,WH_4,15,18.14,16.5786927482362,1.5786927482362003
2024-12-04,SKU_34,WH_4,23,19.03,17.382771046954694,5.617228953045306
2024-12-05,SKU_34,WH_4,17,17.08,16.05364295581637,0.9463570441836318
2024-12-06,SKU_34,WH_4,13,14.84,14.202778751054154,1.2027787510541543
2024-12-07,SKU_34,WH_4,22,22.7,20.416474746169563,1.5835252538304374
2024-12-08,SKU_34,WH_4,14,16.21,15.428016132870626,1.428016132870626
2024-12-09,SKU_34,WH_4,13,10.22,10.83205796825757,2.167942031742429
2024-12-10,SKU_34,WH_4,17,13.06,12.87421737874489,4.1257826212551105
2024-12-11,SKU_34,WH_4,18,13.5,13.078232367090667,4.921767632909333
2024-12-12,SKU_34,WH_4,19,19.43,18.79083711072323,0.20916288927676874
2024-12-13,SKU_34,WH_4,17,17.52,16.31234574416547,0.6876542558345307
2024-12-14,SKU_34,WH_4,15,16.9,15.786320114476485,0.7863201144764851
2024-12-15,SKU_34,WH_4,23,25.78,22.615734076433604,0.3842659235663959
2024-12-16,SKU_34,WH_4,16,20.06,18.257116247795548,2.2571162477955475
2024-12-17,SKU_34,WH_4,9,7.15,8.727251761983904,0.2727482380160957
2024-12-18,SKU_34,WH_4,16,14.54,13.747791674692989,2.252208325307011
2024-12-19,SKU_34,WH_4,15,11.73,11.576609843292227,3.4233901567077734
2024-12-20,SKU_34,WH_4,14,16.86,15.601184958845053,1.601184958845053
2024-12-21,SKU_34,WH_4,15,14.7,13.854702255467355,1.1452977445326447
2024-12-22,SKU_34,WH_4,22,22.7,21.45337685629777,0.5466231437022309
2024-12-23,SKU_34,WH_4,20,21.89,19.65334974768797,0.34665025231203117
2024-12-24,SKU_34,WH_4,23,20.41,19.590708712277394,3.4092912877226063
2024-12-25,SKU_34,WH_4,21,19.78,17.962558660242454,3.037441339757546
2024-12-26,SKU_34,WH_4,11,9.97,10.600472696151126,0.399527303848874
2024-12-27,SKU_34,WH_4,20,23.31,20.704734758584795,0.7047347585847952
2024-12-28,SKU_34,WH_4,26,22.26,21.048671836743626,4.951328163256374
2024-12-29,SKU_34,WH_4,19,17.25,16.089460908878106,2.910539091121894
2024-12-30,SKU_34,WH_4,14,11.39,12.482379524890767,1.5176204751092328
2024-11-10,SKU_34,WH_5,4,5.67,7.061275892621083,3.061275892621083
2024-11-11,SKU_34,WH_5,23,19.78,17.576945469647075,5.423054530352925
2024-11-12,SKU_34,WH_5,3,4.71,6.078833406393597,3.0788334063935974
2024-11-13,SKU_34,WH_5,22,24.19,22.48109174825973,0.481091748259729
2024-11-14,SKU_34,WH_5,20,17.12,16.42704808912344,3.5729519108765615
2024-11-15,SKU_34,WH_5,9,16.59,15.047145523166963,6.047145523166963
2024-11-16,SKU_34,WH_5,16,10.72,10.841380926813258,5.158619073186742
2024-11-17,SKU_34,WH_5,15,14.81,13.65705738078243,1.3429426192175704
2024-11-18,SKU_34,WH_5,25,23.68,20.442334620766655,4.557665379233345
2024-11-19,SKU_34,WH_5,12,13.0,12.22711669342534,0.2271166934253408
2024-11-20,SKU_34,WH_5,17,16.4,15.066412057544891,1.9335879424551088
2024-11-21,SKU_34,WH_5,13,12.3,11.955072985811237,1.0449270141887634
2024-11-22,SKU_34,WH_5,10,8.16,8.962633418190544,1.0373665818094562
2024-11-23,SKU_34,WH_5,14,12.72,12.233355137014978,1.7666448629850215
2024-11-24,SKU_34,WH_5,7,10.42,10.533361890221315,3.5333618902213146
2024-11-25,SKU_34,WH_5,14,11.86,11.539557146918616,2.4604428530813838
2024-11-26,SKU_34,WH_5,13,9.4,9.762214699490993,3.2377853005090067
2024-11-27,SKU_34,WH_5,17,13.94,13.215226906827002,3.7847730931729977
2024-11-28,SKU_34,WH_5,19,22.26,19.37221615077927,0.37221615077926984
2024-11-29,SKU_34,WH_5,23,20.0,17.763889417589635,5.236110582410365
2024-11-30,SKU_34,WH_5,18,16.51,15.174146112342353,2.8258538876576473
2024-12-01,SKU_34,WH_5,15,18.75,17.016120243213276,2.016120243213276
2024-12-02,SKU_34,WH_5,16,11.89,11.919827130359595,4.080172869640405
2024-12-03,SKU_34,WH_5,12,10.27,10.86283663086284,1.1371633691371592
2024-12-04,SKU_34,WH_5,26,20.79,18.65349073657196,7.34650926342804
2024-12-05,SKU_34,WH_5,12,14.37,13.807567123466043,1.8075671234660433
2024-12-06,SKU_34,WH_5,13,9.77,10.481466300314803,2.5185336996851966
2024-12-07,SKU_34,WH_5,13,14.53,13.74208369044617,0.7420836904461705
2024-12-08,SKU_34,WH_5,20,20.45,18.4965932034218,1.5034067965782008
2024-12-09,SKU_34,WH_5,16,16.76,15.681089294508881,0.31891070549111866
2024-12-10,SKU_34,WH_5,29,29.49,25.353868393429064,3.646131606570936
2024-12-11,SKU_34,WH_5,19,19.27,17.628893261261595,1.3711067387384048
2024-12-12,SKU_34,WH_5,7,5.74,7.600193760130665,0.600193760130665
2024-12-13,SKU_34,WH_5,26,27.6,23.92761145001324,2.0723885499867585
2024-12-14,SKU_34,WH_5,19,18.31,16.706229984876167,2.293770015123833
2024-12-15,SKU_34,WH_5,14,12.03,12.148422920208727,1.851577079791273
2024-12-16,SKU_34,WH_5,18,17.67,16.37636579799876,1.6236342020012415
2024-12-17,SKU_34,WH_5,19,18.08,16.565974555403898,2.4340254445961023
2024-12-18,SKU_34,WH_5,14,17.02,15.952702447167173,1.952702447167173
2024-12-19,SKU_34,WH_5,22,24.98,21.765305323332658,0.2346946766673419
2024-12-20,SKU_34,WH_5,14,11.62,11.62987413665337,2.3701258633466296
2024-12-21,SKU_34,WH_5,22,21.89,20.857736436642504,1.1422635633574956
2024-12-22,SKU_34,WH_5,14,13.09,12.905154467030323,1.0948455329696767
2024-12-23,SKU_34,WH_5,15,13.12,12.957297117948569,2.0427028820514312
2024-12-24,SKU_34,WH_5,23,27.58,23.90443390752792,0.9044339075279204
2024-12-25,SKU_34,WH_5,23,24.06,21.351038667392096,1.6489613326079038
2024-12-26,SKU_34,WH_5,14,15.8,15.152846020334069,1.152846020334069
2024-12-27,SKU_34,WH_5,20,16.47,15.40095615555117,4.599043844448831
2024-12-28,SKU_34,WH_5,22,18.21,16.640606547127298,5.359393452872702
2024-12-29,SKU_34,WH_5,14,16.16,16.167491099957775,2.1674910999577754
2024-12-30,SKU_34,WH_5,21,17.05,16.887762946102978,4.112237053897022
2024-11-10,SKU_35,WH_1,6,6.32,7.253785610817206,1.2537856108172063
2024-11-11,SKU_35,WH_1,13,13.63,12.969637170180993,0.03036282981900662
2024-11-12,SKU_35,WH_1,12,9.78,10.200430387910828,1.7995696120891722
2024-11-13,SKU_35,WH_1,15,17.71,15.952865413119348,0.9528654131193477
2024-11-14,SKU_35,WH_1,18,19.55,17.50413740492411,0.4958625950758915
2024-11-15,SKU_35,WH_1,20,18.91,17.953398252839353,2.046601747160647
2024-11-16,SKU_35,WH_1,15,17.34,15.634954283665458,0.6349542836654578
2024-11-17,SKU_35,WH_1,24,28.21,23.956336703069237,0.043663296930763096
2024-11-18,SKU_35,WH_1,23,26.96,23.020673822869455,0.02067382286945474
2024-11-19,SKU_35,WH_1,20,24.3,22.695233274487677,2.695233274487677
2024-11-20,SKU_35,WH_1,14,15.91,15.056489559977006,1.056489559977006
2024-11-21,SKU_35,WH_1,15,15.7,14.880992798275322,0.11900720172467771
2024-11-22,SKU_35,WH_1,9,12.47,12.218405700274289,3.218405700274289
2024-11-23,SKU_35,WH_1,18,15.36,14.402510261557426,3.597489738442574
2024-11-24,SKU_35,WH_1,13,13.58,13.714033417510906,0.7140334175109064
2024-11-25,SKU_35,WH_1,3,0.8,3.484758385150964,0.4847583851509638
2024-11-26,SKU_35,WH_1,14,17.6,15.935102706804793,1.935102706804793
2024-11-27,SKU_35,WH_1,18,17.93,16.233968633314955,1.766031366685045
2024-11-28,SKU_35,WH_1,14,12.42,12.047868086334814,1.9521319136651858
2024-11-29,SKU_35,WH_1,16,17.96,16.244823271895925,0.24482327189592468
2024-11-30,SKU_35,WH_1,21,21.67,19.144632814566055,1.8553671854339449
2024-12-01,SKU_35,WH_1,12,11.37,11.497128824888337,0.5028711751116628
2024-12-02,SKU_35,WH_1,18,23.2,20.62261971899928,2.6226197189992817
2024-12-03,SKU_35,WH_1,20,18.09,17.559166106254125,2.440833893745875
2024-12-04,SKU_35,WH_1,8,8.24,9.45231207796295,1.4523120779629508
2024-12-05,SKU_35,WH_1,8,2.1,4.407858850116746,3.592141149883254
2024-12-06,SKU_35,WH_1,24,23.26,20.524450001309397,3.475549998690603
2024-12-07,SKU_35,WH_1,17,17.87,16.53063536868384,0.4693646313161608
2024-12-08,SKU_35,WH_1,13,14.84,14.103887377467245,1.1038873774672453
2024-12-09,SKU_35,WH_1,16,15.92,15.136170478035856,0.8638295219641439
2024-12-10,SKU_35,WH_1,12,17.44,16.202342539700428,4.202342539700428
2024-12-11,SKU_35,WH_1,20,22.4,19.902769292915675,0.09723070708432502
2024-12-12,SKU_35,WH_1,17,16.19,15.306817545405238,1.693182454594762
2024-12-13,SKU_35,WH_1,15,15.03,14.458607780066195,0.5413922199338046
2024-12-14,SKU_35,WH_1,17,17.29,16.024918534303183,0.9750814656968174
2024-12-15,SKU_35,WH_1,15,14.11,14.295156807986684,0.7048431920133158
2024-12-16,SKU_35,WH_1,18,20.43,19.610578174150646,1.6105781741506462
2024-12-17,SKU_35,WH_1,15,13.57,13.2044224031564,1.7955775968436
2024-12-18,SKU_35,WH_1,19,21.47,19.169240246579026,0.16924024657902592
2024-12-19,SKU_35,WH_1,16,11.55,11.57434685007865,4.4256531499213505
2024-12-20,SKU_35,WH_1,21,19.94,17.971195557271678,3.0288044427283225
2024-12-21,SKU_35,WH_1,16,15.24,14.534110055835233,1.4658899441647666
2024-12-22,SKU_35,WH_1,13,19.66,17.91303442118636,4.91303442118636
2024-12-23,SKU_35,WH_1,20,21.59,19.200114662420216,0.7998853375797843
2024-12-24,SKU_35,WH_1,20,22.82,20.316423255490687,0.31642325549068673
2024-12-25,SKU_35,WH_1,22,24.85,21.710660071368928,0.2893399286310725
2024-12-26,SKU_35,WH_1,23,25.13,23.326989211290847,0.32698921129084724
2024-12-27,SKU_35,WH_1,27,30.15,25.911230624830193,1.0887693751698073
2024-12-28,SKU_35,WH_1,22,22.08,19.910982575127257,2.0890174248727433
2024-12-29,SKU_35,WH_1,20,22.61,20.28341060774753,0.28341060774753046
2024-12-30,SKU_35,WH_1,18,23.12,21.898864329031838,3.898864329031838
2024-11-10,SKU_35,WH_2,8,5.95,7.085125157641875,0.9148748423581248
2024-11-11,SKU_35,WH_2,11,11.53,11.244511591724399,0.2445115917243985
2024-11-12,SKU_35,WH_2,9,6.21,7.093174750443945,1.9068252495560554
2024-11-13,SKU_35,WH_2,7,4.28,5.773706896674569,1.226293103325431
2024-11-14,SKU_35,WH_2,18,18.97,17.91373273623429,0.08626726376570915
2024-11-15,SKU_35,WH_2,7,11.87,11.510413413296382,4.510413413296382
2024-11-16,SKU_35,WH_2,18,19.26,17.046880688925516,0.9531193110744844
2024-11-17,SKU_35,WH_2,15,12.15,11.869907984904229,3.130092015095771
2024-11-18,SKU_35,WH_2,11,7.9,8.64711541420262,2.35288458579738
2024-11-19,SKU_35,WH_2,28,26.83,22.814392904989425,5.185607095010575
2024-11-20,SKU_35,WH_2,15,11.29,11.177368503922207,3.8226314960777934
2024-11-21,SKU_35,WH_2,18,20.16,17.965159587658697,0.034840412341303306
2024-11-22,SKU_35,WH_2,16,16.27,14.956991505163517,1.0430084948364833
2024-11-23,SKU_35,WH_2,26,25.92,22.349404383585643,3.650595616414357
2024-11-24,SKU_35,WH_2,25,27.26,23.29562504346524,1.7043749565347603
2024-11-25,SKU_35,WH_2,14,23.46,20.787395814766032,6.7873958147660325
2024-11-26,SKU_35,WH_2,19,19.85,17.97860374912166,1.0213962508783396
2024-11-27,SKU_35,WH_2,21,19.23,17.305263092801415,3.6947369071985854
2024-11-28,SKU_35,WH_2,20,19.17,17.357913420902207,2.6420865790977928
2024-11-29,SKU_35,WH_2,15,16.78,16.399307153958883,1.3993071539588833
2024-11-30,SKU_35,WH_2,5,6.98,7.9573996405648115,2.9573996405648115
2024-12-01,SKU_35,WH_2,10,5.75,7.544044471397236,2.4559555286027637
2024-12-02,SKU_35,WH_2,15,12.86,12.6446231476069,2.3553768523931
2024-12-03,SKU_35,WH_2,11,11.2,11.478305973954413,0.4783059739544129
2024-12-04,SKU_35,WH_2,19,20.93,18.730877767042756,0.269122232957244
2024-12-05,SKU_35,WH_2,19,18.69,18.100140009647934,0.8998599903520663
2024-12-06,SKU_35,WH_2,17,20.51,18.518403915491984,1.5184039154919837
2024-12-07,SKU_35,WH_2,24,26.77,23.483067460742255,0.5169325392577448
2024-12-08,SKU_35,WH_2,10,9.55,10.422349957243119,0.4223499572431191
2024-12-09,SKU_35,WH_2,23,20.76,18.743198645669253,4.256801354330747
2024-12-10,SKU_35,WH_2,26,21.23,19.253673946653823,6.746326053346177
2024-12-11,SKU_35,WH_2,12,9.85,10.695794062297502,1.3042059377024984
2024-12-12,SKU_35,WH_2,12,13.21,13.098080922546497,1.0980809225464974
2024-12-13,SKU_35,WH_2,19,21.37,19.251423845450255,0.25142384545025465
2024-12-14,SKU_35,WH_2,16,11.14,11.511686047447808,4.488313952552192
2024-12-15,SKU_35,WH_2,23,24.99,21.96361446545206,1.0363855345479394
2024-12-16,SKU_35,WH_2,24,27.71,24.14098337928643,0.14098337928642835
2024-12-17,SKU_35,WH_2,16,17.36,16.11588403040366,0.11588403040365947
2024-12-18,SKU_35,WH_2,18,22.18,19.870413863397722,1.8704138633977223
2024-12-19,SKU_35,WH_2,19,23.82,21.19936302259341,2.1993630225934098
2024-12-20,SKU_35,WH_2,11,9.61,10.483619170388547,0.5163808296114532
2024-12-21,SKU_35,WH_2,20,14.57,13.817069876797893,6.182930123202107
2024-12-22,SKU_35,WH_2,21,18.47,16.831995608900307,4.168004391099693
2024-12-23,SKU_35,WH_2,21,16.53,15.58210392118685,5.4178960788131505
2024-12-24,SKU_35,WH_2,15,12.46,12.459009250937433,2.5409907490625674
2024-12-25,SKU_35,WH_2,20,19.52,17.871376805368158,2.1286231946318424
2024-12-26,SKU_35,WH_2,25,20.42,18.524397844859706,6.475602155140294
2024-12-27,SKU_35,WH_2,19,18.85,17.20112653394743,1.7988734660525694
2024-12-28,SKU_35,WH_2,11,12.5,12.699232808101591,1.6992328081015913
2024-12-29,SKU_35,WH_2,10,11.81,11.912905521804907,1.9129055218049071
2024-12-30,SKU_35,WH_2,13,15.7,16.06479227743055,3.0647922774305485
2024-11-10,SKU_35,WH_3,14,15.53,14.40053708506102,0.4005370850610195
2024-11-11,SKU_35,WH_3,15,19.08,16.958706929469482,1.958706929469482
2024-11-12,SKU_35,WH_3,13,16.16,15.778717056075525,2.778717056075525
2024-11-13,SKU_35,WH_3,11,13.84,13.122845897336079,2.122845897336079
2024-11-14,SKU_35,WH_3,0,1.85,3.9300252136273226,3.9300252136273226
2024-11-15,SKU_35,WH_3,18,17.38,15.519283133467079,2.480716866532921
2024-11-16,SKU_35,WH_3,1,4.6,6.086609878797459,5.086609878797459
2024-11-17,SKU_35,WH_3,6,6.18,7.049204573572931,1.049204573572931
2024-11-18,SKU_35,WH_3,10,9.85,9.986481644928867,0.01351835507113286
2024-11-19,SKU_35,WH_3,7,15.42,14.261475322360985,7.261475322360985
2024-11-20,SKU_35,WH_3,12,12.2,11.665905149378924,0.33409485062107613
2024-11-21,SKU_35,WH_3,19,19.96,17.52249943853554,1.4775005614644598
2024-11-22,SKU_35,WH_3,10,13.12,12.349515340413939,2.349515340413939
2024-11-23,SKU_35,WH_3,23,24.1,20.77006576404314,2.2299342359568612
2024-11-24,SKU_35,WH_3,19,18.6,16.416668589981477,2.5833314100185234
2024-11-25,SKU_35,WH_3,13,8.39,9.007586612134862,3.992413387865138
2024-11-26,SKU_35,WH_3,9,3.28,5.243494823284341,3.7565051767156588
2024-11-27,SKU_35,WH_3,14,12.27,11.767503402603456,2.232496597396544
2024-11-28,SKU_35,WH_3,24,28.2,23.94066134934252,0.05933865065748023
2024-11-29,SKU_35,WH_3,21,21.12,18.5482285248911,2.451771475108899
2024-11-30,SKU_35,WH_3,12,6.97,7.590029801372001,4.409970198627999
2024-12-01,SKU_35,WH_3,14,13.86,13.39213958301147,0.6078604169885296
2024-12-02,SKU_35,WH_3,25,26.01,22.598515902975173,2.4014840970248272
2024-12-03,SKU_35,WH_3,11,11.33,11.426924407744021,0.4269244077440213
2024-12-04,SKU_35,WH_3,21,21.9,19.561489360998614,1.438510639001386
2024-12-05,SKU_35,WH_3,16,17.01,15.590192856131281,0.4098071438687185
2024-12-06,SKU_35,WH_3,15,15.16,14.4626188754221,0.5373811245778999
2024-12-07,SKU_35,WH_3,13,14.76,14.02298503960713,1.0229850396071303
2024-12-08,SKU_35,WH_3,18,18.41,16.73436097225078,1.26563902774922
2024-12-09,SKU_35,WH_3,22,25.78,22.528432805445973,0.5284328054459735
2024-12-10,SKU_35,WH_3,16,14.4,13.637410363068096,2.3625896369319044
2024-12-11,SKU_35,WH_3,13,16.97,15.666920289635371,2.666920289635371
2024-12-12,SKU_35,WH_3,23,16.0,15.14225688488513,7.85774311511487
2024-12-13,SKU_35,WH_3,20,19.77,17.911317038532424,2.088682961467576
2024-12-14,SKU_35,WH_3,10,16.11,15.298556180032051,5.298556180032051
2024-12-15,SKU_35,WH_3,12,5.98,7.46881058409514,4.53118941590486
2024-12-16,SKU_35,WH_3,16,12.42,12.153689003284716,3.8463109967152835
2024-12-17,SKU_35,WH_3,10,9.08,9.85481061592053,0.14518938407947068
2024-12-18,SKU_35,WH_3,21,17.13,15.76583676269847,5.23416323730153
2024-12-19,SKU_35,WH_3,10,2.41,4.424223018516384,5.575776981483616
2024-12-20,SKU_35,WH_3,10,5.98,7.435334292613511,2.5646657073864887
2024-12-21,SKU_35,WH_3,19,20.91,18.666423514013935,0.3335764859860646
2024-12-22,SKU_35,WH_3,22,19.96,17.982705751078328,4.017294248921672
2024-12-23,SKU_35,WH_3,18,20.54,18.470922376914125,0.47092237691412464
2024-12-24,SKU_35,WH_3,27,22.9,20.32988537303217,6.67011462696783
2024-12-25,SKU_35,WH_3,28,29.9,25.763964139985415,2.236035860014585
2024-12-26,SKU_35,WH_3,17,15.61,14.875476263514571,2.124523736485429
2024-12-27,SKU_35,WH_3,11,14.31,13.812199169665057,2.812199169665057
2024-12-28,SKU_35,WH_3,24,28.78,24.8424860490556,0.8424860490556014
2024-12-29,SKU_35,WH_3,19,19.9,18.20175900947539,0.7982409905246115
2024-12-30,SKU_35,WH_3,18,19.15,18.538137033096387,0.5381370330963868
2024-11-10,SKU_35,WH_4,5,1.97,3.7940682384431037,1.2059317615568963
2024-11-11,SKU_35,WH_4,19,14.36,13.329794450745789,5.670205549254211
2024-11-12,SKU_35,WH_4,13,13.88,13.116347147840846,0.11634714784084643
2024-11-13,SKU_35,WH_4,15,15.95,14.749408780432727,0.2505912195672728
2024-11-14,SKU_35,WH_4,9,6.08,6.986233007165129,2.0137669928348707
2024-11-15,SKU_35,WH_4,5,0.72,2.504312838822612,2.495687161177388
2024-11-16,SKU_35,WH_4,8,3.86,5.619517240361365,2.3804827596386353
2024-11-17,SKU_35,WH_4,13,12.07,11.533444794226229,1.466555205773771
2024-11-18,SKU_35,WH_4,12,5.39,6.855284506730671,5.144715493269329
2024-11-19,SKU_35,WH_4,24,19.46,17.099659894855076,6.900340105144924
2024-11-20,SKU_35,WH_4,8,12.08,11.53231884129975,3.53231884129975
2024-11-21,SKU_35,WH_4,22,27.58,23.291693479096256,1.2916934790962564
2024-11-22,SKU_35,WH_4,18,16.89,15.201186013177866,2.7988139868221342
2024-11-23,SKU_35,WH_4,5,10.68,10.84451238622846,5.844512386228461
2024-11-24,SKU_35,WH_4,16,16.54,15.066347609873223,0.9336523901267775
2024-11-25,SKU_35,WH_4,12,15.05,13.973810543914828,1.9738105439148281
2024-11-26,SKU_35,WH_4,12,13.43,12.672992881783538,0.6729928817835376
2024-11-27,SKU_35,WH_4,13,14.41,13.235367750591193,0.23536775059119286
2024-11-28,SKU_35,WH_4,9,6.68,7.29559986071781,1.70440013928219
2024-11-29,SKU_35,WH_4,15,11.42,11.63114013823644,3.3688598617635606
2024-11-30,SKU_35,WH_4,18,15.75,14.64223919814304,3.3577608018569602
2024-12-01,SKU_35,WH_4,15,15.68,14.71378696267398,0.28621303732601966
2024-12-02,SKU_35,WH_4,24,25.49,21.929928348199425,2.070071651800575
2024-12-03,SKU_35,WH_4,6,2.6,5.251258309907861,0.7487416900921389
2024-12-04,SKU_35,WH_4,19,17.79,16.290209808060162,2.709790191939838
2024-12-05,SKU_35,WH_4,15,13.09,12.692156803131292,2.307843196868708
2024-12-06,SKU_35,WH_4,18,15.18,14.322178512502198,3.677821487497802
2024-12-07,SKU_35,WH_4,13,7.74,8.806048997160831,4.193951002839169
2024-12-08,SKU_35,WH_4,19,20.31,18.267054561717554,0.7329454382824458
2024-12-09,SKU_35,WH_4,22,19.12,17.3006002735369,4.699399726463099
2024-12-10,SKU_35,WH_4,16,17.64,16.204350286541413,0.20435028654141263
2024-12-11,SKU_35,WH_4,25,24.56,21.42168541303773,3.5783145869622714
2024-12-12,SKU_35,WH_4,14,18.8,17.111486331769772,3.111486331769772
2024-12-13,SKU_35,WH_4,16,17.22,15.967759873580862,0.03224012641913809
2024-12-14,SKU_35,WH_4,18,15.86,15.192040151808403,2.8079598481915973
2024-12-15,SKU_35,WH_4,19,18.35,16.684369046603052,2.3156309533969477
2024-12-16,SKU_35,WH_4,14,10.83,11.179738294870543,2.8202617051294574
2024-12-17,SKU_35,WH_4,22,27.67,23.968802538200727,1.9688025382007268
2024-12-18,SKU_35,WH_4,12,11.91,11.88618949753739,0.11381050246260926
2024-12-19,SKU_35,WH_4,12,10.68,11.20098473364792,0.7990152663520806
2024-12-20,SKU_35,WH_4,18,18.32,16.55799886847882,1.442001131521181
2024-12-21,SKU_35,WH_4,26,27.26,23.505014498771896,2.494985501228104
2024-12-22,SKU_35,WH_4,17,16.12,15.29824026770205,1.7017597322979494
2024-12-23,SKU_35,WH_4,15,13.51,13.08966893914672,1.9103310608532809
2024-12-24,SKU_35,WH_4,23,18.94,17.230736776491074,5.769263223508926
2024-12-25,SKU_35,WH_4,24,24.77,23.067860158386264,0.9321398416137363
2024-12-26,SKU_35,WH_4,21,21.03,18.974478902349993,2.0255210976500067
2024-12-27,SKU_35,WH_4,20,17.81,16.649049266865415,3.350950733134585
2024-12-28,SKU_35,WH_4,16,16.2,15.47505169713102,0.5249483028689799
2024-12-29,SKU_35,WH_4,19,18.55,17.14982241426826,1.850177585731739
2024-12-30,SKU_35,WH_4,20,20.08,19.402039233369184,0.5979607666308162
2024-11-10,SKU_35,WH_5,11,14.84,13.707129453187544,2.7071294531875445
2024-11-11,SKU_35,WH_5,10,8.56,9.156673557082767,0.8433264429172329
2024-11-12,SKU_35,WH_5,15,14.97,13.727737258756715,1.272262741243285
2024-11-13,SKU_35,WH_5,22,30.06,25.02087265689518,3.020872656895179
2024-11-14,SKU_35,WH_5,15,11.86,11.431740352267724,3.568259647732276
2024-11-15,SKU_35,WH_5,19,21.99,19.263654934750985,0.2636549347509849
2024-11-16,SKU_35,WH_5,19,15.28,14.159062165487063,4.840937834512937
2024-11-17,SKU_35,WH_5,3,0.0,2.550690283561805,0.44930971643819495
2024-11-18,SKU_35,WH_5,7,11.06,11.002890800314015,4.002890800314015
2024-11-19,SKU_35,WH_5,12,13.63,12.773678616377222,0.7736786163772216
2024-11-20,SKU_35,WH_5,20,20.03,17.567643132913624,2.4323568670863764
2024-11-21,SKU_35,WH_5,5,3.8,5.546039055230053,0.5460390552300529
2024-11-22,SKU_35,WH_5,15,15.91,14.649522624905835,0.3504773750941652
2024-11-23,SKU_35,WH_5,21,24.22,20.901915965948607,0.09808403405139288
2024-11-24,SKU_35,WH_5,9,8.3,8.896892481027765,0.10310751897223547
2024-11-25,SKU_35,WH_5,18,16.42,14.875404908715714,3.124595091284286
2024-11-26,SKU_35,WH_5,23,22.62,20.96195655906108,2.038043440938921
2024-11-27,SKU_35,WH_5,15,8.8,9.58540054640567,5.414599453594329
2024-11-28,SKU_35,WH_5,25,28.03,23.85667011582763,1.1433298841723705
2024-11-29,SKU_35,WH_5,14,8.79,9.373910601987461,4.626089398012539
2024-11-30,SKU_35,WH_5,7,7.82,8.632415822654096,1.632415822654096
2024-12-01,SKU_35,WH_5,15,19.34,17.40209615795782,2.4020961579578213
2024-12-02,SKU_35,WH_5,14,15.38,14.578174218668225,0.5781742186682255
2024-12-03,SKU_35,WH_5,18,16.09,15.26976295562903,2.73023704437097
2024-12-04,SKU_35,WH_5,10,10.8,11.144764125673627,1.1447641256736265
2024-12-05,SKU_35,WH_5,19,17.3,15.958782758810326,3.041217241189674
2024-12-06,SKU_35,WH_5,10,13.05,12.75555895146882,2.755558951468821
2024-12-07,SKU_35,WH_5,21,20.41,18.40000431789984,2.599995682100161
2024-12-08,SKU_35,WH_5,20,22.78,20.33447182960592,0.3344718296059206
2024-12-09,SKU_35,WH_5,15,17.76,16.456202179459524,1.456202179459524
2024-12-10,SKU_35,WH_5,18,19.1,17.366862874424758,0.6331371255752423
2024-12-11,SKU_35,WH_5,20,17.8,16.448410514670854,3.5515894853291456
2024-12-12,SKU_35,WH_5,13,10.26,10.700301513344174,2.299698486655826
2024-12-13,SKU_35,WH_5,16,16.38,15.409425139617184,0.5905748603828158
2024-12-14,SKU_35,WH_5,15,10.71,11.189076726464334,3.810923273535666
2024-12-15,SKU_35,WH_5,13,12.05,11.936140429799984,1.063859570200016
2024-12-16,SKU_35,WH_5,29,26.39,24.65911747024684,4.340882529753159
2024-12-17,SKU_35,WH_5,13,12.95,12.71094429600772,0.28905570399228075
2024-12-18,SKU_35,WH_5,15,15.26,14.641949576195879,0.3580504238041211
2024-12-19,SKU_35,WH_5,20,23.59,22.17188369298831,2.1718836929883096
2024-12-20,SKU_35,WH_5,22,24.55,21.60909395615593,0.390906043844069
2024-12-21,SKU_35,WH_5,26,20.91,18.854875179593513,7.145124820406487
2024-12-22,SKU_35,WH_5,25,22.79,20.498477422569778,4.501522577430222
2024-12-23,SKU_35,WH_5,10,10.92,11.693977299020487,1.6939772990204869
2024-12-24,SKU_35,WH_5,11,8.72,9.75413471208809,1.2458652879119096
2024-12-25,SKU_35,WH_5,13,15.98,16.02172343671517,3.0217234367151704
2024-12-26,SKU_35,WH_5,20,23.61,21.014468683336894,1.0144686833368937
2024-12-27,SKU_35,WH_5,18,18.65,17.041119803409046,0.9588801965909539
2024-12-28,SKU_35,WH_5,19,22.81,20.477590267721347,1.4775902677213466
2024-12-29,SKU_35,WH_5,15,18.1,16.52428712536251,1.524287125362509
2024-12-30,SKU_35,WH_5,6,9.23,10.94202612794991,4.9420261279499105
2024-11-10,SKU_36,WH_1,14,13.68,12.880675174956545,1.1193248250434547
2024-11-11,SKU_36,WH_1,8,9.05,9.494655928888644,1.494655928888644
2024-11-12,SKU_36,WH_1,0,0.18,2.4878575795632143,2.4878575795632143
2024-11-13,SKU_36,WH_1,18,19.64,17.498758979516943,0.5012410204830573
2024-11-14,SKU_36,WH_1,10,15.77,14.626414317478396,4.626414317478396
2024-11-15,SKU_36,WH_1,4,4.53,6.060837766267875,2.060837766267875
2024-11-16,SKU_36,WH_1,19,23.42,20.226917828863222,1.2269178288632219
2024-11-17,SKU_36,WH_1,7,10.7,10.7552822773728,3.7552822773727996
2024-11-18,SKU_36,WH_1,20,24.43,20.94760133677152,0.9476013367715197
2024-11-19,SKU_36,WH_1,12,14.99,13.892638713827816,1.8926387138278162
2024-11-20,SKU_36,WH_1,9,3.55,5.214943668028354,3.7850563319716457
2024-11-21,SKU_36,WH_1,19,21.68,18.809049757369543,0.190950242630457
2024-11-22,SKU_36,WH_1,10,7.53,8.24917899626449,1.7508210037355099
2024-11-23,SKU_36,WH_1,13,10.74,10.731054176176627,2.2689458238233726
2024-11-24,SKU_36,WH_1,12,8.36,8.805680917850204,3.1943190821497964
2024-11-25,SKU_36,WH_1,14,5.73,6.9017044475914515,7.0982955524085485
2024-11-26,SKU_36,WH_1,15,14.04,13.005057728831702,1.9949422711682985
2024-11-27,SKU_36,WH_1,13,11.89,11.430106779572613,1.569893220427387
2024-11-28,SKU_36,WH_1,16,18.64,16.501712429302007,0.5017124293020068
2024-11-29,SKU_36,WH_1,16,13.84,13.05058412334314,2.9494158766568592
2024-11-30,SKU_36,WH_1,17,21.32,18.62796220357506,1.6279622035750592
2024-12-01,SKU_36,WH_1,12,3.02,5.302674788582506,6.697325211417494
2024-12-02,SKU_36,WH_1,13,14.99,14.30376225563452,1.3037622556345205
2024-12-03,SKU_36,WH_1,13,12.86,13.079968423174135,0.07996842317413488
2024-12-04,SKU_36,WH_1,24,27.0,23.064186364463957,0.9358136355360429
2024-12-05,SKU_36,WH_1,16,16.0,15.1432424892459,0.8567575107541003
2024-12-06,SKU_36,WH_1,15,10.69,11.052807560037904,3.9471924399620963
2024-12-07,SKU_36,WH_1,21,20.86,18.483712590489787,2.5162874095102126
2024-12-08,SKU_36,WH_1,20,23.22,20.483363586277562,0.48336358627756226
2024-12-09,SKU_36,WH_1,22,21.49,19.180233221466224,2.8197667785337757
2024-12-10,SKU_36,WH_1,15,17.0,15.685097118015888,0.6850971180158876
2024-12-11,SKU_36,WH_1,21,22.59,20.03512440154693,0.9648755984530695
2024-12-12,SKU_36,WH_1,14,18.18,16.59536317885647,2.59536317885647
2024-12-13,SKU_36,WH_1,29,29.39,27.191339561258754,1.8086604387412457
2024-12-14,SKU_36,WH_1,21,23.0,20.523566180707608,0.47643381929239226
2024-12-15,SKU_36,WH_1,26,25.33,23.773635321614137,2.2263646783858633
2024-12-16,SKU_36,WH_1,18,13.53,13.623817897687406,4.376182102312594
2024-12-17,SKU_36,WH_1,14,12.51,12.687015845706506,1.3129841542934937
2024-12-18,SKU_36,WH_1,8,1.39,4.1840828244466595,3.8159171755533405
2024-12-19,SKU_36,WH_1,16,18.08,16.586941793687817,0.5869417936878172
2024-12-20,SKU_36,WH_1,16,23.24,20.725172978009102,4.725172978009102
2024-12-21,SKU_36,WH_1,25,28.97,24.7896182863862,0.2103817136137991
2024-12-22,SKU_36,WH_1,19,24.64,21.721427447267224,2.7214274472672244
2024-12-23,SKU_36,WH_1,16,13.96,13.551272714923073,2.4487272850769273
2024-12-24,SKU_36,WH_1,27,26.84,23.504557834796106,3.495442165203894
2024-12-25,SKU_36,WH_1,19,13.08,12.956433680196536,6.043566319803464
2024-12-26,SKU_36,WH_1,19,17.78,16.75205688705483,2.247943112945169
2024-12-27,SKU_36,WH_1,14,15.24,14.801398873728878,0.8013988737288784
2024-12-28,SKU_36,WH_1,17,16.83,15.8397649734107,1.1602350265892998
2024-12-29,SKU_36,WH_1,20,20.05,18.403009165253014,1.596990834746986
2024-12-30,SKU_36,WH_1,29,26.31,24.173433987274425,4.826566012725575
2024-11-10,SKU_36,WH_2,13,15.91,14.834051812743803,1.8340518127438035
2024-11-11,SKU_36,WH_2,6,5.16,6.563824748115977,0.5638247481159766
2024-11-12,SKU_36,WH_2,11,13.31,12.603237021161691,1.603237021161691
2024-11-13,SKU_36,WH_2,13,15.52,14.370125800291737,1.3701258002917367
2024-11-14,SKU_36,WH_2,15,12.88,12.213551905026058,2.7864480949739416
2024-11-15,SKU_36,WH_2,11,12.64,12.185227214779836,1.185227214779836
2024-11-16,SKU_36,WH_2,13,12.48,11.975600073486868,1.0243999265131318
2024-11-17,SKU_36,WH_2,0,0.0,2.4696912147978787,2.4696912147978787
2024-11-18,SKU_36,WH_2,13,15.65,14.508574084402762,1.5085740844027615
2024-11-19,SKU_36,WH_2,7,8.43,9.054267445142443,2.054267445142443
2024-11-20,SKU_36,WH_2,14,18.49,16.295513440143235,2.2955134401432353
2024-11-21,SKU_36,WH_2,18,19.02,16.911122128979834,1.0888778710201663
2024-11-22,SKU_36,WH_2,2,2.74,4.610521294528961,2.6105212945289606
2024-11-23,SKU_36,WH_2,12,8.14,8.870748140224128,3.129251859775872
2024-11-24,SKU_36,WH_2,13,12.94,12.229837256667007,0.7701627433329925
2024-11-25,SKU_36,WH_2,16,15.87,14.73414270423145,1.2658572957685497
2024-11-26,SKU_36,WH_2,14,11.75,11.459593296978364,2.5404067030216364
2024-11-27,SKU_36,WH_2,13,14.62,13.413614237569675,0.41361423756967497
2024-11-28,SKU_36,WH_2,15,13.74,12.895293666619736,2.104706333380264
2024-11-29,SKU_36,WH_2,6,11.09,10.98082137713489,4.980821377134889
2024-11-30,SKU_36,WH_2,23,23.11,19.973244809775586,3.0267551902244136
2024-12-01,SKU_36,WH_2,23,22.05,19.56646311292526,3.433536887074741
2024-12-02,SKU_36,WH_2,13,5.39,7.370556416703032,5.629443583296968
2024-12-03,SKU_36,WH_2,7,3.66,5.658547372519006,1.3414526274809937
2024-12-04,SKU_36,WH_2,15,16.41,15.239282604607842,0.23928260460784223
2024-12-05,SKU_36,WH_2,19,18.29,17.544030494530308,1.4559695054696924
2024-12-06,SKU_36,WH_2,16,21.85,20.807620769098914,4.807620769098914
2024-12-07,SKU_36,WH_2,21,19.7,17.81601889104194,3.1839811089580614
2024-12-08,SKU_36,WH_2,12,11.6,11.51104544880314,0.48895455119686027
2024-12-09,SKU_36,WH_2,13,13.03,12.541546837774252,0.45845316222574795
2024-12-10,SKU_36,WH_2,15,17.02,16.74508520125971,1.745085201259709
2024-12-11,SKU_36,WH_2,18,14.26,13.470964626429947,4.5290353735700535
2024-12-12,SKU_36,WH_2,15,11.71,11.520223890758245,3.4797761092417545
2024-12-13,SKU_36,WH_2,17,17.77,16.36746636611723,0.632533633882769
2024-12-14,SKU_36,WH_2,31,28.79,26.426900947628255,4.573099052371745
2024-12-15,SKU_36,WH_2,14,12.73,12.544611303828226,1.4553886961717737
2024-12-16,SKU_36,WH_2,24,26.34,22.978725253626607,1.0212747463733933
2024-12-17,SKU_36,WH_2,15,19.66,18.011226878856867,3.011226878856867
2024-12-18,SKU_36,WH_2,19,18.02,16.547300236677863,2.452699763322137
2024-12-19,SKU_36,WH_2,14,16.37,15.508727844118205,1.508727844118205
2024-12-20,SKU_36,WH_2,16,13.76,13.364709442463518,2.6352905575364822
2024-12-21,SKU_36,WH_2,22,30.04,27.564219813164566,5.564219813164566
2024-12-22,SKU_36,WH_2,14,18.46,16.900017660437843,2.900017660437843
2024-12-23,SKU_36,WH_2,18,18.06,16.633128265423043,1.3668717345769572
2024-12-24,SKU_36,WH_2,8,7.12,8.745683185280589,0.7456831852805887
2024-12-25,SKU_36,WH_2,41,42.04,33.2133819372221,7.786618062777897
2024-12-26,SKU_36,WH_2,16,20.24,18.46430036599751,2.4643003659975093
2024-12-27,SKU_36,WH_2,20,21.21,19.37924519501764,0.6207548049823615
2024-12-28,SKU_36,WH_2,20,22.03,20.008800931587388,0.008800931587387595
2024-12-29,SKU_36,WH_2,33,29.87,27.539867993459268,5.460132006540732
2024-12-30,SKU_36,WH_2,17,12.7,13.754012000962401,3.245987999037599
2024-11-10,SKU_36,WH_3,12,13.22,12.700589866223904,0.7005898662239041
2024-11-11,SKU_36,WH_3,16,18.6,16.588589919021818,0.5885899190218176
2024-11-12,SKU_36,WH_3,17,15.11,14.018683004747464,2.981316995252536
2024-11-13,SKU_36,WH_3,9,7.7,8.772238892910167,0.2277611070898331
2024-11-14,SKU_36,WH_3,12,10.15,10.340693191590217,1.6593068084097826
2024-11-15,SKU_36,WH_3,12,7.54,8.326048311507176,3.6739516884928243
2024-11-16,SKU_36,WH_3,10,12.93,12.237354557801535,2.2373545578015346
2024-11-17,SKU_36,WH_3,10,6.06,7.062760045859191,2.937239954140809
2024-11-18,SKU_36,WH_3,10,11.7,11.160158759850878,1.1601587598508782
2024-11-19,SKU_36,WH_3,16,19.12,16.892004592985757,0.8920045929857565
2024-11-20,SKU_36,WH_3,12,8.1,8.589636746401535,3.410363253598465
2024-11-21,SKU_36,WH_3,8,6.68,7.419677790779037,0.580322209220963
2024-11-22,SKU_36,WH_3,17,15.72,14.626468462669102,2.373531537330898
2024-11-23,SKU_36,WH_3,24,24.56,20.905024901242694,3.094975098757306
2024-11-24,SKU_36,WH_3,16,18.06,16.053561104445375,0.05356110444537521
2024-11-25,SKU_36,WH_3,15,15.01,14.887653425419355,0.1123465745806449
2024-11-26,SKU_36,WH_3,13,19.27,17.071002893236713,4.071002893236713
2024-11-27,SKU_36,WH_3,21,25.67,21.928593631045178,0.9285936310451781
2024-11-28,SKU_36,WH_3,9,5.85,7.081604125589653,1.918395874410347
2024-11-29,SKU_36,WH_3,20,17.68,15.85772011831277,4.14227988168723
2024-11-30,SKU_36,WH_3,16,17.04,15.5522298568021,0.4477701431979
2024-12-01,SKU_36,WH_3,17,17.95,16.405092176997776,0.5949078230022238
2024-12-02,SKU_36,WH_3,14,14.85,14.039718766316422,0.03971876631642246
2024-12-03,SKU_36,WH_3,20,18.36,16.532471644654926,3.467528355345074
2024-12-04,SKU_36,WH_3,19,13.97,13.497594303585238,5.502405696414762
2024-12-05,SKU_36,WH_3,21,21.07,18.782787550219123,2.2172124497808774
2024-12-06,SKU_36,WH_3,8,7.53,8.753697081883715,0.7536970818837148
2024-12-07,SKU_36,WH_3,17,17.49,16.200755490076688,0.7992445099233123
2024-12-08,SKU_36,WH_3,18,24.8,21.680540910243025,3.6805409102430247
2024-12-09,SKU_36,WH_3,14,14.45,13.73532349995916,0.2646765000408404
2024-12-10,SKU_36,WH_3,10,6.0,7.486820963500772,2.5131790364992277
2024-12-11,SKU_36,WH_3,16,12.87,12.553556441935127,3.446443558064873
2024-12-12,SKU_36,WH_3,7,9.02,9.856765130723394,2.856765130723394
2024-12-13,SKU_36,WH_3,17,15.82,15.007144175938603,1.9928558240613974
2024-12-14,SKU_36,WH_3,22,18.1,16.39551294908914,5.604487050910858
2024-12-15,SKU_36,WH_3,14,11.0,11.262374358984141,2.7376256410158586
2024-12-16,SKU_36,WH_3,14,13.86,14.155769303593004,0.15576930359300434
2024-12-17,SKU_36,WH_3,19,21.03,19.95679429223905,0.9567942922390493
2024-12-18,SKU_36,WH_3,16,15.62,14.83074995194447,1.1692500480555292
2024-12-19,SKU_36,WH_3,5,3.0,5.333942827807148,0.3339428278071477
2024-12-20,SKU_36,WH_3,13,12.73,12.461548165724876,0.5384518342751239
2024-12-21,SKU_36,WH_3,14,12.0,12.446605446154916,1.5533945538450844
2024-12-22,SKU_36,WH_3,7,8.49,9.478988706460392,2.4789887064603917
2024-12-23,SKU_36,WH_3,14,17.18,15.788398497234578,1.7883984972345779
2024-12-24,SKU_36,WH_3,31,28.41,24.33514844131014,6.664851558689861
2024-12-25,SKU_36,WH_3,24,24.09,21.177953942552683,2.8220460574473165
2024-12-26,SKU_36,WH_3,23,22.99,20.293520092909496,2.706479907090504
2024-12-27,SKU_36,WH_3,21,19.32,17.446022089233026,3.5539779107669744
2024-12-28,SKU_36,WH_3,18,18.42,16.713719648172773,1.2862803518272266
2024-12-29,SKU_36,WH_3,22,25.88,22.806667549279858,0.8066675492798581
2024-12-30,SKU_36,WH_3,21,19.23,18.567164564953604,2.432835435046396
2024-11-10,SKU_36,WH_4,10,7.57,8.438624626082122,1.561375373917878
2024-11-11,SKU_36,WH_4,9,7.17,8.25697478027727,0.7430252197227301
2024-11-12,SKU_36,WH_4,21,21.64,18.97795112421279,2.0220488757872097
2024-11-13,SKU_36,WH_4,8,8.97,9.37757973225353,1.3775797322535297
2024-11-14,SKU_36,WH_4,5,4.25,5.640870395177607,0.6408703951776067
2024-11-15,SKU_36,WH_4,17,15.03,13.956825809705048,3.043174190294952
2024-11-16,SKU_36,WH_4,8,8.33,8.904962943895764,0.9049629438957645
2024-11-17,SKU_36,WH_4,6,4.32,6.118150025443718,0.11815002544371822
2024-11-18,SKU_36,WH_4,20,18.19,16.06544792348861,3.934552076511391
2024-11-19,SKU_36,WH_4,16,14.57,13.321042430191552,2.678957569808448
2024-11-20,SKU_36,WH_4,18,13.77,12.794736112121987,5.205263887878013
2024-11-21,SKU_36,WH_4,6,4.01,5.592778763202426,0.40722123679757427
2024-11-22,SKU_36,WH_4,15,15.01,13.913400142164637,1.0865998578353633
2024-11-23,SKU_36,WH_4,7,4.22,5.65338446890321,1.3466155310967904
2024-11-24,SKU_36,WH_4,17,22.96,19.854822158745005,2.854822158745005
2024-11-25,SKU_36,WH_4,14,7.6,8.407945829034569,5.592054170965431
2024-11-26,SKU_36,WH_4,10,11.37,11.574397202043818,1.5743972020438175
2024-11-27,SKU_36,WH_4,11,14.73,14.419526350521494,3.419526350521494
2024-11-28,SKU_36,WH_4,0,0.0,2.411225735079321,2.411225735079321
2024-11-29,SKU_36,WH_4,15,13.71,13.538996338399208,1.4610036616007918
2024-11-30,SKU_36,WH_4,10,12.03,12.102225360901556,2.1022253609015564
2024-12-01,SKU_36,WH_4,8,0.96,3.473302406871556,4.5266975931284446
2024-12-02,SKU_36,WH_4,15,19.3,17.23907974607404,2.23907974607404
2024-12-03,SKU_36,WH_4,7,5.25,7.238804965265872,0.2388049652658717
2024-12-04,SKU_36,WH_4,9,14.19,13.324477929446925,4.324477929446925
2024-12-05,SKU_36,WH_4,18,16.56,15.217503514890588,2.7824964851094123
2024-12-06,SKU_36,WH_4,20,20.88,18.36920037766162,1.6307996223383796
2024-12-07,SKU_36,WH_4,24,19.53,17.58435970236299,6.415640297637012
2024-12-08,SKU_36,WH_4,6,3.55,5.702779218403655,0.29722078159634524
2024-12-09,SKU_36,WH_4,10,13.68,13.098298406649688,3.098298406649688
2024-12-10,SKU_36,WH_4,10,10.02,10.28793626912969,0.2879362691296894
2024-12-11,SKU_36,WH_4,15,17.33,15.71505193578549,0.7150519357854908
2024-12-12,SKU_36,WH_4,12,16.08,15.029963758149433,3.0299637581494334
2024-12-13,SKU_36,WH_4,19,18.9,16.881106595846227,2.1188934041537735
2024-12-14,SKU_36,WH_4,15,11.56,11.336179996310305,3.663820003689695
2024-12-15,SKU_36,WH_4,18,16.63,15.166480181243976,2.8335198187560238
2024-12-16,SKU_36,WH_4,25,24.01,20.943595810765345,4.056404189234655
2024-12-17,SKU_36,WH_4,22,17.39,15.776735057446771,6.223264942553229
2024-12-18,SKU_36,WH_4,19,18.87,16.979724342717613,2.0202756572823866
2024-12-19,SKU_36,WH_4,25,24.68,21.42984382333751,3.57015617666249
2024-12-20,SKU_36,WH_4,15,17.96,16.52839634450209,1.5283963445020916
2024-12-21,SKU_36,WH_4,20,15.31,14.575616185255601,5.424383814744399
2024-12-22,SKU_36,WH_4,24,22.61,21.28338211716645,2.7166178828335497
2024-12-23,SKU_36,WH_4,16,21.06,19.070655757695132,3.070655757695132
2024-12-24,SKU_36,WH_4,26,28.73,24.642167258318008,1.3578327416819924
2024-12-25,SKU_36,WH_4,28,28.76,26.393628175816893,1.6063718241831069
2024-12-26,SKU_36,WH_4,19,19.11,17.71472724182456,1.2852727581754415
2024-12-27,SKU_36,WH_4,14,12.99,12.979163895112324,1.0208361048876764
2024-12-28,SKU_36,WH_4,8,3.89,6.45263738655115,1.5473626134488496
2024-12-29,SKU_36,WH_4,29,26.73,23.651466585681746,5.348533414318254
2024-12-30,SKU_36,WH_4,22,19.7,19.07540761747074,2.9245923825292586
2024-11-10,SKU_36,WH_5,10,11.54,11.237425156020954,1.2374251560209544
2024-11-11,SKU_36,WH_5,13,8.71,9.285832438380297,3.7141675616197034
2024-11-12,SKU_36,WH_5,24,20.47,18.030314324786346,5.969685675213654
2024-11-13,SKU_36,WH_5,13,13.36,12.596425176444775,0.4035748235552248
2024-11-14,SKU_36,WH_5,9,15.66,14.45282907594939,5.45282907594939
2024-11-15,SKU_36,WH_5,16,20.89,18.167196573432687,2.167196573432687
2024-11-16,SKU_36,WH_5,6,6.09,7.075027942629928,1.0750279426299283
2024-11-17,SKU_36,WH_5,12,17.76,16.008547463023064,4.0085474630230635
2024-11-18,SKU_36,WH_5,17,16.06,14.830884358282539,2.169115641717461
2024-11-19,SKU_36,WH_5,9,6.6,7.348111412639285,1.6518885873607152
2024-11-20,SKU_36,WH_5,15,17.54,15.78456885683584,0.7845688568358398
2024-11-21,SKU_36,WH_5,9,11.32,11.070305448671172,2.0703054486711725
2024-11-22,SKU_36,WH_5,17,14.13,13.136431432349811,3.863568567650189
2024-11-23,SKU_36,WH_5,19,12.08,11.538342306293202,7.4616576937067975
2024-11-24,SKU_36,WH_5,14,16.64,15.083026566981111,1.0830265669811112
2024-11-25,SKU_36,WH_5,22,19.65,17.51634526518251,4.483654734817492
2024-11-26,SKU_36,WH_5,4,7.14,8.261461423134815,4.261461423134815
2024-11-27,SKU_36,WH_5,10,9.43,9.800178704736513,0.19982129526348658
2024-11-28,SKU_36,WH_5,11,17.8,16.021964264058763,5.021964264058763
2024-11-29,SKU_36,WH_5,20,19.46,17.18125921502573,2.8187407849742705
2024-11-30,SKU_36,WH_5,22,21.62,18.83210764451792,3.1678923554820813
2024-12-01,SKU_36,WH_5,24,18.59,16.7908411793804,7.209158820619599
2024-12-02,SKU_36,WH_5,10,7.01,8.026116872262337,1.973883127737663
2024-12-03,SKU_36,WH_5,11,8.13,9.311958585230368,1.688041414769632
2024-12-04,SKU_36,WH_5,15,17.38,15.929310333221476,0.9293103332214763
2024-12-05,SKU_36,WH_5,12,11.8,11.819942421275746,0.18005757872425399
2024-12-06,SKU_36,WH_5,14,14.05,13.461580745440411,0.5384192545595887
2024-12-07,SKU_36,WH_5,15,14.95,14.113367431129708,0.8866325688702918
2024-12-08,SKU_36,WH_5,7,11.71,11.523262126615245,4.523262126615245
2024-12-09,SKU_36,WH_5,14,16.18,15.08406063621004,1.0840606362100402
2024-12-10,SKU_36,WH_5,15,12.95,12.423645347603586,2.5763546523964145
2024-12-11,SKU_36,WH_5,15,16.88,15.488147904879416,0.4881479048794155
2024-12-12,SKU_36,WH_5,15,15.29,14.4271692656863,0.5728307343136994
2024-12-13,SKU_36,WH_5,11,6.52,7.70943789400563,3.29056210599437
2024-12-14,SKU_36,WH_5,18,18.59,16.76539448527794,1.234605514722059
2024-12-15,SKU_36,WH_5,22,22.05,19.47006026808478,2.5299397319152206
2024-12-16,SKU_36,WH_5,17,17.69,16.12673832026172,0.8732616797382811
2024-12-17,SKU_36,WH_5,19,20.07,18.225481118181936,0.7745188818180644
2024-12-18,SKU_36,WH_5,36,30.94,28.170663813080314,7.8293361869196865
2024-12-19,SKU_36,WH_5,20,19.49,19.04362509827851,0.9563749017214889
2024-12-20,SKU_36,WH_5,31,35.44,29.207100925726337,1.792899074273663
2024-12-21,SKU_36,WH_5,17,16.89,16.05262192078552,0.9473780792144808
2024-12-22,SKU_36,WH_5,16,16.47,15.804108614561944,0.19589138543805618
2024-12-23,SKU_36,WH_5,20,19.91,18.460582134451084,1.5394178655489164
2024-12-24,SKU_36,WH_5,7,9.06,10.446483501252963,3.4464835012529633
2024-12-25,SKU_36,WH_5,14,13.49,13.234487219369779,0.7655127806302211
2024-12-26,SKU_36,WH_5,23,14.82,14.16335750068304,8.83664249931696
2024-12-27,SKU_36,WH_5,13,14.46,13.843776627516819,0.843776627516819
2024-12-28,SKU_36,WH_5,29,29.77,27.409181399351827,1.5908186006481735
2024-12-29,SKU_36,WH_5,20,24.18,21.553526600504192,1.553526600504192
2024-12-30,SKU_36,WH_5,17,17.72,17.30403981722883,0.3040398172288299
2024-11-10,SKU_37,WH_1,7,11.62,11.266346988423045,4.266346988423045
2024-11-11,SKU_37,WH_1,14,14.05,13.239074766685786,0.7609252333142145
2024-11-12,SKU_37,WH_1,20,16.31,14.923451847409424,5.076548152590576
2024-11-13,SKU_37,WH_1,18,17.92,16.085318137352576,1.9146818626474236
2024-11-14,SKU_37,WH_1,18,12.85,12.24461071760028,5.755389282399721
2024-11-15,SKU_37,WH_1,3,0.0,2.5021340414662965,0.4978659585337035
2024-11-16,SKU_37,WH_1,19,15.93,14.677888541457417,4.322111458542583
2024-11-17,SKU_37,WH_1,6,4.19,5.639205074200341,0.36079492579965944
2024-11-18,SKU_37,WH_1,13,8.56,9.301152235532163,3.6988477644678373
2024-11-19,SKU_37,WH_1,10,10.71,10.737124779494533,0.7371247794945326
2024-11-20,SKU_37,WH_1,14,11.94,11.444142793823005,2.555857206176995
2024-11-21,SKU_37,WH_1,9,11.11,10.924177083556618,1.9241770835566179
2024-11-22,SKU_37,WH_1,12,13.95,13.042225543761544,1.0422255437615444
2024-11-23,SKU_37,WH_1,22,23.87,20.483389382562642,1.5166106174373581
2024-11-24,SKU_37,WH_1,8,5.55,6.925186631851638,1.0748133681483623
2024-11-25,SKU_37,WH_1,29,28.3,23.87372015085765,5.12627984914235
2024-11-26,SKU_37,WH_1,17,18.73,16.501943283391064,0.4980567166089358
2024-11-27,SKU_37,WH_1,8,9.5,9.892387940674842,1.8923879406748423
2024-11-28,SKU_37,WH_1,11,10.32,10.926331237782207,0.0736687622177925
2024-11-29,SKU_37,WH_1,19,23.32,21.78233201224583,2.7823320122458313
2024-11-30,SKU_37,WH_1,18,19.93,17.622791457105635,0.37720854289436545
2024-12-01,SKU_37,WH_1,9,9.93,10.381706906770567,1.3817069067705674
2024-12-02,SKU_37,WH_1,19,17.2,15.82502795924437,3.1749720407556303
2024-12-03,SKU_37,WH_1,13,13.75,13.180846774726101,0.1808467747261009
2024-12-04,SKU_37,WH_1,14,16.25,16.087043778726137,2.0870437787261373
2024-12-05,SKU_37,WH_1,11,9.56,10.13094594791372,0.8690540520862804
2024-12-06,SKU_37,WH_1,9,10.02,10.398486047257446,1.398486047257446
2024-12-07,SKU_37,WH_1,16,14.64,13.674155603033617,2.3258443969663833
2024-12-08,SKU_37,WH_1,21,20.8,18.480956513052604,2.519043486947396
2024-12-09,SKU_37,WH_1,14,16.46,15.252990478654997,1.252990478654997
2024-12-10,SKU_37,WH_1,20,23.53,22.230815756036485,2.2308157560364847
2024-12-11,SKU_37,WH_1,14,16.61,15.383169591188128,1.3831695911881283
2024-12-12,SKU_37,WH_1,22,22.71,20.11990741560754,1.880092584392461
2024-12-13,SKU_37,WH_1,18,17.73,16.19342232032761,1.8065776796723902
2024-12-14,SKU_37,WH_1,16,17.54,16.209450614924574,0.20945061492457384
2024-12-15,SKU_37,WH_1,22,22.88,20.23271771734906,1.767282282650939
2024-12-16,SKU_37,WH_1,16,15.72,15.109573287946382,0.8904267120536176
2024-12-17,SKU_37,WH_1,11,8.96,9.904631251514388,1.0953687484856118
2024-12-18,SKU_37,WH_1,16,17.84,16.361260968832973,0.36126096883297265
2024-12-19,SKU_37,WH_1,17,14.02,13.504985955201672,3.495014044798328
2024-12-20,SKU_37,WH_1,18,17.88,16.36499480953021,1.6350051904697906
2024-12-21,SKU_37,WH_1,26,25.14,21.784590894902003,4.215409105097997
2024-12-22,SKU_37,WH_1,15,14.13,13.524362244646202,1.475637755353798
2024-12-23,SKU_37,WH_1,16,20.09,18.35114721739561,2.35114721739561
2024-12-24,SKU_37,WH_1,26,27.03,23.456109233745522,2.543890766254478
2024-12-25,SKU_37,WH_1,22,23.51,22.26335734993119,0.26335734993119075
2024-12-26,SKU_37,WH_1,23,26.15,23.030251075218946,0.030251075218945545
2024-12-27,SKU_37,WH_1,20,21.91,19.763027360598016,0.23697263940198354
2024-12-28,SKU_37,WH_1,32,34.38,31.335756504630616,0.6642434953693837
2024-12-29,SKU_37,WH_1,24,21.72,19.704014616733197,4.295985383266803
2024-12-30,SKU_37,WH_1,24,23.64,22.323409253285885,1.6765907467141155
2024-11-10,SKU_37,WH_2,14,11.85,11.512795209733142,2.4872047902668584
2024-11-11,SKU_37,WH_2,4,1.6,3.4195378890415626,0.5804621109584374
2024-11-12,SKU_37,WH_2,7,4.08,5.745986875719721,1.254013124280279
2024-11-13,SKU_37,WH_2,12,12.51,11.967498540560475,0.03250145943952454
2024-11-14,SKU_37,WH_2,17,16.05,14.823687705003255,2.1763122949967446
2024-11-15,SKU_37,WH_2,7,1.71,3.3992564865221766,3.6007435134778234
2024-11-16,SKU_37,WH_2,15,17.36,15.583801800090432,0.5838018000904324
2024-11-17,SKU_37,WH_2,5,3.0,4.968468286047936,0.03153171395206389
2024-11-18,SKU_37,WH_2,13,13.42,12.673279690851961,0.3267203091480386
2024-11-19,SKU_37,WH_2,13,16.25,14.855884774767253,1.8558847747672527
2024-11-20,SKU_37,WH_2,18,15.66,14.467634820382456,3.5323651796175444
2024-11-21,SKU_37,WH_2,11,9.43,9.847975485574857,1.1520245144251433
2024-11-22,SKU_37,WH_2,21,22.88,19.808507492059917,1.191492507940083
2024-11-23,SKU_37,WH_2,11,7.11,8.17841799570456,2.82158200429544
2024-11-24,SKU_37,WH_2,12,11.44,11.20270536919656,0.7972946308034405
2024-11-25,SKU_37,WH_2,17,18.84,16.58982072334182,0.4101792766581802
2024-11-26,SKU_37,WH_2,19,23.3,20.16130953603749,1.1613095360374892
2024-11-27,SKU_37,WH_2,14,19.04,16.858827355233466,2.8588273552334655
2024-11-28,SKU_37,WH_2,20,21.38,18.61928979741446,1.38071020258554
2024-11-29,SKU_37,WH_2,12,9.78,10.051046491941731,1.9489535080582687
2024-11-30,SKU_37,WH_2,19,19.49,17.470140202958483,1.5298597970415173
2024-12-01,SKU_37,WH_2,12,9.69,10.207433369476067,1.7925666305239325
2024-12-02,SKU_37,WH_2,12,12.75,12.526577317593174,0.5265773175931745
2024-12-03,SKU_37,WH_2,7,5.24,7.317987034957667,0.31798703495766656
2024-12-04,SKU_37,WH_2,10,11.55,11.380142848966532,1.380142848966532
2024-12-05,SKU_37,WH_2,9,10.04,10.293482308147444,1.2934823081474445
2024-12-06,SKU_37,WH_2,12,12.98,12.361445515599554,0.36144551559955396
2024-12-07,SKU_37,WH_2,18,19.3,17.23051848966981,0.7694815103301913
2024-12-08,SKU_37,WH_2,8,9.99,10.300319703065508,2.300319703065508
2024-12-09,SKU_37,WH_2,7,11.34,11.235298489698662,4.235298489698662
2024-12-10,SKU_37,WH_2,12,14.1,13.277364314961757,1.2773643149617566
2024-12-11,SKU_37,WH_2,22,19.77,18.975737131515693,3.024262868484307
2024-12-12,SKU_37,WH_2,14,15.8,14.74257142067272,0.7425714206727196
2024-12-13,SKU_37,WH_2,15,16.09,15.011586082299042,0.011586082299041678
2024-12-14,SKU_37,WH_2,21,17.96,16.186078562025347,4.813921437974653
2024-12-15,SKU_37,WH_2,23,25.82,22.157063799196667,0.842936200803333
2024-12-16,SKU_37,WH_2,20,24.51,21.205372566977683,1.2053725669776831
2024-12-17,SKU_37,WH_2,15,15.87,15.034643530734586,0.03464353073458604
2024-12-18,SKU_37,WH_2,12,14.56,13.599899961896881,1.599899961896881
2024-12-19,SKU_37,WH_2,16,19.07,17.229406142322492,1.2294061423224925
2024-12-20,SKU_37,WH_2,17,15.97,15.162447976567574,1.8375520234324263
2024-12-21,SKU_37,WH_2,23,19.18,17.32150453527732,5.67849546472268
2024-12-22,SKU_37,WH_2,19,18.92,17.06042548570671,1.939574514293291
2024-12-23,SKU_37,WH_2,15,18.1,16.44928313790803,1.4492831379080293
2024-12-24,SKU_37,WH_2,18,16.7,15.493864794987939,2.506135205012061
2024-12-25,SKU_37,WH_2,27,23.31,20.546141539581352,6.4538584604186475
2024-12-26,SKU_37,WH_2,22,19.95,18.15551846459874,3.844481535401261
2024-12-27,SKU_37,WH_2,15,15.12,14.49720335089152,0.5027966491084808
2024-12-28,SKU_37,WH_2,28,31.09,28.275143638586073,0.2751436385860728
2024-12-29,SKU_37,WH_2,20,20.91,18.8672015377117,1.1327984622882994
2024-12-30,SKU_37,WH_2,20,18.12,17.682744719521445,2.3172552804785553
2024-11-10,SKU_37,WH_3,11,13.47,12.667576945511737,1.6675769455117369
2024-11-11,SKU_37,WH_3,7,8.34,8.901908302247366,1.9019083022473655
2024-11-12,SKU_37,WH_3,12,13.06,12.486339425938963,0.4863394259389633
2024-11-13,SKU_37,WH_3,15,16.94,15.246013394610713,0.24601339461071348
2024-11-14,SKU_37,WH_3,17,21.93,19.178242959246298,2.1782429592462975
2024-11-15,SKU_37,WH_3,19,24.66,20.98368078799137,1.9836807879913714
2024-11-16,SKU_37,WH_3,8,11.04,11.00224969286757,3.0022496928675704
2024-11-17,SKU_37,WH_3,5,6.96,7.671312238190361,2.671312238190361
2024-11-18,SKU_37,WH_3,14,12.93,12.170402472356246,1.8295975276437542
2024-11-19,SKU_37,WH_3,10,10.95,10.89779833392305,0.8977983339230509
2024-11-20,SKU_37,WH_3,19,21.66,18.8354764222583,0.16452357774170068
2024-11-21,SKU_37,WH_3,10,8.06,8.564936547095078,1.435063452904922
2024-11-22,SKU_37,WH_3,14,9.72,10.051616715335987,3.948383284664013
2024-11-23,SKU_37,WH_3,12,11.57,11.144206491314877,0.8557935086851227
2024-11-24,SKU_37,WH_3,5,3.21,5.332518993029463,0.3325189930294634
2024-11-25,SKU_37,WH_3,18,17.99,15.978747068404155,2.0212529315958445
2024-11-26,SKU_37,WH_3,17,15.78,14.598566986013992,2.401433013986008
2024-11-27,SKU_37,WH_3,10,4.4,6.105938162350532,3.894061837649468
2024-11-28,SKU_37,WH_3,16,20.42,17.89110808102001,1.8911080810200112
2024-11-29,SKU_37,WH_3,15,12.53,11.90115268933225,3.0988473106677503
2024-11-30,SKU_37,WH_3,9,11.24,10.949931366851377,1.9499313668513771
2024-12-01,SKU_37,WH_3,21,21.67,19.10126187872634,1.8987381212736594
2024-12-02,SKU_37,WH_3,14,15.21,14.312389025898536,0.31238902589853623
2024-12-03,SKU_37,WH_3,12,14.2,13.333837856367522,1.3338378563675217
2024-12-04,SKU_37,WH_3,36,35.22,30.566988720178408,5.433011279821592
2024-12-05,SKU_37,WH_3,9,7.09,8.717236486361406,0.282763513638594
2024-12-06,SKU_37,WH_3,7,7.96,8.916085556091419,1.916085556091419
2024-12-07,SKU_37,WH_3,13,11.3,11.363864727729514,1.6361352722704865
2024-12-08,SKU_37,WH_3,12,10.57,11.0621960788845,0.9378039211154992
2024-12-09,SKU_37,WH_3,12,13.18,12.78733957915065,0.7873395791506503
2024-12-10,SKU_37,WH_3,25,27.44,23.54906960079059,1.4509303992094083
2024-12-11,SKU_37,WH_3,12,15.16,14.46837750558573,2.46837750558573
2024-12-12,SKU_37,WH_3,25,29.46,25.04680498587163,0.04680498587163129
2024-12-13,SKU_37,WH_3,17,13.98,13.466557630924086,3.533442369075914
2024-12-14,SKU_37,WH_3,22,18.66,16.98377116801602,5.01622883198398
2024-12-15,SKU_37,WH_3,17,21.06,18.883095936451667,1.8830959364516673
2024-12-16,SKU_37,WH_3,16,15.57,14.900935295374012,1.099064704625988
2024-12-17,SKU_37,WH_3,20,20.07,18.327512253080954,1.672487746919046
2024-12-18,SKU_37,WH_3,13,11.4,11.458510875271166,1.5414891247288338
2024-12-19,SKU_37,WH_3,18,16.21,15.234846775457218,2.7651532245427823
2024-12-20,SKU_37,WH_3,13,13.75,13.314001187568836,0.3140011875688362
2024-12-21,SKU_37,WH_3,14,14.17,13.560172852304234,0.43982714769576603
2024-12-22,SKU_37,WH_3,15,14.97,14.136655307148093,0.8633446928519071
2024-12-23,SKU_37,WH_3,8,8.31,9.300627017892573,1.3006270178925732
2024-12-24,SKU_37,WH_3,15,13.12,12.747428784510824,2.2525712154891764
2024-12-25,SKU_37,WH_3,12,14.24,13.511696732702116,1.5116967327021165
2024-12-26,SKU_37,WH_3,20,21.0,18.58536706252842,1.4146329374715805
2024-12-27,SKU_37,WH_3,17,17.21,15.857443010964833,1.1425569890351674
2024-12-28,SKU_37,WH_3,24,20.91,18.7314342667339,5.268565733266101
2024-12-29,SKU_37,WH_3,15,12.96,12.681804220722217,2.318195779277783
2024-12-30,SKU_37,WH_3,34,38.11,31.020008418562107,2.9799915814378934
2024-11-10,SKU_37,WH_4,15,20.02,17.68262672571209,2.6826267257120904
2024-11-11,SKU_37,WH_4,12,8.77,9.297600504397128,2.7023994956028723
2024-11-12,SKU_37,WH_4,16,15.62,14.488380490380552,1.5116195096194485
2024-11-13,SKU_37,WH_4,10,8.96,9.413939387447487,0.5860606125525134
2024-11-14,SKU_37,WH_4,18,20.03,17.59264987234905,0.40735012765095036
2024-11-15,SKU_37,WH_4,5,6.19,7.175666202039835,2.175666202039835
2024-11-16,SKU_37,WH_4,11,8.41,9.193590463290992,1.8064095367090083
2024-11-17,SKU_37,WH_4,25,27.44,23.160897483870652,1.8391025161293477
2024-11-18,SKU_37,WH_4,8,5.21,6.687827519227706,1.3121724807722943
2024-11-19,SKU_37,WH_4,14,12.13,11.82282664867353,2.17717335132647
2024-11-20,SKU_37,WH_4,13,12.25,12.305916423548501,0.694083576451499
2024-11-21,SKU_37,WH_4,8,3.8,5.6310481960577805,2.3689518039422195
2024-11-22,SKU_37,WH_4,9,7.63,8.484327843229394,0.5156721567706057
2024-11-23,SKU_37,WH_4,10,9.02,9.467828483543496,0.5321715164565042
2024-11-24,SKU_37,WH_4,15,14.11,13.168550106396323,1.8314498936036774
2024-11-25,SKU_37,WH_4,14,11.48,11.2201714085224,2.7798285914775995
2024-11-26,SKU_37,WH_4,10,9.16,9.804675723795242,0.195324276204758
2024-11-27,SKU_37,WH_4,7,3.24,5.292462394083436,1.7075376059165643
2024-11-28,SKU_37,WH_4,18,23.96,22.04020575138118,4.04020575138118
2024-11-29,SKU_37,WH_4,19,14.71,13.422352391582239,5.577647608417761
2024-11-30,SKU_37,WH_4,14,13.84,13.094979158283701,0.9050208417162988
2024-12-01,SKU_37,WH_4,5,1.8,3.988371376937894,1.0116286230621059
2024-12-02,SKU_37,WH_4,12,12.12,11.982484410906013,0.017515589093987316
2024-12-03,SKU_37,WH_4,23,19.76,17.70383252399641,5.296167476003589
2024-12-04,SKU_37,WH_4,17,23.6,20.5140971103213,3.5140971103212983
2024-12-05,SKU_37,WH_4,19,21.87,19.419246197890924,0.4192461978909243
2024-12-06,SKU_37,WH_4,18,20.42,18.25516553614453,0.2551655361445313
2024-12-07,SKU_37,WH_4,19,19.99,17.959153943979857,1.0408460560201434
2024-12-08,SKU_37,WH_4,12,17.94,16.427430809622475,4.427430809622475
2024-12-09,SKU_37,WH_4,20,20.07,19.465012909495247,0.5349870905047531
2024-12-10,SKU_37,WH_4,26,27.03,25.146535820569433,0.8534641794305671
2024-12-11,SKU_37,WH_4,14,17.42,17.189563411000332,3.189563411000332
2024-12-12,SKU_37,WH_4,24,24.68,23.07123464343335,0.9287653565666503
2024-12-13,SKU_37,WH_4,21,20.05,18.295107888373387,2.704892111626613
2024-12-14,SKU_37,WH_4,25,26.65,23.507487444871966,1.4925125551280338
2024-12-15,SKU_37,WH_4,16,14.04,13.683025448294128,2.316974551705872
2024-12-16,SKU_37,WH_4,18,15.03,14.64539045390042,3.3546095460995797
2024-12-17,SKU_37,WH_4,22,24.42,21.740743227949572,0.25925677205042774
2024-12-18,SKU_37,WH_4,35,34.2,30.983062328972235,4.016937671027765
2024-12-19,SKU_37,WH_4,20,20.39,18.924522769091283,1.0754772309087173
2024-12-20,SKU_37,WH_4,23,22.31,20.294678266239593,2.7053217337604067
2024-12-21,SKU_37,WH_4,23,21.08,19.362299744338777,3.6377002556612226
2024-12-22,SKU_37,WH_4,18,18.98,17.687562841871394,0.3124371581286063
2024-12-23,SKU_37,WH_4,14,16.8,16.166236625965322,2.166236625965322
2024-12-24,SKU_37,WH_4,23,28.66,25.017654804690405,2.0176548046904053
2024-12-25,SKU_37,WH_4,26,27.41,25.605600632161973,0.39439936783802665
2024-12-26,SKU_37,WH_4,14,10.0,10.831402528043295,3.168597471956705
2024-12-27,SKU_37,WH_4,24,14.07,13.835657543801014,10.164342456198986
2024-12-28,SKU_37,WH_4,19,15.8,15.439825846255584,3.5601741537444163
2024-12-29,SKU_37,WH_4,22,26.55,23.670239180861213,1.6702391808612127
2024-12-30,SKU_37,WH_4,25,23.67,22.288396457134905,2.7116035428650953
2024-11-10,SKU_37,WH_5,23,21.75,20.56498236791914,2.4350176320808607
2024-11-11,SKU_37,WH_5,8,10.18,10.377945215708154,2.377945215708154
2024-11-12,SKU_37,WH_5,17,11.83,11.535771858504003,5.4642281414959974
2024-11-13,SKU_37,WH_5,15,14.69,13.490883045799645,1.5091169542003549
2024-11-14,SKU_37,WH_5,9,9.08,9.497085886357587,0.49708588635758666
2024-11-15,SKU_37,WH_5,18,18.95,16.67699005328987,1.3230099467101297
2024-11-16,SKU_37,WH_5,16,13.97,13.10357498226638,2.8964250177336197
2024-11-17,SKU_37,WH_5,18,19.4,18.47322455052193,0.47322455052193035
2024-11-18,SKU_37,WH_5,16,14.24,13.222200354990665,2.7777996450093347
2024-11-19,SKU_37,WH_5,13,10.15,10.844820637717527,2.155179362282473
2024-11-20,SKU_37,WH_5,20,19.1,16.866632972062845,3.1333670279371546
2024-11-21,SKU_37,WH_5,7,9.13,9.936001080144456,2.9360010801444556
2024-11-22,SKU_37,WH_5,17,21.1,18.503210023124367,1.5032100231243675
2024-11-23,SKU_37,WH_5,9,15.37,14.33166492835055,5.33166492835055
2024-11-24,SKU_37,WH_5,21,14.65,13.596865045678097,7.403134954321903
2024-11-25,SKU_37,WH_5,13,20.22,17.953275167700212,4.9532751677002125
2024-11-26,SKU_37,WH_5,13,9.57,10.051655563421416,2.9483444365785836
2024-11-27,SKU_37,WH_5,13,11.33,11.247329753262159,1.752670246737841
2024-11-28,SKU_37,WH_5,10,14.35,13.423096861408716,3.423096861408716
2024-11-29,SKU_37,WH_5,13,15.58,15.422246854502614,2.422246854502614
2024-11-30,SKU_37,WH_5,19,16.96,15.365105661968864,3.6348943380311365
2024-12-01,SKU_37,WH_5,15,17.31,15.933264064792628,0.9332640647926276
2024-12-02,SKU_37,WH_5,22,14.91,14.11756408935353,7.882435910646469
2024-12-03,SKU_37,WH_5,14,13.19,12.949604175855196,1.050395824144804
2024-12-04,SKU_37,WH_5,22,24.59,21.306384105129595,0.6936158948704048
2024-12-05,SKU_37,WH_5,9,7.86,9.029404653155881,0.029404653155880922
2024-12-06,SKU_37,WH_5,12,10.71,11.140907131287339,0.8590928687126613
2024-12-07,SKU_37,WH_5,26,28.5,24.414930917795143,1.585069082204857
2024-12-08,SKU_37,WH_5,17,24.12,21.40217225742434,4.40217225742434
2024-12-09,SKU_37,WH_5,20,17.87,16.513239747321215,3.486760252678785
2024-12-10,SKU_37,WH_5,12,15.45,14.821205981168973,2.8212059811689727
2024-12-11,SKU_37,WH_5,7,5.96,7.4995721177557675,0.4995721177557675
2024-12-12,SKU_37,WH_5,9,9.67,10.273876232192858,1.2738762321928583
2024-12-13,SKU_37,WH_5,14,15.66,15.694245482778053,1.6942454827780526
2024-12-14,SKU_37,WH_5,15,13.26,12.983870245168248,2.016129754831752
2024-12-15,SKU_37,WH_5,18,18.6,16.863576368788927,1.1364236312110734
2024-12-16,SKU_37,WH_5,8,10.6,10.971770130234171,2.9717701302341712
2024-12-17,SKU_37,WH_5,18,17.33,16.84234790891356,1.1576520910864403
2024-12-18,SKU_37,WH_5,19,18.61,16.74782242725762,2.2521775727423794
2024-12-19,SKU_37,WH_5,27,27.55,23.59179464048295,3.4082053595170514
2024-12-20,SKU_37,WH_5,18,16.0,15.156294261984556,2.8437057380154442
2024-12-21,SKU_37,WH_5,16,12.9,12.521945557448655,3.478054442551345
2024-12-22,SKU_37,WH_5,19,21.74,19.62547961937765,0.62547961937765
2024-12-23,SKU_37,WH_5,17,13.72,13.336671134583836,3.6633288654161635
2024-12-24,SKU_37,WH_5,25,26.31,23.03573806921662,1.9642619307833797
2024-12-25,SKU_37,WH_5,14,11.75,11.959417595945503,2.040582404054497
2024-12-26,SKU_37,WH_5,33,33.37,28.089828968839548,4.910171031160452
2024-12-27,SKU_37,WH_5,14,12.04,12.12550567176438,1.8744943282356203
2024-12-28,SKU_37,WH_5,22,21.81,19.832780496096134,2.1672195039038655
2024-12-29,SKU_37,WH_5,29,34.57,28.97378939182673,0.026210608173268923
2024-12-30,SKU_37,WH_5,16,17.78,17.783533052686657,1.783533052686657
2024-11-10,SKU_38,WH_1,26,27.05,24.878013683076286,1.1219863169237136
2024-11-11,SKU_38,WH_1,11,10.56,10.729804765490275,0.2701952345097247
2024-11-12,SKU_38,WH_1,15,20.48,18.034521008720876,3.0345210087208763
2024-11-13,SKU_38,WH_1,14,13.48,12.629256430986127,1.3707435690138734
2024-11-14,SKU_38,WH_1,21,26.93,22.951818429284888,1.951818429284888
2024-11-15,SKU_38,WH_1,13,8.31,9.016182090343705,3.9838179096562953
2024-11-16,SKU_38,WH_1,11,9.7,9.974380893391464,1.025619106608536
2024-11-17,SKU_38,WH_1,8,9.27,9.901904546255986,1.9019045462559863
2024-11-18,SKU_38,WH_1,9,9.29,9.734966919756053,0.7349669197560527
2024-11-19,SKU_38,WH_1,16,20.15,17.77601498464399,1.7760149846439894
2024-11-20,SKU_38,WH_1,15,13.09,12.382559977909343,2.6174400220906566
2024-11-21,SKU_38,WH_1,14,12.84,12.18253364382963,1.8174663561703692
2024-11-22,SKU_38,WH_1,23,23.49,21.882958002843292,1.1170419971567078
2024-11-23,SKU_38,WH_1,7,8.44,9.190136926273784,2.1901369262737838
2024-11-24,SKU_38,WH_1,13,7.6,8.530393386868193,4.469606613131807
2024-11-25,SKU_38,WH_1,4,0.0,2.486988450567411,1.5130115494325889
2024-11-26,SKU_38,WH_1,20,18.24,16.001279718451027,3.998720281548973
2024-11-27,SKU_38,WH_1,15,16.04,14.762774151110749,0.2372258488892509
2024-11-28,SKU_38,WH_1,13,11.83,11.381949672241928,1.6180503277580716
2024-11-29,SKU_38,WH_1,18,25.06,21.173166461692656,3.173166461692656
2024-11-30,SKU_38,WH_1,15,16.06,14.736261614391026,0.2637383856089741
2024-12-01,SKU_38,WH_1,14,11.67,11.379045254861454,2.6209547451385458
2024-12-02,SKU_38,WH_1,15,16.58,15.326324345871727,0.3263243458717273
2024-12-03,SKU_38,WH_1,18,16.03,15.18821772699487,2.8117822730051305
2024-12-04,SKU_38,WH_1,20,18.23,16.553854142960976,3.446145857039024
2024-12-05,SKU_38,WH_1,22,25.5,22.002999158914072,0.0029991589140720976
2024-12-06,SKU_38,WH_1,22,25.89,22.666149087382415,0.666149087382415
2024-12-07,SKU_38,WH_1,14,18.11,16.565262696199262,2.5652626961992624
2024-12-08,SKU_38,WH_1,22,23.81,21.058863092142726,0.941136907857274
2024-12-09,SKU_38,WH_1,19,17.06,15.888186889458794,3.111813110541206
2024-12-10,SKU_38,WH_1,12,4.89,7.254028931590245,4.745971068409755
2024-12-11,SKU_38,WH_1,15,16.01,16.091677142814746,1.0916771428147456
2024-12-12,SKU_38,WH_1,16,13.45,13.052111214963663,2.947888785036337
2024-12-13,SKU_38,WH_1,10,4.74,6.651488599763924,3.3485114002360756
2024-12-14,SKU_38,WH_1,18,14.9,14.20126334872315,3.7987366512768492
2024-12-15,SKU_38,WH_1,26,29.29,27.078464047198082,1.0784640471980822
2024-12-16,SKU_38,WH_1,7,5.89,7.611113970130262,0.6111139701302619
2024-12-17,SKU_38,WH_1,25,26.46,22.984957672537362,2.0150423274626377
2024-12-18,SKU_38,WH_1,17,13.58,13.123640718973592,3.8763592810264083
2024-12-19,SKU_38,WH_1,19,15.99,15.207431775295616,3.792568224704384
2024-12-20,SKU_38,WH_1,13,15.71,15.071037729198768,2.0710377291987676
2024-12-21,SKU_38,WH_1,26,23.86,21.074932756357263,4.9250672436427365
2024-12-22,SKU_38,WH_1,18,15.85,15.160907072199818,2.8390929278001824
2024-12-23,SKU_38,WH_1,10,11.25,11.445280874403993,1.445280874403993
2024-12-24,SKU_38,WH_1,18,13.14,12.907854830532225,5.092145169467775
2024-12-25,SKU_38,WH_1,14,12.57,12.421989446440126,1.5780105535598743
2024-12-26,SKU_38,WH_1,15,18.08,17.54011160882336,2.5401116088233593
2024-12-27,SKU_38,WH_1,16,15.27,14.516194880035442,1.4838051199645577
2024-12-28,SKU_38,WH_1,31,36.7,29.781600597793716,1.218399402206284
2024-12-29,SKU_38,WH_1,18,24.13,21.432494564509625,3.432494564509625
2024-12-30,SKU_38,WH_1,23,24.82,22.78613710144479,0.21386289855520957
2024-11-10,SKU_38,WH_2,6,7.04,8.158293232977034,2.1582932329770337
2024-11-11,SKU_38,WH_2,11,11.81,11.474310577705339,0.4743105777053387
2024-11-12,SKU_38,WH_2,12,13.74,12.842082784716297,0.8420827847162968
2024-11-13,SKU_38,WH_2,13,10.53,10.689603578265107,2.310396421734893
2024-11-14,SKU_38,WH_2,11,11.62,11.216809190556155,0.21680919055615533
2024-11-15,SKU_38,WH_2,10,7.93,8.611161239881064,1.3888387601189365
2024-11-16,SKU_38,WH_2,10,9.74,10.124225416579671,0.12422541657967123
2024-11-17,SKU_38,WH_2,18,17.28,15.524528297623863,2.4754717023761366
2024-11-18,SKU_38,WH_2,11,8.66,9.28440575808532,1.7155942419146797
2024-11-19,SKU_38,WH_2,6,3.31,5.408854897707827,0.591145102292173
2024-11-20,SKU_38,WH_2,15,14.45,13.30213997446009,1.6978600255399101
2024-11-21,SKU_38,WH_2,1,1.86,3.841925128187716,2.841925128187716
2024-11-22,SKU_38,WH_2,24,25.31,21.43932450322293,2.560675496777069
2024-11-23,SKU_38,WH_2,17,21.9,19.175307334388208,2.175307334388208
2024-11-24,SKU_38,WH_2,15,15.33,14.141413696772123,0.8585863032278773
2024-11-25,SKU_38,WH_2,26,29.32,24.64325236686543,1.356747633134571
2024-11-26,SKU_38,WH_2,19,14.91,13.72097770515588,5.27902229484412
2024-11-27,SKU_38,WH_2,20,19.82,17.577647245987265,2.422352754012735
2024-11-28,SKU_38,WH_2,13,15.02,14.065716978504165,1.065716978504165
2024-11-29,SKU_38,WH_2,21,20.16,17.911160289470267,3.088839710529733
2024-11-30,SKU_38,WH_2,2,2.51,4.131770529019134,2.1317705290191338
2024-12-01,SKU_38,WH_2,17,20.14,18.269806743324835,1.2698067433248355
2024-12-02,SKU_38,WH_2,18,19.76,17.892601532475595,0.10739846752440485
2024-12-03,SKU_38,WH_2,21,23.53,20.752334237900072,0.24766576209992763
2024-12-04,SKU_38,WH_2,18,16.5,15.275641226854233,2.7243587731457666
2024-12-05,SKU_38,WH_2,22,26.04,22.667643943326627,0.6676439433266275
2024-12-06,SKU_38,WH_2,13,12.94,12.531865550760235,0.46813444923976455
2024-12-07,SKU_38,WH_2,14,11.52,11.535218663779785,2.4647813362202147
2024-12-08,SKU_38,WH_2,7,3.42,5.739144068295541,1.2608559317044588
2024-12-09,SKU_38,WH_2,16,14.47,13.57051664423221,2.4294833557677897
2024-12-10,SKU_38,WH_2,19,18.57,16.849028108143642,2.150971891856358
2024-12-11,SKU_38,WH_2,20,23.27,20.578283410694993,0.5782834106949934
2024-12-12,SKU_38,WH_2,28,29.18,24.76126072922748,3.2387392707725198
2024-12-13,SKU_38,WH_2,13,13.15,12.865309482278716,0.1346905177212836
2024-12-14,SKU_38,WH_2,17,17.03,15.831141190813742,1.1688588091862577
2024-12-15,SKU_38,WH_2,21,19.66,17.927976245642007,3.0720237543579927
2024-12-16,SKU_38,WH_2,15,16.96,15.689441857334586,0.689441857334586
2024-12-17,SKU_38,WH_2,20,23.56,20.899559638360955,0.8995596383609552
2024-12-18,SKU_38,WH_2,18,16.29,15.32112429742969,2.678875702570309
2024-12-19,SKU_38,WH_2,11,10.59,11.117743266443048,0.117743266443048
2024-12-20,SKU_38,WH_2,22,20.88,18.646000044309297,3.3539999556907034
2024-12-21,SKU_38,WH_2,19,20.6,18.529432307042647,0.4705676929573528
2024-12-22,SKU_38,WH_2,21,22.0,19.786970315115155,1.2130296848848445
2024-12-23,SKU_38,WH_2,28,33.67,30.54670816620346,2.5467081662034587
2024-12-24,SKU_38,WH_2,23,26.99,23.58906373805534,0.5890637380553407
2024-12-25,SKU_38,WH_2,20,17.84,16.7537656412191,3.2462343587808995
2024-12-26,SKU_38,WH_2,13,10.41,11.107557010452041,1.892442989547959
2024-12-27,SKU_38,WH_2,21,19.42,17.77382609862096,3.2261739013790383
2024-12-28,SKU_38,WH_2,18,15.51,14.994442386080474,3.0055576139195264
2024-12-29,SKU_38,WH_2,21,16.57,15.74411591392989,5.255884086070109
2024-12-30,SKU_38,WH_2,16,14.61,15.02854340537646,0.9714565946235396
2024-11-10,SKU_38,WH_3,19,17.88,16.06685027260429,2.9331497273957083
2024-11-11,SKU_38,WH_3,9,10.0,10.254492061713892,1.2544920617138917
2024-11-12,SKU_38,WH_3,8,10.83,10.82713649308753,2.8271364930875293
2024-11-13,SKU_38,WH_3,7,6.6,7.385575613890079,0.38557561389007944
2024-11-14,SKU_38,WH_3,14,15.92,14.729625644936393,0.7296256449363927
2024-11-15,SKU_38,WH_3,7,3.71,5.359004996398601,1.6409950036013994
2024-11-16,SKU_38,WH_3,2,0.0,2.567525407672198,0.5675254076721981
2024-11-17,SKU_38,WH_3,16,14.25,13.223419274808325,2.7765807251916748
2024-11-18,SKU_38,WH_3,10,13.85,13.114166879183092,3.1141668791830917
2024-11-19,SKU_38,WH_3,19,16.38,14.889839365426484,4.110160634573516
2024-11-20,SKU_38,WH_3,19,19.17,18.229628384270033,0.7703716157299674
2024-11-21,SKU_38,WH_3,12,9.54,9.869199762062312,2.130800237937688
2024-11-22,SKU_38,WH_3,10,13.18,12.424529153585226,2.424529153585226
2024-11-23,SKU_38,WH_3,8,8.46,9.094035227403538,1.0940352274035376
2024-11-24,SKU_38,WH_3,5,1.35,3.351447383351957,1.6485526166480429
2024-11-25,SKU_38,WH_3,17,18.67,16.47107595903599,0.5289240409640108
2024-11-26,SKU_38,WH_3,8,7.37,8.232659524966145,0.23265952496614517
2024-11-27,SKU_38,WH_3,10,12.52,11.913818192204392,1.913818192204392
2024-11-28,SKU_38,WH_3,9,10.33,10.383115220851383,1.3831152208513835
2024-11-29,SKU_38,WH_3,19,18.86,16.517850948396763,2.482149051603237
2024-11-30,SKU_38,WH_3,19,17.41,15.714720735969461,3.285279264030539
2024-12-01,SKU_38,WH_3,15,16.27,15.094289240227202,0.09428924022720153
2024-12-02,SKU_38,WH_3,14,11.74,11.674459679517847,2.325540320482153
2024-12-03,SKU_38,WH_3,20,14.86,13.956446699041894,6.043553300958106
2024-12-04,SKU_38,WH_3,16,14.43,13.532786364345997,2.4672136356540033
2024-12-05,SKU_38,WH_3,11,8.47,9.386604841905285,1.6133951580947148
2024-12-06,SKU_38,WH_3,14,17.96,16.325770441673285,2.325770441673285
2024-12-07,SKU_38,WH_3,10,10.4,10.716043055574401,0.7160430555744011
2024-12-08,SKU_38,WH_3,12,13.18,12.72786186344155,0.7278618634415501
2024-12-09,SKU_38,WH_3,13,7.61,8.792012291403928,4.207987708596072
2024-12-10,SKU_38,WH_3,14,12.65,12.402851080850613,1.5971489191493866
2024-12-11,SKU_38,WH_3,15,10.87,11.11303115954702,3.8869688404529796
2024-12-12,SKU_38,WH_3,14,11.48,11.383950369747408,2.6160496302525917
2024-12-13,SKU_38,WH_3,28,24.84,23.077454877865442,4.922545122134558
2024-12-14,SKU_38,WH_3,23,20.26,18.093504212129265,4.906495787870735
2024-12-15,SKU_38,WH_3,20,17.71,17.266297464569575,2.7337025354304245
2024-12-16,SKU_38,WH_3,24,22.88,20.266239534765646,3.7337604652343543
2024-12-17,SKU_38,WH_3,17,15.5,14.873992484931193,2.1260075150688067
2024-12-18,SKU_38,WH_3,23,26.02,22.828352035278535,0.17164796472146548
2024-12-19,SKU_38,WH_3,13,14.67,14.130069515973041,1.130069515973041
2024-12-20,SKU_38,WH_3,8,9.29,10.479711971040388,2.4797119710403877
2024-12-21,SKU_38,WH_3,16,15.24,14.471342094210915,1.5286579057890854
2024-12-22,SKU_38,WH_3,14,16.89,15.51229040839414,1.51229040839414
2024-12-23,SKU_38,WH_3,29,26.19,22.888122401300485,6.111877598699515
2024-12-24,SKU_38,WH_3,23,21.33,19.09994532797145,3.900054672028549
2024-12-25,SKU_38,WH_3,10,12.12,12.325982567037414,2.325982567037414
2024-12-26,SKU_38,WH_3,17,13.87,13.57197811821551,3.42802188178449
2024-12-27,SKU_38,WH_3,32,30.96,28.21916850010391,3.7808314998960917
2024-12-28,SKU_38,WH_3,17,15.97,15.43561331899228,1.5643866810077203
2024-12-29,SKU_38,WH_3,19,20.61,18.66593900583642,0.33406099416357904
2024-12-30,SKU_38,WH_3,19,20.02,19.245323777344588,0.24532377734458777
2024-11-10,SKU_38,WH_4,12,11.92,11.617489665035288,0.3825103349647119
2024-11-11,SKU_38,WH_4,19,18.5,16.456639911064467,2.5433600889355326
2024-11-12,SKU_38,WH_4,9,12.4,12.570604473958351,3.570604473958351
2024-11-13,SKU_38,WH_4,7,4.79,6.5513048309266955,0.44869516907330453
2024-11-14,SKU_38,WH_4,4,2.68,4.865799881817874,0.8657998818178738
2024-11-15,SKU_38,WH_4,15,11.16,11.01054443353452,3.9894555664654803
2024-11-16,SKU_38,WH_4,14,15.02,14.020950582770606,0.02095058277060602
2024-11-17,SKU_38,WH_4,2,0.0,2.493291204735638,0.4932912047356379
2024-11-18,SKU_38,WH_4,7,9.18,9.771037631066761,2.7710376310667613
2024-11-19,SKU_38,WH_4,11,7.44,8.264199844238094,2.735800155761906
2024-11-20,SKU_38,WH_4,10,4.63,6.080687058735983,3.9193129412640166
2024-11-21,SKU_38,WH_4,19,21.19,18.457508773995432,0.542491226004568
2024-11-22,SKU_38,WH_4,12,16.03,14.788014257321931,2.7880142573219313
2024-11-23,SKU_38,WH_4,22,25.38,21.514309366033796,0.48569063396620393
2024-11-24,SKU_38,WH_4,16,11.94,11.472223701391426,4.527776298608574
2024-11-25,SKU_38,WH_4,13,17.97,15.987838241868799,2.9878382418687988
2024-11-26,SKU_38,WH_4,13,9.26,9.780593293008366,3.2194067069916343
2024-11-27,SKU_38,WH_4,7,8.04,8.567531383970541,1.5675313839705414
2024-11-28,SKU_38,WH_4,18,24.08,20.789817139144976,2.7898171391449758
2024-11-29,SKU_38,WH_4,8,13.35,12.59082135588472,4.590821355884721
2024-11-30,SKU_38,WH_4,17,18.71,16.490495850027603,0.5095041499723969
2024-12-01,SKU_38,WH_4,9,5.67,7.207020875476185,1.7929791245238151
2024-12-02,SKU_38,WH_4,14,22.88,20.10465283875485,6.104652838754848
2024-12-03,SKU_38,WH_4,13,11.47,11.948293546808808,1.0517064531911924
2024-12-04,SKU_38,WH_4,17,11.44,11.351745706444847,5.648254293555153
2024-12-05,SKU_38,WH_4,19,21.43,19.00541838369104,0.005418383691040418
2024-12-06,SKU_38,WH_4,17,18.53,16.785312289266376,0.21468771073362447
2024-12-07,SKU_38,WH_4,14,16.91,15.610150513498265,1.6101505134982652
2024-12-08,SKU_38,WH_4,17,13.55,13.040275072814932,3.959724927185068
2024-12-09,SKU_38,WH_4,11,11.72,11.487401431688257,0.4874014316882569
2024-12-10,SKU_38,WH_4,21,22.86,20.086628742324407,0.9133712576755926
2024-12-11,SKU_38,WH_4,21,24.05,21.077181703865765,0.07718170386576517
2024-12-12,SKU_38,WH_4,16,18.17,16.420406242154364,0.42040624215436395
2024-12-13,SKU_38,WH_4,22,22.52,19.905617503923803,2.0943824960761965
2024-12-14,SKU_38,WH_4,21,23.88,20.9265921764068,0.0734078235932003
2024-12-15,SKU_38,WH_4,18,18.09,16.451409522702427,1.548590477297573
2024-12-16,SKU_38,WH_4,18,20.1,18.213539623059113,0.21353962305911267
2024-12-17,SKU_38,WH_4,12,13.3,13.07610377983854,1.0761037798385402
2024-12-18,SKU_38,WH_4,10,8.92,9.862659435650665,0.13734056434933528
2024-12-19,SKU_38,WH_4,17,18.03,16.422818457815673,0.5771815421843272
2024-12-20,SKU_38,WH_4,16,18.36,16.551100902675483,0.5511009026754827
2024-12-21,SKU_38,WH_4,21,18.91,17.153115975505425,3.8468840244945746
2024-12-22,SKU_38,WH_4,23,20.19,18.23987534002196,4.76012465997804
2024-12-23,SKU_38,WH_4,7,5.72,7.523185280894299,0.5231852808942987
2024-12-24,SKU_38,WH_4,21,18.41,16.7163144903469,4.2836855096531
2024-12-25,SKU_38,WH_4,20,21.42,19.119544638974833,0.8804553610251666
2024-12-26,SKU_38,WH_4,17,23.67,20.857115220907826,3.8571152209078257
2024-12-27,SKU_38,WH_4,17,15.65,14.862794951155843,2.137205048844157
2024-12-28,SKU_38,WH_4,19,11.73,11.626332561864851,7.373667438135149
2024-12-29,SKU_38,WH_4,19,22.0,19.737073381531868,0.737073381531868
2024-12-30,SKU_38,WH_4,14,16.21,16.214343142704053,2.2143431427040525
2024-11-10,SKU_38,WH_5,10,5.94,7.1194717920414545,2.8805282079585455
2024-11-11,SKU_38,WH_5,19,20.73,18.230708962559234,0.769291037440766
2024-11-12,SKU_38,WH_5,19,17.87,16.03363196736961,2.9663680326303883
2024-11-13,SKU_38,WH_5,6,4.71,6.1678322000334305,0.16783220003343047
2024-11-14,SKU_38,WH_5,4,4.07,5.730565808713895,1.7305658087138953
2024-11-15,SKU_38,WH_5,7,10.58,10.719105747481477,3.7191057474814766
2024-11-16,SKU_38,WH_5,5,4.9,6.580927828373111,1.5809278283731114
2024-11-17,SKU_38,WH_5,20,25.33,21.519900922033187,1.5199009220331874
2024-11-18,SKU_38,WH_5,13,4.76,6.103612058527279,6.896387941472721
2024-11-19,SKU_38,WH_5,8,8.58,9.076206770827723,1.0762067708277225
2024-11-20,SKU_38,WH_5,24,21.82,20.529433758070734,3.4705662419292658
2024-11-21,SKU_38,WH_5,16,18.68,16.47308540458155,0.4730854045815498
2024-11-22,SKU_38,WH_5,8,8.34,8.891276775442499,0.8912767754424991
2024-11-23,SKU_38,WH_5,15,13.29,12.619875629849933,2.3801243701500674
2024-11-24,SKU_38,WH_5,13,11.54,11.197404384701052,1.802595615298948
2024-11-25,SKU_38,WH_5,7,7.58,8.493570254887592,1.493570254887592
2024-11-26,SKU_38,WH_5,10,10.52,10.630046705280721,0.630046705280721
2024-11-27,SKU_38,WH_5,17,13.54,12.775883962292735,4.224116037707265
2024-11-28,SKU_38,WH_5,21,17.79,15.951013441097984,5.0489865589020155
2024-11-29,SKU_38,WH_5,20,11.81,11.395769546472343,8.604230453527657
2024-11-30,SKU_38,WH_5,14,14.63,13.476377188899876,0.5236228111001235
2024-12-01,SKU_38,WH_5,17,21.39,18.952872521006416,1.952872521006416
2024-12-02,SKU_38,WH_5,14,20.3,18.19617693518071,4.196176935180709
2024-12-03,SKU_38,WH_5,18,19.1,17.153613747740213,0.8463862522597871
2024-12-04,SKU_38,WH_5,22,23.54,20.656966590134832,1.3430334098651677
2024-12-05,SKU_38,WH_5,7,10.66,11.016926471424986,4.016926471424986
2024-12-06,SKU_38,WH_5,12,17.4,16.033185569633556,4.033185569633556
2024-12-07,SKU_38,WH_5,16,11.5,11.499369475153962,4.500630524846038
2024-12-08,SKU_38,WH_5,20,27.2,25.208177888703432,5.208177888703432
2024-12-09,SKU_38,WH_5,11,10.01,10.474136215806118,0.5258637841938825
2024-12-10,SKU_38,WH_5,21,18.27,16.45639462471519,4.543605375284809
2024-12-11,SKU_38,WH_5,20,18.29,16.522145910804042,3.477854089195958
2024-12-12,SKU_38,WH_5,13,18.81,16.924130075697605,3.9241300756976045
2024-12-13,SKU_38,WH_5,13,15.69,15.010567389867482,2.0105673898674823
2024-12-14,SKU_38,WH_5,20,21.44,19.120522523470804,0.8794774765291962
2024-12-15,SKU_38,WH_5,28,27.94,25.833278540441725,2.166721459558275
2024-12-16,SKU_38,WH_5,18,17.86,16.411362863690893,1.5886371363091065
2024-12-17,SKU_38,WH_5,13,15.8,15.13035021938056,2.13035021938056
2024-12-18,SKU_38,WH_5,14,14.27,13.588929617370159,0.4110703826298412
2024-12-19,SKU_38,WH_5,16,11.66,11.650938705775554,4.349061294224446
2024-12-20,SKU_38,WH_5,16,17.34,16.074245071832365,0.07424507183236528
2024-12-21,SKU_38,WH_5,20,16.03,15.3017172748731,4.6982827251269
2024-12-22,SKU_38,WH_5,23,25.3,22.0861064471945,0.9138935528055008
2024-12-23,SKU_38,WH_5,34,34.49,28.989435736658827,5.010564263341173
2024-12-24,SKU_38,WH_5,17,17.64,16.466943001389584,0.5330569986104159
2024-12-25,SKU_38,WH_5,14,7.95,9.31981131006517,4.68018868993483
2024-12-26,SKU_38,WH_5,14,13.14,13.082059625763335,0.9179403742366645
2024-12-27,SKU_38,WH_5,11,9.62,10.478461059008245,0.5215389409917552
2024-12-28,SKU_38,WH_5,14,16.14,15.298051892594497,1.298051892594497
2024-12-29,SKU_38,WH_5,23,23.89,21.13109018489886,1.8689098151011407
2024-12-30,SKU_38,WH_5,24,23.41,21.87859245226416,2.1214075477358385
2024-11-10,SKU_39,WH_1,16,18.67,16.647316949138702,0.6473169491387019
2024-11-11,SKU_39,WH_1,7,7.9,8.73776393524035,1.7377639352403502
2024-11-12,SKU_39,WH_1,9,10.69,10.806093284012473,1.8060932840124728
2024-11-13,SKU_39,WH_1,18,20.58,17.961914870272075,0.03808512972792499
2024-11-14,SKU_39,WH_1,6,0.56,2.584384889280707,3.415615110719293
2024-11-15,SKU_39,WH_1,15,15.08,14.053130065569967,0.9468699344300333
2024-11-16,SKU_39,WH_1,14,18.27,16.27554901418193,2.27554901418193
2024-11-17,SKU_39,WH_1,15,13.7,13.622210008543716,1.3777899914562841
2024-11-18,SKU_39,WH_1,18,17.08,15.453416070409746,2.5465839295902537
2024-11-19,SKU_39,WH_1,9,7.0,7.7019877743992256,1.2980122256007744
2024-11-20,SKU_39,WH_1,15,20.24,17.788291847821636,2.788291847821636
2024-11-21,SKU_39,WH_1,20,18.97,16.708543475268016,3.2914565247319842
2024-11-22,SKU_39,WH_1,17,20.79,18.157921786871604,1.1579217868716043
2024-11-23,SKU_39,WH_1,16,16.89,16.20467693294804,0.2046769329480398
2024-11-24,SKU_39,WH_1,21,22.2,19.449259864790328,1.5507401352096721
2024-11-25,SKU_39,WH_1,3,0.0,2.566836419990567,0.4331635800094329
2024-11-26,SKU_39,WH_1,7,7.77,8.642158175106708,1.642158175106708
2024-11-27,SKU_39,WH_1,9,8.44,9.118497991063679,0.11849799106367875
2024-11-28,SKU_39,WH_1,8,10.09,10.159741905285376,2.159741905285376
2024-11-29,SKU_39,WH_1,26,24.89,22.94337505607555,3.056624943924451
2024-11-30,SKU_39,WH_1,13,12.0,11.61583281474466,1.3841671852553397
2024-12-01,SKU_39,WH_1,15,11.03,11.182046257400044,3.817953742599956
2024-12-02,SKU_39,WH_1,5,0.0,2.7268090452210823,2.2731909547789177
2024-12-03,SKU_39,WH_1,21,20.94,18.642949581836618,2.3570504181633822
2024-12-04,SKU_39,WH_1,15,18.52,18.081359456233784,3.081359456233784
2024-12-05,SKU_39,WH_1,21,24.39,21.32647137710928,0.32647137710927865
2024-12-06,SKU_39,WH_1,12,10.55,10.991401864022565,1.0085981359774348
2024-12-07,SKU_39,WH_1,17,16.97,15.651651004645402,1.3483489953545984
2024-12-08,SKU_39,WH_1,28,26.83,25.108562507236844,2.8914374927631563
2024-12-09,SKU_39,WH_1,17,17.12,15.914131383999262,1.085868616000738
2024-12-10,SKU_39,WH_1,19,18.97,17.255557219840885,1.7444427801591154
2024-12-11,SKU_39,WH_1,11,6.47,7.934752833393665,3.0652471666063352
2024-12-12,SKU_39,WH_1,18,20.3,18.494930477844772,0.49493047784477184
2024-12-13,SKU_39,WH_1,20,21.26,19.262926424053195,0.7370735759468054
2024-12-14,SKU_39,WH_1,19,21.62,19.394193339166506,0.394193339166506
2024-12-15,SKU_39,WH_1,9,6.71,8.121729160162106,0.878270839837894
2024-12-16,SKU_39,WH_1,16,11.91,11.899751716552728,4.1002482834472715
2024-12-17,SKU_39,WH_1,13,16.61,15.431812762060177,2.4318127620601775
2024-12-18,SKU_39,WH_1,25,23.67,20.794966550658312,4.205033449341688
2024-12-19,SKU_39,WH_1,14,15.4,14.588086735628771,0.5880867356287709
2024-12-20,SKU_39,WH_1,19,16.97,15.802745371776645,3.197254628223355
2024-12-21,SKU_39,WH_1,20,19.83,18.120682252121025,1.879317747878975
2024-12-22,SKU_39,WH_1,23,22.63,20.049390065098194,2.950609934901806
2024-12-23,SKU_39,WH_1,26,29.01,24.91469898422249,1.0853010157775103
2024-12-24,SKU_39,WH_1,19,14.27,13.810302434602269,5.189697565397731
2024-12-25,SKU_39,WH_1,19,18.53,17.16465516944037,1.835344830559631
2024-12-26,SKU_39,WH_1,14,12.01,12.115693356549448,1.884306643450552
2024-12-27,SKU_39,WH_1,20,19.79,18.057122730400327,1.9428772695996734
2024-12-28,SKU_39,WH_1,20,13.97,13.667829300575818,6.332170699424182
2024-12-29,SKU_39,WH_1,21,22.43,20.202720035834577,0.7972799641654227
2024-12-30,SKU_39,WH_1,22,19.98,19.236912579134643,2.7630874208653573
2024-11-10,SKU_39,WH_2,6,9.91,10.156443875675643,4.156443875675643
2024-11-11,SKU_39,WH_2,11,13.52,13.541017531384407,2.541017531384407
2024-11-12,SKU_39,WH_2,6,10.84,10.778785517370691,4.778785517370691
2024-11-13,SKU_39,WH_2,9,7.4,8.31665142552955,0.6833485744704504
2024-11-14,SKU_39,WH_2,11,9.11,9.784839825983187,1.2151601740168125
2024-11-15,SKU_39,WH_2,27,24.34,20.783039207031155,6.216960792968845
2024-11-16,SKU_39,WH_2,0,0.0,2.6732571410689543,2.6732571410689543
2024-11-17,SKU_39,WH_2,6,7.87,8.580469184740434,2.5804691847404335
2024-11-18,SKU_39,WH_2,20,21.88,20.51484239439253,0.5148423943925309
2024-11-19,SKU_39,WH_2,9,7.93,8.566721223591813,0.4332787764081871
2024-11-20,SKU_39,WH_2,15,15.15,14.060949285808142,0.9390507141918576
2024-11-21,SKU_39,WH_2,4,6.62,7.398472856238871,3.398472856238871
2024-11-22,SKU_39,WH_2,7,9.22,9.751316364859605,2.751316364859605
2024-11-23,SKU_39,WH_2,15,9.54,10.234505292702828,4.765494707297172
2024-11-24,SKU_39,WH_2,18,15.89,15.555645790805709,2.444354209194291
2024-11-25,SKU_39,WH_2,20,26.71,22.8476708645155,2.8476708645155
2024-11-26,SKU_39,WH_2,13,10.69,10.774478306140546,2.225521693859454
2024-11-27,SKU_39,WH_2,8,1.55,3.208973559115941,4.791026440884059
2024-11-28,SKU_39,WH_2,11,10.83,10.723357495607216,0.27664250439278426
2024-11-29,SKU_39,WH_2,24,27.22,24.798688780835743,0.798688780835743
2024-11-30,SKU_39,WH_2,13,9.11,9.80394960991404,3.1960503900859596
2024-12-01,SKU_39,WH_2,13,9.01,9.77887617273246,3.22112382726754
2024-12-02,SKU_39,WH_2,15,14.81,13.90478210125754,1.09521789874246
2024-12-03,SKU_39,WH_2,13,10.81,10.983511894616644,2.016488105383356
2024-12-04,SKU_39,WH_2,21,19.6,17.692068356011106,3.307931643988894
2024-12-05,SKU_39,WH_2,15,10.16,10.604220846673314,4.395779153326686
2024-12-06,SKU_39,WH_2,19,20.43,18.403730565287013,0.5962694347129869
2024-12-07,SKU_39,WH_2,17,21.7,19.222053239109602,2.222053239109602
2024-12-08,SKU_39,WH_2,17,24.08,21.103493484391997,4.103493484391997
2024-12-09,SKU_39,WH_2,20,20.94,19.91731836236773,0.08268163763226966
2024-12-10,SKU_39,WH_2,8,8.04,9.040396008140611,1.0403960081406112
2024-12-11,SKU_39,WH_2,20,16.64,15.408516270175078,4.5914837298249225
2024-12-12,SKU_39,WH_2,17,15.71,14.996621740177492,2.003378259822508
2024-12-13,SKU_39,WH_2,18,18.91,17.059741684925477,0.940258315074523
2024-12-14,SKU_39,WH_2,16,16.46,15.330343808293987,0.6696561917060126
2024-12-15,SKU_39,WH_2,21,19.52,17.821259132495378,3.1787408675046223
2024-12-16,SKU_39,WH_2,16,18.15,16.464834862626518,0.4648348626265175
2024-12-17,SKU_39,WH_2,14,12.23,12.142468195881149,1.8575318041188513
2024-12-18,SKU_39,WH_2,18,17.38,15.968007416314867,2.031992583685133
2024-12-19,SKU_39,WH_2,24,25.28,23.486965479590904,0.5130345204090965
2024-12-20,SKU_39,WH_2,13,17.98,16.50772658405739,3.507726584057391
2024-12-21,SKU_39,WH_2,18,13.29,13.034941707271193,4.965058292728807
2024-12-22,SKU_39,WH_2,11,7.3,8.74269027271511,2.2573097272848894
2024-12-23,SKU_39,WH_2,10,5.81,7.483283955077415,2.5167160449225854
2024-12-24,SKU_39,WH_2,23,23.71,20.888904990105804,2.1110950098941963
2024-12-25,SKU_39,WH_2,17,15.38,14.608299370839795,2.391700629160205
2024-12-26,SKU_39,WH_2,14,13.93,13.568824134830175,0.4311758651698252
2024-12-27,SKU_39,WH_2,21,19.68,17.938218190522218,3.0617818094777824
2024-12-28,SKU_39,WH_2,16,16.22,15.326218064740214,0.673781935259786
2024-12-29,SKU_39,WH_2,23,22.74,20.298046189419797,2.7019538105802035
2024-12-30,SKU_39,WH_2,16,17.13,16.773284653640093,0.7732846536400935
2024-11-10,SKU_39,WH_3,10,10.81,10.846467906009568,0.8464679060095683
2024-11-11,SKU_39,WH_3,16,18.2,16.1488926507702,0.14889265077020042
2024-11-12,SKU_39,WH_3,15,12.31,11.838002348433292,3.1619976515667076
2024-11-13,SKU_39,WH_3,14,12.22,11.782232076395454,2.217767923604546
2024-11-14,SKU_39,WH_3,18,16.79,16.157832962233897,1.842167037766103
2024-11-15,SKU_39,WH_3,13,10.6,10.697700209855816,2.3022997901441844
2024-11-16,SKU_39,WH_3,12,10.84,10.836728251074062,1.163271748925938
2024-11-17,SKU_39,WH_3,15,14.41,13.339244547216955,1.6607554527830448
2024-11-18,SKU_39,WH_3,24,26.54,24.577801327693884,0.5778013276938836
2024-11-19,SKU_39,WH_3,19,17.16,15.55925031725873,3.44074968274127
2024-11-20,SKU_39,WH_3,23,21.95,20.598175966336456,2.4018240336635444
2024-11-21,SKU_39,WH_3,15,12.67,12.256592856793342,2.7434071432066585
2024-11-22,SKU_39,WH_3,24,31.47,26.32274668610047,2.3227466861004693
2024-11-23,SKU_39,WH_3,16,15.83,14.861989538916198,1.1380104610838018
2024-11-24,SKU_39,WH_3,20,19.28,17.332855950361868,2.6671440496381322
2024-11-25,SKU_39,WH_3,12,7.97,8.891634191368697,3.1083658086313033
2024-11-26,SKU_39,WH_3,11,15.88,14.889958471123789,3.889958471123789
2024-11-27,SKU_39,WH_3,13,12.66,12.333839414505862,0.6661605854941381
2024-11-28,SKU_39,WH_3,9,10.71,10.870236828660346,1.870236828660346
2024-11-29,SKU_39,WH_3,8,6.52,7.449780555391329,0.550219444608671
2024-11-30,SKU_39,WH_3,21,25.19,21.37859840906651,0.3785984090665089
2024-12-01,SKU_39,WH_3,16,17.99,16.38282409799454,0.38282409799453987
2024-12-02,SKU_39,WH_3,8,10.28,10.607289412794156,2.607289412794156
2024-12-03,SKU_39,WH_3,22,22.79,20.19195909482824,1.8080409051717616
2024-12-04,SKU_39,WH_3,19,16.94,15.53928203434079,3.46071796565921
2024-12-05,SKU_39,WH_3,5,7.59,8.906467779274296,3.906467779274296
2024-12-06,SKU_39,WH_3,18,19.92,17.945442098644342,0.054557901355657634
2024-12-07,SKU_39,WH_3,18,17.99,16.469061592535105,1.5309384074648946
2024-12-08,SKU_39,WH_3,22,20.68,18.50225569136178,3.4977443086382216
2024-12-09,SKU_39,WH_3,24,20.66,18.517527564443924,5.482472435556076
2024-12-10,SKU_39,WH_3,9,3.85,6.241629817731462,2.7583701822685383
2024-12-11,SKU_39,WH_3,22,21.26,19.140500156400144,2.859499843599856
2024-12-12,SKU_39,WH_3,14,17.82,16.465553454795828,2.4655534547958275
2024-12-13,SKU_39,WH_3,42,42.79,33.573462693757975,8.426537306242025
2024-12-14,SKU_39,WH_3,12,13.44,13.32857972078259,1.3285797207825905
2024-12-15,SKU_39,WH_3,18,18.46,17.005705478681605,0.9942945213183947
2024-12-16,SKU_39,WH_3,8,9.83,10.731450421136891,2.7314504211368913
2024-12-17,SKU_39,WH_3,18,17.82,16.50813306160949,1.4918669383905083
2024-12-18,SKU_39,WH_3,16,14.56,13.803705242675989,2.1962947573240115
2024-12-19,SKU_39,WH_3,14,14.31,14.4921519361608,0.4921519361608002
2024-12-20,SKU_39,WH_3,26,25.65,24.07549239097772,1.9245076090222817
2024-12-21,SKU_39,WH_3,22,28.47,24.466985187138864,2.4669851871388637
2024-12-22,SKU_39,WH_3,23,20.63,18.63627381834433,4.363726181655672
2024-12-23,SKU_39,WH_3,22,19.76,17.984925248119804,4.015074751880196
2024-12-24,SKU_39,WH_3,23,19.98,18.29697228466664,4.703027715333359
2024-12-25,SKU_39,WH_3,8,5.36,7.620131059231726,0.37986894076827404
2024-12-26,SKU_39,WH_3,21,18.7,17.132051676860584,3.867948323139416
2024-12-27,SKU_39,WH_3,21,19.88,18.283387808689202,2.716612191310798
2024-12-28,SKU_39,WH_3,22,21.89,19.802254859357532,2.1977451406424677
2024-12-29,SKU_39,WH_3,12,13.23,13.159334724542559,1.1593347245425587
2024-12-30,SKU_39,WH_3,28,30.03,26.775274088314422,1.224725911685578
2024-11-10,SKU_39,WH_4,14,9.14,9.849270266802636,4.150729733197364
2024-11-11,SKU_39,WH_4,18,17.65,17.06181738723647,0.93818261276353
2024-11-12,SKU_39,WH_4,27,24.5,22.655404888306553,4.344595111693447
2024-11-13,SKU_39,WH_4,13,17.77,16.076864857129333,3.0768648571293333
2024-11-14,SKU_39,WH_4,13,19.71,17.614589748401507,4.614589748401507
2024-11-15,SKU_39,WH_4,16,8.39,9.20723635571937,6.79276364428063
2024-11-16,SKU_39,WH_4,19,18.59,16.664639009903702,2.335360990096298
2024-11-17,SKU_39,WH_4,11,14.57,13.547922790996482,2.5479227909964823
2024-11-18,SKU_39,WH_4,8,6.3,7.22588720395974,0.7741127960402601
2024-11-19,SKU_39,WH_4,13,14.63,13.470537745999914,0.4705377459999145
2024-11-20,SKU_39,WH_4,6,9.47,9.799114171888363,3.7991141718883625
2024-11-21,SKU_39,WH_4,19,14.15,13.066866749157501,5.9331332508424985
2024-11-22,SKU_39,WH_4,21,23.63,20.467762399672814,0.5322376003271856
2024-11-23,SKU_39,WH_4,13,16.37,14.984627556221373,1.9846275562213727
2024-11-24,SKU_39,WH_4,20,23.69,20.469184190180588,0.469184190180588
2024-11-25,SKU_39,WH_4,6,2.82,5.034956544607017,0.9650434553929834
2024-11-26,SKU_39,WH_4,11,8.75,9.253193471252233,1.7468065287477668
2024-11-27,SKU_39,WH_4,21,20.73,18.119611615580638,2.880388384419362
2024-11-28,SKU_39,WH_4,13,12.25,11.847655833527906,1.1523441664720941
2024-11-29,SKU_39,WH_4,1,0.0,2.5437176262034717,1.5437176262034717
2024-11-30,SKU_39,WH_4,12,9.72,10.083100138899864,1.916899861100136
2024-12-01,SKU_39,WH_4,17,13.05,12.667434819252847,4.332565180747153
2024-12-02,SKU_39,WH_4,20,16.94,15.482956704454468,4.517043295545532
2024-12-03,SKU_39,WH_4,16,22.42,19.825400051070396,3.825400051070396
2024-12-04,SKU_39,WH_4,18,15.24,15.211680847207788,2.788319152792212
2024-12-05,SKU_39,WH_4,22,23.01,20.25424506110352,1.7457549388964786
2024-12-06,SKU_39,WH_4,18,13.61,13.124234127981717,4.875765872018283
2024-12-07,SKU_39,WH_4,10,7.99,9.0673147464756,0.9326852535244008
2024-12-08,SKU_39,WH_4,25,25.07,21.799369667462745,3.200630332537255
2024-12-09,SKU_39,WH_4,11,17.34,16.01441250604615,5.014412506046149
2024-12-10,SKU_39,WH_4,15,14.85,14.106891710316575,0.8931082896834255
2024-12-11,SKU_39,WH_4,15,13.45,13.001462305250755,1.9985376947492455
2024-12-12,SKU_39,WH_4,11,7.56,8.772187620578077,2.2278123794219233
2024-12-13,SKU_39,WH_4,16,16.39,15.277519340595934,0.7224806594040665
2024-12-14,SKU_39,WH_4,10,10.59,11.092225155919923,1.0922251559199232
2024-12-15,SKU_39,WH_4,17,17.87,16.3878391989963,0.6121608010037001
2024-12-16,SKU_39,WH_4,14,13.9,13.41461567621983,0.5853843237801701
2024-12-17,SKU_39,WH_4,10,12.47,12.252416283262226,2.2524162832622263
2024-12-18,SKU_39,WH_4,20,19.92,17.803339682574077,2.1966603174259234
2024-12-19,SKU_39,WH_4,27,28.71,26.33188762213386,0.6681123778661409
2024-12-20,SKU_39,WH_4,25,29.83,25.36393625356015,0.36393625356015136
2024-12-21,SKU_39,WH_4,20,22.81,20.366418575882825,0.36641857588282534
2024-12-22,SKU_39,WH_4,18,22.99,20.408169959054206,2.408169959054206
2024-12-23,SKU_39,WH_4,17,12.6,12.606869437325019,4.3931305626749815
2024-12-24,SKU_39,WH_4,20,20.16,18.343807127287775,1.656192872712225
2024-12-25,SKU_39,WH_4,18,21.42,19.35023850832527,1.350238508325269
2024-12-26,SKU_39,WH_4,18,15.9,15.272949888200815,2.727050111799185
2024-12-27,SKU_39,WH_4,27,29.4,25.302046472929838,1.6979535270701618
2024-12-28,SKU_39,WH_4,19,17.31,16.111887969124087,2.888112030875913
2024-12-29,SKU_39,WH_4,3,3.21,6.195048952369276,3.1950489523692758
2024-12-30,SKU_39,WH_4,18,20.84,19.598985851812834,1.5989858518128344
2024-11-10,SKU_39,WH_5,8,7.82,8.487073921059608,0.4870739210596078
2024-11-11,SKU_39,WH_5,22,23.29,20.230305647193923,1.7696943528060771
2024-11-12,SKU_39,WH_5,10,8.94,9.418897767516743,0.5811022324832571
2024-11-13,SKU_39,WH_5,11,14.6,13.480910809278985,2.480910809278985
2024-11-14,SKU_39,WH_5,7,5.12,6.6384024503721335,0.3615975496278665
2024-11-15,SKU_39,WH_5,13,11.09,10.974901515710032,2.025098484289968
2024-11-16,SKU_39,WH_5,9,6.06,7.087549794984259,1.912450205015741
2024-11-17,SKU_39,WH_5,7,10.45,10.886017322451988,3.8860173224519876
2024-11-18,SKU_39,WH_5,13,12.46,11.924235943207995,1.0757640567920053
2024-11-19,SKU_39,WH_5,13,10.64,10.669819116765016,2.330180883234984
2024-11-20,SKU_39,WH_5,15,12.21,11.787730828081676,3.212269171918324
2024-11-21,SKU_39,WH_5,11,13.71,12.85643093551504,1.8564309355150392
2024-11-22,SKU_39,WH_5,11,9.64,9.844920547022095,1.1550794529779047
2024-11-23,SKU_39,WH_5,12,11.94,11.577447974585786,0.4225520254142143
2024-11-24,SKU_39,WH_5,19,21.15,18.477084337840232,0.5229156621597681
2024-11-25,SKU_39,WH_5,18,20.54,17.904140884065473,0.09585911593452678
2024-11-26,SKU_39,WH_5,12,16.21,14.848806627895565,2.8488066278955646
2024-11-27,SKU_39,WH_5,12,15.1,13.949476201766581,1.949476201766581
2024-11-28,SKU_39,WH_5,2,1.09,3.301035706312753,1.301035706312753
2024-11-29,SKU_39,WH_5,13,6.38,7.312254254084648,5.687745745915352
2024-11-30,SKU_39,WH_5,14,15.97,14.786519597282487,0.7865195972824868
2024-12-01,SKU_39,WH_5,11,11.62,11.361281592102786,0.3612815921027863
2024-12-02,SKU_39,WH_5,20,15.63,14.71287318777536,5.28712681222464
2024-12-03,SKU_39,WH_5,23,19.37,18.61004222395061,4.389957776049389
2024-12-04,SKU_39,WH_5,13,11.56,11.322413152124112,1.6775868478758884
2024-12-05,SKU_39,WH_5,21,19.12,17.017224163483217,3.982775836516783
2024-12-06,SKU_39,WH_5,11,14.83,13.933757055201154,2.933757055201154
2024-12-07,SKU_39,WH_5,12,11.25,11.34688303756563,0.6531169624343693
2024-12-08,SKU_39,WH_5,21,15.82,14.989655083379883,6.010344916620117
2024-12-09,SKU_39,WH_5,21,21.14,18.83139548805874,2.168604511941261
2024-12-10,SKU_39,WH_5,13,9.93,10.42518338282652,2.5748166171734805
2024-12-11,SKU_39,WH_5,12,13.74,13.202438259109218,1.2024382591092184
2024-12-12,SKU_39,WH_5,24,23.06,21.71625597540913,2.2837440245908702
2024-12-13,SKU_39,WH_5,22,21.64,19.27190209261677,2.72809790738323
2024-12-14,SKU_39,WH_5,26,27.64,23.789220681114394,2.2107793188856064
2024-12-15,SKU_39,WH_5,24,20.49,18.581321676434566,5.418678323565434
2024-12-16,SKU_39,WH_5,14,11.49,11.68555000688731,2.3144499931126905
2024-12-17,SKU_39,WH_5,21,29.51,25.438815318389462,4.438815318389462
2024-12-18,SKU_39,WH_5,28,27.93,25.87501198507721,2.1249880149227884
2024-12-19,SKU_39,WH_5,25,22.2,20.160477510708418,4.839522489291582
2024-12-20,SKU_39,WH_5,19,20.85,19.031418120373576,0.031418120373576386
2024-12-21,SKU_39,WH_5,20,14.6,14.939096005830677,5.060903994169323
2024-12-22,SKU_39,WH_5,21,25.98,23.159461909455715,2.1594619094557146
2024-12-23,SKU_39,WH_5,13,13.34,13.446527217537062,0.4465272175370618
2024-12-24,SKU_39,WH_5,27,22.41,21.380079756531096,5.619920243468904
2024-12-25,SKU_39,WH_5,21,17.07,16.198853776094904,4.801146223905096
2024-12-26,SKU_39,WH_5,21,25.61,22.702852366938572,1.702852366938572
2024-12-27,SKU_39,WH_5,25,20.42,18.699976511622133,6.300023488377867
2024-12-28,SKU_39,WH_5,25,28.08,24.568706804398094,0.4312931956019064
2024-12-29,SKU_39,WH_5,11,11.08,11.883382518258937,0.8833825182589372
2024-12-30,SKU_39,WH_5,15,16.73,16.86423162163925,1.8642316216392487
2024-11-10,SKU_4,WH_1,7,14.66,13.496605186020592,6.496605186020592
2024-11-11,SKU_4,WH_1,8,5.35,7.086491646868347,0.913508353131653
2024-11-12,SKU_4,WH_1,19,17.07,15.457592339795196,3.5424076602048036
2024-11-13,SKU_4,WH_1,17,16.15,14.865025583268498,2.1349744167315023
2024-11-14,SKU_4,WH_1,13,12.18,11.76719680980728,1.2328031901927208
2024-11-15,SKU_4,WH_1,8,11.95,11.54883374723748,3.548833747237479
2024-11-16,SKU_4,WH_1,19,19.63,17.5281246051102,1.4718753948897998
2024-11-17,SKU_4,WH_1,8,10.33,10.514304392681264,2.5143043926812645
2024-11-18,SKU_4,WH_1,17,19.07,16.89618441309299,0.10381558690701098
2024-11-19,SKU_4,WH_1,12,8.39,9.06962463079665,2.9303753692033503
2024-11-20,SKU_4,WH_1,12,5.23,6.471842117730035,5.528157882269965
2024-11-21,SKU_4,WH_1,21,20.07,17.768248494491154,3.2317515055088464
2024-11-22,SKU_4,WH_1,24,16.66,16.068125896427492,7.9318741035725076
2024-11-23,SKU_4,WH_1,8,8.75,9.30626032582069,1.3062603258206895
2024-11-24,SKU_4,WH_1,26,27.87,23.69555852537234,2.3044414746276587
2024-11-25,SKU_4,WH_1,10,11.78,11.581986855613419,1.581986855613419
2024-11-26,SKU_4,WH_1,12,11.44,11.283250003827023,0.7167499961729771
2024-11-27,SKU_4,WH_1,21,18.95,16.70261628759246,4.297383712407541
2024-11-28,SKU_4,WH_1,17,21.23,18.755516138596274,1.755516138596274
2024-11-29,SKU_4,WH_1,12,9.54,10.006241598594418,1.9937584014055822
2024-11-30,SKU_4,WH_1,14,11.76,11.600567120356086,2.399432879643914
2024-12-01,SKU_4,WH_1,11,8.37,9.257149167159293,1.7428508328407073
2024-12-02,SKU_4,WH_1,13,16.73,15.491914584166821,2.491914584166821
2024-12-03,SKU_4,WH_1,11,12.87,12.508723748219136,1.5087237482191362
2024-12-04,SKU_4,WH_1,20,14.87,14.044198175242043,5.955801824757957
2024-12-05,SKU_4,WH_1,13,11.55,11.42795658474885,1.5720434152511498
2024-12-06,SKU_4,WH_1,16,14.26,14.12691718048377,1.8730828195162292
2024-12-07,SKU_4,WH_1,13,16.52,15.425468242068376,2.4254682420683764
2024-12-08,SKU_4,WH_1,12,10.76,11.089819157711219,0.9101808422887814
2024-12-09,SKU_4,WH_1,12,5.52,7.281278459730566,4.718721540269434
2024-12-10,SKU_4,WH_1,15,19.23,17.246526375033362,2.246526375033362
2024-12-11,SKU_4,WH_1,14,10.23,10.665878772432324,3.3341212275676764
2024-12-12,SKU_4,WH_1,24,28.46,24.23864471486131,0.23864471486130867
2024-12-13,SKU_4,WH_1,21,17.68,16.263269001701776,4.736730998298224
2024-12-14,SKU_4,WH_1,8,12.03,11.96497303054386,3.9649730305438595
2024-12-15,SKU_4,WH_1,15,16.48,15.38246332480876,0.3824633248087608
2024-12-16,SKU_4,WH_1,25,20.3,18.270124884880488,6.729875115119512
2024-12-17,SKU_4,WH_1,18,19.33,17.460531570419356,0.5394684295806442
2024-12-18,SKU_4,WH_1,16,14.76,14.85714910476954,1.1428508952304597
2024-12-19,SKU_4,WH_1,14,15.63,14.930999187436639,0.9309991874366386
2024-12-20,SKU_4,WH_1,15,12.58,13.228287673629412,1.7717123263705883
2024-12-21,SKU_4,WH_1,39,36.53,29.476727934373958,9.523272065626042
2024-12-22,SKU_4,WH_1,23,22.28,19.96815846201272,3.0318415379872796
2024-12-23,SKU_4,WH_1,24,26.98,23.739577716848302,0.2604222831516978
2024-12-24,SKU_4,WH_1,18,17.93,16.909168671386926,1.0908313286130742
2024-12-25,SKU_4,WH_1,27,28.95,25.028411358806505,1.9715886411934953
2024-12-26,SKU_4,WH_1,14,11.14,11.87963294177269,2.120367058227311
2024-12-27,SKU_4,WH_1,20,22.38,20.417159148281836,0.4171591482818364
2024-12-28,SKU_4,WH_1,26,26.93,25.264669713164533,0.7353302868354668
2024-12-29,SKU_4,WH_1,15,8.81,10.10504272394046,4.8949572760595395
2024-12-30,SKU_4,WH_1,22,18.79,18.246332318971415,3.7536676810285847
2024-11-10,SKU_4,WH_2,8,5.82,7.074270651399834,0.9257293486001661
2024-11-11,SKU_4,WH_2,10,11.92,11.522399968651266,1.522399968651266
2024-11-12,SKU_4,WH_2,13,14.57,13.387108671636195,0.3871086716361951
2024-11-13,SKU_4,WH_2,4,4.9,6.546344485801804,2.5463444858018036
2024-11-14,SKU_4,WH_2,15,10.28,10.321884755566652,4.678115244433348
2024-11-15,SKU_4,WH_2,16,16.87,15.194231036165352,0.8057689638346481
2024-11-16,SKU_4,WH_2,3,0.45,2.5087983650305747,0.49120163496942526
2024-11-17,SKU_4,WH_2,14,16.45,14.953601117328922,0.9536011173289225
2024-11-18,SKU_4,WH_2,13,7.9,8.58163342348363,4.4183665765163695
2024-11-19,SKU_4,WH_2,9,6.08,7.0738995818169474,1.9261004181830526
2024-11-20,SKU_4,WH_2,9,11.8,11.478825593401622,2.4788255934016217
2024-11-21,SKU_4,WH_2,11,14.48,13.29754047158147,2.2975404715814705
2024-11-22,SKU_4,WH_2,11,12.71,12.17346836675154,1.1734683667515409
2024-11-23,SKU_4,WH_2,15,11.27,11.091505726249924,3.908494273750076
2024-11-24,SKU_4,WH_2,17,14.5,13.369335169850586,3.6306648301494135
2024-11-25,SKU_4,WH_2,16,12.54,12.016078938410285,3.983921061589715
2024-11-26,SKU_4,WH_2,13,13.69,12.883226468265034,0.11677353173496563
2024-11-27,SKU_4,WH_2,21,18.7,16.50954451019258,4.49045548980742
2024-11-28,SKU_4,WH_2,12,11.15,11.047549414633826,0.952450585366174
2024-11-29,SKU_4,WH_2,12,11.47,11.243474199858813,0.756525800141187
2024-11-30,SKU_4,WH_2,14,12.0,11.596057405680066,2.4039425943199344
2024-12-01,SKU_4,WH_2,25,26.69,23.091351824868127,1.908648175131873
2024-12-02,SKU_4,WH_2,22,21.16,18.902450804000992,3.097549195999008
2024-12-03,SKU_4,WH_2,9,11.52,11.669158698654538,2.669158698654538
2024-12-04,SKU_4,WH_2,23,25.81,22.40474988593525,0.5952501140647506
2024-12-05,SKU_4,WH_2,10,11.98,11.930364306139824,1.9303643061398237
2024-12-06,SKU_4,WH_2,18,18.55,16.855390168633765,1.1446098313662354
2024-12-07,SKU_4,WH_2,16,19.82,18.000199958096275,2.0001999580962746
2024-12-08,SKU_4,WH_2,22,24.16,21.24798769953973,0.7520123004602688
2024-12-09,SKU_4,WH_2,26,24.76,21.535153293341466,4.464846706658534
2024-12-10,SKU_4,WH_2,10,8.23,9.39643419710918,0.6035658028908202
2024-12-11,SKU_4,WH_2,27,22.93,21.68777732020488,5.31222267979512
2024-12-12,SKU_4,WH_2,14,16.8,15.627714440326926,1.6277144403269261
2024-12-13,SKU_4,WH_2,18,18.85,17.088387449752148,0.9116125502478525
2024-12-14,SKU_4,WH_2,16,16.2,15.308299969591715,0.6917000304082848
2024-12-15,SKU_4,WH_2,19,14.08,13.551946455633153,5.4480535443668465
2024-12-16,SKU_4,WH_2,21,15.07,14.369176167122815,6.630823832877185
2024-12-17,SKU_4,WH_2,14,10.86,11.330969477492921,2.6690305225070787
2024-12-18,SKU_4,WH_2,18,15.35,14.642963592337598,3.3570364076624024
2024-12-19,SKU_4,WH_2,21,20.69,18.539720597787404,2.4602794022125956
2024-12-20,SKU_4,WH_2,20,18.17,16.60724267707662,3.39275732292338
2024-12-21,SKU_4,WH_2,27,24.32,21.500490174129187,5.499509825870813
2024-12-22,SKU_4,WH_2,24,22.26,20.024637942113614,3.975362057886386
2024-12-23,SKU_4,WH_2,22,21.57,19.49373622706493,2.506263772935071
2024-12-24,SKU_4,WH_2,12,14.9,14.44602828604814,2.44602828604814
2024-12-25,SKU_4,WH_2,23,21.58,20.580427198326742,2.419572801673258
2024-12-26,SKU_4,WH_2,27,29.15,25.33382864382571,1.6661713561742886
2024-12-27,SKU_4,WH_2,15,12.55,12.823124364805185,2.176875635194815
2024-12-28,SKU_4,WH_2,19,19.63,18.270940489015963,0.7290595109840368
2024-12-29,SKU_4,WH_2,15,20.02,18.284557279304185,3.2845572793041846
2024-12-30,SKU_4,WH_2,23,23.29,21.87774256727268,1.12225743272732
2024-11-10,SKU_4,WH_3,5,4.58,6.036998601546411,1.0369986015464114
2024-11-11,SKU_4,WH_3,14,17.24,15.54700455118315,1.54700455118315
2024-11-12,SKU_4,WH_3,10,7.81,8.461551171886503,1.5384488281134967
2024-11-13,SKU_4,WH_3,12,7.97,8.533604460480726,3.466395539519274
2024-11-14,SKU_4,WH_3,13,14.25,13.070353075467189,0.07035307546718883
2024-11-15,SKU_4,WH_3,14,12.21,11.755045378533746,2.2449546214662544
2024-11-16,SKU_4,WH_3,20,17.16,15.497154706527315,4.502845293472685
2024-11-17,SKU_4,WH_3,15,11.18,11.496982935732285,3.5030170642677145
2024-11-18,SKU_4,WH_3,12,16.45,14.95735456477215,2.9573545647721495
2024-11-19,SKU_4,WH_3,8,9.36,9.764796339840894,1.7647963398408937
2024-11-20,SKU_4,WH_3,7,4.82,6.460186114417921,0.5398138855820793
2024-11-21,SKU_4,WH_3,13,10.59,10.63544610453513,2.3645538954648693
2024-11-22,SKU_4,WH_3,19,13.09,12.421974800762232,6.578025199237768
2024-11-23,SKU_4,WH_3,12,14.48,13.383703734111151,1.383703734111151
2024-11-24,SKU_4,WH_3,13,14.57,13.345525326925259,0.3455253269252587
2024-11-25,SKU_4,WH_3,15,16.56,15.047692241546683,0.04769224154668272
2024-11-26,SKU_4,WH_3,10,9.96,10.142196933194324,0.1421969331943238
2024-11-27,SKU_4,WH_3,23,18.65,16.512010429522686,6.487989570477314
2024-11-28,SKU_4,WH_3,24,19.69,17.483563111612618,6.516436888387382
2024-11-29,SKU_4,WH_3,20,16.19,14.940084741652026,5.059915258347974
2024-11-30,SKU_4,WH_3,19,18.8,16.74946397909686,2.250536020903141
2024-12-01,SKU_4,WH_3,9,9.73,10.41963425093051,1.4196342509305104
2024-12-02,SKU_4,WH_3,8,7.87,8.940405754333428,0.9404057543334279
2024-12-03,SKU_4,WH_3,18,19.47,17.700436350727397,0.2995636492726028
2024-12-04,SKU_4,WH_3,22,23.56,20.73256630090654,1.2674336990934592
2024-12-05,SKU_4,WH_3,18,16.23,15.215992317996209,2.784007682003791
2024-12-06,SKU_4,WH_3,13,18.44,16.704893125555937,3.7048931255559374
2024-12-07,SKU_4,WH_3,20,17.15,15.900759527479938,4.099240472520062
2024-12-08,SKU_4,WH_3,8,10.07,10.479597034344586,2.479597034344586
2024-12-09,SKU_4,WH_3,22,23.77,20.84142281824037,1.1585771817596289
2024-12-10,SKU_4,WH_3,18,20.1,18.25018560768816,0.25018560768815945
2024-12-11,SKU_4,WH_3,14,13.38,12.982049535812678,1.0179504641873223
2024-12-12,SKU_4,WH_3,11,15.1,14.338400748024345,3.3384007480243447
2024-12-13,SKU_4,WH_3,23,21.17,18.92684685111159,4.073153148888409
2024-12-14,SKU_4,WH_3,17,13.79,13.241760034127308,3.7582399658726917
2024-12-15,SKU_4,WH_3,19,20.44,18.417625272383436,0.5823747276165641
2024-12-16,SKU_4,WH_3,23,24.4,21.501493688601368,1.498506311398632
2024-12-17,SKU_4,WH_3,19,15.08,14.391771952560475,4.608228047439525
2024-12-18,SKU_4,WH_3,4,6.86,8.053075538662894,4.053075538662894
2024-12-19,SKU_4,WH_3,16,14.5,13.633380058765635,2.366619941234365
2024-12-20,SKU_4,WH_3,17,7.84,8.975630375028196,8.024369624971804
2024-12-21,SKU_4,WH_3,17,19.53,17.77802759997714,0.7780275999771398
2024-12-22,SKU_4,WH_3,17,20.02,18.111137084085435,1.1111370840854349
2024-12-23,SKU_4,WH_3,25,28.26,24.424351820403228,0.5756481795967723
2024-12-24,SKU_4,WH_3,16,11.36,11.471659011522192,4.528340988477808
2024-12-25,SKU_4,WH_3,9,10.69,11.18845314593543,2.18845314593543
2024-12-26,SKU_4,WH_3,20,23.21,20.635517917035706,0.6355179170357061
2024-12-27,SKU_4,WH_3,26,26.28,23.061357128051124,2.9386428719488755
2024-12-28,SKU_4,WH_3,22,24.11,21.40990263178199,0.5900973682180108
2024-12-29,SKU_4,WH_3,20,21.43,19.33687747993642,0.6631225200635811
2024-12-30,SKU_4,WH_3,18,15.05,15.352491841741061,2.6475081582589386
2024-11-10,SKU_4,WH_4,8,7.03,8.125660897029732,0.12566089702973215
2024-11-11,SKU_4,WH_4,21,17.08,15.46682252202859,5.53317747797141
2024-11-12,SKU_4,WH_4,11,9.09,9.73713171568369,1.2628682843163102
2024-11-13,SKU_4,WH_4,14,13.95,13.856763131409924,0.14323686859007623
2024-11-14,SKU_4,WH_4,10,7.64,8.425583080727378,1.5744169192726218
2024-11-15,SKU_4,WH_4,10,12.16,11.75664833837538,1.7566483383753795
2024-11-16,SKU_4,WH_4,14,12.8,12.204215475675626,1.7957845243243735
2024-11-17,SKU_4,WH_4,11,11.03,10.898278511607101,0.10172148839289896
2024-11-18,SKU_4,WH_4,15,11.52,11.176929616271437,3.823070383728563
2024-11-19,SKU_4,WH_4,8,7.6,8.448258343742776,0.4482583437427756
2024-11-20,SKU_4,WH_4,15,16.58,15.87611317331579,0.8761131733157903
2024-11-21,SKU_4,WH_4,11,8.16,8.887664654207509,2.1123353457924914
2024-11-22,SKU_4,WH_4,18,17.91,16.041940143819197,1.9580598561808031
2024-11-23,SKU_4,WH_4,4,3.32,5.343908190410167,1.3439081904101666
2024-11-24,SKU_4,WH_4,20,21.21,18.629382081764263,1.3706179182357374
2024-11-25,SKU_4,WH_4,16,12.55,11.944814562664034,4.055185437335966
2024-11-26,SKU_4,WH_4,8,12.57,11.972590050917574,3.9725900509175744
2024-11-27,SKU_4,WH_4,7,6.17,7.014377211879703,0.014377211879702756
2024-11-28,SKU_4,WH_4,4,6.97,7.5873656832288665,3.5873656832288665
2024-11-29,SKU_4,WH_4,19,13.99,13.144327094670903,5.855672905329097
2024-11-30,SKU_4,WH_4,17,17.44,15.725243416618373,1.2747565833816275
2024-12-01,SKU_4,WH_4,11,6.78,7.760723438993648,3.239276561006352
2024-12-02,SKU_4,WH_4,21,23.73,20.683112503605685,0.31688749639431535
2024-12-03,SKU_4,WH_4,18,16.5,15.16638669526758,2.8336133047324203
2024-12-04,SKU_4,WH_4,12,7.21,8.401503380088725,3.598496619911275
2024-12-05,SKU_4,WH_4,16,15.22,14.260464953645092,1.7395350463549075
2024-12-06,SKU_4,WH_4,27,31.69,28.765103318882765,1.7651033188827654
2024-12-07,SKU_4,WH_4,23,24.99,21.680446314052965,1.3195536859470351
2024-12-08,SKU_4,WH_4,15,10.34,10.797189240358815,4.202810759641185
2024-12-09,SKU_4,WH_4,12,10.87,11.282105027876625,0.7178949721233749
2024-12-10,SKU_4,WH_4,9,13.29,13.00195939630954,4.001959396309539
2024-12-11,SKU_4,WH_4,17,24.88,21.58646119312484,4.5864611931248405
2024-12-12,SKU_4,WH_4,12,11.1,11.296542340343825,0.7034576596561752
2024-12-13,SKU_4,WH_4,21,20.57,18.369160819186764,2.6308391808132363
2024-12-14,SKU_4,WH_4,14,11.29,11.381897699122359,2.6181023008776414
2024-12-15,SKU_4,WH_4,24,30.31,27.5928982651987,3.5928982651986985
2024-12-16,SKU_4,WH_4,13,15.32,14.490895625087267,1.4908956250872674
2024-12-17,SKU_4,WH_4,26,29.69,25.302970933918523,0.6970290660814769
2024-12-18,SKU_4,WH_4,18,16.67,15.558560395677734,2.441439604322266
2024-12-19,SKU_4,WH_4,17,14.88,14.113849258236606,2.8861507417633945
2024-12-20,SKU_4,WH_4,17,13.32,12.9507579422483,4.0492420577517
2024-12-21,SKU_4,WH_4,19,21.13,18.976340337706233,0.023659662293766814
2024-12-22,SKU_4,WH_4,19,20.18,18.3206627361982,0.6793372638017985
2024-12-23,SKU_4,WH_4,13,14.94,14.231635284992679,1.231635284992679
2024-12-24,SKU_4,WH_4,16,23.99,21.18145158250371,5.181451582503708
2024-12-25,SKU_4,WH_4,19,16.46,15.36643238948176,3.6335676105182397
2024-12-26,SKU_4,WH_4,25,27.7,24.128686120772365,0.8713138792276354
2024-12-27,SKU_4,WH_4,22,20.23,18.311285851164033,3.6887141488359667
2024-12-28,SKU_4,WH_4,22,20.89,18.626253022218158,3.373746977781842
2024-12-29,SKU_4,WH_4,10,8.81,9.966946880238307,0.033053119761692784
2024-12-30,SKU_4,WH_4,23,21.92,20.6695629434118,2.330437056588199
2024-11-10,SKU_4,WH_5,11,11.23,11.124368017187905,0.12436801718790491
2024-11-11,SKU_4,WH_5,5,10.04,10.237557273368031,5.237557273368031
2024-11-12,SKU_4,WH_5,12,12.46,11.971392987825267,0.02860701217473327
2024-11-13,SKU_4,WH_5,9,10.26,10.329266490709772,1.329266490709772
2024-11-14,SKU_4,WH_5,18,20.76,18.11822795656034,0.11822795656033946
2024-11-15,SKU_4,WH_5,14,10.92,10.923892918058716,3.0761070819412843
2024-11-16,SKU_4,WH_5,15,17.26,15.579459671514732,0.5794596715147318
2024-11-17,SKU_4,WH_5,14,14.05,13.156067163842826,0.8439328361571743
2024-11-18,SKU_4,WH_5,23,20.2,17.813484577086857,5.186515422913143
2024-11-19,SKU_4,WH_5,13,10.18,10.388669904582695,2.611330095417305
2024-11-20,SKU_4,WH_5,20,20.66,18.01042216259302,1.98957783740698
2024-11-21,SKU_4,WH_5,18,19.02,16.904034996419927,1.0959650035800728
2024-11-22,SKU_4,WH_5,13,12.29,11.955203225284261,1.0447967747157385
2024-11-23,SKU_4,WH_5,14,16.27,14.989921527302469,0.9899215273024691
2024-11-24,SKU_4,WH_5,15,21.32,18.776421402689248,3.776421402689248
2024-11-25,SKU_4,WH_5,24,22.52,19.722708958170365,4.277291041829635
2024-11-26,SKU_4,WH_5,14,15.66,14.719198285280356,0.7191982852803562
2024-11-27,SKU_4,WH_5,10,11.75,11.660369388592406,1.6603693885924056
2024-11-28,SKU_4,WH_5,9,10.58,10.89787951468392,1.89787951468392
2024-11-29,SKU_4,WH_5,14,14.87,13.877677963052133,0.12232203694786747
2024-11-30,SKU_4,WH_5,25,23.08,20.180605242359597,4.819394757640403
2024-12-01,SKU_4,WH_5,19,15.79,15.910145826147819,3.0898541738521814
2024-12-02,SKU_4,WH_5,13,16.28,15.313392807594532,2.313392807594532
2024-12-03,SKU_4,WH_5,19,18.76,17.029081403396326,1.9709185966036742
2024-12-04,SKU_4,WH_5,18,12.68,12.60293911825255,5.39706088174745
2024-12-05,SKU_4,WH_5,21,23.54,20.853022290812778,0.14697770918722242
2024-12-06,SKU_4,WH_5,20,18.69,17.077896590564038,2.9221034094359624
2024-12-07,SKU_4,WH_5,12,10.84,11.4001351695423,0.5998648304576992
2024-12-08,SKU_4,WH_5,12,15.83,15.230886073622283,3.2308860736222833
2024-12-09,SKU_4,WH_5,15,13.54,13.886045322192354,1.1139546778076461
2024-12-10,SKU_4,WH_5,18,20.31,18.36579916307221,0.36579916307221083
2024-12-11,SKU_4,WH_5,12,11.4,11.540547002885058,0.45945299711494236
2024-12-12,SKU_4,WH_5,21,17.81,16.498085814961943,4.501914185038057
2024-12-13,SKU_4,WH_5,9,3.49,5.892314897101997,3.107685102898003
2024-12-14,SKU_4,WH_5,10,8.13,9.357711771452134,0.6422882285478657
2024-12-15,SKU_4,WH_5,20,19.6,19.019085411808923,0.9809145881910766
2024-12-16,SKU_4,WH_5,20,10.78,11.1748086028866,8.8251913971134
2024-12-17,SKU_4,WH_5,20,17.31,16.922251275238732,3.0777487247612676
2024-12-18,SKU_4,WH_5,16,14.82,14.037243938056344,1.9627560619436561
2024-12-19,SKU_4,WH_5,20,17.79,16.39244077067923,3.6075592293207706
2024-12-20,SKU_4,WH_5,19,17.74,16.22573500411885,2.7742649958811505
2024-12-21,SKU_4,WH_5,13,8.04,9.173676326945337,3.826323673054663
2024-12-22,SKU_4,WH_5,18,17.69,16.270823413606635,1.7291765863933648
2024-12-23,SKU_4,WH_5,17,16.56,15.51912352442789,1.48087647557211
2024-12-24,SKU_4,WH_5,20,20.13,18.22659808487712,1.7734019151228786
2024-12-25,SKU_4,WH_5,17,19.94,18.149645535513976,1.1496455355139759
2024-12-26,SKU_4,WH_5,15,13.4,13.082802634357384,1.9171973656426164
2024-12-27,SKU_4,WH_5,25,19.81,17.974643014983453,7.025356985016547
2024-12-28,SKU_4,WH_5,15,12.14,12.305249789877797,2.694750210122203
2024-12-29,SKU_4,WH_5,25,21.16,19.06791786385065,5.932082136149351
2024-12-30,SKU_4,WH_5,23,21.38,20.253424568537014,2.746575431462986
2024-11-10,SKU_40,WH_1,8,1.7,3.412351051213059,4.587648948786941
2024-11-11,SKU_40,WH_1,15,11.37,11.105029500729266,3.894970499270734
2024-11-12,SKU_40,WH_1,10,9.37,9.792976143706536,0.2070238562934641
2024-11-13,SKU_40,WH_1,11,12.36,11.863484419096428,0.8634844190964284
2024-11-14,SKU_40,WH_1,17,13.3,12.587994410841521,4.412005589158479
2024-11-15,SKU_40,WH_1,14,12.37,11.854827178006342,2.1451728219936577
2024-11-16,SKU_40,WH_1,12,14.37,13.310463351164278,1.3104633511642785
2024-11-17,SKU_40,WH_1,13,16.63,15.007132695310766,2.0071326953107658
2024-11-18,SKU_40,WH_1,11,10.93,10.935018687521296,0.06498131247870376
2024-11-19,SKU_40,WH_1,9,13.07,12.449346695588451,3.449346695588451
2024-11-20,SKU_40,WH_1,14,15.21,14.069810182776092,0.06981018277609152
2024-11-21,SKU_40,WH_1,17,17.81,15.89199631314241,1.1080036868575895
2024-11-22,SKU_40,WH_1,4,1.3,3.381603101374338,0.618396898625662
2024-11-23,SKU_40,WH_1,10,10.43,10.430505207700033,0.4305052077000333
2024-11-24,SKU_40,WH_1,9,12.13,11.748468130811242,2.7484681308112417
2024-11-25,SKU_40,WH_1,15,15.16,14.029922119761393,0.9700778802386072
2024-11-26,SKU_40,WH_1,14,16.69,15.088549112917205,1.088549112917205
2024-11-27,SKU_40,WH_1,8,13.55,12.71907849712121,4.71907849712121
2024-11-28,SKU_40,WH_1,14,13.27,12.572441022164732,1.4275589778352682
2024-11-29,SKU_40,WH_1,15,15.16,14.038714017203716,0.9612859827962836
2024-11-30,SKU_40,WH_1,6,7.16,8.469547627181878,2.4695476271818784
2024-12-01,SKU_40,WH_1,13,13.48,12.75905668755161,0.2409433124483904
2024-12-02,SKU_40,WH_1,29,23.39,20.377346937150048,8.622653062849952
2024-12-03,SKU_40,WH_1,16,8.88,9.73357202862611,6.26642797137389
2024-12-04,SKU_40,WH_1,11,15.13,14.271087812341221,3.2710878123412215
2024-12-05,SKU_40,WH_1,17,17.31,15.769511044995545,1.2304889550044553
2024-12-06,SKU_40,WH_1,32,33.05,29.52379902110214,2.476200978897861
2024-12-07,SKU_40,WH_1,22,15.11,14.199439085074415,7.800560914925585
2024-12-08,SKU_40,WH_1,19,15.47,14.818180835331978,4.181819164668022
2024-12-09,SKU_40,WH_1,20,19.02,17.406178366901223,2.593821633098777
2024-12-10,SKU_40,WH_1,20,21.72,19.452536276458545,0.5474637235414548
2024-12-11,SKU_40,WH_1,29,28.21,26.403701580525475,2.5962984194745253
2024-12-12,SKU_40,WH_1,15,16.59,15.791921006106904,0.7919210061069037
2024-12-13,SKU_40,WH_1,21,24.54,21.74248440175858,0.7424844017585812
2024-12-14,SKU_40,WH_1,13,17.63,16.482881026083547,3.4828810260835468
2024-12-15,SKU_40,WH_1,13,16.6,15.626458225506452,2.626458225506452
2024-12-16,SKU_40,WH_1,10,8.24,9.385310225822991,0.614689774177009
2024-12-17,SKU_40,WH_1,16,12.25,12.207080802429502,3.792919197570498
2024-12-18,SKU_40,WH_1,18,24.05,21.227586933653125,3.227586933653125
2024-12-19,SKU_40,WH_1,8,7.99,8.964926970689005,0.9649269706890049
2024-12-20,SKU_40,WH_1,6,6.5,7.674097060874583,1.6740970608745833
2024-12-21,SKU_40,WH_1,10,12.28,12.10324637054972,2.1032463705497193
2024-12-22,SKU_40,WH_1,22,22.4,19.85083501239227,2.1491649876077297
2024-12-23,SKU_40,WH_1,12,9.77,10.393766444091229,1.606233555908771
2024-12-24,SKU_40,WH_1,15,17.8,16.32345335525488,1.3234533552548804
2024-12-25,SKU_40,WH_1,25,21.86,19.521321150836528,5.478678849163472
2024-12-26,SKU_40,WH_1,17,18.78,16.97914693402249,0.020853065977508578
2024-12-27,SKU_40,WH_1,21,25.02,21.80960276870846,0.8096027687084586
2024-12-28,SKU_40,WH_1,28,30.01,27.739265673445118,0.26073432655488205
2024-12-29,SKU_40,WH_1,15,14.66,14.021429331270376,0.9785706687296241
2024-12-30,SKU_40,WH_1,23,23.67,22.05232603267747,0.9476739673225296
2024-11-10,SKU_40,WH_2,8,11.3,11.133330558930172,3.1333305589301723
2024-11-11,SKU_40,WH_2,14,16.07,14.928745584331772,0.9287455843317716
2024-11-12,SKU_40,WH_2,11,16.66,15.203463797510981,4.203463797510981
2024-11-13,SKU_40,WH_2,13,13.65,12.822540537391264,0.17745946260873602
2024-11-14,SKU_40,WH_2,12,10.68,10.772603891907895,1.2273961080921048
2024-11-15,SKU_40,WH_2,5,3.95,5.73173608004438,0.7317360800443797
2024-11-16,SKU_40,WH_2,10,11.74,11.466832570809716,1.466832570809716
2024-11-17,SKU_40,WH_2,12,5.4,6.985203506406026,5.014796493593974
2024-11-18,SKU_40,WH_2,3,1.34,3.224028640706251,0.22402864070625084
2024-11-19,SKU_40,WH_2,16,20.1,17.713079624120827,1.7130796241208266
2024-11-20,SKU_40,WH_2,11,12.2,11.723283269963774,0.7232832699637743
2024-11-21,SKU_40,WH_2,23,20.85,18.05213296395059,4.947867036049409
2024-11-22,SKU_40,WH_2,10,11.68,11.696135400838488,1.6961354008384877
2024-11-23,SKU_40,WH_2,16,13.72,12.835341724188359,3.1646582758116413
2024-11-24,SKU_40,WH_2,12,9.85,10.093422553658897,1.9065774463411032
2024-11-25,SKU_40,WH_2,7,9.65,9.869969780741883,2.869969780741883
2024-11-26,SKU_40,WH_2,13,10.13,10.284791203075638,2.7152087969243617
2024-11-27,SKU_40,WH_2,18,21.09,18.36498273929529,0.36498273929528935
2024-11-28,SKU_40,WH_2,14,15.53,14.284390240193146,0.2843902401931455
2024-11-29,SKU_40,WH_2,19,20.12,18.954291704361697,0.04570829563830259
2024-11-30,SKU_40,WH_2,23,22.5,20.83314746165566,2.16685253834434
2024-12-01,SKU_40,WH_2,14,13.65,12.955099274235252,1.044900725764748
2024-12-02,SKU_40,WH_2,16,18.45,16.602740083284385,0.6027400832843846
2024-12-03,SKU_40,WH_2,16,14.28,13.489425806448951,2.510574193551049
2024-12-04,SKU_40,WH_2,22,19.28,18.616481546169922,3.383518453830078
2024-12-05,SKU_40,WH_2,14,12.91,12.560742676042716,1.4392573239572837
2024-12-06,SKU_40,WH_2,12,11.64,11.536751856504697,0.46324814349530286
2024-12-07,SKU_40,WH_2,14,14.56,14.401066498105818,0.40106649810581807
2024-12-08,SKU_40,WH_2,21,23.24,20.454077136706186,0.5459228632938142
2024-12-09,SKU_40,WH_2,23,26.89,23.322193311407503,0.32219331140750285
2024-12-10,SKU_40,WH_2,17,15.6,14.85095590088726,2.1490440991127393
2024-12-11,SKU_40,WH_2,17,17.7,16.195681886344623,0.804318113655377
2024-12-12,SKU_40,WH_2,16,15.59,14.86876372756039,1.13123627243961
2024-12-13,SKU_40,WH_2,23,20.53,18.40890761579879,4.591092384201211
2024-12-14,SKU_40,WH_2,15,13.49,13.070205329361725,1.929794670638275
2024-12-15,SKU_40,WH_2,16,11.08,11.395156490277285,4.6048435097227145
2024-12-16,SKU_40,WH_2,10,9.17,10.188814785688368,0.1888147856883684
2024-12-17,SKU_40,WH_2,18,17.35,16.90818383676936,1.0918161632306393
2024-12-18,SKU_40,WH_2,19,20.9,18.560558581908005,0.4394414180919952
2024-12-19,SKU_40,WH_2,16,14.67,13.858063941119378,2.1419360588806224
2024-12-20,SKU_40,WH_2,19,23.25,20.60648647881694,1.6064864788169402
2024-12-21,SKU_40,WH_2,23,25.03,21.879385705273144,1.120614294726856
2024-12-22,SKU_40,WH_2,22,19.66,18.984725980792298,3.015274019207702
2024-12-23,SKU_40,WH_2,17,19.42,17.680679136276375,0.6806791362763747
2024-12-24,SKU_40,WH_2,24,23.33,20.77740030820203,3.2225996917979707
2024-12-25,SKU_40,WH_2,15,23.23,20.82111810585902,5.821118105859021
2024-12-26,SKU_40,WH_2,9,8.46,9.749448330415637,0.7494483304156372
2024-12-27,SKU_40,WH_2,24,25.35,22.219633661308585,1.7803663386914153
2024-12-28,SKU_40,WH_2,25,29.26,25.103533762083913,0.10353376208391296
2024-12-29,SKU_40,WH_2,29,31.58,27.014366455798648,1.9856335442013524
2024-12-30,SKU_40,WH_2,17,19.64,19.15461173879287,2.1546117387928696
2024-11-10,SKU_40,WH_3,15,10.24,10.41779889228944,4.58220110771056
2024-11-11,SKU_40,WH_3,13,17.83,17.235642440182623,4.235642440182623
2024-11-12,SKU_40,WH_3,9,10.04,10.17367737154917,1.1736773715491697
2024-11-13,SKU_40,WH_3,13,12.47,12.000181328260547,0.9998186717394528
2024-11-14,SKU_40,WH_3,5,7.43,8.270520680102413,3.270520680102413
2024-11-15,SKU_40,WH_3,9,9.46,9.788026192901077,0.7880261929010768
2024-11-16,SKU_40,WH_3,26,27.91,25.63743825486908,0.36256174513092176
2024-11-17,SKU_40,WH_3,21,26.55,22.801040246852605,1.8010402468526046
2024-11-18,SKU_40,WH_3,13,13.26,12.584501595523996,0.41549840447600417
2024-11-19,SKU_40,WH_3,11,11.72,11.201201787657329,0.20120178765732888
2024-11-20,SKU_40,WH_3,16,17.75,15.795417630195596,0.20458236980440425
2024-11-21,SKU_40,WH_3,11,10.07,10.158695523679665,0.8413044763203352
2024-11-22,SKU_40,WH_3,21,28.24,24.01210198149781,3.0121019814978105
2024-11-23,SKU_40,WH_3,14,10.94,10.956923794181401,3.0430762058185987
2024-11-24,SKU_40,WH_3,12,10.8,10.730502155017108,1.269497844982892
2024-11-25,SKU_40,WH_3,15,15.44,14.281569893684155,0.7184301063158447
2024-11-26,SKU_40,WH_3,17,21.17,18.47768970648941,1.4776897064894108
2024-11-27,SKU_40,WH_3,21,23.08,19.96237757368427,1.0376224263157283
2024-11-28,SKU_40,WH_3,14,15.5,14.427078399455121,0.42707839945512127
2024-11-29,SKU_40,WH_3,18,13.89,13.21295102649675,4.78704897350325
2024-11-30,SKU_40,WH_3,12,12.02,11.670595348308002,0.3294046516919984
2024-12-01,SKU_40,WH_3,15,16.16,15.268618049640807,0.26861804964080704
2024-12-02,SKU_40,WH_3,16,18.29,16.640943602446047,0.6409436024460469
2024-12-03,SKU_40,WH_3,14,14.51,13.798149157657582,0.20185084234241835
2024-12-04,SKU_40,WH_3,26,28.18,24.335753014533157,1.6642469854668427
2024-12-05,SKU_40,WH_3,17,12.31,12.249433150186883,4.750566849813117
2024-12-06,SKU_40,WH_3,10,8.98,9.956932382927793,0.0430676170722073
2024-12-07,SKU_40,WH_3,11,13.1,12.905435451109827,1.9054354511098275
2024-12-08,SKU_40,WH_3,7,2.57,5.44030040687834,1.5596995931216604
2024-12-09,SKU_40,WH_3,17,18.74,16.991446166799793,0.00855383320020664
2024-12-10,SKU_40,WH_3,17,20.48,18.433497398274326,1.4334973982743264
2024-12-11,SKU_40,WH_3,32,28.09,26.03964153610898,5.960358463891019
2024-12-12,SKU_40,WH_3,16,21.25,19.08896715222687,3.0889671522268713
2024-12-13,SKU_40,WH_3,15,13.39,13.008291374449083,1.9917086255509169
2024-12-14,SKU_40,WH_3,19,19.69,17.97934791023673,1.0206520897632707
2024-12-15,SKU_40,WH_3,23,23.55,20.941754106577523,2.0582458934224768
2024-12-16,SKU_40,WH_3,19,19.9,18.2274837091408,0.7725162908592011
2024-12-17,SKU_40,WH_3,13,13.12,13.005380893838375,0.00538089383837459
2024-12-18,SKU_40,WH_3,13,11.64,11.716609713812733,1.2833902861872666
2024-12-19,SKU_40,WH_3,20,24.87,21.673523957546383,1.673523957546383
2024-12-20,SKU_40,WH_3,18,14.72,14.081862331576538,3.918137668423462
2024-12-21,SKU_40,WH_3,13,14.87,14.210436906914607,1.210436906914607
2024-12-22,SKU_40,WH_3,16,17.41,17.139262702732648,1.1392627027326476
2024-12-23,SKU_40,WH_3,19,19.63,17.95776239006541,1.0422376099345882
2024-12-24,SKU_40,WH_3,20,17.28,16.004349337715638,3.995650662284362
2024-12-25,SKU_40,WH_3,16,15.63,14.962627734045817,1.0373722659541826
2024-12-26,SKU_40,WH_3,24,21.16,18.99216007008807,5.007839929911931
2024-12-27,SKU_40,WH_3,17,13.8,13.416352505947735,3.583647494052265
2024-12-28,SKU_40,WH_3,27,24.11,21.415390771340505,5.584609228659495
2024-12-29,SKU_40,WH_3,18,19.96,18.21092957799858,0.2109295779985807
2024-12-30,SKU_40,WH_3,27,28.78,25.86110392956119,1.1388960704388111
2024-11-10,SKU_40,WH_4,14,11.03,11.01197539512109,2.9880246048789108
2024-11-11,SKU_40,WH_4,13,11.54,11.253980606890426,1.7460193931095738
2024-11-12,SKU_40,WH_4,13,12.81,12.25229772762842,0.7477022723715798
2024-11-13,SKU_40,WH_4,6,7.55,8.390205859655053,2.390205859655053
2024-11-14,SKU_40,WH_4,10,14.09,13.249076145019476,3.249076145019476
2024-11-15,SKU_40,WH_4,14,15.64,15.397880915945475,1.3978809159454748
2024-11-16,SKU_40,WH_4,13,12.55,12.012147925703259,0.9878520742967414
2024-11-17,SKU_40,WH_4,9,14.35,13.324703677289374,4.324703677289374
2024-11-18,SKU_40,WH_4,10,6.25,7.0548791749272635,2.9451208250727365
2024-11-19,SKU_40,WH_4,13,11.59,11.196182580624791,1.8038174193752088
2024-11-20,SKU_40,WH_4,14,6.29,7.066178677674953,6.933821322325047
2024-11-21,SKU_40,WH_4,14,16.77,15.128396931752,1.1283969317520004
2024-11-22,SKU_40,WH_4,4,2.28,3.810209745305959,0.18979025469404087
2024-11-23,SKU_40,WH_4,10,9.52,9.826031583079487,0.17396841692051268
2024-11-24,SKU_40,WH_4,21,21.51,18.71853858968732,2.28146141031268
2024-11-25,SKU_40,WH_4,9,12.14,11.745947525957117,2.745947525957117
2024-11-26,SKU_40,WH_4,23,20.92,18.23322974103445,4.7667702589655505
2024-11-27,SKU_40,WH_4,6,7.99,8.510178134515938,2.5101781345159377
2024-11-28,SKU_40,WH_4,12,7.99,8.473411103460462,3.526588896539538
2024-11-29,SKU_40,WH_4,11,9.96,10.043245793368683,0.9567542066313166
2024-11-30,SKU_40,WH_4,14,11.39,11.0432226137091,2.9567773862909004
2024-12-01,SKU_40,WH_4,15,12.11,11.94381377426465,3.0561862257353507
2024-12-02,SKU_40,WH_4,19,22.6,19.74076409724374,0.7407640972437406
2024-12-03,SKU_40,WH_4,21,17.94,16.282840095877326,4.717159904122674
2024-12-04,SKU_40,WH_4,16,12.13,12.566328153571273,3.4336718464287266
2024-12-05,SKU_40,WH_4,15,18.27,16.304175488355494,1.3041754883554937
2024-12-06,SKU_40,WH_4,16,19.09,17.114440680615335,1.1144406806153349
2024-12-07,SKU_40,WH_4,14,12.63,12.496156284741524,1.5038437152584763
2024-12-08,SKU_40,WH_4,16,15.71,14.971638766227418,1.028361233772582
2024-12-09,SKU_40,WH_4,15,16.62,15.451549200561269,0.4515492005612689
2024-12-10,SKU_40,WH_4,14,10.84,11.639604867986282,2.3603951320137178
2024-12-11,SKU_40,WH_4,16,16.07,16.115975485178687,0.11597548517868717
2024-12-12,SKU_40,WH_4,25,25.43,21.949398369373306,3.0506016306266943
2024-12-13,SKU_40,WH_4,15,12.37,12.235607440996343,2.7643925590036567
2024-12-14,SKU_40,WH_4,17,14.74,14.024677886596056,2.9753221134039443
2024-12-15,SKU_40,WH_4,10,7.2,8.655526289706101,1.344473710293899
2024-12-16,SKU_40,WH_4,28,28.91,26.462759432401963,1.5372405675980367
2024-12-17,SKU_40,WH_4,15,13.13,12.867966196940593,2.1320338030594073
2024-12-18,SKU_40,WH_4,19,17.46,17.173618305437515,1.8263816945624853
2024-12-19,SKU_40,WH_4,20,20.36,18.333224003708857,1.6667759962911433
2024-12-20,SKU_40,WH_4,24,20.6,18.4817242206727,5.5182757793273005
2024-12-21,SKU_40,WH_4,18,10.79,11.286341277762432,6.713658722237568
2024-12-22,SKU_40,WH_4,15,18.83,17.150765340166384,2.1507653401663838
2024-12-23,SKU_40,WH_4,22,19.23,17.61085883875636,4.389141161243639
2024-12-24,SKU_40,WH_4,17,14.81,14.220385617779225,2.7796143822207746
2024-12-25,SKU_40,WH_4,25,29.71,25.572478930144666,0.5724789301446656
2024-12-26,SKU_40,WH_4,23,25.52,22.609403271469503,0.39059672853049676
2024-12-27,SKU_40,WH_4,22,22.56,20.28877318748763,1.7112268125123684
2024-12-28,SKU_40,WH_4,28,32.25,27.52769576469877,0.47230423530123034
2024-12-29,SKU_40,WH_4,24,23.67,21.337729513669846,2.6622704863301543
2024-12-30,SKU_40,WH_4,24,23.36,22.190411139282084,1.8095888607179162
2024-11-10,SKU_40,WH_5,6,8.02,8.63094843836382,2.63094843836382
2024-11-11,SKU_40,WH_5,5,1.07,3.408564394476146,1.5914356055238539
2024-11-12,SKU_40,WH_5,15,15.86,14.768421288031105,0.23157871196889523
2024-11-13,SKU_40,WH_5,22,20.32,19.28592201889912,2.7140779811008784
2024-11-14,SKU_40,WH_5,8,13.65,12.811288578909705,4.811288578909705
2024-11-15,SKU_40,WH_5,15,18.68,16.539362348046346,1.539362348046346
2024-11-16,SKU_40,WH_5,11,11.93,11.567647981608049,0.5676479816080491
2024-11-17,SKU_40,WH_5,10,8.37,8.947674589519119,1.052325410480881
2024-11-18,SKU_40,WH_5,24,30.23,25.18327732951539,1.1832773295153913
2024-11-19,SKU_40,WH_5,17,19.34,17.027931728314087,0.027931728314086968
2024-11-20,SKU_40,WH_5,14,17.72,15.821824770451993,1.8218247704519932
2024-11-21,SKU_40,WH_5,13,13.3,12.525180585651754,0.4748194143482465
2024-11-22,SKU_40,WH_5,8,3.83,5.734707622393153,2.2652923776068468
2024-11-23,SKU_40,WH_5,16,16.89,15.191042547760667,0.8089574522393335
2024-11-24,SKU_40,WH_5,6,0.0,2.5596041333695387,3.4403958666304613
2024-11-25,SKU_40,WH_5,18,24.01,20.842080153843863,2.842080153843863
2024-11-26,SKU_40,WH_5,5,3.89,5.623202244986048,0.6232022449860484
2024-11-27,SKU_40,WH_5,15,19.82,17.545570034313865,2.545570034313865
2024-11-28,SKU_40,WH_5,18,18.52,17.743988566078237,0.2560114339217634
2024-11-29,SKU_40,WH_5,25,24.16,20.83372580826477,4.16627419173523
2024-11-30,SKU_40,WH_5,14,13.83,13.000930223845748,0.9990697761542524
2024-12-01,SKU_40,WH_5,22,25.0,21.6208245420009,0.3791754579991
2024-12-02,SKU_40,WH_5,13,16.11,15.160346342928138,2.160346342928138
2024-12-03,SKU_40,WH_5,9,5.53,7.357709077162697,1.6422909228373026
2024-12-04,SKU_40,WH_5,19,22.45,19.831984306584626,0.8319843065846264
2024-12-05,SKU_40,WH_5,11,14.21,13.527383074017377,2.5273830740173775
2024-12-06,SKU_40,WH_5,9,14.51,13.629802536880451,4.629802536880451
2024-12-07,SKU_40,WH_5,12,8.86,9.598061431638822,2.401938568361178
2024-12-08,SKU_40,WH_5,7,1.83,4.085916419435874,2.9140835805641263
2024-12-09,SKU_40,WH_5,26,28.76,24.156972399818414,1.8430276001815855
2024-12-10,SKU_40,WH_5,17,17.48,16.062436097197487,0.9375639028025127
2024-12-11,SKU_40,WH_5,25,25.38,22.03543923448833,2.9645607655116706
2024-12-12,SKU_40,WH_5,13,13.49,12.972204154858618,0.027795845141382003
2024-12-13,SKU_40,WH_5,10,13.64,13.156497353594892,3.156497353594892
2024-12-14,SKU_40,WH_5,12,12.57,12.311688045854053,0.3116880458540532
2024-12-15,SKU_40,WH_5,10,11.47,11.513266669699114,1.5132666696991137
2024-12-16,SKU_40,WH_5,6,7.99,8.916295006507509,2.916295006507509
2024-12-17,SKU_40,WH_5,18,10.53,10.872322195291282,7.127677804708718
2024-12-18,SKU_40,WH_5,18,16.15,15.062955250124093,2.9370447498759074
2024-12-19,SKU_40,WH_5,16,17.24,15.66356485991015,0.33643514008985065
2024-12-20,SKU_40,WH_5,23,24.64,21.352608163453628,1.6473918365463724
2024-12-21,SKU_40,WH_5,19,24.59,21.307141451801193,2.3071414518011935
2024-12-22,SKU_40,WH_5,20,12.66,12.487641149351724,7.512358850648276
2024-12-23,SKU_40,WH_5,20,19.28,17.36234698309056,2.6376530169094394
2024-12-24,SKU_40,WH_5,15,12.51,12.359937119576562,2.6400628804234376
2024-12-25,SKU_40,WH_5,23,26.36,22.990013693268555,0.009986306731445183
2024-12-26,SKU_40,WH_5,20,18.87,17.132755430820456,2.867244569179544
2024-12-27,SKU_40,WH_5,25,21.56,19.287144540965297,5.712855459034703
2024-12-28,SKU_40,WH_5,12,13.4,13.199736859352019,1.1997368593520186
2024-12-29,SKU_40,WH_5,26,26.67,23.669139237338978,2.330860762661022
2024-12-30,SKU_40,WH_5,31,32.45,28.46533748244898,2.53466251755102
2024-11-10,SKU_41,WH_1,11,15.48,15.385858166026377,4.385858166026377
2024-11-11,SKU_41,WH_1,20,17.02,15.500169553696528,4.499830446303472
2024-11-12,SKU_41,WH_1,15,11.38,11.103369143258076,3.8966308567419237
2024-11-13,SKU_41,WH_1,15,16.56,15.115801650094328,0.11580165009432797
2024-11-14,SKU_41,WH_1,20,21.5,18.845278245767012,1.1547217542329875
2024-11-15,SKU_41,WH_1,18,14.87,14.57559206821433,3.4244079317856695
2024-11-16,SKU_41,WH_1,10,9.94,10.2106242177854,0.21062421778539964
2024-11-17,SKU_41,WH_1,7,10.72,10.92123396847419,3.9212339684741906
2024-11-18,SKU_41,WH_1,10,12.31,11.873899052974767,1.8738990529747674
2024-11-19,SKU_41,WH_1,8,12.06,11.50599176532052,3.5059917653205197
2024-11-20,SKU_41,WH_1,12,11.67,11.214409934426875,0.7855900655731247
2024-11-21,SKU_41,WH_1,16,15.36,14.148057114432696,1.8519428855673041
2024-11-22,SKU_41,WH_1,11,21.67,18.862133557894044,7.862133557894044
2024-11-23,SKU_41,WH_1,5,7.56,8.38998995723559,3.3899899572355903
2024-11-24,SKU_41,WH_1,8,9.73,10.08009004397788,2.0800900439778793
2024-11-25,SKU_41,WH_1,15,14.42,13.262790905009096,1.737209094990904
2024-11-26,SKU_41,WH_1,20,19.19,16.88676975411047,3.113230245889529
2024-11-27,SKU_41,WH_1,20,16.67,15.12987118074931,4.87012881925069
2024-11-28,SKU_41,WH_1,11,10.4,10.390494407564686,0.6095055924353137
2024-11-29,SKU_41,WH_1,13,11.08,10.972824119533447,2.0271758804665527
2024-11-30,SKU_41,WH_1,12,13.22,12.685128780761236,0.6851287807612358
2024-12-01,SKU_41,WH_1,12,13.69,13.099911791527223,1.099911791527223
2024-12-02,SKU_41,WH_1,11,11.96,11.859019391458665,0.8590193914586646
2024-12-03,SKU_41,WH_1,21,19.47,17.56940387898524,3.4305961210147586
2024-12-04,SKU_41,WH_1,25,24.1,21.035269974096835,3.9647300259031653
2024-12-05,SKU_41,WH_1,19,21.58,19.15980951684352,0.15980951684352007
2024-12-06,SKU_41,WH_1,15,14.73,14.054353973489937,0.9456460265100635
2024-12-07,SKU_41,WH_1,16,18.77,17.073910215644567,1.0739102156445668
2024-12-08,SKU_41,WH_1,16,18.7,18.15528089607418,2.1552808960741814
2024-12-09,SKU_41,WH_1,13,14.09,13.589306170492115,0.5893061704921152
2024-12-10,SKU_41,WH_1,5,4.36,6.619092185952389,1.6190921859523888
2024-12-11,SKU_41,WH_1,20,18.68,16.919279863906446,3.0807201360935537
2024-12-12,SKU_41,WH_1,20,19.33,17.42366353695892,2.5763364630410805
2024-12-13,SKU_41,WH_1,10,9.92,10.386172065576295,0.3861720655762948
2024-12-14,SKU_41,WH_1,21,22.51,19.931243039717423,1.0687569602825775
2024-12-15,SKU_41,WH_1,21,16.55,15.389900167169852,5.610099832830148
2024-12-16,SKU_41,WH_1,15,14.15,13.455114319167315,1.5448856808326852
2024-12-17,SKU_41,WH_1,21,20.87,18.520081585827068,2.479918414172932
2024-12-18,SKU_41,WH_1,10,10.28,10.667156571331281,0.6671565713312813
2024-12-19,SKU_41,WH_1,16,16.7,15.541551131601535,0.4584488683984649
2024-12-20,SKU_41,WH_1,17,18.52,16.873333001948808,0.12666699805119208
2024-12-21,SKU_41,WH_1,23,21.08,18.78309500811793,4.216904991882071
2024-12-22,SKU_41,WH_1,13,15.87,15.091477469689599,2.0914774696895986
2024-12-23,SKU_41,WH_1,23,25.76,22.484764474251428,0.5152355257485723
2024-12-24,SKU_41,WH_1,19,19.76,17.999962491282933,1.0000375087170674
2024-12-25,SKU_41,WH_1,19,21.95,19.703209545618463,0.7032095456184635
2024-12-26,SKU_41,WH_1,22,22.87,20.364477752414086,1.6355222475859144
2024-12-27,SKU_41,WH_1,15,14.08,13.692498432667556,1.3075015673324444
2024-12-28,SKU_41,WH_1,11,10.65,11.175136908805332,0.17513690880533161
2024-12-29,SKU_41,WH_1,22,19.0,17.228138088297356,4.7718619117026435
2024-12-30,SKU_41,WH_1,24,18.5,17.766446276587878,6.233553723412122
2024-11-10,SKU_41,WH_2,20,15.53,14.44124409878721,5.558755901212789
2024-11-11,SKU_41,WH_2,5,3.99,5.744268968324461,0.7442689683244614
2024-11-12,SKU_41,WH_2,9,7.28,8.169892461760671,0.8301075382393286
2024-11-13,SKU_41,WH_2,15,20.6,18.141995711841183,3.141995711841183
2024-11-14,SKU_41,WH_2,13,15.71,14.675050090042095,1.6750500900420953
2024-11-15,SKU_41,WH_2,17,12.48,11.97838692034127,5.02161307965873
2024-11-16,SKU_41,WH_2,13,7.96,8.597636665493045,4.402363334506955
2024-11-17,SKU_41,WH_2,13,12.11,11.810917001302908,1.189082998697092
2024-11-18,SKU_41,WH_2,17,20.79,18.136284007023118,1.136284007023118
2024-11-19,SKU_41,WH_2,9,5.71,7.038830319852755,1.9611696801472451
2024-11-20,SKU_41,WH_2,11,8.29,8.901268571640458,2.0987314283595424
2024-11-21,SKU_41,WH_2,20,20.79,18.06509448162125,1.9349055183787485
2024-11-22,SKU_41,WH_2,13,13.25,13.222304468229531,0.22230446822953098
2024-11-23,SKU_41,WH_2,15,11.21,11.044099043637814,3.9559009563621856
2024-11-24,SKU_41,WH_2,13,13.68,12.907471184476252,0.09252881552374781
2024-11-25,SKU_41,WH_2,6,0.0,2.5079099829656792,3.4920900170343208
2024-11-26,SKU_41,WH_2,16,15.37,14.181268166522385,1.8187318334776155
2024-11-27,SKU_41,WH_2,19,18.6,17.678279648471317,1.3217203515286826
2024-11-28,SKU_41,WH_2,8,9.74,10.110973856394608,2.110973856394608
2024-11-29,SKU_41,WH_2,22,18.69,17.636866890327948,4.363133109672052
2024-11-30,SKU_41,WH_2,20,19.99,17.65317880545981,2.3468211945401904
2024-12-01,SKU_41,WH_2,11,20.79,18.568702535149182,7.568702535149182
2024-12-02,SKU_41,WH_2,12,10.81,11.135361378454789,0.8646386215452111
2024-12-03,SKU_41,WH_2,14,22.11,19.6298624939676,5.6298624939676
2024-12-04,SKU_41,WH_2,11,6.41,7.931659012136014,3.0683409878639862
2024-12-05,SKU_41,WH_2,18,16.44,15.272065221592321,2.727934778407679
2024-12-06,SKU_41,WH_2,14,10.34,11.232740339594118,2.767259660405882
2024-12-07,SKU_41,WH_2,24,22.16,19.747126423823733,4.252873576176267
2024-12-08,SKU_41,WH_2,17,15.06,14.431630812830077,2.568369187169923
2024-12-09,SKU_41,WH_2,18,18.27,16.577050799468324,1.4229492005316757
2024-12-10,SKU_41,WH_2,21,23.14,20.461492389668233,0.5385076103317665
2024-12-11,SKU_41,WH_2,16,13.11,12.874062566768297,3.1259374332317034
2024-12-12,SKU_41,WH_2,12,13.32,13.063417978231955,1.0634179782319553
2024-12-13,SKU_41,WH_2,16,13.69,13.345072436095277,2.6549275639047227
2024-12-14,SKU_41,WH_2,8,8.18,9.425072611552512,1.4250726115525119
2024-12-15,SKU_41,WH_2,18,16.54,15.481761818632894,2.5182381813671064
2024-12-16,SKU_41,WH_2,15,14.26,13.522699725688996,1.4773002743110037
2024-12-17,SKU_41,WH_2,19,13.5,13.652346408236195,5.347653591763805
2024-12-18,SKU_41,WH_2,13,14.12,13.457073228882928,0.457073228882928
2024-12-19,SKU_41,WH_2,12,13.73,13.189171093001017,1.1891710930010166
2024-12-20,SKU_41,WH_2,20,20.41,18.32465801309568,1.6753419869043213
2024-12-21,SKU_41,WH_2,23,25.81,22.49094720294394,0.5090527970560608
2024-12-22,SKU_41,WH_2,27,22.87,21.563161109195867,5.4368388908041325
2024-12-23,SKU_41,WH_2,18,18.2,16.617363915360123,1.382636084639877
2024-12-24,SKU_41,WH_2,19,19.18,17.57944154043139,1.4205584595686105
2024-12-25,SKU_41,WH_2,23,25.83,22.717255047505418,0.282744952494582
2024-12-26,SKU_41,WH_2,14,14.17,13.783800838514628,0.21619916148537222
2024-12-27,SKU_41,WH_2,23,24.93,21.944661337143,1.0553386628570003
2024-12-28,SKU_41,WH_2,19,18.13,16.695265437187736,2.304734562812264
2024-12-29,SKU_41,WH_2,28,30.96,26.384290598135166,1.6157094018648337
2024-12-30,SKU_41,WH_2,19,19.71,20.15756730264092,1.1575673026409206
2024-11-10,SKU_41,WH_3,10,4.89,6.56454158916644,3.4354584108335597
2024-11-11,SKU_41,WH_3,17,19.15,17.046588210647872,0.04658821064787233
2024-11-12,SKU_41,WH_3,17,18.41,16.33513560717196,0.66486439282804
2024-11-13,SKU_41,WH_3,14,15.55,14.517802065465178,0.5178020654651778
2024-11-14,SKU_41,WH_3,17,19.15,16.976028854928593,0.023971145071406852
2024-11-15,SKU_41,WH_3,20,18.5,16.385744749897345,3.614255250102655
2024-11-16,SKU_41,WH_3,16,18.0,16.10836343852227,0.1083634385222716
2024-11-17,SKU_41,WH_3,5,7.5,8.335950253896366,3.3359502538963657
2024-11-18,SKU_41,WH_3,16,17.74,15.829918791359665,0.17008120864033494
2024-11-19,SKU_41,WH_3,14,13.13,12.44181880168965,1.5581811983103506
2024-11-20,SKU_41,WH_3,16,19.62,18.60946476287299,2.609464762872989
2024-11-21,SKU_41,WH_3,19,22.95,19.829076906567046,0.829076906567046
2024-11-22,SKU_41,WH_3,7,9.04,9.54756559707742,2.547565597077419
2024-11-23,SKU_41,WH_3,17,18.34,16.264190181082487,0.7358098189175131
2024-11-24,SKU_41,WH_3,17,20.69,18.089124436472936,1.089124436472936
2024-11-25,SKU_41,WH_3,13,11.77,11.557829480558139,1.442170519441861
2024-11-26,SKU_41,WH_3,18,17.02,15.48589558355418,2.5141044164458197
2024-11-27,SKU_41,WH_3,7,9.75,10.133892821055245,3.1338928210552446
2024-11-28,SKU_41,WH_3,10,14.61,13.505236689510056,3.505236689510056
2024-11-29,SKU_41,WH_3,9,10.86,10.915768437295235,1.9157684372952346
2024-11-30,SKU_41,WH_3,9,4.93,6.502438262713117,2.4975617372868832
2024-12-01,SKU_41,WH_3,17,18.53,16.73857357412276,0.2614264258772394
2024-12-02,SKU_41,WH_3,13,12.59,12.372731323019918,0.6272686769800817
2024-12-03,SKU_41,WH_3,11,9.82,10.232344051360293,0.7676559486397068
2024-12-04,SKU_41,WH_3,10,12.2,11.940742356779086,1.9407423567790865
2024-12-05,SKU_41,WH_3,17,15.12,14.118877409260362,2.881122590739638
2024-12-06,SKU_41,WH_3,18,16.53,16.211446746611564,1.7885532533884358
2024-12-07,SKU_41,WH_3,15,14.35,13.539904162023038,1.4600958379769615
2024-12-08,SKU_41,WH_3,23,22.61,19.877332882158658,3.122667117841342
2024-12-09,SKU_41,WH_3,20,15.65,14.791669648475828,5.208330351524172
2024-12-10,SKU_41,WH_3,19,16.63,15.362410533095545,3.637589466904455
2024-12-11,SKU_41,WH_3,15,16.82,15.63807950732676,0.6380795073267596
2024-12-12,SKU_41,WH_3,18,17.37,16.03928804709021,1.96071195290979
2024-12-13,SKU_41,WH_3,32,31.86,29.179973225766105,2.820026774233895
2024-12-14,SKU_41,WH_3,11,15.13,14.661752608182756,3.6617526081827556
2024-12-15,SKU_41,WH_3,25,27.27,23.587806229270875,1.4121937707291252
2024-12-16,SKU_41,WH_3,13,16.53,15.538277010405032,2.5382770104050323
2024-12-17,SKU_41,WH_3,17,25.16,21.860901800429566,4.860901800429566
2024-12-18,SKU_41,WH_3,19,19.15,17.410471791230368,1.5895282087696323
2024-12-19,SKU_41,WH_3,19,13.96,13.622689708163621,5.377310291836379
2024-12-20,SKU_41,WH_3,15,16.95,15.780505647513762,0.7805056475137615
2024-12-21,SKU_41,WH_3,24,19.83,18.08136647088962,5.91863352911038
2024-12-22,SKU_41,WH_3,14,6.93,8.186343773710318,5.813656226289682
2024-12-23,SKU_41,WH_3,15,14.52,13.724887710460212,1.2751122895397877
2024-12-24,SKU_41,WH_3,25,20.15,18.277693728073455,6.722306271926545
2024-12-25,SKU_41,WH_3,14,11.55,11.544588298686643,2.4554117013133574
2024-12-26,SKU_41,WH_3,14,22.11,19.785347065968434,5.785347065968434
2024-12-27,SKU_41,WH_3,19,15.88,15.074783776638844,3.925216223361156
2024-12-28,SKU_41,WH_3,15,12.07,12.005235697624894,2.9947643023751063
2024-12-29,SKU_41,WH_3,14,10.39,10.916631311851052,3.0833686881489477
2024-12-30,SKU_41,WH_3,21,17.69,17.264187834806844,3.735812165193156
2024-11-10,SKU_41,WH_4,11,10.21,10.45735150162024,0.5426484983797604
2024-11-11,SKU_41,WH_4,10,10.96,11.012665850253208,1.0126658502532084
2024-11-12,SKU_41,WH_4,9,11.15,11.017170699809288,2.017170699809288
2024-11-13,SKU_41,WH_4,17,19.82,17.619939192208125,0.6199391922081254
2024-11-14,SKU_41,WH_4,12,12.22,11.784062336713509,0.2159376632864909
2024-11-15,SKU_41,WH_4,16,14.01,13.147655252973937,2.8523447470260628
2024-11-16,SKU_41,WH_4,8,11.43,11.15452409294523,3.1545240929452305
2024-11-17,SKU_41,WH_4,15,17.4,15.74576811050818,0.7457681105081804
2024-11-18,SKU_41,WH_4,16,15.83,15.57657585950917,0.4234241404908303
2024-11-19,SKU_41,WH_4,6,8.69,9.221347369013051,3.221347369013051
2024-11-20,SKU_41,WH_4,9,7.98,8.524336211295285,0.4756637887047148
2024-11-21,SKU_41,WH_4,14,13.68,12.877122912945179,1.122877087054821
2024-11-22,SKU_41,WH_4,6,7.92,8.558704355621847,2.558704355621847
2024-11-23,SKU_41,WH_4,14,14.79,13.664553453376405,0.3354465466235954
2024-11-24,SKU_41,WH_4,14,18.42,17.481736958951085,3.4817369589510854
2024-11-25,SKU_41,WH_4,17,17.14,15.391630392350068,1.6083696076499319
2024-11-26,SKU_41,WH_4,17,20.44,17.944632982882997,0.9446329828829967
2024-11-27,SKU_41,WH_4,13,9.99,10.153142478052246,2.8468575219477543
2024-11-28,SKU_41,WH_4,12,7.9,8.583881639411924,3.416118360588076
2024-11-29,SKU_41,WH_4,14,16.84,15.197836214336347,1.1978362143363466
2024-11-30,SKU_41,WH_4,14,16.18,14.943212165914304,0.9432121659143036
2024-12-01,SKU_41,WH_4,8,7.79,8.873399578704479,0.873399578704479
2024-12-02,SKU_41,WH_4,10,12.59,12.467870554821046,2.4678705548210456
2024-12-03,SKU_41,WH_4,23,21.6,19.02253263023551,3.97746736976449
2024-12-04,SKU_41,WH_4,18,22.22,20.892396442281445,2.892396442281445
2024-12-05,SKU_41,WH_4,18,19.03,17.09067573068414,0.9093242693158601
2024-12-06,SKU_41,WH_4,24,20.95,18.61742160038576,5.382578399614239
2024-12-07,SKU_41,WH_4,12,6.42,7.9111816559639365,4.0888183440360635
2024-12-08,SKU_41,WH_4,18,10.42,10.789618210739677,7.210381789260323
2024-12-09,SKU_41,WH_4,17,18.78,17.011745126398704,0.011745126398704286
2024-12-10,SKU_41,WH_4,17,16.88,15.608900788813218,1.3910992111867824
2024-12-11,SKU_41,WH_4,16,20.36,18.27869784388538,2.2786978438853787
2024-12-12,SKU_41,WH_4,11,5.75,7.505373358304758,3.494626641695242
2024-12-13,SKU_41,WH_4,17,21.58,19.149553012138586,2.149553012138586
2024-12-14,SKU_41,WH_4,18,19.01,17.25938237898872,0.7406176210112783
2024-12-15,SKU_41,WH_4,21,24.32,21.315639455792205,0.31563945579220487
2024-12-16,SKU_41,WH_4,10,8.62,9.683133690847043,0.31686630915295666
2024-12-17,SKU_41,WH_4,9,2.24,4.334194253105803,4.665805746894197
2024-12-18,SKU_41,WH_4,28,30.26,25.57036139912921,2.4296386008707884
2024-12-19,SKU_41,WH_4,18,20.7,18.434408229495812,0.43440822949581204
2024-12-20,SKU_41,WH_4,12,13.06,12.849211615522027,0.8492116155220266
2024-12-21,SKU_41,WH_4,15,16.85,15.59335291391574,0.5933529139157407
2024-12-22,SKU_41,WH_4,15,13.16,12.833722408782567,2.1662775912174332
2024-12-23,SKU_41,WH_4,18,20.8,18.60843470299257,0.6084347029925716
2024-12-24,SKU_41,WH_4,12,9.41,10.233087373419028,1.7669126265809716
2024-12-25,SKU_41,WH_4,24,22.59,20.06694945734877,3.9330505426512303
2024-12-26,SKU_41,WH_4,27,27.4,23.746637802984086,3.253362197015914
2024-12-27,SKU_41,WH_4,28,31.78,26.88436750847014,1.1156324915298583
2024-12-28,SKU_41,WH_4,31,29.93,27.71894638088298,3.2810536191170208
2024-12-29,SKU_41,WH_4,28,29.74,25.750965148600745,2.249034851399255
2024-12-30,SKU_41,WH_4,20,15.8,16.523063137181815,3.476936862818185
2024-11-10,SKU_41,WH_5,20,23.01,19.91178807239503,0.08821192760496999
2024-11-11,SKU_41,WH_5,20,15.74,14.700534176950745,5.299465823049255
2024-11-12,SKU_41,WH_5,14,17.55,16.904305071377582,2.904305071377582
2024-11-13,SKU_41,WH_5,19,14.21,13.175909782062655,5.824090217937345
2024-11-14,SKU_41,WH_5,16,12.73,12.174047878302858,3.825952121697142
2024-11-15,SKU_41,WH_5,11,12.72,12.200081962911485,1.2000819629114847
2024-11-16,SKU_41,WH_5,12,9.58,9.906814565094212,2.093185434905788
2024-11-17,SKU_41,WH_5,17,16.72,15.193780325734604,1.806219674265396
2024-11-18,SKU_41,WH_5,21,20.35,17.945652452296937,3.0543475477030633
2024-11-19,SKU_41,WH_5,16,22.86,19.92341836219125,3.9234183621912493
2024-11-20,SKU_41,WH_5,13,11.78,11.439271526600791,1.5607284733992088
2024-11-21,SKU_41,WH_5,18,19.49,17.44872558861435,0.5512744113856485
2024-11-22,SKU_41,WH_5,12,13.06,12.587919203169408,0.5879192031694078
2024-11-23,SKU_41,WH_5,11,14.97,13.97906795201731,2.97906795201731
2024-11-24,SKU_41,WH_5,4,8.44,9.2131927679458,5.2131927679458006
2024-11-25,SKU_41,WH_5,14,14.6,13.505575935254516,0.49442406474548406
2024-11-26,SKU_41,WH_5,13,12.59,12.281698562358056,0.7183014376419443
2024-11-27,SKU_41,WH_5,20,16.53,15.056806700882758,4.943193299117242
2024-11-28,SKU_41,WH_5,10,10.96,10.997993567335547,0.9979935673355467
2024-11-29,SKU_41,WH_5,14,14.05,13.173937697397413,0.8260623026025868
2024-11-30,SKU_41,WH_5,5,1.92,3.918327248992096,1.081672751007904
2024-12-01,SKU_41,WH_5,7,2.59,5.152715345617221,1.8472846543827792
2024-12-02,SKU_41,WH_5,4,4.05,5.959500089874123,1.9595000898741226
2024-12-03,SKU_41,WH_5,24,24.13,21.05839136691374,2.941608633086261
2024-12-04,SKU_41,WH_5,15,19.3,17.286150531404736,2.2861505314047363
2024-12-05,SKU_41,WH_5,6,5.07,6.753513049041576,0.753513049041576
2024-12-06,SKU_41,WH_5,13,14.57,13.51063043446227,0.5106304344622696
2024-12-07,SKU_41,WH_5,15,17.36,15.781489120758547,0.7814891207585468
2024-12-08,SKU_41,WH_5,18,12.14,12.0042890382012,5.9957109617988
2024-12-09,SKU_41,WH_5,16,14.75,13.888881622188405,2.1111183778115947
2024-12-10,SKU_41,WH_5,17,15.77,14.93847036410227,2.0615296358977293
2024-12-11,SKU_41,WH_5,14,13.22,12.858002132780246,1.1419978672197537
2024-12-12,SKU_41,WH_5,23,24.4,21.101426479880132,1.898573520119868
2024-12-13,SKU_41,WH_5,20,14.15,13.410419316044491,6.589580683955509
2024-12-14,SKU_41,WH_5,16,16.21,15.151378677402054,0.8486213225979462
2024-12-15,SKU_41,WH_5,15,14.98,14.076989517252034,0.9230104827479657
2024-12-16,SKU_41,WH_5,17,16.84,15.58161765126601,1.4183823487339904
2024-12-17,SKU_41,WH_5,13,11.73,11.532396195020928,1.4676038049790723
2024-12-18,SKU_41,WH_5,19,20.22,18.201910599331388,0.7980894006686121
2024-12-19,SKU_41,WH_5,14,11.87,11.810955812293784,2.189044187706216
2024-12-20,SKU_41,WH_5,13,14.67,13.74042109821272,0.7404210982127193
2024-12-21,SKU_41,WH_5,14,14.03,13.437666054852604,0.5623339451473957
2024-12-22,SKU_41,WH_5,26,23.84,20.776550112438958,5.223449887561042
2024-12-23,SKU_41,WH_5,19,14.36,13.65151871857652,5.34848128142348
2024-12-24,SKU_41,WH_5,16,16.22,15.25609904574897,0.7439009542510302
2024-12-25,SKU_41,WH_5,28,20.91,18.68269730269896,9.317302697301042
2024-12-26,SKU_41,WH_5,16,12.63,12.514971956614797,3.485028043385203
2024-12-27,SKU_41,WH_5,25,25.47,22.231433063468796,2.7685669365312044
2024-12-28,SKU_41,WH_5,23,25.31,22.154733807068137,0.845266192931863
2024-12-29,SKU_41,WH_5,31,28.5,24.782558318329205,6.217441681670795
2024-12-30,SKU_41,WH_5,8,3.41,7.883548431791987,0.11645156820801272
2024-11-10,SKU_42,WH_1,5,1.64,3.3607437414675387,1.6392562585324613
2024-11-11,SKU_42,WH_1,12,7.49,8.348517440223544,3.651482559776456
2024-11-12,SKU_42,WH_1,10,9.08,9.402802840142888,0.597197159857112
2024-11-13,SKU_42,WH_1,19,16.53,15.016453431330241,3.983546568669759
2024-11-14,SKU_42,WH_1,26,25.8,24.001436502483894,1.9985634975161055
2024-11-15,SKU_42,WH_1,15,17.99,16.06690606315975,1.066906063159749
2024-11-16,SKU_42,WH_1,28,29.2,26.5350969454038,1.4649030545961992
2024-11-17,SKU_42,WH_1,19,18.27,16.12477601012544,2.8752239898745593
2024-11-18,SKU_42,WH_1,13,10.36,10.591207983990675,2.4087920160093255
2024-11-19,SKU_42,WH_1,8,5.86,7.101837640296111,0.898162359703889
2024-11-20,SKU_42,WH_1,13,16.34,14.872658798296072,1.8726587982960723
2024-11-21,SKU_42,WH_1,15,13.66,12.83184660028775,2.1681533997122493
2024-11-22,SKU_42,WH_1,12,10.48,10.457776043181921,1.542223956818079
2024-11-23,SKU_42,WH_1,11,9.02,9.486294168980416,1.5137058310195837
2024-11-24,SKU_42,WH_1,15,9.1,9.751329298461894,5.248670701538106
2024-11-25,SKU_42,WH_1,18,21.38,18.684455049021988,0.6844550490219881
2024-11-26,SKU_42,WH_1,15,14.1,13.120309050949471,1.879690949050529
2024-11-27,SKU_42,WH_1,20,17.55,15.776268829206522,4.223731170793478
2024-11-28,SKU_42,WH_1,1,1.09,3.2402368185636368,2.2402368185636368
2024-11-29,SKU_42,WH_1,16,10.08,10.08643235222517,5.91356764777483
2024-11-30,SKU_42,WH_1,17,17.89,16.047345157131634,0.9526548428683661
2024-12-01,SKU_42,WH_1,14,11.6,11.428270399165473,2.5717296008345265
2024-12-02,SKU_42,WH_1,20,19.65,17.73183723197959,2.26816276802041
2024-12-03,SKU_42,WH_1,2,3.27,5.555557949506487,3.555557949506487
2024-12-04,SKU_42,WH_1,11,11.8,11.57232533226194,0.5723253322619399
2024-12-05,SKU_42,WH_1,13,16.55,15.229874567588809,2.2298745675888085
2024-12-06,SKU_42,WH_1,14,11.71,11.342669871543936,2.6573301284560635
2024-12-07,SKU_42,WH_1,13,15.07,14.183373757433303,1.1833737574333032
2024-12-08,SKU_42,WH_1,16,19.67,19.00432328974922,3.0043232897492196
2024-12-09,SKU_42,WH_1,17,15.49,14.569708676165627,2.430291323834373
2024-12-10,SKU_42,WH_1,10,3.46,5.618679014572271,4.381320985427729
2024-12-11,SKU_42,WH_1,20,26.36,22.767644457494963,2.7676444574949635
2024-12-12,SKU_42,WH_1,22,24.15,22.63308845582506,0.6330884558250602
2024-12-13,SKU_42,WH_1,13,10.29,10.81925951072976,2.1807404892702404
2024-12-14,SKU_42,WH_1,23,20.99,18.76898233758683,4.231017662413169
2024-12-15,SKU_42,WH_1,17,11.49,11.502586031173795,5.497413968826205
2024-12-16,SKU_42,WH_1,23,25.07,21.83846267884081,1.1615373211591908
2024-12-17,SKU_42,WH_1,19,15.09,14.333979297338402,4.666020702661598
2024-12-18,SKU_42,WH_1,11,13.77,13.305246280584077,2.305246280584077
2024-12-19,SKU_42,WH_1,10,9.97,10.490810717913089,0.4908107179130887
2024-12-20,SKU_42,WH_1,20,17.06,15.726782560543384,4.273217439456616
2024-12-21,SKU_42,WH_1,20,20.6,18.40637827601541,1.5936217239845902
2024-12-22,SKU_42,WH_1,19,16.26,16.09580773865925,2.90419226134075
2024-12-23,SKU_42,WH_1,24,29.9,25.57165358296435,1.5716535829643483
2024-12-24,SKU_42,WH_1,11,8.54,9.56236342588993,1.4376365741100692
2024-12-25,SKU_42,WH_1,19,20.62,18.423266959896697,0.5767330401033028
2024-12-26,SKU_42,WH_1,22,20.08,19.3252993634109,2.674700636589101
2024-12-27,SKU_42,WH_1,19,21.36,19.2132219326318,0.21322193263180012
2024-12-28,SKU_42,WH_1,23,22.37,21.221315957585237,1.7786840424147634
2024-12-29,SKU_42,WH_1,19,26.46,23.178266442289356,4.178266442289356
2024-12-30,SKU_42,WH_1,15,7.01,9.173088008273648,5.826911991726352
2024-11-10,SKU_42,WH_2,12,13.03,12.331896384031518,0.3318963840315181
2024-11-11,SKU_42,WH_2,12,16.15,15.03177052226854,3.0317705222685394
2024-11-12,SKU_42,WH_2,19,17.89,17.260131564661222,1.7398684353387779
2024-11-13,SKU_42,WH_2,13,16.71,15.196296506101158,2.1962965061011577
2024-11-14,SKU_42,WH_2,10,10.85,10.832052796855459,0.832052796855459
2024-11-15,SKU_42,WH_2,16,12.53,11.984874987226155,4.015125012773845
2024-11-16,SKU_42,WH_2,18,21.28,19.97460608794423,1.974606087944231
2024-11-17,SKU_42,WH_2,13,12.09,11.821047160833245,1.1789528391667545
2024-11-18,SKU_42,WH_2,11,9.96,10.218077935878487,0.7819220641215132
2024-11-19,SKU_42,WH_2,9,10.64,10.764796884043893,1.7647968840438928
2024-11-20,SKU_42,WH_2,14,15.79,14.62725354707253,0.6272535470725291
2024-11-21,SKU_42,WH_2,16,13.35,13.286422725685558,2.713577274314442
2024-11-22,SKU_42,WH_2,15,10.03,10.179193042908025,4.820806957091975
2024-11-23,SKU_42,WH_2,5,9.67,9.92722510847266,4.92722510847266
2024-11-24,SKU_42,WH_2,9,5.6,6.975013584293896,2.0249864157061044
2024-11-25,SKU_42,WH_2,12,8.41,9.118186969495344,2.881813030504656
2024-11-26,SKU_42,WH_2,13,13.49,12.57166699834595,0.42833300165404964
2024-11-27,SKU_42,WH_2,16,17.05,15.3513415175072,0.6486584824928006
2024-11-28,SKU_42,WH_2,3,2.66,4.820534906421568,1.8205349064215683
2024-11-29,SKU_42,WH_2,9,6.91,7.584140024963807,1.4158599750361933
2024-11-30,SKU_42,WH_2,19,17.17,15.495297276138597,3.504702723861403
2024-12-01,SKU_42,WH_2,23,23.44,20.456844396434512,2.543155603565488
2024-12-02,SKU_42,WH_2,18,15.5,14.50695136383786,3.49304863616214
2024-12-03,SKU_42,WH_2,26,21.37,18.917146989908,7.082853010091998
2024-12-04,SKU_42,WH_2,16,19.15,17.362685724353508,1.3626857243535078
2024-12-05,SKU_42,WH_2,14,10.88,11.21254401607844,2.7874559839215607
2024-12-06,SKU_42,WH_2,24,27.9,24.06426636041487,0.06426636041486944
2024-12-07,SKU_42,WH_2,16,17.28,16.131141986969862,0.1311419869698618
2024-12-08,SKU_42,WH_2,16,11.41,11.66414749064589,4.33585250935411
2024-12-09,SKU_42,WH_2,14,7.63,8.93746482183839,5.06253517816161
2024-12-10,SKU_42,WH_2,13,14.44,13.71083922177842,0.7108392217784196
2024-12-11,SKU_42,WH_2,9,8.06,9.005122338355763,0.005122338355763034
2024-12-12,SKU_42,WH_2,19,15.24,14.497214199260304,4.502785800739696
2024-12-13,SKU_42,WH_2,14,14.86,14.119914554797242,0.11991455479724245
2024-12-14,SKU_42,WH_2,21,23.84,20.876745484050122,0.12325451594987769
2024-12-15,SKU_42,WH_2,13,8.1,9.00695417092073,3.9930458290792696
2024-12-16,SKU_42,WH_2,14,10.03,10.498794687503558,3.5012053124964417
2024-12-17,SKU_42,WH_2,15,12.64,12.401160731396125,2.598839268603875
2024-12-18,SKU_42,WH_2,18,20.68,18.368778881957528,0.36877888195752817
2024-12-19,SKU_42,WH_2,25,32.36,27.137791735135494,2.137791735135494
2024-12-20,SKU_42,WH_2,21,29.93,25.60819551339276,4.6081955133927615
2024-12-21,SKU_42,WH_2,20,23.99,21.20333669543784,1.2033366954378408
2024-12-22,SKU_42,WH_2,13,9.5,10.284967922687862,2.715032077312138
2024-12-23,SKU_42,WH_2,21,17.66,16.322823845294682,4.677176154705318
2024-12-24,SKU_42,WH_2,31,37.14,32.25778025242235,1.25778025242235
2024-12-25,SKU_42,WH_2,17,17.7,16.546482541982986,0.45351745801701426
2024-12-26,SKU_42,WH_2,14,15.4,14.880218147987009,0.8802181479870086
2024-12-27,SKU_42,WH_2,14,13.59,13.365422960839803,0.634577039160197
2024-12-28,SKU_42,WH_2,11,16.08,15.40894504643223,4.40894504643223
2024-12-29,SKU_42,WH_2,8,6.69,8.207780860354875,0.20778086035487497
2024-12-30,SKU_42,WH_2,19,19.83,18.988197766440848,0.011802233559151887
2024-11-10,SKU_42,WH_3,13,14.18,13.213468000468199,0.21346800046819858
2024-11-11,SKU_42,WH_3,17,18.34,16.28704897073797,0.7129510292620296
2024-11-12,SKU_42,WH_3,15,15.31,14.198270586893486,0.8017294131065142
2024-11-13,SKU_42,WH_3,18,20.49,17.985641196587288,0.014358803412712007
2024-11-14,SKU_42,WH_3,19,17.37,15.569548999671204,3.4304510003287962
2024-11-15,SKU_42,WH_3,18,19.28,17.121912793609805,0.8780872063901946
2024-11-16,SKU_42,WH_3,9,3.0,5.019945542357445,3.980054457642555
2024-11-17,SKU_42,WH_3,12,11.73,11.187645278580897,0.8123547214191031
2024-11-18,SKU_42,WH_3,14,13.32,13.279416935897158,0.7205830641028417
2024-11-19,SKU_42,WH_3,15,21.13,18.46741826310962,3.4674182631096215
2024-11-20,SKU_42,WH_3,14,13.22,12.593484221368271,1.4065157786317286
2024-11-21,SKU_42,WH_3,17,15.8,14.709177075556283,2.2908229244437166
2024-11-22,SKU_42,WH_3,3,1.26,3.402762908686832,0.40276290868683207
2024-11-23,SKU_42,WH_3,14,16.11,14.888753107244844,0.8887531072448436
2024-11-24,SKU_42,WH_3,17,19.37,17.234910603742954,0.23491060374295358
2024-11-25,SKU_42,WH_3,12,7.88,8.618965482061487,3.381034517938513
2024-11-26,SKU_42,WH_3,13,14.23,13.117641766085821,0.11764176608582133
2024-11-27,SKU_42,WH_3,20,17.55,15.710570751910982,4.289429248089018
2024-11-28,SKU_42,WH_3,5,8.08,8.506204248743245,3.506204248743245
2024-11-29,SKU_42,WH_3,15,16.06,14.795023010225012,0.20497698977498757
2024-11-30,SKU_42,WH_3,17,14.61,13.453202593463837,3.5467974065361627
2024-12-01,SKU_42,WH_3,12,11.69,11.401720085177528,0.5982799148224718
2024-12-02,SKU_42,WH_3,13,10.43,10.652872038038547,2.347127961961453
2024-12-03,SKU_42,WH_3,23,22.34,19.72843135981763,3.2715686401823696
2024-12-04,SKU_42,WH_3,9,10.21,10.605680618089943,1.6056806180899432
2024-12-05,SKU_42,WH_3,17,22.06,19.572546267766178,2.572546267766178
2024-12-06,SKU_42,WH_3,21,20.84,18.491361248247287,2.508638751752713
2024-12-07,SKU_42,WH_3,24,24.53,21.37661196219831,2.623388037801689
2024-12-08,SKU_42,WH_3,32,33.99,28.38658098657629,3.6134190134237087
2024-12-09,SKU_42,WH_3,21,25.93,22.854040742363086,1.854040742363086
2024-12-10,SKU_42,WH_3,23,22.27,20.06192635552181,2.938073644478191
2024-12-11,SKU_42,WH_3,21,23.12,20.716445951441774,0.2835540485582264
2024-12-12,SKU_42,WH_3,13,13.21,13.406430595658138,0.4064305956581382
2024-12-13,SKU_42,WH_3,19,10.13,11.142085689669786,7.857914310330214
2024-12-14,SKU_42,WH_3,18,20.84,18.934212709248587,0.9342127092485875
2024-12-15,SKU_42,WH_3,27,25.52,22.585522784883985,4.414477215116015
2024-12-16,SKU_42,WH_3,28,29.0,25.08659321752341,2.9134067824765886
2024-12-17,SKU_42,WH_3,29,25.31,22.43221297491811,6.567787025081891
2024-12-18,SKU_42,WH_3,20,18.38,17.081989378030535,2.918010621969465
2024-12-19,SKU_42,WH_3,21,21.75,20.12933505234091,0.8706649476590904
2024-12-20,SKU_42,WH_3,18,11.19,12.034178067484874,5.9658219325151265
2024-12-21,SKU_42,WH_3,19,21.04,20.47773762939634,1.4777376293963407
2024-12-22,SKU_42,WH_3,21,18.47,17.32113202407066,3.6788679759293395
2024-12-23,SKU_42,WH_3,20,16.77,16.179800572773015,3.820199427226985
2024-12-24,SKU_42,WH_3,22,22.08,20.16897985698627,1.8310201430137312
2024-12-25,SKU_42,WH_3,30,30.44,26.247729709175,3.752270290824999
2024-12-26,SKU_42,WH_3,20,22.33,20.26054495486514,0.2605449548651393
2024-12-27,SKU_42,WH_3,18,15.59,15.528588150678214,2.471411849321786
2024-12-28,SKU_42,WH_3,9,12.06,12.526187001851639,3.526187001851639
2024-12-29,SKU_42,WH_3,16,20.42,18.81071170586624,2.8107117058662396
2024-12-30,SKU_42,WH_3,16,16.01,16.500566573045084,0.5005665730450843
2024-11-10,SKU_42,WH_4,9,8.18,9.289268782894124,0.2892687828941245
2024-11-11,SKU_42,WH_4,6,8.75,9.778601396995157,3.778601396995157
2024-11-12,SKU_42,WH_4,16,17.87,16.202116526940348,0.20211652694034754
2024-11-13,SKU_42,WH_4,10,8.64,9.372211847233359,0.6277881527666409
2024-11-14,SKU_42,WH_4,24,25.02,23.138836043929405,0.8611639560705946
2024-11-15,SKU_42,WH_4,13,15.27,15.07249213749073,2.0724921374907304
2024-11-16,SKU_42,WH_4,12,15.47,14.521379070280242,2.5213790702802417
2024-11-17,SKU_42,WH_4,23,22.11,19.492360059412682,3.5076399405873175
2024-11-18,SKU_42,WH_4,16,19.1,17.068225022800316,1.0682250228003163
2024-11-19,SKU_42,WH_4,9,6.37,7.224448002552156,1.7755519974478444
2024-11-20,SKU_42,WH_4,20,15.25,14.279764189434458,5.720235810565542
2024-11-21,SKU_42,WH_4,17,17.47,15.931783245223881,1.0682167547761185
2024-11-22,SKU_42,WH_4,7,9.03,9.632590968625125,2.6325909686251254
2024-11-23,SKU_42,WH_4,17,20.13,18.031007993919903,1.0310079939199035
2024-11-24,SKU_42,WH_4,10,6.77,7.859966198665572,2.140033801334428
2024-11-25,SKU_42,WH_4,11,15.34,14.317773703033819,3.3177737030338186
2024-11-26,SKU_42,WH_4,18,18.21,16.219282653109182,1.7807173468908175
2024-11-27,SKU_42,WH_4,15,15.38,14.386086055914724,0.6139139440852759
2024-11-28,SKU_42,WH_4,21,22.56,19.698755568577738,1.301244431422262
2024-11-29,SKU_42,WH_4,13,13.33,12.788555205694873,0.21144479430512675
2024-11-30,SKU_42,WH_4,21,20.09,18.068229837088463,2.931770162911537
2024-12-01,SKU_42,WH_4,9,10.56,11.21132423644761,2.2113242364476093
2024-12-02,SKU_42,WH_4,13,9.48,10.294190583573553,2.7058094164264475
2024-12-03,SKU_42,WH_4,20,19.71,18.03059077976418,1.9694092202358213
2024-12-04,SKU_42,WH_4,15,16.72,15.658515899991043,0.658515899991043
2024-12-05,SKU_42,WH_4,18,15.48,14.863897392974994,3.1361026070250055
2024-12-06,SKU_42,WH_4,11,6.1,7.56999952895438,3.43000047104562
2024-12-07,SKU_42,WH_4,8,10.41,10.850861404947565,2.8508614049475653
2024-12-08,SKU_42,WH_4,27,27.62,23.81981687040162,3.1801831295983796
2024-12-09,SKU_42,WH_4,12,8.58,9.664294319970237,2.335705680029763
2024-12-10,SKU_42,WH_4,11,14.35,13.752049101866728,2.752049101866728
2024-12-11,SKU_42,WH_4,6,1.0,3.73411424543419,2.26588575456581
2024-12-12,SKU_42,WH_4,17,13.62,13.167522549284726,3.832477450715274
2024-12-13,SKU_42,WH_4,9,8.38,9.525361975913425,0.5253619759134249
2024-12-14,SKU_42,WH_4,19,21.93,19.630244311979503,0.6302443119795029
2024-12-15,SKU_42,WH_4,20,18.19,16.483964931359523,3.516035068640477
2024-12-16,SKU_42,WH_4,22,18.96,17.079458547985965,4.920541452014035
2024-12-17,SKU_42,WH_4,6,6.68,7.80459690054689,1.8045969005468896
2024-12-18,SKU_42,WH_4,22,17.72,16.144029438348515,5.855970561651485
2024-12-19,SKU_42,WH_4,18,21.45,19.155385080532934,1.155385080532934
2024-12-20,SKU_42,WH_4,14,12.74,12.528174152072937,1.4718258479270627
2024-12-21,SKU_42,WH_4,19,22.82,20.32218929012002,1.3221892901200185
2024-12-22,SKU_42,WH_4,16,20.88,18.52983901714387,2.529839017143871
2024-12-23,SKU_42,WH_4,16,18.03,16.475363506773643,0.47536350677364325
2024-12-24,SKU_42,WH_4,25,27.48,23.705798561113305,1.2942014388866951
2024-12-25,SKU_42,WH_4,17,12.96,12.624289971546688,4.375710028453312
2024-12-26,SKU_42,WH_4,24,28.73,26.25492540553264,2.2549254055326386
2024-12-27,SKU_42,WH_4,18,17.05,15.929263405035353,2.0707365949646466
2024-12-28,SKU_42,WH_4,22,17.44,16.33743187069706,5.66256812930294
2024-12-29,SKU_42,WH_4,24,19.41,17.786730532451557,6.213269467548443
2024-12-30,SKU_42,WH_4,24,23.03,21.554741543207484,2.4452584567925157
2024-11-10,SKU_42,WH_5,15,9.71,9.911001849321751,5.088998150678249
2024-11-11,SKU_42,WH_5,8,10.54,10.700679036685125,2.700679036685125
2024-11-12,SKU_42,WH_5,12,14.84,13.70066119114815,1.70066119114815
2024-11-13,SKU_42,WH_5,5,6.96,7.607018229604545,2.607018229604545
2024-11-14,SKU_42,WH_5,21,21.01,18.45431720998456,2.545682790015441
2024-11-15,SKU_42,WH_5,16,17.88,16.03367921855086,0.033679218550858536
2024-11-16,SKU_42,WH_5,11,12.61,12.173712230506641,1.1737122305066414
2024-11-17,SKU_42,WH_5,7,6.6,7.415863383849214,0.4158633838492136
2024-11-18,SKU_42,WH_5,11,11.71,11.172980602729101,0.1729806027291012
2024-11-19,SKU_42,WH_5,15,14.46,13.290730724219518,1.709269275780482
2024-11-20,SKU_42,WH_5,13,10.1,10.112533475299848,2.8874665247001516
2024-11-21,SKU_42,WH_5,18,14.23,13.104401053160121,4.895598946839879
2024-11-22,SKU_42,WH_5,16,16.1,15.745761609626308,0.25423839037369156
2024-11-23,SKU_42,WH_5,2,0.74,3.374559054839594,1.3745590548395938
2024-11-24,SKU_42,WH_5,16,11.98,11.552521189332559,4.447478810667441
2024-11-25,SKU_42,WH_5,16,13.1,12.44020151846815,3.5597984815318497
2024-11-26,SKU_42,WH_5,13,11.37,11.59565618984477,1.4043438101552308
2024-11-27,SKU_42,WH_5,24,23.87,20.533497326574754,3.4665026734252464
2024-11-28,SKU_42,WH_5,11,9.72,10.110415236554443,0.8895847634455567
2024-11-29,SKU_42,WH_5,14,13.73,12.829989267213696,1.170010732786304
2024-11-30,SKU_42,WH_5,13,14.64,13.427659748586747,0.4276597485867466
2024-12-01,SKU_42,WH_5,20,26.08,22.586421882341845,2.5864218823418454
2024-12-02,SKU_42,WH_5,19,16.57,15.469993329244126,3.530006670755874
2024-12-03,SKU_42,WH_5,16,17.73,16.226614643661954,0.2266146436619536
2024-12-04,SKU_42,WH_5,16,13.74,13.285737649915074,2.714262350084926
2024-12-05,SKU_42,WH_5,17,13.04,12.797695231465887,4.202304768534113
2024-12-06,SKU_42,WH_5,21,17.05,15.777776935724093,5.222223064275907
2024-12-07,SKU_42,WH_5,21,26.24,22.873408363126455,1.8734083631264546
2024-12-08,SKU_42,WH_5,20,16.21,15.346156346345738,4.653843653654262
2024-12-09,SKU_42,WH_5,13,11.56,11.658512040127402,1.3414879598725982
2024-12-10,SKU_42,WH_5,14,7.12,8.671171738435408,5.328828261564592
2024-12-11,SKU_42,WH_5,17,17.5,16.135459408702314,0.8645405912976862
2024-12-12,SKU_42,WH_5,22,17.64,16.289834512833146,5.710165487166854
2024-12-13,SKU_42,WH_5,32,30.59,25.93085454438329,6.0691454556167095
2024-12-14,SKU_42,WH_5,24,20.51,18.708787308225435,5.2912126917745645
2024-12-15,SKU_42,WH_5,14,17.55,16.546634504567912,2.546634504567912
2024-12-16,SKU_42,WH_5,26,25.91,24.315794627177876,1.6842053728221238
2024-12-17,SKU_42,WH_5,25,23.64,21.259718408304305,3.7402815916956946
2024-12-18,SKU_42,WH_5,20,21.39,19.555322852134736,0.4446771478652636
2024-12-19,SKU_42,WH_5,23,20.8,20.085758023856457,2.9142419761435434
2024-12-20,SKU_42,WH_5,23,25.17,22.324147523798977,0.6758524762010225
2024-12-21,SKU_42,WH_5,17,16.04,15.71122971645919,1.28877028354081
2024-12-22,SKU_42,WH_5,25,26.94,23.82664775581055,1.1733522441894486
2024-12-23,SKU_42,WH_5,16,17.45,16.66915817063463,0.6691581706346312
2024-12-24,SKU_42,WH_5,17,13.44,13.428613911013365,3.5713860889866353
2024-12-25,SKU_42,WH_5,22,17.6,17.524891396509087,4.475108603490913
2024-12-26,SKU_42,WH_5,22,20.68,18.746159823207947,3.2538401767920533
2024-12-27,SKU_42,WH_5,16,11.5,11.970468928908117,4.029531071091883
2024-12-28,SKU_42,WH_5,9,7.68,9.323027225867914,0.3230272258679143
2024-12-29,SKU_42,WH_5,23,22.29,20.012504452189077,2.987495547810923
2024-12-30,SKU_42,WH_5,10,13.63,14.302802347385994,4.3028023473859935
2024-11-10,SKU_43,WH_1,12,11.3,11.136056177804146,0.8639438221958535
2024-11-11,SKU_43,WH_1,13,15.31,14.223300492773335,1.223300492773335
2024-11-12,SKU_43,WH_1,17,15.9,14.79055612723968,2.2094438727603194
2024-11-13,SKU_43,WH_1,6,10.65,10.757589300933496,4.757589300933496
2024-11-14,SKU_43,WH_1,9,13.28,12.59811023622164,3.5981102362216397
2024-11-15,SKU_43,WH_1,17,15.66,14.49402010663343,2.50597989336657
2024-11-16,SKU_43,WH_1,20,16.18,14.876698461448925,5.123301538551075
2024-11-17,SKU_43,WH_1,16,21.25,19.94863841667192,3.948638416671919
2024-11-18,SKU_43,WH_1,18,17.2,15.519688883722878,2.4803111162771216
2024-11-19,SKU_43,WH_1,14,12.7,12.307957225294324,1.6920427747056763
2024-11-20,SKU_43,WH_1,15,13.77,12.948629382419128,2.051370617580872
2024-11-21,SKU_43,WH_1,19,20.28,17.830875586413153,1.1691244135868466
2024-11-22,SKU_43,WH_1,13,12.43,12.140601833991598,0.8593981660084022
2024-11-23,SKU_43,WH_1,7,9.76,10.556032929814409,3.5560329298144087
2024-11-24,SKU_43,WH_1,15,12.62,12.251038761968186,2.7489612380318142
2024-11-25,SKU_43,WH_1,17,16.84,15.353854580974692,1.6461454190253075
2024-11-26,SKU_43,WH_1,8,10.43,10.551627930423024,2.551627930423024
2024-11-27,SKU_43,WH_1,15,15.2,14.086308884346959,0.913691115653041
2024-11-28,SKU_43,WH_1,19,22.35,19.59932021008494,0.5993202100849402
2024-11-29,SKU_43,WH_1,22,19.84,17.716697580592978,4.283302419407022
2024-11-30,SKU_43,WH_1,21,19.5,17.555043534765495,3.4449564652345046
2024-12-01,SKU_43,WH_1,1,0.65,2.878931952252493,1.878931952252493
2024-12-02,SKU_43,WH_1,19,16.33,15.222916008401164,3.777083991598836
2024-12-03,SKU_43,WH_1,11,18.88,16.97680486849162,5.9768048684916195
2024-12-04,SKU_43,WH_1,18,19.72,19.096249321153056,1.0962493211530564
2024-12-05,SKU_43,WH_1,12,11.4,11.407751270042638,0.5922487299573618
2024-12-06,SKU_43,WH_1,18,21.06,18.817570614351876,0.817570614351876
2024-12-07,SKU_43,WH_1,17,18.42,16.69996384970045,0.300036150299551
2024-12-08,SKU_43,WH_1,19,15.76,14.986219342003071,4.013780657996929
2024-12-09,SKU_43,WH_1,16,20.35,18.35014525482225,2.3501452548222517
2024-12-10,SKU_43,WH_1,20,26.48,22.97849197052882,2.9784919705288218
2024-12-11,SKU_43,WH_1,21,24.75,21.598334419614478,0.5983344196144778
2024-12-12,SKU_43,WH_1,18,18.0,16.499635574212117,1.5003644257878825
2024-12-13,SKU_43,WH_1,16,11.11,11.406920545081736,4.593079454918264
2024-12-14,SKU_43,WH_1,24,24.95,21.832289447881575,2.1677105521184252
2024-12-15,SKU_43,WH_1,23,21.25,19.167189962078147,3.8328100379218526
2024-12-16,SKU_43,WH_1,17,20.1,18.44506978420149,1.4450697842014897
2024-12-17,SKU_43,WH_1,16,21.5,19.34337363353386,3.3433736335338615
2024-12-18,SKU_43,WH_1,23,25.41,22.253324482026713,0.7466755179732871
2024-12-19,SKU_43,WH_1,16,12.69,12.769242242364207,3.230757757635793
2024-12-20,SKU_43,WH_1,16,18.29,16.8256446107922,0.8256446107921995
2024-12-21,SKU_43,WH_1,18,17.46,16.40958069547477,1.5904193045252306
2024-12-22,SKU_43,WH_1,19,22.71,20.31922044594212,1.3192204459421184
2024-12-23,SKU_43,WH_1,15,14.86,14.311192244778333,0.6888077552216672
2024-12-24,SKU_43,WH_1,22,22.8,20.40130556725661,1.5986944327433896
2024-12-25,SKU_43,WH_1,21,21.81,19.6959171870155,1.3040828129845004
2024-12-26,SKU_43,WH_1,11,10.86,11.424012375002375,0.4240123750023752
2024-12-27,SKU_43,WH_1,22,20.25,18.32917272884811,3.6708272711518894
2024-12-28,SKU_43,WH_1,24,25.78,22.680242946701497,1.3197570532985026
2024-12-29,SKU_43,WH_1,24,24.25,21.516415688365196,2.4835843116348038
2024-12-30,SKU_43,WH_1,15,18.34,17.83664449302105,2.8366444930210513
2024-11-10,SKU_43,WH_2,10,9.26,9.860591847473934,0.13940815252606598
2024-11-11,SKU_43,WH_2,10,10.08,10.273425637488181,0.27342563748818094
2024-11-12,SKU_43,WH_2,5,5.05,6.544207769311742,1.5442077693117424
2024-11-13,SKU_43,WH_2,19,17.25,15.57568582816775,3.4243141718322505
2024-11-14,SKU_43,WH_2,11,13.43,12.616897983945723,1.616897983945723
2024-11-15,SKU_43,WH_2,6,0.0,2.6491887579209052,3.3508112420790948
2024-11-16,SKU_43,WH_2,20,19.6,17.53932985542546,2.4606701445745394
2024-11-17,SKU_43,WH_2,19,16.74,15.235780695942244,3.7642193040577556
2024-11-18,SKU_43,WH_2,20,23.6,20.406380171374966,0.4063801713749662
2024-11-19,SKU_43,WH_2,15,14.93,13.78794990103099,1.2120500989690104
2024-11-20,SKU_43,WH_2,17,21.87,19.264171449358063,2.264171449358063
2024-11-21,SKU_43,WH_2,14,12.52,12.082713342261535,1.9172866577384653
2024-11-22,SKU_43,WH_2,16,22.23,19.354765339677215,3.354765339677215
2024-11-23,SKU_43,WH_2,12,13.93,13.239191200343013,1.2391912003430132
2024-11-24,SKU_43,WH_2,16,17.31,16.55355596797057,0.5535559679705706
2024-11-25,SKU_43,WH_2,9,10.67,10.98544122086014,1.9854412208601406
2024-11-26,SKU_43,WH_2,19,20.43,18.018836077119897,0.9811639228801035
2024-11-27,SKU_43,WH_2,10,9.26,9.855448202256131,0.14455179774386906
2024-11-28,SKU_43,WH_2,9,10.35,10.50767633047779,1.5076763304777892
2024-11-29,SKU_43,WH_2,10,5.85,7.076651022795467,2.923348977204533
2024-11-30,SKU_43,WH_2,8,8.21,8.974504576476159,0.9745045764761588
2024-12-01,SKU_43,WH_2,12,5.2,6.785357019484153,5.214642980515847
2024-12-02,SKU_43,WH_2,7,6.0,7.330624365663584,0.3306243656635841
2024-12-03,SKU_43,WH_2,18,19.42,17.406140649770855,0.5938593502291454
2024-12-04,SKU_43,WH_2,19,17.6,15.999768032521164,3.000231967478836
2024-12-05,SKU_43,WH_2,18,21.58,19.0122886540758,1.0122886540757996
2024-12-06,SKU_43,WH_2,17,17.57,16.042937408123805,0.9570625918761948
2024-12-07,SKU_43,WH_2,19,18.58,16.783296374300086,2.216703625699914
2024-12-08,SKU_43,WH_2,17,19.01,17.210549267449647,0.21054926744964675
2024-12-09,SKU_43,WH_2,13,13.93,13.414080475893673,0.41408047589367314
2024-12-10,SKU_43,WH_2,18,18.13,16.400874707033225,1.5991252929667752
2024-12-11,SKU_43,WH_2,11,12.32,12.170532778483953,1.1705327784839525
2024-12-12,SKU_43,WH_2,20,21.51,19.008898459719013,0.9911015402809866
2024-12-13,SKU_43,WH_2,34,36.6,29.356782030468676,4.6432179695313245
2024-12-14,SKU_43,WH_2,23,24.85,21.778240382672315,1.2217596173276846
2024-12-15,SKU_43,WH_2,24,21.99,19.912037712873943,4.087962287126057
2024-12-16,SKU_43,WH_2,14,12.43,12.610185619004634,1.3898143809953662
2024-12-17,SKU_43,WH_2,18,20.95,18.988714266547895,0.9887142665478947
2024-12-18,SKU_43,WH_2,12,7.44,8.958116908125733,3.0418830918742668
2024-12-19,SKU_43,WH_2,15,14.4,13.879900333310644,1.120099666689356
2024-12-20,SKU_43,WH_2,26,21.03,19.906629597895254,6.093370402104746
2024-12-21,SKU_43,WH_2,15,18.75,17.01734349872028,2.0173434987202796
2024-12-22,SKU_43,WH_2,14,9.16,10.204497829876946,3.7955021701230542
2024-12-23,SKU_43,WH_2,24,24.63,21.657622276164123,2.3423777238358774
2024-12-24,SKU_43,WH_2,11,14.34,13.83711655746524,2.83711655746524
2024-12-25,SKU_43,WH_2,12,17.69,16.290253339588872,4.2902533395888724
2024-12-26,SKU_43,WH_2,23,25.95,22.762908014021313,0.23709198597868664
2024-12-27,SKU_43,WH_2,20,17.31,16.014763246027222,3.985236753972778
2024-12-28,SKU_43,WH_2,14,12.45,12.413256600557366,1.5867433994426339
2024-12-29,SKU_43,WH_2,12,14.76,14.114261219900671,2.114261219900671
2024-12-30,SKU_43,WH_2,20,20.97,19.74311779896814,0.25688220103186055
2024-11-10,SKU_43,WH_3,13,14.24,13.248807168522847,0.24880716852284657
2024-11-11,SKU_43,WH_3,17,17.73,15.933099108876876,1.0669008911231241
2024-11-12,SKU_43,WH_3,13,13.09,12.449957259675596,0.5500427403244039
2024-11-13,SKU_43,WH_3,15,16.13,14.85331652760087,0.14668347239913082
2024-11-14,SKU_43,WH_3,7,5.64,7.032216712539688,0.03221671253968772
2024-11-15,SKU_43,WH_3,15,15.97,15.780537447390644,0.7805374473906443
2024-11-16,SKU_43,WH_3,18,15.31,14.161116985012452,3.838883014987548
2024-11-17,SKU_43,WH_3,12,11.38,11.03738499321069,0.96261500678931
2024-11-18,SKU_43,WH_3,14,13.63,12.72590103068811,1.2740989693118898
2024-11-19,SKU_43,WH_3,11,8.79,9.497850070137638,1.5021499298623624
2024-11-20,SKU_43,WH_3,13,14.26,13.051780049474052,0.05178004947405235
2024-11-21,SKU_43,WH_3,14,14.11,13.038103963576656,0.9618960364233438
2024-11-22,SKU_43,WH_3,14,4.97,6.5501402459586595,7.4498597540413405
2024-11-23,SKU_43,WH_3,13,10.48,10.467446495609007,2.532553504390993
2024-11-24,SKU_43,WH_3,20,19.68,17.45987315228628,2.5401268477137187
2024-11-25,SKU_43,WH_3,22,23.87,20.478904648814645,1.5210953511853553
2024-11-26,SKU_43,WH_3,7,7.9,8.717116817158528,1.7171168171585283
2024-11-27,SKU_43,WH_3,18,19.36,17.176806042223117,0.8231939577768834
2024-11-28,SKU_43,WH_3,7,6.93,7.714363584790675,0.7143635847906751
2024-11-29,SKU_43,WH_3,19,13.71,12.971953844597252,6.028046155402748
2024-11-30,SKU_43,WH_3,8,9.1,9.912333571762662,1.9123335717626624
2024-12-01,SKU_43,WH_3,21,24.91,21.460403170261976,0.4604031702619764
2024-12-02,SKU_43,WH_3,13,14.65,13.790821486453236,0.7908214864532361
2024-12-03,SKU_43,WH_3,28,30.53,27.746691124024558,0.25330887597544205
2024-12-04,SKU_43,WH_3,22,20.99,18.744388364241466,3.255611635758534
2024-12-05,SKU_43,WH_3,19,25.84,22.578707374360114,3.578707374360114
2024-12-06,SKU_43,WH_3,17,13.21,13.008209699838902,3.9917903001610977
2024-12-07,SKU_43,WH_3,41,38.95,32.88360855730983,8.116391442690173
2024-12-08,SKU_43,WH_3,19,16.81,16.063250801159395,2.936749198840605
2024-12-09,SKU_43,WH_3,11,10.49,11.533943541864884,0.5339435418648844
2024-12-10,SKU_43,WH_3,13,11.07,11.841201514746375,1.1587984852536248
2024-12-11,SKU_43,WH_3,13,14.07,14.371745373102954,1.3717453731029536
2024-12-12,SKU_43,WH_3,18,18.17,16.666935575058222,1.333064424941778
2024-12-13,SKU_43,WH_3,17,22.77,20.53350327097783,3.5335032709778282
2024-12-14,SKU_43,WH_3,13,11.62,11.724544319953573,1.2754556800464272
2024-12-15,SKU_43,WH_3,18,22.45,20.052994710746123,2.0529947107461233
2024-12-16,SKU_43,WH_3,17,17.41,16.237915626667675,0.7620843733323248
2024-12-17,SKU_43,WH_3,14,8.4,9.567118074486032,4.432881925513968
2024-12-18,SKU_43,WH_3,21,16.04,15.249743158366332,5.750256841633668
2024-12-19,SKU_43,WH_3,23,22.97,20.460483778703747,2.539516221296253
2024-12-20,SKU_43,WH_3,20,21.49,19.328054437452884,0.6719455625471156
2024-12-21,SKU_43,WH_3,16,20.88,18.749786178844253,2.7497861788442535
2024-12-22,SKU_43,WH_3,24,25.36,22.22196877665338,1.7780312233466198
2024-12-23,SKU_43,WH_3,17,11.83,12.128293536077502,4.871706463922498
2024-12-24,SKU_43,WH_3,14,10.68,11.483783473159274,2.5162165268407257
2024-12-25,SKU_43,WH_3,22,22.15,19.983407340091,2.0165926599090014
2024-12-26,SKU_43,WH_3,19,20.41,18.634399370043568,0.3656006299564325
2024-12-27,SKU_43,WH_3,14,12.04,12.102746480860361,1.897253519139639
2024-12-28,SKU_43,WH_3,19,15.61,15.073927826195987,3.9260721738040125
2024-12-29,SKU_43,WH_3,20,18.53,17.10489685697529,2.895103143024709
2024-12-30,SKU_43,WH_3,14,16.57,16.45722164732112,2.45722164732112
2024-11-10,SKU_43,WH_4,17,17.29,15.571070697205931,1.428929302794069
2024-11-11,SKU_43,WH_4,10,7.74,8.490219295458763,1.509780704541237
2024-11-12,SKU_43,WH_4,15,14.07,13.096292864916286,1.9037071350837138
2024-11-13,SKU_43,WH_4,7,4.93,6.438338270734132,0.5616617292658681
2024-11-14,SKU_43,WH_4,16,20.84,18.110725056714738,2.110725056714738
2024-11-15,SKU_43,WH_4,22,21.47,18.676444985324054,3.3235550146759465
2024-11-16,SKU_43,WH_4,12,13.97,13.094608265346126,1.0946082653461264
2024-11-17,SKU_43,WH_4,22,19.33,17.009619959427788,4.990380040572212
2024-11-18,SKU_43,WH_4,14,9.42,9.901880538932598,4.098119461067402
2024-11-19,SKU_43,WH_4,13,13.74,12.94808199527171,0.051918004728289446
2024-11-20,SKU_43,WH_4,10,11.17,11.01464016803349,1.0146401680334893
2024-11-21,SKU_43,WH_4,14,12.29,11.843467363934169,2.1565326360658315
2024-11-22,SKU_43,WH_4,8,0.0,2.5447422561827056,5.4552577438172944
2024-11-23,SKU_43,WH_4,23,28.67,26.08182271763994,3.081822717639941
2024-11-24,SKU_43,WH_4,13,14.49,13.415866278234713,0.4158662782347129
2024-11-25,SKU_43,WH_4,13,14.3,13.322874519284746,0.32287451928474553
2024-11-26,SKU_43,WH_4,8,3.13,4.93972794988468,3.06027205011532
2024-11-27,SKU_43,WH_4,14,13.43,12.534336438610026,1.4656635613899738
2024-11-28,SKU_43,WH_4,22,27.3,23.095028149670284,1.0950281496702843
2024-11-29,SKU_43,WH_4,17,16.27,14.985562487530174,2.0144375124698257
2024-11-30,SKU_43,WH_4,15,16.49,15.163439251869281,0.16343925186928132
2024-12-01,SKU_43,WH_4,16,16.01,15.331280174971079,0.668719825028921
2024-12-02,SKU_43,WH_4,13,11.21,11.372613129517713,1.6273868704822867
2024-12-03,SKU_43,WH_4,17,19.99,18.002419463866488,1.002419463866488
2024-12-04,SKU_43,WH_4,22,24.24,22.79673254973303,0.7967325497330293
2024-12-05,SKU_43,WH_4,20,23.18,20.646276992228344,0.6462769922283442
2024-12-06,SKU_43,WH_4,16,16.05,15.30312555844035,0.6968744415596504
2024-12-07,SKU_43,WH_4,17,17.98,16.570656723519072,0.4293432764809282
2024-12-08,SKU_43,WH_4,6,7.27,8.734233627420831,2.7342336274208314
2024-12-09,SKU_43,WH_4,18,21.66,19.32391971455876,1.323919714558759
2024-12-10,SKU_43,WH_4,17,15.37,14.568737254705027,2.4312627452949727
2024-12-11,SKU_43,WH_4,18,16.07,16.078974313116344,1.921025686883656
2024-12-12,SKU_43,WH_4,9,8.47,9.498334850894425,0.498334850894425
2024-12-13,SKU_43,WH_4,19,16.77,15.542154513723942,3.4578454862760584
2024-12-14,SKU_43,WH_4,14,11.63,11.584143054551172,2.4158569454488283
2024-12-15,SKU_43,WH_4,20,20.85,18.561749210413247,1.4382507895867533
2024-12-16,SKU_43,WH_4,14,11.32,11.461202935935,2.5387970640649993
2024-12-17,SKU_43,WH_4,15,16.17,15.222967346996645,0.22296734699664533
2024-12-18,SKU_43,WH_4,21,21.65,19.235866239967148,1.764133760032852
2024-12-19,SKU_43,WH_4,20,20.45,19.495488914859212,0.5045110851407877
2024-12-20,SKU_43,WH_4,11,10.43,10.891131603189633,0.10886839681036697
2024-12-21,SKU_43,WH_4,17,14.54,13.777924801966503,3.2220751980334974
2024-12-22,SKU_43,WH_4,18,17.06,15.81399200728703,2.1860079927129696
2024-12-23,SKU_43,WH_4,21,15.19,14.548073773247394,6.451926226752606
2024-12-24,SKU_43,WH_4,20,15.25,14.557646570958255,5.442353429041745
2024-12-25,SKU_43,WH_4,28,28.61,26.32323597727794,1.676764022722061
2024-12-26,SKU_43,WH_4,14,14.42,13.92453395278901,0.07546604721098937
2024-12-27,SKU_43,WH_4,20,23.89,21.09646069899221,1.0964606989922103
2024-12-28,SKU_43,WH_4,13,16.44,15.602872680781662,2.602872680781662
2024-12-29,SKU_43,WH_4,15,20.31,18.382340000900776,3.3823400009007756
2024-12-30,SKU_43,WH_4,18,15.87,16.087501628447644,1.9124983715523562
2024-11-10,SKU_43,WH_5,10,2.49,3.9556907973130313,6.044309202686969
2024-11-11,SKU_43,WH_5,0,0.0,2.601627730747822,2.601627730747822
2024-11-12,SKU_43,WH_5,10,12.6,12.137340527881976,2.1373405278819764
2024-11-13,SKU_43,WH_5,8,3.63,5.310348795840841,2.6896512041591594
2024-11-14,SKU_43,WH_5,2,3.85,5.687822876579737,3.6878228765797374
2024-11-15,SKU_43,WH_5,0,1.79,3.8657270232718473,3.8657270232718473
2024-11-16,SKU_43,WH_5,20,19.29,17.02830138182184,2.9716986181781593
2024-11-17,SKU_43,WH_5,12,11.91,11.475528439390125,0.5244715606098751
2024-11-18,SKU_43,WH_5,20,23.35,20.17140396645543,0.1714039664554292
2024-11-19,SKU_43,WH_5,16,13.55,12.722570845068837,3.2774291549311627
2024-11-20,SKU_43,WH_5,15,17.0,15.213585333227613,0.21358533322761275
2024-11-21,SKU_43,WH_5,19,15.54,14.29875619327322,4.701243806726779
2024-11-22,SKU_43,WH_5,9,3.13,4.919094242350943,4.080905757649057
2024-11-23,SKU_43,WH_5,15,20.92,18.334242501275536,3.3342425012755363
2024-11-24,SKU_43,WH_5,19,22.09,20.517690582726743,1.5176905827267433
2024-11-25,SKU_43,WH_5,14,11.98,11.534025776223936,2.4659742237760636
2024-11-26,SKU_43,WH_5,7,9.42,9.708771463890967,2.708771463890967
2024-11-27,SKU_43,WH_5,18,12.2,11.680102036474869,6.319897963525131
2024-11-28,SKU_43,WH_5,11,8.94,9.403258465646417,1.5967415343535833
2024-11-29,SKU_43,WH_5,13,11.67,11.14638601267671,1.8536139873232909
2024-11-30,SKU_43,WH_5,24,24.52,20.980923632041826,3.0190763679581742
2024-12-01,SKU_43,WH_5,13,14.1,13.46328785641586,0.46328785641586023
2024-12-02,SKU_43,WH_5,11,10.81,11.127935876624786,0.127935876624786
2024-12-03,SKU_43,WH_5,16,14.64,13.729561013968274,2.270438986031726
2024-12-04,SKU_43,WH_5,14,15.28,14.475673202898127,0.4756732028981272
2024-12-05,SKU_43,WH_5,19,23.5,20.67814967935266,1.6781496793526607
2024-12-06,SKU_43,WH_5,19,21.03,19.953745142698498,0.953745142698498
2024-12-07,SKU_43,WH_5,11,9.7,10.207029396616795,0.7929706033832051
2024-12-08,SKU_43,WH_5,12,9.24,10.111569144441594,1.888430855558406
2024-12-09,SKU_43,WH_5,18,15.56,14.806646465208797,3.1933535347912034
2024-12-10,SKU_43,WH_5,19,20.53,18.34085596059979,0.6591440394002106
2024-12-11,SKU_43,WH_5,13,19.15,17.311413598035646,4.311413598035646
2024-12-12,SKU_43,WH_5,22,21.35,19.029617879020652,2.970382120979348
2024-12-13,SKU_43,WH_5,17,17.19,15.870253220953824,1.129746779046176
2024-12-14,SKU_43,WH_5,14,17.72,16.256941165608385,2.256941165608385
2024-12-15,SKU_43,WH_5,17,13.28,12.984197554685833,4.015802445314167
2024-12-16,SKU_43,WH_5,15,16.9,15.742410619892782,0.742410619892782
2024-12-17,SKU_43,WH_5,12,7.48,8.750789330018922,3.2492106699810783
2024-12-18,SKU_43,WH_5,26,29.76,27.299599990815025,1.2995999908150253
2024-12-19,SKU_43,WH_5,24,19.68,17.88739827295627,6.112601727043732
2024-12-20,SKU_43,WH_5,11,9.19,10.232591781713746,0.7674082182862545
2024-12-21,SKU_43,WH_5,16,13.16,12.877702963699459,3.122297036300541
2024-12-22,SKU_43,WH_5,17,17.95,16.513742082413238,0.4862579175867623
2024-12-23,SKU_43,WH_5,24,22.99,20.366670099178595,3.633329900821405
2024-12-24,SKU_43,WH_5,12,9.45,10.266569796252451,1.7334302037475489
2024-12-25,SKU_43,WH_5,24,17.28,15.98506244561739,8.01493755438261
2024-12-26,SKU_43,WH_5,17,22.55,20.110411422440862,3.110411422440862
2024-12-27,SKU_43,WH_5,28,28.02,24.260858251693215,3.7391417483067855
2024-12-28,SKU_43,WH_5,23,19.93,18.150158440518926,4.849841559481074
2024-12-29,SKU_43,WH_5,16,17.62,16.407000688308955,0.40700068830895475
2024-12-30,SKU_43,WH_5,17,15.69,16.083653839821274,0.9163461601787262
2024-11-10,SKU_44,WH_1,16,12.66,12.27071454682281,3.729285453177191
2024-11-11,SKU_44,WH_1,13,19.0,16.882663987763816,3.8826639877638165
2024-11-12,SKU_44,WH_1,25,25.51,21.863726684796564,3.136273315203436
2024-11-13,SKU_44,WH_1,18,14.95,13.943015978129592,4.056984021870408
2024-11-14,SKU_44,WH_1,12,11.4,11.245777908691494,0.754222091308506
2024-11-15,SKU_44,WH_1,12,10.86,11.084794211609053,0.9152057883909475
2024-11-16,SKU_44,WH_1,7,10.22,10.523523568422638,3.523523568422638
2024-11-17,SKU_44,WH_1,15,16.69,15.340053133697802,0.3400531336978023
2024-11-18,SKU_44,WH_1,16,19.89,17.709681223937142,1.7096812239371424
2024-11-19,SKU_44,WH_1,13,12.93,12.392420716615282,0.6075792833847178
2024-11-20,SKU_44,WH_1,13,16.14,14.902993931542458,1.9029939315424578
2024-11-21,SKU_44,WH_1,7,9.5,9.883575766208057,2.8835757662080574
2024-11-22,SKU_44,WH_1,8,10.96,11.013242170186999,3.0132421701869987
2024-11-23,SKU_44,WH_1,15,10.51,10.663734909076146,4.336265090923854
2024-11-24,SKU_44,WH_1,12,8.22,8.964199485220021,3.0358005147799787
2024-11-25,SKU_44,WH_1,3,0.0,2.4545739207271855,0.5454260792728145
2024-11-26,SKU_44,WH_1,14,12.14,11.6098754236871,2.3901245763128998
2024-11-27,SKU_44,WH_1,4,2.05,3.818980229917171,0.1810197700828291
2024-11-28,SKU_44,WH_1,20,14.36,13.278134668518092,6.721865331481908
2024-11-29,SKU_44,WH_1,11,10.7,10.831580843705476,0.16841915629452409
2024-11-30,SKU_44,WH_1,7,10.24,10.404696961314386,3.404696961314386
2024-12-01,SKU_44,WH_1,11,9.27,10.000014528981195,0.999985471018805
2024-12-02,SKU_44,WH_1,20,19.65,17.628200806216842,2.3717991937831577
2024-12-03,SKU_44,WH_1,21,20.91,18.525201959387584,2.4747980406124164
2024-12-04,SKU_44,WH_1,18,22.13,19.527457860840535,1.527457860840535
2024-12-05,SKU_44,WH_1,17,16.62,15.327787682226463,1.6722123177735373
2024-12-06,SKU_44,WH_1,8,10.78,11.00718994984144,3.0071899498414396
2024-12-07,SKU_44,WH_1,23,16.48,16.12183032526092,6.87816967473908
2024-12-08,SKU_44,WH_1,26,24.63,23.010155014541294,2.9898449854587064
2024-12-09,SKU_44,WH_1,19,16.89,15.649160136811517,3.350839863188483
2024-12-10,SKU_44,WH_1,37,39.64,32.673261391345356,4.326738608654644
2024-12-11,SKU_44,WH_1,16,16.97,15.97196445347143,0.028035546528570876
2024-12-12,SKU_44,WH_1,11,10.33,10.974326090264183,0.025673909735816736
2024-12-13,SKU_44,WH_1,10,5.61,7.763168694883628,2.2368313051163717
2024-12-14,SKU_44,WH_1,13,14.95,14.306489227709747,1.306489227709747
2024-12-15,SKU_44,WH_1,36,40.82,32.70527775608664,3.2947222439133625
2024-12-16,SKU_44,WH_1,22,20.78,18.810089790651716,3.189910209348284
2024-12-17,SKU_44,WH_1,15,12.86,12.811936681436976,2.1880633185630245
2024-12-18,SKU_44,WH_1,20,15.06,15.181371150759269,4.818628849240731
2024-12-19,SKU_44,WH_1,19,16.27,15.35915738193581,3.6408426180641893
2024-12-20,SKU_44,WH_1,13,17.52,16.441370319079745,3.441370319079745
2024-12-21,SKU_44,WH_1,23,20.12,18.5342804763361,4.4657195236639
2024-12-22,SKU_44,WH_1,14,9.94,10.924450440817528,3.0755495591824715
2024-12-23,SKU_44,WH_1,29,31.54,26.858791719224357,2.1412082807756434
2024-12-24,SKU_44,WH_1,24,25.95,22.922373348829975,1.077626651170025
2024-12-25,SKU_44,WH_1,22,21.5,19.456404792533874,2.543595207466126
2024-12-26,SKU_44,WH_1,22,20.94,19.090600146657042,2.9093998533429577
2024-12-27,SKU_44,WH_1,20,25.29,23.897795842658386,3.897795842658386
2024-12-28,SKU_44,WH_1,33,33.57,30.862346452939196,2.137653547060804
2024-12-29,SKU_44,WH_1,28,28.2,24.910407907684387,3.0895920923156126
2024-12-30,SKU_44,WH_1,28,27.84,25.719593196464714,2.2804068035352856
2024-11-10,SKU_44,WH_2,17,15.69,14.809845034924816,2.190154965075184
2024-11-11,SKU_44,WH_2,4,3.3,5.454031784621849,1.454031784621849
2024-11-12,SKU_44,WH_2,12,13.46,12.682300141332123,0.6823001413321226
2024-11-13,SKU_44,WH_2,18,13.24,12.678219899698714,5.321780100301286
2024-11-14,SKU_44,WH_2,21,17.84,16.15385535797613,4.846144642023869
2024-11-15,SKU_44,WH_2,14,14.89,13.873738167956676,0.12626183204332442
2024-11-16,SKU_44,WH_2,6,6.51,7.419336938963832,1.4193369389638324
2024-11-17,SKU_44,WH_2,10,11.32,11.15230164864934,1.15230164864934
2024-11-18,SKU_44,WH_2,24,26.19,22.35128405834841,1.6487159416515915
2024-11-19,SKU_44,WH_2,16,11.75,11.594486559609829,4.4055134403901715
2024-11-20,SKU_44,WH_2,10,14.15,13.236847653278678,3.2368476532786783
2024-11-21,SKU_44,WH_2,10,7.41,8.353713009059057,1.6462869909409434
2024-11-22,SKU_44,WH_2,9,10.3,10.440945750542186,1.4409457505421859
2024-11-23,SKU_44,WH_2,13,12.52,12.019585508731488,0.9804144912685118
2024-11-24,SKU_44,WH_2,11,13.07,12.488601698166725,1.4886016981667254
2024-11-25,SKU_44,WH_2,21,22.57,19.637922197649264,1.3620778023507363
2024-11-26,SKU_44,WH_2,15,18.21,16.14160912894659,1.141609128946591
2024-11-27,SKU_44,WH_2,23,20.67,18.137381956299965,4.862618043700035
2024-11-28,SKU_44,WH_2,0,0.82,3.373519936742608,3.373519936742608
2024-11-29,SKU_44,WH_2,11,13.96,13.142414109055725,2.142414109055725
2024-11-30,SKU_44,WH_2,14,12.47,11.981174220274722,2.0188257797252778
2024-12-01,SKU_44,WH_2,23,24.3,21.261226560617974,1.738773439382026
2024-12-02,SKU_44,WH_2,22,27.8,23.99220019990629,1.9922001999062893
2024-12-03,SKU_44,WH_2,16,19.45,17.669124373330575,1.6691243733305754
2024-12-04,SKU_44,WH_2,12,11.99,11.916781342087225,0.08321865791277538
2024-12-05,SKU_44,WH_2,10,9.76,10.321756728384262,0.32175672838426195
2024-12-06,SKU_44,WH_2,19,16.12,15.25247004495778,3.7475299550422196
2024-12-07,SKU_44,WH_2,7,6.57,7.769096461531995,0.7690964615319951
2024-12-08,SKU_44,WH_2,24,26.64,23.312768615486565,0.687231384513435
2024-12-09,SKU_44,WH_2,15,17.38,15.984120793741289,0.9841207937412886
2024-12-10,SKU_44,WH_2,9,5.07,6.877791595588158,2.1222084044118423
2024-12-11,SKU_44,WH_2,17,22.63,19.95055901729188,2.95055901729188
2024-12-12,SKU_44,WH_2,12,5.42,7.3235967380631095,4.6764032619368905
2024-12-13,SKU_44,WH_2,14,8.52,9.44891275040324,4.55108724959676
2024-12-14,SKU_44,WH_2,12,12.29,12.162985620349769,0.16298562034976882
2024-12-15,SKU_44,WH_2,17,21.91,19.61593914364536,2.6159391436453596
2024-12-16,SKU_44,WH_2,15,17.01,15.570903391997776,0.570903391997776
2024-12-17,SKU_44,WH_2,10,15.28,15.305152438651625,5.305152438651625
2024-12-18,SKU_44,WH_2,12,11.93,11.764979707473916,0.2350202925260838
2024-12-19,SKU_44,WH_2,12,13.07,12.644134526265129,0.6441345262651286
2024-12-20,SKU_44,WH_2,17,16.58,15.24579942946743,1.7542005705325696
2024-12-21,SKU_44,WH_2,15,10.76,11.002525927797645,3.9974740722023547
2024-12-22,SKU_44,WH_2,17,17.05,15.617350422214974,1.3826495777850258
2024-12-23,SKU_44,WH_2,24,19.6,17.67282102995268,6.327178970047321
2024-12-24,SKU_44,WH_2,23,16.56,15.429297698488828,7.570702301511172
2024-12-25,SKU_44,WH_2,28,33.33,27.905976956740492,0.09402304325950794
2024-12-26,SKU_44,WH_2,5,7.57,8.937176387451226,3.937176387451226
2024-12-27,SKU_44,WH_2,16,10.57,11.054671826391505,4.945328173608495
2024-12-28,SKU_44,WH_2,13,10.11,10.691889101967732,2.308110898032268
2024-12-29,SKU_44,WH_2,16,12.98,12.580162870990678,3.4198371290093217
2024-12-30,SKU_44,WH_2,18,20.46,19.32508919385242,1.3250891938524205
2024-11-10,SKU_44,WH_3,9,3.48,5.335217761263224,3.664782238736776
2024-11-11,SKU_44,WH_3,13,13.4,12.663940002858073,0.3360599971419269
2024-11-12,SKU_44,WH_3,13,10.27,10.40456660424898,2.5954333957510194
2024-11-13,SKU_44,WH_3,3,2.39,3.9773843698496028,0.9773843698496028
2024-11-14,SKU_44,WH_3,2,0.0,2.5684883085252,0.5684883085251999
2024-11-15,SKU_44,WH_3,12,6.28,6.975621754322319,5.024378245677681
2024-11-16,SKU_44,WH_3,24,23.73,21.985185241113175,2.014814758886825
2024-11-17,SKU_44,WH_3,14,13.04,13.130393785581544,0.8696062144184555
2024-11-18,SKU_44,WH_3,7,8.32,8.87687779013672,1.8768777901367208
2024-11-19,SKU_44,WH_3,18,20.61,17.98202243571305,0.01797756428695152
2024-11-20,SKU_44,WH_3,4,3.67,5.260228572081637,1.2602285720816369
2024-11-21,SKU_44,WH_3,10,8.76,9.191216250142432,0.8087837498575681
2024-11-22,SKU_44,WH_3,23,28.52,25.972391556852813,2.9723915568528128
2024-11-23,SKU_44,WH_3,16,18.38,16.227793290659466,0.2277932906594664
2024-11-24,SKU_44,WH_3,16,16.42,14.929241072575241,1.0707589274247589
2024-11-25,SKU_44,WH_3,8,7.67,8.412383456300692,0.4123834563006916
2024-11-26,SKU_44,WH_3,15,17.61,15.752507972322464,0.7525079723224639
2024-11-27,SKU_44,WH_3,16,21.05,18.327069463344305,2.327069463344305
2024-11-28,SKU_44,WH_3,14,12.5,11.945834297997909,2.0541657020020914
2024-11-29,SKU_44,WH_3,7,2.99,4.793139492771661,2.206860507228339
2024-11-30,SKU_44,WH_3,11,8.11,8.729159509658725,2.270840490341275
2024-12-01,SKU_44,WH_3,17,11.24,11.183045099529908,5.816954900470092
2024-12-02,SKU_44,WH_3,20,24.27,21.152484887042764,1.152484887042764
2024-12-03,SKU_44,WH_3,23,19.23,18.44553098882684,4.554469011173161
2024-12-04,SKU_44,WH_3,10,16.44,15.204650627640472,5.204650627640472
2024-12-05,SKU_44,WH_3,14,14.29,13.562680859303887,0.437319140696113
2024-12-06,SKU_44,WH_3,17,15.42,14.627102145141624,2.372897854858376
2024-12-07,SKU_44,WH_3,13,14.71,13.77453402013474,0.7745340201347393
2024-12-08,SKU_44,WH_3,15,15.68,14.882429285809764,0.11757071419023646
2024-12-09,SKU_44,WH_3,13,12.1,12.127829638899678,0.8721703611003218
2024-12-10,SKU_44,WH_3,14,17.18,16.877479822099506,2.877479822099506
2024-12-11,SKU_44,WH_3,11,13.86,13.378970773867419,2.378970773867419
2024-12-12,SKU_44,WH_3,10,6.64,7.687926616041326,2.3120733839586736
2024-12-13,SKU_44,WH_3,18,17.41,15.965174294233751,2.0348257057662487
2024-12-14,SKU_44,WH_3,11,9.08,9.865730873636405,1.134269126363595
2024-12-15,SKU_44,WH_3,12,11.65,11.417606501558776,0.582393498441224
2024-12-16,SKU_44,WH_3,11,3.21,5.6658867810313085,5.3341132189686915
2024-12-17,SKU_44,WH_3,20,18.55,16.723821477033457,3.2761785229665428
2024-12-18,SKU_44,WH_3,15,17.93,16.25742100009705,1.2574210000970503
2024-12-19,SKU_44,WH_3,16,17.43,15.928255280006699,0.07174471999330123
2024-12-20,SKU_44,WH_3,14,13.47,12.835938766729022,1.1640612332709779
2024-12-21,SKU_44,WH_3,14,15.63,14.73170081360752,0.7317008136075192
2024-12-22,SKU_44,WH_3,21,22.53,19.812959442117982,1.1870405578820176
2024-12-23,SKU_44,WH_3,24,25.79,24.08713053672541,0.08713053672541093
2024-12-24,SKU_44,WH_3,11,7.5,8.792105366270441,2.207894633729559
2024-12-25,SKU_44,WH_3,26,19.84,17.90780791319463,8.092192086805369
2024-12-26,SKU_44,WH_3,24,27.03,23.47152482214843,0.5284751778515684
2024-12-27,SKU_44,WH_3,29,31.15,26.376181562840237,2.6238184371597626
2024-12-28,SKU_44,WH_3,22,21.75,19.898314903614413,2.1016850963855873
2024-12-29,SKU_44,WH_3,26,28.24,24.782299320047972,1.2177006799520278
2024-12-30,SKU_44,WH_3,16,20.77,19.92525829996634,3.925258299966341
2024-11-10,SKU_44,WH_4,12,15.33,14.155216045648654,2.155216045648654
2024-11-11,SKU_44,WH_4,17,16.48,14.968983295577413,2.031016704422587
2024-11-12,SKU_44,WH_4,5,0.3,2.6175270719864026,2.3824729280135974
2024-11-13,SKU_44,WH_4,10,11.51,11.160687716036318,1.1606877160363176
2024-11-14,SKU_44,WH_4,10,7.25,8.174035949668202,1.8259640503317982
2024-11-15,SKU_44,WH_4,24,23.68,20.336847806183943,3.6631521938160567
2024-11-16,SKU_44,WH_4,19,14.86,13.839918286214662,5.160081713785338
2024-11-17,SKU_44,WH_4,5,10.23,10.373672809308681,5.373672809308681
2024-11-18,SKU_44,WH_4,27,25.88,23.94153319661726,3.058466803382739
2024-11-19,SKU_44,WH_4,5,6.51,7.557863445879791,2.557863445879791
2024-11-20,SKU_44,WH_4,6,1.11,3.3257494717412026,2.6742505282587974
2024-11-21,SKU_44,WH_4,8,10.45,10.38497245326678,2.38497245326678
2024-11-22,SKU_44,WH_4,20,22.2,20.769867469970368,0.769867469970368
2024-11-23,SKU_44,WH_4,11,17.59,16.962357900379857,5.962357900379857
2024-11-24,SKU_44,WH_4,16,19.66,17.52777194087337,1.5277719408733716
2024-11-25,SKU_44,WH_4,8,14.32,13.273962171611773,5.273962171611773
2024-11-26,SKU_44,WH_4,12,8.46,9.086979767556992,2.9130202324430083
2024-11-27,SKU_44,WH_4,28,31.37,26.08014205859322,1.9198579414067787
2024-11-28,SKU_44,WH_4,1,0.0,2.9255482586908843,1.9255482586908843
2024-11-29,SKU_44,WH_4,23,21.03,19.646625982124384,3.353374017875616
2024-11-30,SKU_44,WH_4,22,22.59,19.644460556255037,2.355539443744963
2024-12-01,SKU_44,WH_4,13,15.05,14.289360998961453,1.2893609989614525
2024-12-02,SKU_44,WH_4,20,18.64,16.802552600151536,3.197447399848464
2024-12-03,SKU_44,WH_4,23,25.86,22.47594329987182,0.5240567001281811
2024-12-04,SKU_44,WH_4,10,9.38,10.160105136962652,0.1601051369626525
2024-12-05,SKU_44,WH_4,24,24.16,22.93713192664862,1.0628680733513782
2024-12-06,SKU_44,WH_4,12,15.47,14.951323142182455,2.9513231421824546
2024-12-07,SKU_44,WH_4,22,21.59,20.527544401933206,1.4724555980667944
2024-12-08,SKU_44,WH_4,13,9.23,10.224930918447907,2.7750690815520933
2024-12-09,SKU_44,WH_4,16,12.8,12.671417154787974,3.3285828452120256
2024-12-10,SKU_44,WH_4,11,13.91,13.56364090232575,2.5636409023257496
2024-12-11,SKU_44,WH_4,22,26.96,23.379887124960575,1.3798871249605753
2024-12-12,SKU_44,WH_4,13,11.28,11.507037897309191,1.492962102690809
2024-12-13,SKU_44,WH_4,16,13.73,13.290425637062743,2.709574362937257
2024-12-14,SKU_44,WH_4,26,27.88,25.783809587892954,0.21619041210704637
2024-12-15,SKU_44,WH_4,17,17.45,16.26858456913833,0.73141543086167
2024-12-16,SKU_44,WH_4,12,15.95,15.229084582720931,3.2290845827209314
2024-12-17,SKU_44,WH_4,32,34.63,30.678147918015995,1.3218520819840052
2024-12-18,SKU_44,WH_4,16,14.41,13.988846422448805,2.0111535775511946
2024-12-19,SKU_44,WH_4,18,14.55,13.83034310087563,4.169656899124369
2024-12-20,SKU_44,WH_4,12,13.14,13.093064304921604,1.0930643049216044
2024-12-21,SKU_44,WH_4,10,6.07,7.614736405370647,2.385263594629353
2024-12-22,SKU_44,WH_4,29,25.72,24.23249807778208,4.767501922217921
2024-12-23,SKU_44,WH_4,24,25.0,22.01528072751557,1.9847192724844298
2024-12-24,SKU_44,WH_4,10,3.04,5.660107582823631,4.339892417176369
2024-12-25,SKU_44,WH_4,23,22.4,20.138011086889296,2.8619889131107037
2024-12-26,SKU_44,WH_4,20,22.04,19.922826488741652,0.07717351125834782
2024-12-27,SKU_44,WH_4,32,34.98,31.20266790878236,0.7973320912176405
2024-12-28,SKU_44,WH_4,16,16.73,16.004094727697975,0.004094727697975031
2024-12-29,SKU_44,WH_4,16,19.75,18.453729598173386,2.4537295981733855
2024-12-30,SKU_44,WH_4,18,16.67,17.719305740871544,0.280694259128456
2024-11-10,SKU_44,WH_5,6,6.37,7.142100589359599,1.1421005893595986
2024-11-11,SKU_44,WH_5,14,18.57,16.587594713265304,2.587594713265304
2024-11-12,SKU_44,WH_5,6,5.27,6.947072578299109,0.9470725782991094
2024-11-13,SKU_44,WH_5,7,12.63,12.174382654894297,5.174382654894297
2024-11-14,SKU_44,WH_5,8,9.09,9.749874361751877,1.7498743617518766
2024-11-15,SKU_44,WH_5,5,7.44,8.2758189343742,3.2758189343742004
2024-11-16,SKU_44,WH_5,16,14.9,13.775866026135613,2.2241339738643866
2024-11-17,SKU_44,WH_5,9,5.87,7.044508079386342,1.9554919206136576
2024-11-18,SKU_44,WH_5,9,9.84,10.004897166568139,1.0048971665681385
2024-11-19,SKU_44,WH_5,12,11.15,10.933004487657767,1.066995512342233
2024-11-20,SKU_44,WH_5,22,23.11,19.86710605988188,2.1328939401181195
2024-11-21,SKU_44,WH_5,16,16.98,15.249063317599106,0.7509366824008943
2024-11-22,SKU_44,WH_5,14,9.68,9.860544396663135,4.139455603336865
2024-11-23,SKU_44,WH_5,28,29.83,27.004356070114717,0.9956439298852828
2024-11-24,SKU_44,WH_5,15,17.59,15.792964836905341,0.792964836905341
2024-11-25,SKU_44,WH_5,21,21.47,18.79443276806123,2.205567231938769
2024-11-26,SKU_44,WH_5,14,13.88,13.120962525374793,0.879037474625207
2024-11-27,SKU_44,WH_5,12,10.12,10.405418052182142,1.5945819478178578
2024-11-28,SKU_44,WH_5,20,14.51,13.497419666384172,6.502580333615828
2024-11-29,SKU_44,WH_5,14,10.9,11.03091500655655,2.9690849934434507
2024-11-30,SKU_44,WH_5,12,11.74,11.580203718748464,0.4197962812515357
2024-12-01,SKU_44,WH_5,16,17.73,16.193920866341212,0.19392086634121242
2024-12-02,SKU_44,WH_5,13,11.1,11.28906292541552,1.7109370745844803
2024-12-03,SKU_44,WH_5,9,7.58,8.865955884857685,0.13404411514231462
2024-12-04,SKU_44,WH_5,10,8.73,9.49857704444486,0.5014229555551406
2024-12-05,SKU_44,WH_5,9,9.22,9.989579966380344,0.9895799663803437
2024-12-06,SKU_44,WH_5,21,16.62,15.288582673893593,5.711417326106407
2024-12-07,SKU_44,WH_5,23,26.45,22.721723677664716,0.27827632233528377
2024-12-08,SKU_44,WH_5,13,12.9,12.55046715656705,0.44953284343294975
2024-12-09,SKU_44,WH_5,20,21.23,18.894409306988674,1.105590693011326
2024-12-10,SKU_44,WH_5,3,4.04,6.088719333819601,3.0887193338196006
2024-12-11,SKU_44,WH_5,7,4.52,6.389375385188803,0.6106246148111971
2024-12-12,SKU_44,WH_5,21,16.95,15.469189737343068,5.5308102626569315
2024-12-13,SKU_44,WH_5,21,22.86,20.20313907549464,0.79686092450536
2024-12-14,SKU_44,WH_5,12,14.45,13.707196814320143,1.7071968143201435
2024-12-15,SKU_44,WH_5,20,20.99,18.6727635057806,1.3272364942193988
2024-12-16,SKU_44,WH_5,16,18.18,17.583224280105185,1.5832242801051848
2024-12-17,SKU_44,WH_5,14,17.25,16.919033550044777,2.9190335500447766
2024-12-18,SKU_44,WH_5,20,17.53,16.15400493491737,3.8459950650826293
2024-12-19,SKU_44,WH_5,16,19.94,18.09223675011955,2.0922367501195502
2024-12-20,SKU_44,WH_5,21,19.18,17.475088061505275,3.524911938494725
2024-12-21,SKU_44,WH_5,22,22.39,21.179454945768395,0.8205450542316051
2024-12-22,SKU_44,WH_5,26,22.04,20.931179722579227,5.068820277420773
2024-12-23,SKU_44,WH_5,22,26.46,23.242486572465037,1.2424865724650367
2024-12-24,SKU_44,WH_5,22,16.36,15.461941600094335,6.538058399905665
2024-12-25,SKU_44,WH_5,14,16.21,15.60446967220676,1.6044696722067595
2024-12-26,SKU_44,WH_5,15,19.25,17.699423511453254,2.6994235114532543
2024-12-27,SKU_44,WH_5,23,21.31,19.27488405878812,3.725115941211879
2024-12-28,SKU_44,WH_5,23,16.35,16.28998315646081,6.71001684353919
2024-12-29,SKU_44,WH_5,20,17.0,15.971649485699029,4.028350514300971
2024-12-30,SKU_44,WH_5,23,20.49,19.701554221475096,3.298445778524904
2024-11-10,SKU_45,WH_1,7,9.74,10.161312877643399,3.1613128776433985
2024-11-11,SKU_45,WH_1,10,9.05,9.849514469155595,0.15048553084440464
2024-11-12,SKU_45,WH_1,15,15.66,14.491652234690362,0.5083477653096384
2024-11-13,SKU_45,WH_1,12,13.28,12.59872411032618,0.5987241103261791
2024-11-14,SKU_45,WH_1,18,19.34,16.990502416257744,1.009497583742256
2024-11-15,SKU_45,WH_1,10,12.63,12.15028692289278,2.1502869228927803
2024-11-16,SKU_45,WH_1,20,22.2,19.33751105467075,0.6624889453292511
2024-11-17,SKU_45,WH_1,10,10.47,10.42345043097876,0.42345043097875923
2024-11-18,SKU_45,WH_1,18,18.52,16.478417092679216,1.5215829073207843
2024-11-19,SKU_45,WH_1,13,18.02,16.079668556349013,3.079668556349013
2024-11-20,SKU_45,WH_1,14,19.41,17.173808687772745,3.1738086877727447
2024-11-21,SKU_45,WH_1,12,5.63,6.99847013973299,5.00152986026701
2024-11-22,SKU_45,WH_1,12,13.64,12.797875148871222,0.7978751488712224
2024-11-23,SKU_45,WH_1,27,32.33,26.570244146389932,0.4297558536100681
2024-11-24,SKU_45,WH_1,13,8.31,9.116771404606395,3.8832285953936054
2024-11-25,SKU_45,WH_1,9,7.43,8.396533705612564,0.6034662943874363
2024-11-26,SKU_45,WH_1,11,13.64,12.914262101244276,1.914262101244276
2024-11-27,SKU_45,WH_1,9,8.04,8.627280928355269,0.37271907164473106
2024-11-28,SKU_45,WH_1,13,13.61,12.709382997757503,0.290617002242497
2024-11-29,SKU_45,WH_1,13,5.92,7.0087005799821664,5.9912994200178336
2024-11-30,SKU_45,WH_1,14,12.7,12.169799485021416,1.8302005149785838
2024-12-01,SKU_45,WH_1,20,20.53,19.484317965318503,0.5156820346814968
2024-12-02,SKU_45,WH_1,13,13.06,12.710241965424668,0.2897580345753319
2024-12-03,SKU_45,WH_1,11,12.51,12.17460259978715,1.1746025997871499
2024-12-04,SKU_45,WH_1,12,16.23,15.065441786045895,3.065441786045895
2024-12-05,SKU_45,WH_1,7,5.1,6.812546865838619,0.1874531341613812
2024-12-06,SKU_45,WH_1,22,20.52,18.17960346309909,3.8203965369009083
2024-12-07,SKU_45,WH_1,15,14.77,13.80948751719391,1.1905124828060902
2024-12-08,SKU_45,WH_1,20,18.5,16.61934917252233,3.3806508274776697
2024-12-09,SKU_45,WH_1,20,24.72,21.409306284547824,1.4093062845478244
2024-12-10,SKU_45,WH_1,19,24.86,21.533160462684872,2.5331604626848723
2024-12-11,SKU_45,WH_1,14,15.54,14.700290501799111,0.7002905017991115
2024-12-12,SKU_45,WH_1,16,14.88,14.121946632895526,1.8780533671044743
2024-12-13,SKU_45,WH_1,19,15.09,14.402051478086321,4.597948521913679
2024-12-14,SKU_45,WH_1,14,18.78,17.086553793989737,3.0865537939897365
2024-12-15,SKU_45,WH_1,16,14.61,13.848953014182042,2.151046985817958
2024-12-16,SKU_45,WH_1,19,17.65,16.295318594820436,2.7046814051795636
2024-12-17,SKU_45,WH_1,17,21.31,19.053956718529353,2.053956718529353
2024-12-18,SKU_45,WH_1,20,28.42,24.3782364130116,4.378236413011599
2024-12-19,SKU_45,WH_1,28,30.32,25.711351531180068,2.2886484688199324
2024-12-20,SKU_45,WH_1,12,14.65,13.88126047135751,1.8812604713575105
2024-12-21,SKU_45,WH_1,11,6.87,8.152779345828813,2.8472206541711866
2024-12-22,SKU_45,WH_1,13,13.38,13.0447960093556,0.044796009355600575
2024-12-23,SKU_45,WH_1,22,24.74,23.082932950113555,1.0829329501135554
2024-12-24,SKU_45,WH_1,23,22.23,19.738457602174634,3.261542397825366
2024-12-25,SKU_45,WH_1,24,24.5,22.879731013276185,1.120268986723815
2024-12-26,SKU_45,WH_1,21,27.14,23.60648467377892,2.606484673778919
2024-12-27,SKU_45,WH_1,11,10.01,10.604850164544878,0.39514983545512194
2024-12-28,SKU_45,WH_1,32,29.5,27.373099741114295,4.626900258885705
2024-12-29,SKU_45,WH_1,17,17.67,16.540598478329496,0.45940152167050385
2024-12-30,SKU_45,WH_1,13,15.43,16.039320698795738,3.0393206987957377
2024-11-10,SKU_45,WH_2,13,14.07,13.182050326378533,0.18205032637853336
2024-11-11,SKU_45,WH_2,15,10.05,10.217651288831538,4.782348711168462
2024-11-12,SKU_45,WH_2,19,20.57,17.96985825166997,1.0301417483300312
2024-11-13,SKU_45,WH_2,6,8.17,9.252966296637492,3.252966296637492
2024-11-14,SKU_45,WH_2,13,15.54,14.364706125811084,1.3647061258110842
2024-11-15,SKU_45,WH_2,17,9.12,9.812242256803776,7.187757743196224
2024-11-16,SKU_45,WH_2,10,20.7,18.05372471461659,8.053724714616589
2024-11-17,SKU_45,WH_2,15,17.13,15.438747718019304,0.4387477180193038
2024-11-18,SKU_45,WH_2,16,13.33,13.313689500966067,2.686310499033933
2024-11-19,SKU_45,WH_2,12,10.67,10.746306329209716,1.253693670790284
2024-11-20,SKU_45,WH_2,16,11.62,11.161864271785559,4.838135728214441
2024-11-21,SKU_45,WH_2,3,5.18,6.570761220984615,3.5707612209846147
2024-11-22,SKU_45,WH_2,17,26.11,22.209833736490445,5.209833736490445
2024-11-23,SKU_45,WH_2,14,15.12,13.995090992741444,0.004909007258556031
2024-11-24,SKU_45,WH_2,20,22.57,20.8767615041594,0.8767615041594006
2024-11-25,SKU_45,WH_2,12,9.96,10.15907938283899,1.8409206171610109
2024-11-26,SKU_45,WH_2,12,12.29,11.812266549373929,0.18773345062607127
2024-11-27,SKU_45,WH_2,14,14.16,13.138762416210513,0.861237583789487
2024-11-28,SKU_45,WH_2,13,11.72,11.19902910961432,1.8009708903856794
2024-11-29,SKU_45,WH_2,15,21.38,18.653234554374873,3.6532345543748725
2024-11-30,SKU_45,WH_2,15,13.47,12.726567871462024,2.2734321285379764
2024-12-01,SKU_45,WH_2,17,17.84,16.277917583494713,0.7220824165052875
2024-12-02,SKU_45,WH_2,22,25.78,22.256536390242587,0.25653639024258723
2024-12-03,SKU_45,WH_2,16,13.92,14.131353370777509,1.868646629222491
2024-12-04,SKU_45,WH_2,13,17.01,15.647315849961707,2.647315849961707
2024-12-05,SKU_45,WH_2,16,15.9,15.099689312184607,0.9003106878153933
2024-12-06,SKU_45,WH_2,20,21.28,18.989336353208937,1.0106636467910626
2024-12-07,SKU_45,WH_2,10,11.04,11.345926390415721,1.3459263904157215
2024-12-08,SKU_45,WH_2,21,22.54,19.96297621201242,1.0370237879875788
2024-12-09,SKU_45,WH_2,19,13.28,13.03040817957674,5.969591820423259
2024-12-10,SKU_45,WH_2,20,12.3,12.853148865483785,7.146851134516215
2024-12-11,SKU_45,WH_2,18,13.99,13.514666972727234,4.485333027272766
2024-12-12,SKU_45,WH_2,15,14.44,13.75828668488971,1.2417133151102906
2024-12-13,SKU_45,WH_2,17,16.91,15.712178657018441,1.2878213429815588
2024-12-14,SKU_45,WH_2,15,9.98,10.584716782461252,4.415283217538748
2024-12-15,SKU_45,WH_2,19,18.29,17.67937750872986,1.3206224912701394
2024-12-16,SKU_45,WH_2,16,21.85,19.631655452690293,3.6316554526902927
2024-12-17,SKU_45,WH_2,8,8.35,9.444702643743387,1.444702643743387
2024-12-18,SKU_45,WH_2,22,17.45,16.108970297987877,5.891029702012123
2024-12-19,SKU_45,WH_2,12,11.66,11.539401678160733,0.4605983218392673
2024-12-20,SKU_45,WH_2,19,16.77,15.545349318751324,3.454650681248676
2024-12-21,SKU_45,WH_2,21,19.24,17.477087151586698,3.522912848413302
2024-12-22,SKU_45,WH_2,24,20.19,19.357764694755303,4.6422353052446965
2024-12-23,SKU_45,WH_2,15,19.45,17.693313283824747,2.6933132838247467
2024-12-24,SKU_45,WH_2,20,20.76,18.656348406247936,1.3436515937520639
2024-12-25,SKU_45,WH_2,21,26.4,23.134176053896027,2.1341760538960273
2024-12-26,SKU_45,WH_2,16,13.63,13.88378839472796,2.1162116052720403
2024-12-27,SKU_45,WH_2,21,23.41,20.894727601888885,0.105272398111115
2024-12-28,SKU_45,WH_2,17,8.46,9.761137440681692,7.238862559318308
2024-12-29,SKU_45,WH_2,31,26.52,23.145028544535155,7.854971455464845
2024-12-30,SKU_45,WH_2,29,32.79,28.95646688444935,0.04353311555065176
2024-11-10,SKU_45,WH_3,9,10.26,10.448812310721763,1.4488123107217632
2024-11-11,SKU_45,WH_3,11,13.65,12.908148881122345,1.9081488811223455
2024-11-12,SKU_45,WH_3,12,12.83,12.260719375511696,0.2607193755116963
2024-11-13,SKU_45,WH_3,14,18.46,16.432904920837963,2.432904920837963
2024-11-14,SKU_45,WH_3,27,29.68,26.94854989209731,0.05145010790268856
2024-11-15,SKU_45,WH_3,12,13.53,12.869387226157137,0.8693872261571371
2024-11-16,SKU_45,WH_3,25,27.69,23.631254141888867,1.368745858111133
2024-11-17,SKU_45,WH_3,9,19.58,17.52123673957341,8.52123673957341
2024-11-18,SKU_45,WH_3,10,5.54,7.033078088306574,2.966921911693426
2024-11-19,SKU_45,WH_3,13,14.94,13.847906688830484,0.8479066888304843
2024-11-20,SKU_45,WH_3,11,11.67,11.285994926163466,0.28599492616346645
2024-11-21,SKU_45,WH_3,10,12.88,12.26990843963751,2.2699084396375095
2024-11-22,SKU_45,WH_3,14,16.07,14.832773792212116,0.8327737922121159
2024-11-23,SKU_45,WH_3,11,14.27,13.192502869286951,2.192502869286951
2024-11-24,SKU_45,WH_3,28,27.27,24.869890974668586,3.1301090253314143
2024-11-25,SKU_45,WH_3,15,15.18,14.236339914011532,0.7636600859884677
2024-11-26,SKU_45,WH_3,15,18.51,16.523659262709444,1.5236592627094439
2024-11-27,SKU_45,WH_3,13,5.62,7.068887296830356,5.931112703169644
2024-11-28,SKU_45,WH_3,21,19.81,17.661628267832537,3.338371732167463
2024-11-29,SKU_45,WH_3,11,6.03,7.21003488440373,3.78996511559627
2024-11-30,SKU_45,WH_3,10,12.2,11.932016388678791,1.9320163886787913
2024-12-01,SKU_45,WH_3,21,25.65,22.36710390167038,1.3671039016703794
2024-12-02,SKU_45,WH_3,13,14.96,15.043137458794988,2.0431374587949875
2024-12-03,SKU_45,WH_3,18,13.82,13.269887451086076,4.730112548913924
2024-12-04,SKU_45,WH_3,17,17.13,15.882719770848539,1.1172802291514614
2024-12-05,SKU_45,WH_3,15,7.78,9.047032798304272,5.952967201695728
2024-12-06,SKU_45,WH_3,11,14.6,13.864480102559344,2.8644801025593445
2024-12-07,SKU_45,WH_3,11,14.96,14.246959708089754,3.2469597080897543
2024-12-08,SKU_45,WH_3,27,27.18,25.113545433503333,1.886454566496667
2024-12-09,SKU_45,WH_3,12,12.47,12.44825705750635,0.4482570575063498
2024-12-10,SKU_45,WH_3,17,19.08,17.4075821967153,0.4075821967152997
2024-12-11,SKU_45,WH_3,14,9.96,10.623331806988038,3.3766681930119624
2024-12-12,SKU_45,WH_3,8,2.87,5.369713837421361,2.6302861625786393
2024-12-13,SKU_45,WH_3,16,25.71,24.117276027124326,8.117276027124326
2024-12-14,SKU_45,WH_3,25,25.05,21.866751740919234,3.1332482590807658
2024-12-15,SKU_45,WH_3,25,22.07,19.80354732660693,5.196452673393068
2024-12-16,SKU_45,WH_3,18,19.5,17.947440711022733,0.05255928897726747
2024-12-17,SKU_45,WH_3,18,14.9,14.212442050194737,3.7875579498052634
2024-12-18,SKU_45,WH_3,20,16.04,15.298380317211736,4.701619682788264
2024-12-19,SKU_45,WH_3,32,34.75,31.02802855165725,0.9719714483427495
2024-12-20,SKU_45,WH_3,24,18.78,17.514721085269215,6.4852789147307845
2024-12-21,SKU_45,WH_3,27,25.82,23.138865663343505,3.8611343366564945
2024-12-22,SKU_45,WH_3,19,18.32,17.136792259860005,1.8632077401399947
2024-12-23,SKU_45,WH_3,16,16.5,15.934045997157334,0.06595400284266617
2024-12-24,SKU_45,WH_3,22,19.95,19.68068474262909,2.31931525737091
2024-12-25,SKU_45,WH_3,26,22.38,20.530667837201364,5.469332162798636
2024-12-26,SKU_45,WH_3,20,12.89,13.155449221038339,6.844550778961661
2024-12-27,SKU_45,WH_3,7,12.49,12.880372012989184,5.880372012989184
2024-12-28,SKU_45,WH_3,19,15.02,14.68708822389785,4.312911776102149
2024-12-29,SKU_45,WH_3,25,21.8,19.91801363656173,5.0819863634382685
2024-12-30,SKU_45,WH_3,17,14.49,14.795868833034488,2.204131166965512
2024-11-10,SKU_45,WH_4,13,11.32,11.102033890079994,1.8979661099200058
2024-11-11,SKU_45,WH_4,12,17.14,15.456724721183306,3.4567247211833063
2024-11-12,SKU_45,WH_4,10,8.23,8.914752978431686,1.085247021568314
2024-11-13,SKU_45,WH_4,12,6.23,7.074769137989622,4.925230862010378
2024-11-14,SKU_45,WH_4,16,15.97,15.751585609565234,0.24841439043476576
2024-11-15,SKU_45,WH_4,12,12.37,11.910410576166118,0.08958942383388191
2024-11-16,SKU_45,WH_4,16,15.64,14.542205746519443,1.4577942534805572
2024-11-17,SKU_45,WH_4,13,16.5,15.005132173222515,2.005132173222515
2024-11-18,SKU_45,WH_4,22,22.45,19.503209454123294,2.4967905458767063
2024-11-19,SKU_45,WH_4,24,25.74,23.834673998872336,0.1653260011276636
2024-11-20,SKU_45,WH_4,8,6.52,7.4627971774862525,0.5372028225137475
2024-11-21,SKU_45,WH_4,13,12.52,12.047989529291005,0.9520104707089949
2024-11-22,SKU_45,WH_4,23,25.37,21.620329260065933,1.3796707399340669
2024-11-23,SKU_45,WH_4,8,8.61,9.234928982503806,1.2349289825038063
2024-11-24,SKU_45,WH_4,16,18.49,16.399862807460238,0.39986280746023795
2024-11-25,SKU_45,WH_4,12,11.37,11.160163471830487,0.8398365281695135
2024-11-26,SKU_45,WH_4,32,31.95,28.7894143005765,3.2105856994235005
2024-11-27,SKU_45,WH_4,16,16.16,14.893938914004261,1.106061085995739
2024-11-28,SKU_45,WH_4,4,2.74,5.023826501439014,1.0238265014390144
2024-11-29,SKU_45,WH_4,20,20.13,19.19008817252545,0.8099118274745507
2024-11-30,SKU_45,WH_4,18,19.94,17.72643251340841,0.27356748659158825
2024-12-01,SKU_45,WH_4,10,9.12,10.176471931775282,0.1764719317752821
2024-12-02,SKU_45,WH_4,3,2.34,4.260467943695968,1.2604679436959678
2024-12-03,SKU_45,WH_4,12,7.89,8.975317122266889,3.0246828777331114
2024-12-04,SKU_45,WH_4,17,13.6,12.960087315507755,4.039912684492245
2024-12-05,SKU_45,WH_4,21,19.01,17.23665438719232,3.7633456128076794
2024-12-06,SKU_45,WH_4,12,11.31,11.38442076154122,0.6155792384587802
2024-12-07,SKU_45,WH_4,21,17.05,15.737057572531567,5.262942427468433
2024-12-08,SKU_45,WH_4,16,17.44,16.12607789244095,0.12607789244095002
2024-12-09,SKU_45,WH_4,8,10.83,11.14726842390548,3.14726842390548
2024-12-10,SKU_45,WH_4,16,17.62,16.19173997843961,0.19173997843961033
2024-12-11,SKU_45,WH_4,16,18.28,16.429167142516075,0.429167142516075
2024-12-12,SKU_45,WH_4,18,20.04,19.139998298777368,1.1399982987773676
2024-12-13,SKU_45,WH_4,14,11.63,11.554487257885485,2.4455127421145146
2024-12-14,SKU_45,WH_4,17,18.61,16.93899929733371,0.06100070266629132
2024-12-15,SKU_45,WH_4,23,16.58,16.334031923293992,6.665968076706008
2024-12-16,SKU_45,WH_4,14,14.58,13.715539964352002,0.2844600356479976
2024-12-17,SKU_45,WH_4,22,22.77,20.39717426901528,1.6028257309847191
2024-12-18,SKU_45,WH_4,16,12.84,12.645589665970897,3.3544103340291027
2024-12-19,SKU_45,WH_4,18,18.27,16.589303683599777,1.410696316400223
2024-12-20,SKU_45,WH_4,7,6.0,7.481516654861994,0.481516654861994
2024-12-21,SKU_45,WH_4,12,12.08,11.89291326152443,0.10708673847556938
2024-12-22,SKU_45,WH_4,21,19.46,17.646222507079756,3.353777492920244
2024-12-23,SKU_45,WH_4,16,14.99,14.311152933231776,1.6888470667682238
2024-12-24,SKU_45,WH_4,15,15.93,15.14664912762915,0.14664912762914994
2024-12-25,SKU_45,WH_4,7,0.0,2.8809346671197167,4.119065332880283
2024-12-26,SKU_45,WH_4,36,36.38,31.424922811178366,4.575077188821634
2024-12-27,SKU_45,WH_4,17,18.4,16.760480735206432,0.239519264793568
2024-12-28,SKU_45,WH_4,20,23.99,22.567034265131003,2.567034265131003
2024-12-29,SKU_45,WH_4,17,12.9,12.63939888612611,4.360601113873891
2024-12-30,SKU_45,WH_4,23,26.25,23.94827182983156,0.9482718298315618
2024-11-10,SKU_45,WH_5,9,7.67,8.528726720555087,0.4712732794449135
2024-11-11,SKU_45,WH_5,16,17.32,15.620065286312933,0.3799347136870672
2024-11-12,SKU_45,WH_5,24,25.81,22.0054275846888,1.9945724153112003
2024-11-13,SKU_45,WH_5,11,10.64,10.748280182901578,0.2517198170984223
2024-11-14,SKU_45,WH_5,12,14.4,13.417522434758444,1.4175224347584443
2024-11-15,SKU_45,WH_5,14,11.82,11.515747982193089,2.484252017806911
2024-11-16,SKU_45,WH_5,7,5.2,6.571143957337001,0.42885604266299904
2024-11-17,SKU_45,WH_5,14,12.82,12.192902843876064,1.8070971561239357
2024-11-18,SKU_45,WH_5,14,9.68,9.875708853743054,4.124291146256946
2024-11-19,SKU_45,WH_5,22,23.99,22.187521727278806,0.18752172727880634
2024-11-20,SKU_45,WH_5,14,13.39,12.651179906712757,1.3488200932872427
2024-11-21,SKU_45,WH_5,18,20.31,17.921048800477337,0.07895119952266327
2024-11-22,SKU_45,WH_5,0,0.0,2.5371764298501733,2.5371764298501733
2024-11-23,SKU_45,WH_5,23,22.73,21.080786319404968,1.919213680595032
2024-11-24,SKU_45,WH_5,24,25.21,23.22718354937314,0.7728164506268591
2024-11-25,SKU_45,WH_5,20,16.2,15.00741865117287,4.99258134882713
2024-11-26,SKU_45,WH_5,20,14.47,13.510117619030066,6.489882380969934
2024-11-27,SKU_45,WH_5,10,12.18,12.524277171382233,2.5242771713822325
2024-11-28,SKU_45,WH_5,17,15.37,14.282092281851805,2.7179077181481954
2024-11-29,SKU_45,WH_5,20,18.65,16.74477990896623,3.2552200910337703
2024-11-30,SKU_45,WH_5,21,15.32,14.367031138046128,6.632968861953872
2024-12-01,SKU_45,WH_5,12,10.42,10.852174880659453,1.1478251193405473
2024-12-02,SKU_45,WH_5,16,16.87,16.58753808156982,0.5875380815698215
2024-12-03,SKU_45,WH_5,17,11.73,11.58180341152377,5.4181965884762295
2024-12-04,SKU_45,WH_5,19,16.2,15.236397272899039,3.7636027271009613
2024-12-05,SKU_45,WH_5,13,15.77,15.077051439660197,2.077051439660197
2024-12-06,SKU_45,WH_5,18,19.07,17.353484727781176,0.6465152722188243
2024-12-07,SKU_45,WH_5,16,16.56,15.58003149319802,0.4199685068019807
2024-12-08,SKU_45,WH_5,13,3.12,5.415744722000256,7.584255277999744
2024-12-09,SKU_45,WH_5,13,8.61,9.57576552298287,3.42423447701713
2024-12-10,SKU_45,WH_5,16,16.81,15.669673194012114,0.33032680598788566
2024-12-11,SKU_45,WH_5,16,13.85,14.239842746214439,1.760157253785561
2024-12-12,SKU_45,WH_5,26,23.69,20.925991596312173,5.074008403687827
2024-12-13,SKU_45,WH_5,21,19.02,17.4405066080994,3.559493391900599
2024-12-14,SKU_45,WH_5,10,8.64,10.14572537105143,0.14572537105143013
2024-12-15,SKU_45,WH_5,16,20.07,18.336079444196024,2.3360794441960238
2024-12-16,SKU_45,WH_5,19,17.68,16.35487523682375,2.6451247631762485
2024-12-17,SKU_45,WH_5,14,14.35,13.798084639553696,0.20191536044630354
2024-12-18,SKU_45,WH_5,7,6.03,7.558311444659131,0.5583114446591306
2024-12-19,SKU_45,WH_5,14,9.11,10.179892831489143,3.820107168510857
2024-12-20,SKU_45,WH_5,11,14.77,14.024286067795297,3.0242860677952965
2024-12-21,SKU_45,WH_5,12,11.07,11.406420794355533,0.5935792056444669
2024-12-22,SKU_45,WH_5,24,21.88,19.57033446312917,4.429665536870829
2024-12-23,SKU_45,WH_5,8,13.1,12.803880118265605,4.803880118265605
2024-12-24,SKU_45,WH_5,12,11.41,11.476721657583893,0.5232783424161074
2024-12-25,SKU_45,WH_5,19,19.65,17.82125519420832,1.1787448057916805
2024-12-26,SKU_45,WH_5,21,18.82,17.01222055383421,3.9877794461657885
2024-12-27,SKU_45,WH_5,10,10.1,10.486084697197715,0.48608469719771463
2024-12-28,SKU_45,WH_5,19,17.46,16.052473298310353,2.9475267016896467
2024-12-29,SKU_45,WH_5,11,11.07,11.336302482221134,0.336302482221134
2024-12-30,SKU_45,WH_5,12,7.88,10.0348908176801,1.9651091823198996
2024-11-10,SKU_46,WH_1,16,17.77,17.308915739204725,1.3089157392047248
2024-11-11,SKU_46,WH_1,10,12.71,12.311083132772776,2.311083132772776
2024-11-12,SKU_46,WH_1,19,22.06,19.352998734065412,0.3529987340654124
2024-11-13,SKU_46,WH_1,10,9.2,9.825440129019738,0.1745598709802625
2024-11-14,SKU_46,WH_1,8,5.63,7.0233944942517565,0.9766055057482435
2024-11-15,SKU_46,WH_1,18,18.16,16.093637641136084,1.906362358863916
2024-11-16,SKU_46,WH_1,5,10.51,10.77305675996208,5.7730567599620795
2024-11-17,SKU_46,WH_1,6,13.29,12.593133397114492,6.593133397114492
2024-11-18,SKU_46,WH_1,14,16.15,14.889614872042834,0.8896148720428343
2024-11-19,SKU_46,WH_1,12,14.99,13.933446105850924,1.9334461058509245
2024-11-20,SKU_46,WH_1,20,18.61,16.447274910172112,3.552725089827888
2024-11-21,SKU_46,WH_1,6,5.98,7.008718977233255,1.0087189772332552
2024-11-22,SKU_46,WH_1,9,8.96,9.408341710768473,0.4083417107684735
2024-11-23,SKU_46,WH_1,7,9.59,9.877045490199851,2.8770454901998512
2024-11-24,SKU_46,WH_1,6,6.81,7.641192437296637,1.6411924372966373
2024-11-25,SKU_46,WH_1,13,13.28,12.592468160788195,0.4075318392118046
2024-11-26,SKU_46,WH_1,9,9.05,9.394326310547902,0.39432631054790157
2024-11-27,SKU_46,WH_1,15,14.21,13.10200845759086,1.8979915424091391
2024-11-28,SKU_46,WH_1,10,10.5,10.577514254616407,0.5775142546164069
2024-11-29,SKU_46,WH_1,9,10.06,10.092948412239974,1.0929484122399735
2024-11-30,SKU_46,WH_1,20,25.08,21.176253977088766,1.1762539770887663
2024-12-01,SKU_46,WH_1,11,13.72,13.15429104574762,2.1542910457476196
2024-12-02,SKU_46,WH_1,15,13.48,12.846640118806503,2.153359881193497
2024-12-03,SKU_46,WH_1,12,9.23,10.027139465645254,1.972860534354746
2024-12-04,SKU_46,WH_1,24,16.62,15.295094171734291,8.704905828265709
2024-12-05,SKU_46,WH_1,18,22.34,19.797875718119702,1.7978757181197018
2024-12-06,SKU_46,WH_1,19,20.38,18.148070822612027,0.8519291773879729
2024-12-07,SKU_46,WH_1,14,18.03,16.339099097990704,2.3390990979907045
2024-12-08,SKU_46,WH_1,18,24.06,21.014495214153122,3.014495214153122
2024-12-09,SKU_46,WH_1,15,12.1,12.162236356483248,2.8377636435167517
2024-12-10,SKU_46,WH_1,32,29.65,27.205642406814967,4.794357593185033
2024-12-11,SKU_46,WH_1,18,17.41,16.189894710627694,1.8101052893723057
2024-12-12,SKU_46,WH_1,20,21.82,20.89944335667821,0.8994433566782085
2024-12-13,SKU_46,WH_1,10,11.43,11.665465415431605,1.6654654154316049
2024-12-14,SKU_46,WH_1,16,14.44,13.68903296531999,2.3109670346800097
2024-12-15,SKU_46,WH_1,18,13.66,13.851030736010246,4.148969263989754
2024-12-16,SKU_46,WH_1,5,6.49,7.788378769382459,2.788378769382459
2024-12-17,SKU_46,WH_1,12,10.24,10.77921195284601,1.2207880471539898
2024-12-18,SKU_46,WH_1,10,11.82,11.704880971079886,1.704880971079886
2024-12-19,SKU_46,WH_1,17,19.89,17.870099011568993,0.8700990115689926
2024-12-20,SKU_46,WH_1,19,18.57,16.771562480566438,2.2284375194335624
2024-12-21,SKU_46,WH_1,16,17.58,16.011424240944322,0.01142424094432215
2024-12-22,SKU_46,WH_1,14,14.19,13.349016464979085,0.6509835350209148
2024-12-23,SKU_46,WH_1,14,15.78,14.907761565629082,0.9077615656290821
2024-12-24,SKU_46,WH_1,15,14.28,13.403042967193057,1.5969570328069427
2024-12-25,SKU_46,WH_1,17,18.35,16.477561537747576,0.5224384622524241
2024-12-26,SKU_46,WH_1,14,14.29,13.61184681541438,0.38815318458562054
2024-12-27,SKU_46,WH_1,20,27.68,23.854637964477696,3.8546379644776962
2024-12-28,SKU_46,WH_1,20,22.86,20.344388181796234,0.34438818179623354
2024-12-29,SKU_46,WH_1,14,16.27,15.246881849989663,1.2468818499896628
2024-12-30,SKU_46,WH_1,17,16.19,16.223352159760605,0.776647840239395
2024-11-10,SKU_46,WH_2,18,15.54,14.457185496424119,3.5428145035758813
2024-11-11,SKU_46,WH_2,6,2.74,4.9814252677714395,1.0185747322285605
2024-11-12,SKU_46,WH_2,3,3.16,5.022787706883425,2.022787706883425
2024-11-13,SKU_46,WH_2,10,15.33,14.143496799684087,4.143496799684087
2024-11-14,SKU_46,WH_2,17,12.52,11.936839928634992,5.063160071365008
2024-11-15,SKU_46,WH_2,17,17.32,15.533785387366267,1.466214612633733
2024-11-16,SKU_46,WH_2,9,8.85,9.28744751705456,0.2874475170545594
2024-11-17,SKU_46,WH_2,20,22.84,19.74511141188482,0.254888588115179
2024-11-18,SKU_46,WH_2,7,6.92,7.592816844252365,0.5928168442523649
2024-11-19,SKU_46,WH_2,2,5.58,6.896337167820778,4.896337167820778
2024-11-20,SKU_46,WH_2,26,29.35,26.721914758979647,0.7219147589796471
2024-11-21,SKU_46,WH_2,12,12.33,11.795297246023562,0.2047027539764379
2024-11-22,SKU_46,WH_2,15,14.96,13.725512113718278,1.2744878862817224
2024-11-23,SKU_46,WH_2,18,16.88,15.134215485193522,2.865784514806478
2024-11-24,SKU_46,WH_2,15,10.09,10.638909625644853,4.361090374355147
2024-11-25,SKU_46,WH_2,22,23.13,19.978543472626864,2.021456527373136
2024-11-26,SKU_46,WH_2,22,20.19,17.882715278660335,4.117284721339665
2024-11-27,SKU_46,WH_2,13,13.31,12.72202747246982,0.27797252753017965
2024-11-28,SKU_46,WH_2,18,20.42,18.18017195905229,0.18017195905229144
2024-11-29,SKU_46,WH_2,18,11.26,11.180934817074169,6.819065182925831
2024-11-30,SKU_46,WH_2,12,10.81,10.956870138796482,1.0431298612035178
2024-12-01,SKU_46,WH_2,14,10.61,11.104377219522505,2.8956227804774954
2024-12-02,SKU_46,WH_2,15,17.96,16.557392528016237,1.557392528016237
2024-12-03,SKU_46,WH_2,13,14.12,13.566364186181653,0.5663641861816533
2024-12-04,SKU_46,WH_2,9,7.36,8.752846375545179,0.24715362445482114
2024-12-05,SKU_46,WH_2,11,8.27,9.253109482072462,1.7468905179275378
2024-12-06,SKU_46,WH_2,10,9.48,10.089588749236121,0.08958874923612115
2024-12-07,SKU_46,WH_2,19,21.75,19.55318314239445,0.5531831423944489
2024-12-08,SKU_46,WH_2,16,19.94,17.969935882515465,1.9699358825154647
2024-12-09,SKU_46,WH_2,23,24.82,21.53413028038584,1.4658697196141617
2024-12-10,SKU_46,WH_2,20,22.6,19.895946935848926,0.10405306415107418
2024-12-11,SKU_46,WH_2,13,14.67,13.820803002857279,0.8208030028572786
2024-12-12,SKU_46,WH_2,16,17.98,17.57661689651819,1.576616896518189
2024-12-13,SKU_46,WH_2,16,9.46,10.173162262372328,5.826837737627672
2024-12-14,SKU_46,WH_2,15,17.51,16.18466834713058,1.1846683471305788
2024-12-15,SKU_46,WH_2,20,23.8,20.91201148147013,0.912011481470131
2024-12-16,SKU_46,WH_2,14,15.01,14.363546560796483,0.3635465607964825
2024-12-17,SKU_46,WH_2,16,14.62,14.555563341772537,1.4444366582274633
2024-12-18,SKU_46,WH_2,26,23.87,22.292834809359633,3.7071651906403673
2024-12-19,SKU_46,WH_2,18,21.44,19.210286078819763,1.2102860788197631
2024-12-20,SKU_46,WH_2,19,16.3,15.344964192611114,3.6550358073888862
2024-12-21,SKU_46,WH_2,24,21.37,19.181810834693373,4.818189165306627
2024-12-22,SKU_46,WH_2,14,12.97,12.812381160796786,1.187618839203214
2024-12-23,SKU_46,WH_2,22,22.49,20.099662460019623,1.9003375399803772
2024-12-24,SKU_46,WH_2,12,8.92,10.07217134322601,1.9278286567739897
2024-12-25,SKU_46,WH_2,20,22.74,20.342655094083742,0.3426550940837423
2024-12-26,SKU_46,WH_2,14,12.63,12.669785514649657,1.3302144853503428
2024-12-27,SKU_46,WH_2,19,19.25,17.583644614154107,1.4163553858458933
2024-12-28,SKU_46,WH_2,18,19.61,19.033871299335893,1.0338712993358925
2024-12-29,SKU_46,WH_2,23,26.25,22.978430726731077,0.02156927326892344
2024-12-30,SKU_46,WH_2,20,23.77,22.109695964434703,2.109695964434703
2024-11-10,SKU_46,WH_3,1,1.81,3.8884892981539,2.8884892981539
2024-11-11,SKU_46,WH_3,12,7.1,8.15310730517208,3.84689269482792
2024-11-12,SKU_46,WH_3,15,14.34,13.321211008171343,1.6787889918286574
2024-11-13,SKU_46,WH_3,8,6.86,7.608045144267927,0.3919548557320729
2024-11-14,SKU_46,WH_3,24,26.53,22.845386911590147,1.154613088409853
2024-11-15,SKU_46,WH_3,14,14.13,13.150803658610702,0.8491963413892982
2024-11-16,SKU_46,WH_3,8,5.98,7.069509342303125,0.9304906576968746
2024-11-17,SKU_46,WH_3,8,2.98,4.836156263117153,3.163843736882847
2024-11-18,SKU_46,WH_3,16,15.72,15.450308707092196,0.5496912929078039
2024-11-19,SKU_46,WH_3,25,25.43,21.668329855464403,3.3316701445355967
2024-11-20,SKU_46,WH_3,10,9.33,9.795048065525291,0.2049519344747086
2024-11-21,SKU_46,WH_3,2,1.43,3.2862040308287743,1.2862040308287743
2024-11-22,SKU_46,WH_3,11,17.8,15.95600352886282,4.956003528862819
2024-11-23,SKU_46,WH_3,18,18.2,16.141875216652338,1.8581247833476624
2024-11-24,SKU_46,WH_3,8,10.22,10.357801287992519,2.357801287992519
2024-11-25,SKU_46,WH_3,9,13.08,12.378810275136125,3.378810275136125
2024-11-26,SKU_46,WH_3,18,18.79,16.57070489893239,1.4292951010676092
2024-11-27,SKU_46,WH_3,11,14.59,13.340754947725099,2.340754947725099
2024-11-28,SKU_46,WH_3,9,10.81,10.699891475276246,1.699891475276246
2024-11-29,SKU_46,WH_3,12,11.67,11.111666241127736,0.888333758872264
2024-11-30,SKU_46,WH_3,14,10.75,10.712136888007246,3.2878631119927544
2024-12-01,SKU_46,WH_3,16,17.81,16.235947817577575,0.23594781757757488
2024-12-02,SKU_46,WH_3,13,16.5,15.130139396954837,2.130139396954837
2024-12-03,SKU_46,WH_3,15,15.61,14.666989602920255,0.3330103970797449
2024-12-04,SKU_46,WH_3,14,13.79,13.112078630935015,0.8879213690649852
2024-12-05,SKU_46,WH_3,15,18.17,16.29599531313396,1.295995313133961
2024-12-06,SKU_46,WH_3,19,22.65,19.943951599866153,0.9439515998661534
2024-12-07,SKU_46,WH_3,14,15.91,15.027148071982408,1.027148071982408
2024-12-08,SKU_46,WH_3,22,25.42,21.89709918577549,0.10290081422450825
2024-12-09,SKU_46,WH_3,14,16.53,15.415776214739365,1.415776214739365
2024-12-10,SKU_46,WH_3,15,14.47,13.667398687868726,1.332601312131274
2024-12-11,SKU_46,WH_3,16,15.23,14.472806818527145,1.527193181472855
2024-12-12,SKU_46,WH_3,7,12.33,12.204204226246445,5.2042042262464445
2024-12-13,SKU_46,WH_3,19,24.17,21.14441696879484,2.1444169687948396
2024-12-14,SKU_46,WH_3,14,10.52,11.07082171198895,2.92917828801105
2024-12-15,SKU_46,WH_3,26,23.33,20.43923319687442,5.560766803125581
2024-12-16,SKU_46,WH_3,27,26.96,24.906523652587435,2.0934763474125653
2024-12-17,SKU_46,WH_3,17,17.73,16.200081217705105,0.7999187822948954
2024-12-18,SKU_46,WH_3,24,27.5,23.69657671786197,0.3034232821380307
2024-12-19,SKU_46,WH_3,16,16.9,15.6643015550362,0.33569844496379986
2024-12-20,SKU_46,WH_3,17,15.78,15.136994804462269,1.8630051955377311
2024-12-21,SKU_46,WH_3,20,19.06,17.370885070588717,2.6291149294112834
2024-12-22,SKU_46,WH_3,29,27.94,24.245021943981843,4.754978056018157
2024-12-23,SKU_46,WH_3,15,12.17,12.5083539155182,2.4916460844818005
2024-12-24,SKU_46,WH_3,21,28.15,24.53916825586716,3.5391682558671604
2024-12-25,SKU_46,WH_3,23,25.77,22.78437756835614,0.21562243164386174
2024-12-26,SKU_46,WH_3,7,8.43,9.771372818263062,2.771372818263062
2024-12-27,SKU_46,WH_3,19,19.45,17.78136231868083,1.2186376813191693
2024-12-28,SKU_46,WH_3,18,19.86,18.243525463680943,0.24352546368094252
2024-12-29,SKU_46,WH_3,16,20.55,18.547992006067773,2.5479920060677728
2024-12-30,SKU_46,WH_3,18,16.65,16.38774111773078,1.61225888226922
2024-11-10,SKU_46,WH_4,17,17.53,15.85315804356581,1.1468419564341907
2024-11-11,SKU_46,WH_4,5,1.79,3.9060611965711574,1.0939388034288426
2024-11-12,SKU_46,WH_4,9,5.2,6.577582993781072,2.422417006218928
2024-11-13,SKU_46,WH_4,19,13.28,12.606866506648657,6.393133493351343
2024-11-14,SKU_46,WH_4,14,13.97,13.19298502414182,0.8070149758581806
2024-11-15,SKU_46,WH_4,9,3.03,4.789256294346342,4.210743705653658
2024-11-16,SKU_46,WH_4,12,8.51,9.004448613524763,2.9955513864752366
2024-11-17,SKU_46,WH_4,13,13.69,12.852155401212723,0.14784459878727674
2024-11-18,SKU_46,WH_4,15,11.41,11.138213397534262,3.861786602465738
2024-11-19,SKU_46,WH_4,19,17.12,15.360518877575135,3.639481122424865
2024-11-20,SKU_46,WH_4,15,12.53,11.94985884446765,3.0501411555323497
2024-11-21,SKU_46,WH_4,22,15.53,14.38903372358562,7.610966276414381
2024-11-22,SKU_46,WH_4,18,18.73,16.606910131541436,1.3930898684585635
2024-11-23,SKU_46,WH_4,20,20.08,17.890191992825667,2.1098080071743333
2024-11-24,SKU_46,WH_4,7,7.38,8.454418782895374,1.4544187828953739
2024-11-25,SKU_46,WH_4,13,12.12,11.791737342143541,1.2082626578564586
2024-11-26,SKU_46,WH_4,14,17.11,15.521385715736727,1.5213857157367272
2024-11-27,SKU_46,WH_4,13,11.62,11.250485005534173,1.7495149944658266
2024-11-28,SKU_46,WH_4,18,24.48,21.144333184618333,3.1443331846183327
2024-11-29,SKU_46,WH_4,17,15.91,14.819539380092156,2.1804606199078442
2024-11-30,SKU_46,WH_4,10,8.58,9.240810625231477,0.759189374768523
2024-12-01,SKU_46,WH_4,18,17.12,15.787831333570178,2.2121686664298217
2024-12-02,SKU_46,WH_4,15,9.85,10.477658520488626,4.522341479511374
2024-12-03,SKU_46,WH_4,8,5.64,7.459085263181589,0.5409147368184106
2024-12-04,SKU_46,WH_4,19,16.34,16.096687841237085,2.9033121587629154
2024-12-05,SKU_46,WH_4,13,13.52,13.166783896337446,0.16678389633744573
2024-12-06,SKU_46,WH_4,24,24.12,21.286497192811296,2.7135028071887035
2024-12-07,SKU_46,WH_4,11,3.8,6.352722795262318,4.647277204737682
2024-12-08,SKU_46,WH_4,13,12.54,12.412497746074548,0.587502253925452
2024-12-09,SKU_46,WH_4,19,14.89,14.202619997453592,4.797380002546408
2024-12-10,SKU_46,WH_4,20,16.97,16.607756332664664,3.392243667335336
2024-12-11,SKU_46,WH_4,18,19.49,17.846398843300328,0.153601156699672
2024-12-12,SKU_46,WH_4,12,12.79,12.589462010190012,0.5894620101900117
2024-12-13,SKU_46,WH_4,19,18.78,18.15203883434421,0.8479611656557893
2024-12-14,SKU_46,WH_4,20,23.28,20.629138882395644,0.6291388823956439
2024-12-15,SKU_46,WH_4,12,12.49,12.382478628525769,0.3824786285257691
2024-12-16,SKU_46,WH_4,23,25.2,21.868036957273024,1.1319630427269765
2024-12-17,SKU_46,WH_4,17,19.18,17.48353893765354,0.4835389376535417
2024-12-18,SKU_46,WH_4,21,25.79,22.570149397761877,1.5701493977618775
2024-12-19,SKU_46,WH_4,21,17.15,15.96462008706839,5.03537991293161
2024-12-20,SKU_46,WH_4,25,26.13,22.797800815777293,2.2021991842227067
2024-12-21,SKU_46,WH_4,10,12.4,12.488313813762183,2.4883138137621827
2024-12-22,SKU_46,WH_4,14,9.6,10.332224744667212,3.6677752553327885
2024-12-23,SKU_46,WH_4,26,25.02,23.210158125879165,2.7898418741208353
2024-12-24,SKU_46,WH_4,22,18.83,17.131713663227487,4.868286336772513
2024-12-25,SKU_46,WH_4,19,17.52,16.415519792931082,2.5844802070689177
2024-12-26,SKU_46,WH_4,23,25.32,22.319754388550116,0.6802456114498838
2024-12-27,SKU_46,WH_4,13,12.25,12.45838503043656,0.5416149695634402
2024-12-28,SKU_46,WH_4,17,25.62,22.556921393988777,5.556921393988777
2024-12-29,SKU_46,WH_4,20,19.68,17.999762012432814,2.0002379875671856
2024-12-30,SKU_46,WH_4,19,22.45,21.266633251842148,2.2666332518421477
2024-11-10,SKU_46,WH_5,2,5.24,6.976256574201867,4.976256574201867
2024-11-11,SKU_46,WH_5,13,14.51,13.349259319551773,0.3492593195517735
2024-11-12,SKU_46,WH_5,0,0.0,2.5188483853747328,2.5188483853747328
2024-11-13,SKU_46,WH_5,4,3.45,5.285766146356053,1.2857661463560532
2024-11-14,SKU_46,WH_5,16,16.17,14.846239248880421,1.153760751119579
2024-11-15,SKU_46,WH_5,8,5.05,6.448520034516328,1.5514799654836722
2024-11-16,SKU_46,WH_5,15,11.81,11.399354699474454,3.600645300525546
2024-11-17,SKU_46,WH_5,16,16.06,14.729616515796817,1.2703834842031831
2024-11-18,SKU_46,WH_5,19,15.99,14.739974434140494,4.260025565859506
2024-11-19,SKU_46,WH_5,18,21.38,18.5796850407868,0.5796850407867993
2024-11-20,SKU_46,WH_5,11,12.1,11.718272680008516,0.718272680008516
2024-11-21,SKU_46,WH_5,13,18.19,15.996312998943607,2.9963129989436066
2024-11-22,SKU_46,WH_5,13,15.69,14.589098102627176,1.589098102627176
2024-11-23,SKU_46,WH_5,14,16.06,14.81304757884429,0.8130475788442908
2024-11-24,SKU_46,WH_5,16,13.0,12.771949966401808,3.2280500335981923
2024-11-25,SKU_46,WH_5,3,2.13,3.872190073947685,0.8721900739476851
2024-11-26,SKU_46,WH_5,24,21.08,18.273755196839907,5.7262448031600925
2024-11-27,SKU_46,WH_5,15,13.55,12.69110256798833,2.308897432011671
2024-11-28,SKU_46,WH_5,10,12.78,12.211816888842906,2.2118168888429057
2024-11-29,SKU_46,WH_5,23,17.89,16.01871413928159,6.981285860718408
2024-11-30,SKU_46,WH_5,15,16.48,15.954138555533827,0.9541385555338273
2024-12-01,SKU_46,WH_5,13,9.48,10.053549196265624,2.9464508037343755
2024-12-02,SKU_46,WH_5,7,7.09,8.557565321716247,1.5575653217162468
2024-12-03,SKU_46,WH_5,17,13.92,13.32342856693989,3.6765714330601096
2024-12-04,SKU_46,WH_5,8,5.33,7.091567764974807,0.9084322350251934
2024-12-05,SKU_46,WH_5,10,10.92,11.032529972717738,1.0325299727177377
2024-12-06,SKU_46,WH_5,8,9.45,9.898861281936847,1.8988612819368473
2024-12-07,SKU_46,WH_5,18,14.16,13.288963105658082,4.711036894341918
2024-12-08,SKU_46,WH_5,12,5.33,7.0813566772076815,4.9186433227923185
2024-12-09,SKU_46,WH_5,11,15.11,14.106717659632427,3.1067176596324266
2024-12-10,SKU_46,WH_5,11,16.45,15.98070982876574,4.98070982876574
2024-12-11,SKU_46,WH_5,9,9.53,9.953277072273357,0.953277072273357
2024-12-12,SKU_46,WH_5,16,16.0,14.945627701357322,1.0543722986426776
2024-12-13,SKU_46,WH_5,18,17.84,16.142964894595472,1.8570351054045275
2024-12-14,SKU_46,WH_5,20,18.56,17.898638667009873,2.101361332990127
2024-12-15,SKU_46,WH_5,13,15.96,14.910754453206769,1.9107544532067688
2024-12-16,SKU_46,WH_5,14,13.75,13.024843738280259,0.9751562617197411
2024-12-17,SKU_46,WH_5,24,22.51,19.737276923838536,4.262723076161464
2024-12-18,SKU_46,WH_5,15,8.86,9.538862607514197,5.461137392485803
2024-12-19,SKU_46,WH_5,24,25.61,22.28496113336193,1.7150388666380714
2024-12-20,SKU_46,WH_5,21,21.92,19.55270946575039,1.4472905342496105
2024-12-21,SKU_46,WH_5,16,16.46,16.14469869789691,0.14469869789691003
2024-12-22,SKU_46,WH_5,22,21.94,19.58820336024595,2.4117966397540513
2024-12-23,SKU_46,WH_5,22,21.45,20.36552371120147,1.6344762887985311
2024-12-24,SKU_46,WH_5,28,35.17,31.090545086319857,3.0905450863198567
2024-12-25,SKU_46,WH_5,23,24.39,21.635082865144497,1.364917134855503
2024-12-26,SKU_46,WH_5,19,22.14,20.122310188265732,1.1223101882657325
2024-12-27,SKU_46,WH_5,24,25.76,22.783823945018675,1.2161760549813252
2024-12-28,SKU_46,WH_5,12,12.44,12.753454515024131,0.7534545150241314
2024-12-29,SKU_46,WH_5,16,19.96,18.351331840426646,2.3513318404266457
2024-12-30,SKU_46,WH_5,17,13.15,13.939926781049424,3.060073218950576
2024-11-10,SKU_47,WH_1,18,19.27,17.069025586946434,0.9309744130535655
2024-11-11,SKU_47,WH_1,2,0.0,2.506972689530719,0.506972689530719
2024-11-12,SKU_47,WH_1,10,8.1,8.49970477593508,1.5002952240649208
2024-11-13,SKU_47,WH_1,8,7.03,8.124282303366487,0.1242823033664866
2024-11-14,SKU_47,WH_1,12,13.22,12.54757640367902,0.5475764036790203
2024-11-15,SKU_47,WH_1,12,11.5,11.123797888466042,0.8762021115339582
2024-11-16,SKU_47,WH_1,18,16.35,15.704956880121163,2.2950431198788372
2024-11-17,SKU_47,WH_1,11,13.21,12.580533581090215,1.580533581090215
2024-11-18,SKU_47,WH_1,14,13.93,13.066854118982096,0.9331458810179036
2024-11-19,SKU_47,WH_1,10,5.66,6.947376422854962,3.052623577145038
2024-11-20,SKU_47,WH_1,17,14.48,13.289925654713127,3.7100743452868734
2024-11-21,SKU_47,WH_1,20,22.95,19.83446702037104,0.16553297962895996
2024-11-22,SKU_47,WH_1,13,14.78,13.727722215164182,0.7277222151641816
2024-11-23,SKU_47,WH_1,21,18.68,16.62359054827228,4.376409451727721
2024-11-24,SKU_47,WH_1,18,22.54,19.592436960134425,1.5924369601344246
2024-11-25,SKU_47,WH_1,18,17.68,15.850275863194598,2.1497241368054016
2024-11-26,SKU_47,WH_1,19,19.84,17.706433136955198,1.293566863044802
2024-11-27,SKU_47,WH_1,10,12.18,11.934349868490935,1.9343498684909353
2024-11-28,SKU_47,WH_1,19,19.38,17.287868612539576,1.712131387460424
2024-11-29,SKU_47,WH_1,9,10.03,10.274501893790342,1.274501893790342
2024-11-30,SKU_47,WH_1,13,6.99,7.834668390113698,5.165331609886302
2024-12-01,SKU_47,WH_1,16,16.25,15.243559388297147,0.7564406117028533
2024-12-02,SKU_47,WH_1,10,8.71,9.635503224959193,0.36449677504080746
2024-12-03,SKU_47,WH_1,24,23.74,22.33347488407222,1.6665251159277794
2024-12-04,SKU_47,WH_1,18,19.41,17.494997785191266,0.5050022148087336
2024-12-05,SKU_47,WH_1,23,26.12,22.590300480427732,0.4096995195722677
2024-12-06,SKU_47,WH_1,11,8.05,9.03484712806909,1.9651528719309095
2024-12-07,SKU_47,WH_1,27,32.25,29.196211706779792,2.196211706779792
2024-12-08,SKU_47,WH_1,13,12.42,12.286157209777548,0.7138427902224525
2024-12-09,SKU_47,WH_1,30,27.07,23.44947029199123,6.550529708008771
2024-12-10,SKU_47,WH_1,18,21.27,19.26468930795288,1.2646893079528816
2024-12-11,SKU_47,WH_1,17,17.24,16.098803119707103,0.9011968802928969
2024-12-12,SKU_47,WH_1,16,19.99,18.333447759495233,2.3334477594952325
2024-12-13,SKU_47,WH_1,23,22.58,20.219109694243386,2.780890305756614
2024-12-14,SKU_47,WH_1,17,14.89,14.414625399206836,2.5853746007931644
2024-12-15,SKU_47,WH_1,17,18.76,17.09994563759984,0.09994563759984132
2024-12-16,SKU_47,WH_1,26,21.07,19.00335330610999,6.9966466938900105
2024-12-17,SKU_47,WH_1,19,25.47,22.333434279518123,3.333434279518123
2024-12-18,SKU_47,WH_1,26,32.04,29.413052810513882,3.413052810513882
2024-12-19,SKU_47,WH_1,19,17.35,16.2599543123034,2.7400456876966004
2024-12-20,SKU_47,WH_1,19,19.01,17.651355253949866,1.3486447460501338
2024-12-21,SKU_47,WH_1,16,14.1,13.869199024646681,2.130800975353319
2024-12-22,SKU_47,WH_1,17,17.08,16.158163332625282,0.841836667374718
2024-12-23,SKU_47,WH_1,18,11.97,12.235265013134365,5.764734986865635
2024-12-24,SKU_47,WH_1,10,10.7,11.410279945578775,1.4102799455787753
2024-12-25,SKU_47,WH_1,17,18.38,16.712793549741846,0.2872064502581537
2024-12-26,SKU_47,WH_1,21,17.94,16.58056835508047,4.4194316449195306
2024-12-27,SKU_47,WH_1,20,22.62,20.111334272639635,0.11133427263963469
2024-12-28,SKU_47,WH_1,14,20.16,18.392080654237766,4.392080654237766
2024-12-29,SKU_47,WH_1,23,16.3,16.26330327585074,6.736696724149262
2024-12-30,SKU_47,WH_1,18,16.23,16.289844324128754,1.7101556758712455
2024-11-10,SKU_47,WH_2,11,9.81,10.164695391918599,0.8353046080814011
2024-11-11,SKU_47,WH_2,9,11.72,11.327456411991452,2.3274564119914523
2024-11-12,SKU_47,WH_2,12,6.27,7.164852351521711,4.835147648478289
2024-11-13,SKU_47,WH_2,10,6.86,7.653958633728905,2.346041366271095
2024-11-14,SKU_47,WH_2,18,14.74,13.725261160666527,4.274738839333473
2024-11-15,SKU_47,WH_2,16,11.58,11.810359081172535,4.189640918827465
2024-11-16,SKU_47,WH_2,10,9.71,9.983305909272817,0.01669409072718331
2024-11-17,SKU_47,WH_2,14,19.88,17.631441012736627,3.6314410127366266
2024-11-18,SKU_47,WH_2,10,8.48,9.05871972639016,0.9412802736098396
2024-11-19,SKU_47,WH_2,5,4.09,5.772453513656248,0.7724535136562478
2024-11-20,SKU_47,WH_2,17,22.8,19.7965647771215,2.7965647771214996
2024-11-21,SKU_47,WH_2,9,4.43,6.116960773484455,2.883039226515545
2024-11-22,SKU_47,WH_2,10,15.36,14.13262094659928,4.13262094659928
2024-11-23,SKU_47,WH_2,9,7.84,8.61486993295886,0.38513006704114083
2024-11-24,SKU_47,WH_2,8,11.5,11.176842516119684,3.1768425161196845
2024-11-25,SKU_47,WH_2,15,15.61,14.496038302796011,0.5039616972039891
2024-11-26,SKU_47,WH_2,7,9.08,9.44238986819478,2.4423898681947804
2024-11-27,SKU_47,WH_2,14,9.5,9.75532256921629,4.24467743078371
2024-11-28,SKU_47,WH_2,13,8.64,9.20569163846123,3.7943083615387696
2024-11-29,SKU_47,WH_2,15,13.2,12.608753379822494,2.3912466201775064
2024-11-30,SKU_47,WH_2,10,14.51,13.354232563689099,3.3542325636890986
2024-12-01,SKU_47,WH_2,7,10.7,11.00498105985683,4.00498105985683
2024-12-02,SKU_47,WH_2,10,10.89,11.140741726985935,1.1407417269859348
2024-12-03,SKU_47,WH_2,15,15.92,14.954740449447792,0.04525955055220798
2024-12-04,SKU_47,WH_2,14,14.9,13.909461029649286,0.09053897035071401
2024-12-05,SKU_47,WH_2,14,11.14,11.161556798670995,2.838443201329005
2024-12-06,SKU_47,WH_2,15,17.19,15.708784868994657,0.7087848689946572
2024-12-07,SKU_47,WH_2,11,10.9,11.74258115866573,0.7425811586657307
2024-12-08,SKU_47,WH_2,12,18.49,16.57643300298986,4.576433002989859
2024-12-09,SKU_47,WH_2,20,17.46,15.98769176788481,4.01230823211519
2024-12-10,SKU_47,WH_2,12,9.74,10.311260941174721,1.6887390588252789
2024-12-11,SKU_47,WH_2,14,17.58,16.01622623535544,2.0162262353554397
2024-12-12,SKU_47,WH_2,15,14.31,13.462991600595881,1.5370083994041188
2024-12-13,SKU_47,WH_2,20,20.99,18.421121984559896,1.5788780154401039
2024-12-14,SKU_47,WH_2,8,4.43,6.450392548300533,1.5496074516994671
2024-12-15,SKU_47,WH_2,13,14.59,13.621943904408749,0.6219439044087487
2024-12-16,SKU_47,WH_2,25,25.28,21.606571991432943,3.3934280085670565
2024-12-17,SKU_47,WH_2,20,22.12,19.511093227044206,0.48890677295579366
2024-12-18,SKU_47,WH_2,19,18.16,16.307828569716655,2.692171430283345
2024-12-19,SKU_47,WH_2,18,17.02,15.642445394681802,2.3575546053181977
2024-12-20,SKU_47,WH_2,15,13.28,12.902406763409868,2.097593236590132
2024-12-21,SKU_47,WH_2,9,6.51,7.804734110235951,1.1952658897640491
2024-12-22,SKU_47,WH_2,19,18.17,17.439787344214743,1.5602126557852571
2024-12-23,SKU_47,WH_2,26,25.83,23.996464914450517,2.0035350855494833
2024-12-24,SKU_47,WH_2,22,22.94,20.223616360802364,1.7763836391976362
2024-12-25,SKU_47,WH_2,12,10.97,11.236656393294789,0.7633436067052113
2024-12-26,SKU_47,WH_2,14,19.45,17.551494356410295,3.551494356410295
2024-12-27,SKU_47,WH_2,15,11.78,12.360509667162887,2.639490332837113
2024-12-28,SKU_47,WH_2,12,8.01,8.984718444209793,3.0152815557902066
2024-12-29,SKU_47,WH_2,24,24.3,21.384175531644438,2.6158244683555623
2024-12-30,SKU_47,WH_2,23,18.62,17.867368918713034,5.132631081286966
2024-11-10,SKU_47,WH_3,7,7.58,8.58587027180383,1.5858702718038291
2024-11-11,SKU_47,WH_3,26,24.9,23.065892966315346,2.934107033684654
2024-11-12,SKU_47,WH_3,9,5.62,7.072328632157754,1.9276713678422457
2024-11-13,SKU_47,WH_3,14,10.18,10.360519823571243,3.6394801764287568
2024-11-14,SKU_47,WH_3,6,9.66,9.866454996063554,3.8664549960635544
2024-11-15,SKU_47,WH_3,5,11.97,11.55732549778108,6.557325497781081
2024-11-16,SKU_47,WH_3,15,16.32,14.898097732098607,0.10190226790139256
2024-11-17,SKU_47,WH_3,9,7.69,8.52530016622155,0.47469983377845004
2024-11-18,SKU_47,WH_3,18,17.4,15.736149646761977,2.2638503532380234
2024-11-19,SKU_47,WH_3,11,8.9,9.376301963890379,1.6236980361096212
2024-11-20,SKU_47,WH_3,8,4.62,6.149469909208526,1.850530090791474
2024-11-21,SKU_47,WH_3,14,10.05,10.097126478370482,3.902873521629518
2024-11-22,SKU_47,WH_3,16,9.16,9.784077409770177,6.215922590229823
2024-11-23,SKU_47,WH_3,13,14.07,13.114364887526003,0.11436488752600305
2024-11-24,SKU_47,WH_3,9,9.66,9.858454061643439,0.8584540616434388
2024-11-25,SKU_47,WH_3,12,15.6,14.408941308562621,2.4089413085626212
2024-11-26,SKU_47,WH_3,17,15.4,14.13956963598851,2.8604303640114903
2024-11-27,SKU_47,WH_3,8,14.0,13.086914420364826,5.086914420364826
2024-11-28,SKU_47,WH_3,12,11.88,11.438798008178082,0.5612019918219175
2024-11-29,SKU_47,WH_3,13,13.53,12.724270475610233,0.2757295243897673
2024-11-30,SKU_47,WH_3,20,18.58,17.661535741468956,2.338464258531044
2024-12-01,SKU_47,WH_3,14,13.37,12.846254564520795,1.1537454354792054
2024-12-02,SKU_47,WH_3,7,1.31,3.680697388788902,3.319302611211098
2024-12-03,SKU_47,WH_3,11,15.12,14.186690861269357,3.1866908612693567
2024-12-04,SKU_47,WH_3,18,17.82,17.394711697857034,0.6052883021429665
2024-12-05,SKU_47,WH_3,11,17.93,16.257672795038527,5.257672795038527
2024-12-06,SKU_47,WH_3,19,21.09,18.57906995718459,0.42093004281541013
2024-12-07,SKU_47,WH_3,15,16.93,15.587374898567715,0.587374898567715
2024-12-08,SKU_47,WH_3,14,18.25,16.31657047509404,2.3165704750940392
2024-12-09,SKU_47,WH_3,23,19.53,17.554287819398258,5.445712180601742
2024-12-10,SKU_47,WH_3,17,9.05,9.815046989309161,7.184953010690839
2024-12-11,SKU_47,WH_3,14,11.19,11.331907873971815,2.668092126028185
2024-12-12,SKU_47,WH_3,12,10.85,11.039796006816815,0.9602039931831854
2024-12-13,SKU_47,WH_3,12,8.88,9.734656349522835,2.265343650477165
2024-12-14,SKU_47,WH_3,21,22.71,20.00272803998091,0.9972719600190914
2024-12-15,SKU_47,WH_3,23,25.46,21.98293782969606,1.0170621703039409
2024-12-16,SKU_47,WH_3,30,32.09,26.964431724221296,3.0355682757787044
2024-12-17,SKU_47,WH_3,15,14.55,13.80990566478939,1.1900943352106097
2024-12-18,SKU_47,WH_3,21,22.56,20.089200563467653,0.9107994365323471
2024-12-19,SKU_47,WH_3,28,31.85,27.099646272550824,0.9003537274491755
2024-12-20,SKU_47,WH_3,25,28.38,24.745278993998944,0.2547210060010556
2024-12-21,SKU_47,WH_3,17,14.09,14.011767663513826,2.988232336486174
2024-12-22,SKU_47,WH_3,13,16.98,16.157365938463126,3.1573659384631263
2024-12-23,SKU_47,WH_3,24,20.4,18.77745121264637,5.222548787353631
2024-12-24,SKU_47,WH_3,26,28.86,24.930690060368548,1.0693099396314523
2024-12-25,SKU_47,WH_3,18,14.19,13.988754166502517,4.011245833497483
2024-12-26,SKU_47,WH_3,18,20.02,18.47287025610992,0.47287025610992117
2024-12-27,SKU_47,WH_3,21,19.11,17.64433802345907,3.3556619765409295
2024-12-28,SKU_47,WH_3,22,21.53,19.421598205005125,2.5784017949948748
2024-12-29,SKU_47,WH_3,15,19.04,17.61877584990165,2.618775849901649
2024-12-30,SKU_47,WH_3,26,23.12,21.831821060319722,4.168178939680278
2024-11-10,SKU_47,WH_4,11,13.81,13.00447090238813,2.00447090238813
2024-11-11,SKU_47,WH_4,20,22.68,21.21319989291953,1.2131998929195298
2024-11-12,SKU_47,WH_4,7,11.65,11.273704405124533,4.273704405124533
2024-11-13,SKU_47,WH_4,12,16.11,14.882291422112687,2.8822914221126865
2024-11-14,SKU_47,WH_4,19,26.49,22.546925659555377,3.5469256595553773
2024-11-15,SKU_47,WH_4,21,18.74,16.637254552536916,4.362745447463084
2024-11-16,SKU_47,WH_4,12,11.03,10.99708833965657,1.0029116603434307
2024-11-17,SKU_47,WH_4,6,2.85,4.99720231195033,1.0027976880496698
2024-11-18,SKU_47,WH_4,16,19.05,16.855489192736684,0.8554891927366839
2024-11-19,SKU_47,WH_4,27,25.33,23.42110331044245,3.578896689557549
2024-11-20,SKU_47,WH_4,14,12.01,11.679072033860896,2.320927966139104
2024-11-21,SKU_47,WH_4,11,12.03,11.687366172507062,0.6873661725070619
2024-11-22,SKU_47,WH_4,16,12.46,12.135294593206575,3.8647054067934246
2024-11-23,SKU_47,WH_4,10,9.11,9.932226728356792,0.06777327164320823
2024-11-24,SKU_47,WH_4,13,16.31,15.016310371444263,2.0163103714442627
2024-11-25,SKU_47,WH_4,9,5.44,7.060152080443732,1.939847919556268
2024-11-26,SKU_47,WH_4,16,15.63,14.541748667533883,1.4582513324661175
2024-11-27,SKU_47,WH_4,7,5.49,7.070931217880949,0.0709312178809487
2024-11-28,SKU_47,WH_4,20,20.2,19.090886928356486,0.9091130716435138
2024-11-29,SKU_47,WH_4,11,10.81,10.858915117102473,0.14108488289752685
2024-11-30,SKU_47,WH_4,15,11.66,11.18111940204678,3.8188805979532194
2024-12-01,SKU_47,WH_4,17,16.52,15.354828017501195,1.6451719824988054
2024-12-02,SKU_47,WH_4,18,16.59,16.352348983268957,1.647651016731043
2024-12-03,SKU_47,WH_4,18,20.73,18.553499842719628,0.5534998427196278
2024-12-04,SKU_47,WH_4,18,21.55,19.093116702951672,1.0931167029516722
2024-12-05,SKU_47,WH_4,20,19.04,17.31426793100038,2.68573206899962
2024-12-06,SKU_47,WH_4,8,5.94,7.546149450117568,0.4538505498824321
2024-12-07,SKU_47,WH_4,14,15.77,15.09594261546457,1.0959426154645708
2024-12-08,SKU_47,WH_4,21,20.18,18.3157186358093,2.6842813641906993
2024-12-09,SKU_47,WH_4,17,12.54,12.441668535353303,4.558331464646697
2024-12-10,SKU_47,WH_4,16,13.3,13.043911895516457,2.956088104483543
2024-12-11,SKU_47,WH_4,24,21.99,19.69813292402794,4.3018670759720585
2024-12-12,SKU_47,WH_4,18,12.65,12.551103435403101,5.4488965645968985
2024-12-13,SKU_47,WH_4,12,19.48,17.83145427813643,5.83145427813643
2024-12-14,SKU_47,WH_4,24,27.74,25.83705515895734,1.837055158957341
2024-12-15,SKU_47,WH_4,8,9.18,10.298782706547756,2.2987827065477564
2024-12-16,SKU_47,WH_4,26,27.55,25.38483486504574,0.6151651349542604
2024-12-17,SKU_47,WH_4,18,11.03,11.36250856399392,6.63749143600608
2024-12-18,SKU_47,WH_4,16,14.57,13.680292767268819,2.319707232731181
2024-12-19,SKU_47,WH_4,13,8.94,9.934593763670179,3.065406236329821
2024-12-20,SKU_47,WH_4,12,11.09,11.33698594502785,0.6630140549721499
2024-12-21,SKU_47,WH_4,23,21.98,20.853622829271018,2.1463771707289823
2024-12-22,SKU_47,WH_4,28,34.51,28.567796321527183,0.5677963215271831
2024-12-23,SKU_47,WH_4,19,17.71,16.397528052126123,2.6024719478738767
2024-12-24,SKU_47,WH_4,16,14.33,13.751220164613109,2.248779835386891
2024-12-25,SKU_47,WH_4,24,26.16,22.977375030591798,1.0226249694082021
2024-12-26,SKU_47,WH_4,25,23.1,20.623690282506516,4.376309717493484
2024-12-27,SKU_47,WH_4,10,5.05,7.319932989102774,2.6800670108972264
2024-12-28,SKU_47,WH_4,15,18.3,16.79456080662988,1.7945608066298817
2024-12-29,SKU_47,WH_4,13,11.42,11.696249319886274,1.3037506801137262
2024-12-30,SKU_47,WH_4,20,23.02,21.4118595610114,1.4118595610114006
2024-11-10,SKU_47,WH_5,0,2.13,3.9198879039767656,3.9198879039767656
2024-11-11,SKU_47,WH_5,16,11.14,11.054377200576166,4.945622799423834
2024-11-12,SKU_47,WH_5,15,15.45,15.281631174836779,0.2816311748367788
2024-11-13,SKU_47,WH_5,6,0.0,2.5002042424336315,3.4997957575663685
2024-11-14,SKU_47,WH_5,9,1.99,3.9359635680231304,5.06403643197687
2024-11-15,SKU_47,WH_5,16,22.27,19.39506740126476,3.395067401264761
2024-11-16,SKU_47,WH_5,13,11.2,11.01558656209136,1.9844134379086409
2024-11-17,SKU_47,WH_5,10,11.62,11.232871867799094,1.2328718677990942
2024-11-18,SKU_47,WH_5,6,6.49,7.405798222155095,1.405798222155095
2024-11-19,SKU_47,WH_5,12,12.99,12.217950156351225,0.2179501563512254
2024-11-20,SKU_47,WH_5,15,13.99,13.152869207905685,1.8471307920943154
2024-11-21,SKU_47,WH_5,23,18.75,17.689777613289145,5.310222386710855
2024-11-22,SKU_47,WH_5,16,11.88,11.466980372401967,4.5330196275980335
2024-11-23,SKU_47,WH_5,6,3.2,5.278034599813092,0.7219654001869076
2024-11-24,SKU_47,WH_5,9,3.01,4.8301018827468525,4.1698981172531475
2024-11-25,SKU_47,WH_5,13,12.65,12.228997703831478,0.7710022961685219
2024-11-26,SKU_47,WH_5,17,16.77,15.160932668859676,1.839067331140324
2024-11-27,SKU_47,WH_5,17,16.57,15.008785756591347,1.9912142434086526
2024-11-28,SKU_47,WH_5,11,9.89,10.130808621815893,0.869191378184107
2024-11-29,SKU_47,WH_5,12,18.84,16.640768276987494,4.640768276987494
2024-11-30,SKU_47,WH_5,21,22.06,19.26888752688188,1.7311124731181202
2024-12-01,SKU_47,WH_5,16,10.75,10.995194019390913,5.0048059806090865
2024-12-02,SKU_47,WH_5,14,19.0,17.020250893145963,3.0202508931459633
2024-12-03,SKU_47,WH_5,20,23.75,20.75187350671424,0.7518735067142401
2024-12-04,SKU_47,WH_5,4,6.66,7.7431236028205985,3.7431236028205985
2024-12-05,SKU_47,WH_5,11,11.26,11.293872294414138,0.29387229441413787
2024-12-06,SKU_47,WH_5,14,14.69,13.623358887166175,0.3766411128338252
2024-12-07,SKU_47,WH_5,24,23.38,21.99265028680127,2.0073497131987317
2024-12-08,SKU_47,WH_5,20,21.08,18.73331444519827,1.2666855548017288
2024-12-09,SKU_47,WH_5,12,8.87,9.609704968080107,2.3902950319198926
2024-12-10,SKU_47,WH_5,19,17.26,15.849442859734062,3.1505571402659385
2024-12-11,SKU_47,WH_5,7,5.4,7.356826983721348,0.3568269837213478
2024-12-12,SKU_47,WH_5,17,15.17,14.431794247875112,2.5682057521248876
2024-12-13,SKU_47,WH_5,26,28.55,24.408939115672236,1.5910608843277636
2024-12-14,SKU_47,WH_5,21,19.42,17.591899943767388,3.4081000562326125
2024-12-15,SKU_47,WH_5,16,16.72,15.555763917736478,0.4442360822635223
2024-12-16,SKU_47,WH_5,20,21.1,18.958348704848927,1.0416512951510732
2024-12-17,SKU_47,WH_5,19,19.15,17.404883297199625,1.5951167028003752
2024-12-18,SKU_47,WH_5,19,20.13,18.25648980772157,0.7435101922784284
2024-12-19,SKU_47,WH_5,20,18.4,16.88693312804016,3.113066871959841
2024-12-20,SKU_47,WH_5,9,14.66,14.007704316525034,5.007704316525034
2024-12-21,SKU_47,WH_5,17,16.06,15.240014137440465,1.7599858625595353
2024-12-22,SKU_47,WH_5,18,15.83,15.952324784623391,2.047675215376609
2024-12-23,SKU_47,WH_5,17,21.49,19.22021875123575,2.2202187512357483
2024-12-24,SKU_47,WH_5,19,17.53,16.20312251118917,2.7968774888108285
2024-12-25,SKU_47,WH_5,29,27.97,25.8215305956073,3.1784694043927004
2024-12-26,SKU_47,WH_5,22,19.73,17.996414991146747,4.003585008853253
2024-12-27,SKU_47,WH_5,35,35.66,31.4170580021888,3.5829419978112007
2024-12-28,SKU_47,WH_5,21,20.16,18.752043677757023,2.2479563222429775
2024-12-29,SKU_47,WH_5,25,26.46,23.568928431460513,1.4310715685394868
2024-12-30,SKU_47,WH_5,26,25.09,23.33950760697919,2.66049239302081
2024-11-10,SKU_48,WH_1,20,20.87,18.177249199908697,1.8227508000913026
2024-11-11,SKU_48,WH_1,19,20.38,17.917167190932528,1.0828328090674724
2024-11-12,SKU_48,WH_1,12,9.27,9.782950932059261,2.2170490679407386
2024-11-13,SKU_48,WH_1,23,23.73,20.47586984353104,2.52413015646896
2024-11-14,SKU_48,WH_1,22,23.1,21.588366747726898,0.4116332522731021
2024-11-15,SKU_48,WH_1,12,12.82,12.252244952186121,0.2522449521861212
2024-11-16,SKU_48,WH_1,13,14.86,13.860641833020667,0.8606418330206669
2024-11-17,SKU_48,WH_1,11,11.59,11.280890055514048,0.2808900555140479
2024-11-18,SKU_48,WH_1,12,12.32,11.885479074644742,0.11452092535525793
2024-11-19,SKU_48,WH_1,6,0.78,3.395738896383075,2.604261103616925
2024-11-20,SKU_48,WH_1,10,8.4,9.035033961039776,0.9649660389602239
2024-11-21,SKU_48,WH_1,19,17.87,15.984976824886626,3.015023175113374
2024-11-22,SKU_48,WH_1,16,14.82,13.64458821611778,2.3554117838822197
2024-11-23,SKU_48,WH_1,11,10.55,10.698902987721805,0.30109701227819485
2024-11-24,SKU_48,WH_1,0,4.99,6.430118186978357,6.430118186978357
2024-11-25,SKU_48,WH_1,17,19.69,17.378309642969256,0.3783096429692563
2024-11-26,SKU_48,WH_1,19,22.17,19.220548411745384,0.22054841174538353
2024-11-27,SKU_48,WH_1,21,22.64,19.42640106522824,1.5735989347717592
2024-11-28,SKU_48,WH_1,16,16.28,14.809767023281527,1.1902329767184732
2024-11-29,SKU_48,WH_1,13,10.51,10.715060265268246,2.284939734731754
2024-11-30,SKU_48,WH_1,29,26.75,24.74377995083901,4.256220049160991
2024-12-01,SKU_48,WH_1,21,21.21,19.062956146889316,1.9370438531106835
2024-12-02,SKU_48,WH_1,12,9.2,10.3427258879893,1.6572741120107004
2024-12-03,SKU_48,WH_1,18,11.75,11.883691279921372,6.116308720078628
2024-12-04,SKU_48,WH_1,13,14.88,14.151196889742339,1.151196889742339
2024-12-05,SKU_48,WH_1,14,11.97,11.96932808540801,2.0306719145919896
2024-12-06,SKU_48,WH_1,18,18.12,16.512121268321593,1.487878731678407
2024-12-07,SKU_48,WH_1,14,14.82,14.114038241175702,0.11403824117570238
2024-12-08,SKU_48,WH_1,7,9.14,10.130412635184893,3.130412635184893
2024-12-09,SKU_48,WH_1,13,9.48,10.108285899241507,2.8917141007584934
2024-12-10,SKU_48,WH_1,23,19.76,17.899908320991294,5.100091679008706
2024-12-11,SKU_48,WH_1,14,15.83,15.06470435131568,1.0647043513156795
2024-12-12,SKU_48,WH_1,17,17.04,15.729275449319552,1.2707245506804483
2024-12-13,SKU_48,WH_1,17,10.15,10.662015994970007,6.337984005029993
2024-12-14,SKU_48,WH_1,17,15.5,14.652192353584793,2.347807646415207
2024-12-15,SKU_48,WH_1,14,18.61,16.85415432410565,2.85415432410565
2024-12-16,SKU_48,WH_1,24,22.43,19.886625493212478,4.1133745067875225
2024-12-17,SKU_48,WH_1,13,11.49,11.537301191382408,1.462698808617592
2024-12-18,SKU_48,WH_1,8,9.75,10.417929608282146,2.4179296082821455
2024-12-19,SKU_48,WH_1,13,15.33,14.491186216334,1.4911862163340004
2024-12-20,SKU_48,WH_1,19,24.59,21.3367952012957,2.3367952012957005
2024-12-21,SKU_48,WH_1,23,22.66,20.18486356421957,2.815136435780431
2024-12-22,SKU_48,WH_1,23,20.26,18.22850962059174,4.7714903794082595
2024-12-23,SKU_48,WH_1,14,12.41,12.317276829713702,1.6827231702862981
2024-12-24,SKU_48,WH_1,29,30.43,27.832548015685823,1.1674519843141766
2024-12-25,SKU_48,WH_1,10,8.75,9.758968262424965,0.24103173757503527
2024-12-26,SKU_48,WH_1,26,24.8,21.787707749911455,4.212292250088545
2024-12-27,SKU_48,WH_1,26,22.17,19.975642527239884,6.024357472760116
2024-12-28,SKU_48,WH_1,28,26.07,23.143888746677472,4.856111253322528
2024-12-29,SKU_48,WH_1,32,28.68,26.642836971169874,5.357163028830126
2024-12-30,SKU_48,WH_1,22,22.02,21.132434752355646,0.8675652476443538
2024-11-10,SKU_48,WH_2,9,14.63,13.531378563624516,4.531378563624516
2024-11-11,SKU_48,WH_2,14,15.54,14.369278744964387,0.3692787449643866
2024-11-12,SKU_48,WH_2,13,19.38,18.544780273684502,5.544780273684502
2024-11-13,SKU_48,WH_2,4,9.58,9.869940169571963,5.869940169571963
2024-11-14,SKU_48,WH_2,14,14.14,13.111162899956204,0.888837100043796
2024-11-15,SKU_48,WH_2,6,8.35,8.907033718424104,2.9070337184241044
2024-11-16,SKU_48,WH_2,2,2.49,3.8942085055565956,1.8942085055565956
2024-11-17,SKU_48,WH_2,16,12.61,12.092773138103485,3.9072268618965147
2024-11-18,SKU_48,WH_2,8,4.7,6.055157553980816,1.9448424460191838
2024-11-19,SKU_48,WH_2,13,18.01,16.003642612556405,3.003642612556405
2024-11-20,SKU_48,WH_2,10,9.74,10.026589624859609,0.026589624859608918
2024-11-21,SKU_48,WH_2,17,16.99,15.204107001943848,1.7958929980561518
2024-11-22,SKU_48,WH_2,12,14.36,13.294873708965467,1.2948737089654667
2024-11-23,SKU_48,WH_2,9,10.54,10.679381252953842,1.679381252953842
2024-11-24,SKU_48,WH_2,17,15.42,14.34816226029614,2.6518377397038595
2024-11-25,SKU_48,WH_2,7,8.45,9.046464294767363,2.046464294767363
2024-11-26,SKU_48,WH_2,7,5.56,6.923196025268447,0.0768039747315532
2024-11-27,SKU_48,WH_2,5,7.41,8.253296415647592,3.2532964156475916
2024-11-28,SKU_48,WH_2,19,19.27,17.033184808451285,1.966815191548715
2024-11-29,SKU_48,WH_2,21,21.09,18.349838731205274,2.650161268794726
2024-11-30,SKU_48,WH_2,8,8.81,9.17137860847456,1.1713786084745603
2024-12-01,SKU_48,WH_2,20,18.51,16.478207276356176,3.5217927236438236
2024-12-02,SKU_48,WH_2,13,15.76,14.802140343952049,1.8021403439520487
2024-12-03,SKU_48,WH_2,26,31.89,26.690873694789477,0.6908736947894774
2024-12-04,SKU_48,WH_2,9,5.68,7.383708622567211,1.6162913774327894
2024-12-05,SKU_48,WH_2,17,18.05,16.250002300809996,0.7499976991900041
2024-12-06,SKU_48,WH_2,25,23.14,20.182003991482272,4.817996008517728
2024-12-07,SKU_48,WH_2,32,31.34,28.603386156400802,3.396613843599198
2024-12-08,SKU_48,WH_2,12,10.73,11.296546687927968,0.7034533120720319
2024-12-09,SKU_48,WH_2,35,37.02,31.600069969908837,3.399930030091163
2024-12-10,SKU_48,WH_2,18,19.01,17.60003081858287,0.39996918141713067
2024-12-11,SKU_48,WH_2,10,11.08,11.537897014302523,1.5378970143025228
2024-12-12,SKU_48,WH_2,21,19.5,17.995002740740603,3.0049972592593974
2024-12-13,SKU_48,WH_2,16,13.62,13.444110926408666,2.5558890735913344
2024-12-14,SKU_48,WH_2,16,17.83,16.534731139601295,0.5347311396012948
2024-12-15,SKU_48,WH_2,5,5.11,7.119095911576924,2.119095911576924
2024-12-16,SKU_48,WH_2,20,21.38,19.03202087140517,0.9679791285948305
2024-12-17,SKU_48,WH_2,19,18.39,16.510830449111854,2.489169550888146
2024-12-18,SKU_48,WH_2,17,22.06,19.691767692839218,2.6917676928392176
2024-12-19,SKU_48,WH_2,12,14.16,13.48658550475559,1.48658550475559
2024-12-20,SKU_48,WH_2,21,16.93,15.589588047440188,5.410411952559812
2024-12-21,SKU_48,WH_2,14,20.05,18.207221565895786,4.207221565895786
2024-12-22,SKU_48,WH_2,19,21.18,18.974548499113506,0.025451500886493506
2024-12-23,SKU_48,WH_2,17,13.23,12.997739116183627,4.002260883816373
2024-12-24,SKU_48,WH_2,17,17.46,16.18840894345329,0.8115910565467104
2024-12-25,SKU_48,WH_2,33,35.68,31.529156422038387,1.4708435779616131
2024-12-26,SKU_48,WH_2,24,18.86,17.15518193143487,6.844818068565129
2024-12-27,SKU_48,WH_2,21,15.04,14.605334734720104,6.394665265279896
2024-12-28,SKU_48,WH_2,20,20.11,18.48592904341908,1.5140709565809196
2024-12-29,SKU_48,WH_2,26,23.97,21.549560220707008,4.450439779292992
2024-12-30,SKU_48,WH_2,12,14.71,15.247543926334647,3.2475439263346466
2024-11-10,SKU_48,WH_3,16,9.75,10.169607346671564,5.8303926533284365
2024-11-11,SKU_48,WH_3,16,17.27,15.610957065328751,0.38904293467124873
2024-11-12,SKU_48,WH_3,5,2.19,4.001922234219914,0.9980777657800859
2024-11-13,SKU_48,WH_3,16,15.01,13.988979405726306,2.0110205942736936
2024-11-14,SKU_48,WH_3,16,16.24,14.8704279739111,1.1295720260888995
2024-11-15,SKU_48,WH_3,9,8.89,9.455618912616622,0.4556189126166217
2024-11-16,SKU_48,WH_3,13,14.54,13.38354956520616,0.38354956520615957
2024-11-17,SKU_48,WH_3,13,14.63,13.459244526503772,0.4592445265037721
2024-11-18,SKU_48,WH_3,13,14.21,13.172432477878342,0.17243247787834193
2024-11-19,SKU_48,WH_3,23,21.58,19.988912668780745,3.0110873312192545
2024-11-20,SKU_48,WH_3,13,16.93,15.282740632848613,2.282740632848613
2024-11-21,SKU_48,WH_3,22,23.09,19.959882867908146,2.0401171320918543
2024-11-22,SKU_48,WH_3,15,20.03,17.620473125003144,2.6204731250031443
2024-11-23,SKU_48,WH_3,7,10.16,10.515599485793201,3.515599485793201
2024-11-24,SKU_48,WH_3,8,8.4,9.138770551700626,1.1387705517006257
2024-11-25,SKU_48,WH_3,21,21.34,18.65873178144337,2.3412682185566283
2024-11-26,SKU_48,WH_3,9,9.46,9.847053808271843,0.8470538082718431
2024-11-27,SKU_48,WH_3,13,12.21,12.458334838012142,0.5416651619878579
2024-11-28,SKU_48,WH_3,11,2.43,3.704342781338161,7.295657218661839
2024-11-29,SKU_48,WH_3,16,12.7,12.118020934170088,3.8819790658299116
2024-11-30,SKU_48,WH_3,18,17.84,15.962628082344615,2.037371917655385
2024-12-01,SKU_48,WH_3,15,19.5,17.67659217146498,2.6765921714649785
2024-12-02,SKU_48,WH_3,14,12.11,12.147903200157241,1.8520967998427587
2024-12-03,SKU_48,WH_3,23,26.76,23.124821417150542,0.1248214171505424
2024-12-04,SKU_48,WH_3,14,18.1,16.480103932777958,2.4801039327779577
2024-12-05,SKU_48,WH_3,17,19.45,17.56821943451343,0.5682194345134306
2024-12-06,SKU_48,WH_3,11,15.11,14.374664077170584,3.374664077170584
2024-12-07,SKU_48,WH_3,22,25.27,21.861816874570398,0.13818312542960243
2024-12-08,SKU_48,WH_3,15,13.56,13.19573735866017,1.8042626413398306
2024-12-09,SKU_48,WH_3,21,20.22,18.228882201853924,2.7711177981460757
2024-12-10,SKU_48,WH_3,24,24.1,21.271270001409945,2.7287299985900546
2024-12-11,SKU_48,WH_3,21,18.81,17.10269719111384,3.8973028088861597
2024-12-12,SKU_48,WH_3,16,15.91,16.055756742616854,0.05575674261685393
2024-12-13,SKU_48,WH_3,15,10.17,10.861878060107767,4.138121939892233
2024-12-14,SKU_48,WH_3,7,2.94,5.573622422094374,1.426377577905626
2024-12-15,SKU_48,WH_3,11,12.64,12.621286052052131,1.621286052052131
2024-12-16,SKU_48,WH_3,21,17.23,15.930833638141145,5.069166361858855
2024-12-17,SKU_48,WH_3,21,14.88,14.149650654073184,6.850349345926816
2024-12-18,SKU_48,WH_3,31,30.93,28.092885929676694,2.9071140703233063
2024-12-19,SKU_48,WH_3,16,16.7,15.593496108255021,0.40650389174497903
2024-12-20,SKU_48,WH_3,18,20.72,18.605397449117625,0.6053974491176248
2024-12-21,SKU_48,WH_3,21,18.31,16.601122795105674,4.398877204894326
2024-12-22,SKU_48,WH_3,17,15.06,14.56220208888025,2.43779791111975
2024-12-23,SKU_48,WH_3,15,15.45,14.997870503723167,0.0021294962768330095
2024-12-24,SKU_48,WH_3,19,19.46,17.769119960026362,1.2308800399736377
2024-12-25,SKU_48,WH_3,23,30.3,25.984520792128325,2.9845207921283254
2024-12-26,SKU_48,WH_3,14,10.29,10.875576185110692,3.124423814889308
2024-12-27,SKU_48,WH_3,24,19.46,17.665635853659026,6.334364146340974
2024-12-28,SKU_48,WH_3,18,19.72,17.981826254804577,0.018173745195422697
2024-12-29,SKU_48,WH_3,19,18.37,16.816345126991266,2.1836548730087344
2024-12-30,SKU_48,WH_3,23,22.65,21.402196298768956,1.5978037012310438
2024-11-10,SKU_48,WH_4,11,17.05,15.524964685833282,4.524964685833282
2024-11-11,SKU_48,WH_4,6,8.28,9.029121084958128,3.0291210849581276
2024-11-12,SKU_48,WH_4,6,4.93,6.571780178930965,0.5717801789309647
2024-11-13,SKU_48,WH_4,15,15.18,14.160377584148703,0.8396224158512968
2024-11-14,SKU_48,WH_4,14,12.98,12.254209867386534,1.7457901326134664
2024-11-15,SKU_48,WH_4,16,13.08,12.479176700376,3.5208232996240003
2024-11-16,SKU_48,WH_4,13,13.49,12.632068748818643,0.36793125118135706
2024-11-17,SKU_48,WH_4,2,0.32,2.5688620164664835,0.5688620164664835
2024-11-18,SKU_48,WH_4,16,12.95,12.211931276645496,3.7880687233545043
2024-11-19,SKU_48,WH_4,16,17.23,15.456445296555708,0.5435547034442916
2024-11-20,SKU_48,WH_4,12,13.87,13.125936824978103,1.125936824978103
2024-11-21,SKU_48,WH_4,13,12.56,12.553825524183491,0.44617447581650893
2024-11-22,SKU_48,WH_4,18,21.84,19.15435722414097,1.1543572241409699
2024-11-23,SKU_48,WH_4,15,8.77,9.280668689888824,5.719331310111176
2024-11-24,SKU_48,WH_4,6,5.73,7.008385386289528,1.008385386289528
2024-11-25,SKU_48,WH_4,10,10.9,10.924279288672375,0.9242792886723752
2024-11-26,SKU_48,WH_4,22,19.16,18.1258996401565,3.8741003598434993
2024-11-27,SKU_48,WH_4,21,18.4,16.262057824818765,4.737942175181235
2024-11-28,SKU_48,WH_4,14,13.76,12.82136951181479,1.1786304881852097
2024-11-29,SKU_48,WH_4,17,14.15,13.091224802357102,3.908775197642898
2024-11-30,SKU_48,WH_4,26,23.18,21.647817483386394,4.352182516613606
2024-12-01,SKU_48,WH_4,11,12.29,12.166433479326452,1.166433479326452
2024-12-02,SKU_48,WH_4,13,8.82,9.633141481411549,3.366858518588451
2024-12-03,SKU_48,WH_4,18,20.12,18.10872503408299,0.10872503408299039
2024-12-04,SKU_48,WH_4,17,17.18,15.83754788666541,1.1624521133345898
2024-12-05,SKU_48,WH_4,22,24.33,21.27373950683746,0.7262604931625383
2024-12-06,SKU_48,WH_4,16,20.66,19.706293253708708,3.706293253708708
2024-12-07,SKU_48,WH_4,20,22.34,19.97461450974584,0.025385490254159038
2024-12-08,SKU_48,WH_4,20,20.11,18.245443628018865,1.7545563719811348
2024-12-09,SKU_48,WH_4,15,19.09,17.354795190571856,2.3547951905718563
2024-12-10,SKU_48,WH_4,17,21.02,18.820434885798395,1.8204348857983952
2024-12-11,SKU_48,WH_4,24,24.05,22.719537869377664,1.280462130622336
2024-12-12,SKU_48,WH_4,18,18.25,16.586056781411685,1.4139432185883152
2024-12-13,SKU_48,WH_4,23,18.17,16.608263979373103,6.391736020626897
2024-12-14,SKU_48,WH_4,11,13.3,13.21445311147066,2.214453111470659
2024-12-15,SKU_48,WH_4,19,21.47,19.219645277696387,0.21964527769638664
2024-12-16,SKU_48,WH_4,19,21.4,19.222544298102253,0.22254429810225318
2024-12-17,SKU_48,WH_4,18,18.05,17.567151924527955,0.4328480754720445
2024-12-18,SKU_48,WH_4,20,24.64,21.662654555366903,1.6626545553669025
2024-12-19,SKU_48,WH_4,21,19.96,18.086398210454668,2.913601789545332
2024-12-20,SKU_48,WH_4,20,16.53,15.522511843151186,4.477488156848814
2024-12-21,SKU_48,WH_4,17,18.78,17.10345586854454,0.1034558685445397
2024-12-22,SKU_48,WH_4,19,20.36,18.37550666021515,0.6244933397848484
2024-12-23,SKU_48,WH_4,19,16.5,15.485246738296151,3.5147532617038486
2024-12-24,SKU_48,WH_4,17,13.57,13.313431591621141,3.686568408378859
2024-12-25,SKU_48,WH_4,13,16.23,15.40220741946513,2.40220741946513
2024-12-26,SKU_48,WH_4,22,25.91,22.726588852473693,0.726588852473693
2024-12-27,SKU_48,WH_4,23,23.3,20.758876697807437,2.2411233021925625
2024-12-28,SKU_48,WH_4,22,14.12,13.715425956565229,8.284574043434771
2024-12-29,SKU_48,WH_4,18,17.19,16.210504389565692,1.789495610434308
2024-12-30,SKU_48,WH_4,25,26.01,24.042822630722426,0.9571773692775736
2024-11-10,SKU_48,WH_5,13,14.83,13.741479911504163,0.7414799115041628
2024-11-11,SKU_48,WH_5,15,14.71,13.523370415401528,1.4766295845984718
2024-11-12,SKU_48,WH_5,11,11.37,11.051189955436246,0.05118995543624649
2024-11-13,SKU_48,WH_5,20,21.66,18.914718949311446,1.085281050688554
2024-11-14,SKU_48,WH_5,22,22.12,20.70029574551931,1.299704254480691
2024-11-15,SKU_48,WH_5,20,21.22,18.676738443156783,1.3232615568432173
2024-11-16,SKU_48,WH_5,9,5.27,6.9319022157223005,2.0680977842776995
2024-11-17,SKU_48,WH_5,5,8.11,8.60529243059775,3.60529243059775
2024-11-18,SKU_48,WH_5,10,7.99,8.543675273456904,1.4563247265430963
2024-11-19,SKU_48,WH_5,14,17.32,15.540578638101906,1.5405786381019055
2024-11-20,SKU_48,WH_5,18,20.48,18.041797419965025,0.041797419965025284
2024-11-21,SKU_48,WH_5,13,13.21,12.623723654361177,0.3762763456388232
2024-11-22,SKU_48,WH_5,14,11.39,11.0791754267274,2.9208245732726006
2024-11-23,SKU_48,WH_5,8,9.85,10.107909187333304,2.107909187333304
2024-11-24,SKU_48,WH_5,3,0.5,2.5358049834250322,0.46419501657496776
2024-11-25,SKU_48,WH_5,8,12.27,11.773939874111747,3.773939874111747
2024-11-26,SKU_48,WH_5,16,14.16,13.072753569268556,2.9272464307314436
2024-11-27,SKU_48,WH_5,17,14.89,13.695723939969447,3.3042760600305527
2024-11-28,SKU_48,WH_5,12,10.97,10.88375123878015,1.1162487612198504
2024-11-29,SKU_48,WH_5,14,12.37,11.861257980202385,2.138742019797615
2024-11-30,SKU_48,WH_5,17,18.52,16.519424022366326,0.48057597763367355
2024-12-01,SKU_48,WH_5,13,9.89,10.293578183500722,2.7064218164992777
2024-12-02,SKU_48,WH_5,27,30.37,25.40807993762934,1.5919200623706615
2024-12-03,SKU_48,WH_5,10,10.24,10.633407912606248,0.6334079126062484
2024-12-04,SKU_48,WH_5,19,21.06,18.72026539065908,0.2797346093409203
2024-12-05,SKU_48,WH_5,10,8.5,9.438619828313417,0.5613801716865829
2024-12-06,SKU_48,WH_5,23,22.45,19.8653628670261,3.1346371329739
2024-12-07,SKU_48,WH_5,19,20.74,18.56650565737231,0.4334943426276894
2024-12-08,SKU_48,WH_5,17,14.29,13.71292983149338,3.28707016850662
2024-12-09,SKU_48,WH_5,13,14.19,13.579994550142414,0.5799945501424144
2024-12-10,SKU_48,WH_5,13,9.99,10.509348224153962,2.490651775846038
2024-12-11,SKU_48,WH_5,6,12.09,12.131187733431034,6.131187733431034
2024-12-12,SKU_48,WH_5,25,24.71,21.468929242510566,3.5310707574894344
2024-12-13,SKU_48,WH_5,14,17.17,15.958893859599826,1.9588938595998258
2024-12-14,SKU_48,WH_5,20,21.1,18.92823451091567,1.0717654890843313
2024-12-15,SKU_48,WH_5,14,16.61,15.424240652806311,1.4242406528063114
2024-12-16,SKU_48,WH_5,25,22.03,19.584944149063055,5.415055850936945
2024-12-17,SKU_48,WH_5,24,22.54,19.968796607909205,4.031203392090795
2024-12-18,SKU_48,WH_5,19,19.65,17.92298845424047,1.0770115457595288
2024-12-19,SKU_48,WH_5,18,17.16,16.07839909500818,1.92160090499182
2024-12-20,SKU_48,WH_5,17,16.01,15.260251168050358,1.7397488319496421
2024-12-21,SKU_48,WH_5,22,20.34,18.461157655194405,3.5388423448055946
2024-12-22,SKU_48,WH_5,17,18.24,16.662291754671557,0.337708245328443
2024-12-23,SKU_48,WH_5,14,17.99,17.652175870251806,3.6521758702518063
2024-12-24,SKU_48,WH_5,31,27.42,25.349939053804523,5.650060946195477
2024-12-25,SKU_48,WH_5,25,19.82,18.270083878498383,6.729916121501617
2024-12-26,SKU_48,WH_5,37,30.13,27.82923092929131,9.17076907070869
2024-12-27,SKU_48,WH_5,26,27.06,24.11404714130338,1.8859528586966192
2024-12-28,SKU_48,WH_5,27,21.82,21.2692990336687,5.730700966331302
2024-12-29,SKU_48,WH_5,22,23.84,21.817231702118224,0.1827682978817755
2024-12-30,SKU_48,WH_5,24,25.19,23.60339586699035,0.3966041330096495
2024-11-10,SKU_49,WH_1,16,17.96,16.14994353604813,0.1499435360481307
2024-11-11,SKU_49,WH_1,1,0.14,2.739121953350322,1.7391219533503222
2024-11-12,SKU_49,WH_1,11,13.44,12.644451227389176,1.644451227389176
2024-11-13,SKU_49,WH_1,1,3.65,5.279128561344839,4.279128561344839
2024-11-14,SKU_49,WH_1,6,7.45,8.441805459735054,2.441805459735054
2024-11-15,SKU_49,WH_1,16,15.55,14.424213721219077,1.5757862787809227
2024-11-16,SKU_49,WH_1,1,0.0,2.3946386510429245,1.3946386510429245
2024-11-17,SKU_49,WH_1,7,4.85,6.4194276705065905,0.5805723294934095
2024-11-18,SKU_49,WH_1,20,21.75,19.195222656823805,0.8047773431761946
2024-11-19,SKU_49,WH_1,9,14.51,13.278981855194914,4.278981855194914
2024-11-20,SKU_49,WH_1,18,19.92,18.901548897566144,0.9015488975661441
2024-11-21,SKU_49,WH_1,13,16.38,14.90072004994934,1.9007200499493404
2024-11-22,SKU_49,WH_1,15,16.13,14.785561855477665,0.2144381445223349
2024-11-23,SKU_49,WH_1,19,17.48,15.75597294039577,3.24402705960423
2024-11-24,SKU_49,WH_1,15,14.69,13.492991975296372,1.5070080247036284
2024-11-25,SKU_49,WH_1,19,15.0,13.961746813434448,5.0382531865655515
2024-11-26,SKU_49,WH_1,18,21.98,19.302468545193726,1.302468545193726
2024-11-27,SKU_49,WH_1,22,20.8,18.17659297167245,3.8234070283275514
2024-11-28,SKU_49,WH_1,8,7.83,8.64134808906221,0.6413480890622107
2024-11-29,SKU_49,WH_1,13,12.5,12.035549647772163,0.9644503522278374
2024-11-30,SKU_49,WH_1,19,20.57,18.10665488861017,0.8933451113898307
2024-12-01,SKU_49,WH_1,20,20.66,18.439026722001422,1.5609732779985777
2024-12-02,SKU_49,WH_1,2,0.0,2.9311349262075326,0.9311349262075326
2024-12-03,SKU_49,WH_1,13,14.46,13.602787041633325,0.6027870416333254
2024-12-04,SKU_49,WH_1,23,24.42,22.87543510278729,0.12456489721271069
2024-12-05,SKU_49,WH_1,12,7.45,8.554711870898945,3.445288129101055
2024-12-06,SKU_49,WH_1,16,15.37,14.40735102560724,1.5926489743927608
2024-12-07,SKU_49,WH_1,13,16.3,16.11034496031085,3.110344960310851
2024-12-08,SKU_49,WH_1,13,12.66,12.39564304794072,0.6043569520592804
2024-12-09,SKU_49,WH_1,28,29.69,25.12193590602281,2.8780640939771907
2024-12-10,SKU_49,WH_1,12,13.14,12.815080232080444,0.8150802320804438
2024-12-11,SKU_49,WH_1,26,27.95,25.86994800997811,0.13005199002189016
2024-12-12,SKU_49,WH_1,11,12.05,11.95668379368875,0.9566837936887502
2024-12-13,SKU_49,WH_1,11,7.26,8.621491202932916,2.3785087970670844
2024-12-14,SKU_49,WH_1,20,20.56,18.474005708993552,1.5259942910064481
2024-12-15,SKU_49,WH_1,17,20.29,18.370607163546985,1.3706071635469854
2024-12-16,SKU_49,WH_1,24,20.9,18.636465661862072,5.363534338137928
2024-12-17,SKU_49,WH_1,26,29.84,25.539738364381915,0.4602616356180853
2024-12-18,SKU_49,WH_1,16,15.02,14.580354536335077,1.4196454636649225
2024-12-19,SKU_49,WH_1,15,11.85,11.952289849942376,3.0477101500576236
2024-12-20,SKU_49,WH_1,17,12.51,12.469811888596107,4.530188111403893
2024-12-21,SKU_49,WH_1,11,14.32,13.909164073870583,2.909164073870583
2024-12-22,SKU_49,WH_1,6,6.18,7.588208106684059,1.5882081066840588
2024-12-23,SKU_49,WH_1,22,20.41,18.48384836935333,3.5161516306466716
2024-12-24,SKU_49,WH_1,25,26.36,23.139539386644927,1.8604606133550732
2024-12-25,SKU_49,WH_1,14,14.74,14.080320075660161,0.0803200756601612
2024-12-26,SKU_49,WH_1,21,22.99,20.408070168951905,0.5919298310480947
2024-12-27,SKU_49,WH_1,15,13.31,13.073659766617354,1.9263402333826463
2024-12-28,SKU_49,WH_1,33,33.83,28.25392421851973,4.746075781480268
2024-12-29,SKU_49,WH_1,11,12.92,12.794593339088546,1.7945933390885465
2024-12-30,SKU_49,WH_1,17,14.71,14.855381987091434,2.144618012908566
2024-11-10,SKU_49,WH_2,13,15.18,14.202888552692842,1.2028885526928423
2024-11-11,SKU_49,WH_2,13,12.92,12.2977095955461,0.7022904044538993
2024-11-12,SKU_49,WH_2,16,16.77,15.224383801086038,0.775616198913962
2024-11-13,SKU_49,WH_2,24,25.7,21.925906849647465,2.0740931503525353
2024-11-14,SKU_49,WH_2,10,12.39,12.005204743186692,2.0052047431866917
2024-11-15,SKU_49,WH_2,18,22.08,19.302627787183194,1.3026277871831944
2024-11-16,SKU_49,WH_2,16,14.75,13.760967695985606,2.239032304014394
2024-11-17,SKU_49,WH_2,3,0.0,2.7322441950496295,0.26775580495037055
2024-11-18,SKU_49,WH_2,11,8.71,9.252898748313509,1.747101251686491
2024-11-19,SKU_49,WH_2,9,10.17,10.320274266469063,1.3202742664690632
2024-11-20,SKU_49,WH_2,21,23.44,20.2373600738379,0.7626399261621017
2024-11-21,SKU_49,WH_2,13,12.86,12.075699778887412,0.9243002211125884
2024-11-22,SKU_49,WH_2,17,17.93,16.015892506868784,0.9841074931312157
2024-11-23,SKU_49,WH_2,11,6.88,7.596127199774112,3.403872800225888
2024-11-24,SKU_49,WH_2,17,20.5,18.00363098129345,1.0036309812934512
2024-11-25,SKU_49,WH_2,14,14.72,14.487753787821788,0.4877537878217879
2024-11-26,SKU_49,WH_2,28,26.6,24.7354275322528,3.2645724677472003
2024-11-27,SKU_49,WH_2,16,18.75,16.60621212372935,0.6062121237293496
2024-11-28,SKU_49,WH_2,11,9.32,9.94134053174835,1.0586594682516495
2024-11-29,SKU_49,WH_2,16,15.73,14.782080834416021,1.2179191655839787
2024-11-30,SKU_49,WH_2,9,6.74,7.77131396696389,1.2286860330361096
2024-12-01,SKU_49,WH_2,18,21.73,19.273118038062307,1.2731180380623073
2024-12-02,SKU_49,WH_2,27,22.28,21.134631431679995,5.8653685683200045
2024-12-03,SKU_49,WH_2,19,15.96,15.18975802749232,3.8102419725076793
2024-12-04,SKU_49,WH_2,20,14.88,14.190044238876157,5.8099557611238435
2024-12-05,SKU_49,WH_2,12,14.79,14.099132551065493,2.099132551065493
2024-12-06,SKU_49,WH_2,18,18.88,17.087324334401778,0.912675665598222
2024-12-07,SKU_49,WH_2,17,13.99,13.580617263028152,3.4193827369718477
2024-12-08,SKU_49,WH_2,23,24.17,22.874701120053412,0.1252988799465875
2024-12-09,SKU_49,WH_2,26,24.21,22.94279276556458,3.0572072344354204
2024-12-10,SKU_49,WH_2,23,26.85,23.68727230075588,0.687272300755879
2024-12-11,SKU_49,WH_2,20,15.25,15.575648526921784,4.424351473078216
2024-12-12,SKU_49,WH_2,18,17.61,16.480216788471996,1.5197832115280043
2024-12-13,SKU_49,WH_2,28,25.85,22.91104538151147,5.088954618488529
2024-12-14,SKU_49,WH_2,16,17.35,16.48208402378286,0.4820840237828605
2024-12-15,SKU_49,WH_2,19,21.2,20.559083783978636,1.559083783978636
2024-12-16,SKU_49,WH_2,24,24.38,21.8501789624497,2.1498210375503
2024-12-17,SKU_49,WH_2,20,16.72,16.961479043382017,3.038520956617983
2024-12-18,SKU_49,WH_2,12,6.93,8.366097520359787,3.633902479640213
2024-12-19,SKU_49,WH_2,14,12.56,12.67297128530714,1.3270287146928599
2024-12-20,SKU_49,WH_2,22,27.98,24.333678939861322,2.333678939861322
2024-12-21,SKU_49,WH_2,20,19.9,18.20456225403518,1.7954377459648185
2024-12-22,SKU_49,WH_2,14,17.81,16.617844128225386,2.6178441282253857
2024-12-23,SKU_49,WH_2,10,13.12,13.022986536520621,3.022986536520621
2024-12-24,SKU_49,WH_2,19,18.0,16.50733064082336,2.4926693591766416
2024-12-25,SKU_49,WH_2,16,24.18,21.455317499350514,5.455317499350514
2024-12-26,SKU_49,WH_2,19,22.47,20.138770076409735,1.1387700764097346
2024-12-27,SKU_49,WH_2,8,6.27,7.676487755428874,0.32351224457112604
2024-12-28,SKU_49,WH_2,18,15.83,15.187724647951294,2.8122753520487063
2024-12-29,SKU_49,WH_2,21,24.14,21.44842507297354,0.4484250729735386
2024-12-30,SKU_49,WH_2,17,17.8,17.476277304247542,0.47627730424754233
2024-11-10,SKU_49,WH_3,5,3.75,5.319174656124229,0.319174656124229
2024-11-11,SKU_49,WH_3,18,20.89,18.231810688230592,0.23181068823059192
2024-11-12,SKU_49,WH_3,17,15.52,14.31622973878148,2.6837702612185197
2024-11-13,SKU_49,WH_3,0,1.98,3.767405646097863,3.767405646097863
2024-11-14,SKU_49,WH_3,14,11.56,11.150220555820509,2.8497794441794913
2024-11-15,SKU_49,WH_3,16,14.88,13.708351767861616,2.2916482321383835
2024-11-16,SKU_49,WH_3,16,15.6,14.47522427244861,1.5247757275513898
2024-11-17,SKU_49,WH_3,6,1.63,3.291107833096688,2.708892166903312
2024-11-18,SKU_49,WH_3,11,12.8,12.096786431269653,1.0967864312696527
2024-11-19,SKU_49,WH_3,24,23.19,21.620135736659147,2.3798642633408527
2024-11-20,SKU_49,WH_3,5,8.15,9.169198953816409,4.169198953816409
2024-11-21,SKU_49,WH_3,15,19.44,17.19775520431234,2.1977552043123403
2024-11-22,SKU_49,WH_3,7,2.53,3.7589587750459366,3.2410412249540634
2024-11-23,SKU_49,WH_3,7,5.53,6.886666717657527,0.11333328234247286
2024-11-24,SKU_49,WH_3,18,18.4,16.330373837479048,1.6696261625209523
2024-11-25,SKU_49,WH_3,15,13.19,12.542038879856324,2.4579611201436755
2024-11-26,SKU_49,WH_3,20,18.82,16.60342097775008,3.39657902224992
2024-11-27,SKU_49,WH_3,7,5.58,6.86574777482598,0.1342522251740199
2024-11-28,SKU_49,WH_3,20,22.29,19.29707667069393,0.7029233293060706
2024-11-29,SKU_49,WH_3,9,14.33,13.233403254060567,4.233403254060567
2024-11-30,SKU_49,WH_3,19,20.9,18.139392429450353,0.8606075705496465
2024-12-01,SKU_49,WH_3,19,18.85,16.862682202585482,2.137317797414518
2024-12-02,SKU_49,WH_3,19,20.34,18.161706670290805,0.8382933297091952
2024-12-03,SKU_49,WH_3,13,13.01,12.532913472116498,0.46708652788350236
2024-12-04,SKU_49,WH_3,9,9.33,10.00342353151991,1.0034235315199105
2024-12-05,SKU_49,WH_3,14,13.39,13.55317738801605,0.4468226119839507
2024-12-06,SKU_49,WH_3,18,19.57,17.589544567904415,0.4104554320955849
2024-12-07,SKU_49,WH_3,24,26.52,24.664799458593752,0.6647994585937518
2024-12-08,SKU_49,WH_3,17,17.19,15.874874078369546,1.1251259216304543
2024-12-09,SKU_49,WH_3,20,16.98,15.668168129591939,4.331831870408061
2024-12-10,SKU_49,WH_3,19,23.73,20.848775077331165,1.8487750773311653
2024-12-11,SKU_49,WH_3,22,26.99,23.40678505288421,1.40678505288421
2024-12-12,SKU_49,WH_3,21,18.01,16.52349778097777,4.47650221902223
2024-12-13,SKU_49,WH_3,16,12.3,12.438102220160282,3.5618977798397182
2024-12-14,SKU_49,WH_3,22,15.79,15.2880488943427,6.711951105657301
2024-12-15,SKU_49,WH_3,24,27.93,24.188125466530813,0.1881254665308134
2024-12-16,SKU_49,WH_3,12,8.85,9.885768033650528,2.1142319663494717
2024-12-17,SKU_49,WH_3,19,13.22,13.166432349557708,5.833567650442292
2024-12-18,SKU_49,WH_3,21,23.51,20.932042792291238,0.06795720770876201
2024-12-19,SKU_49,WH_3,10,6.38,8.111779535037781,1.8882204649622185
2024-12-20,SKU_49,WH_3,20,17.24,16.031259319856925,3.9687406801430747
2024-12-21,SKU_49,WH_3,20,18.56,17.092473626336663,2.9075263736633374
2024-12-22,SKU_49,WH_3,9,8.64,9.794290718145714,0.7942907181457137
2024-12-23,SKU_49,WH_3,12,3.88,6.206436216681841,5.793563783318159
2024-12-24,SKU_49,WH_3,25,21.92,19.69619516584771,5.303804834152292
2024-12-25,SKU_49,WH_3,18,19.13,17.458082089704686,0.5419179102953144
2024-12-26,SKU_49,WH_3,21,24.0,21.224770088476255,0.22477008847625513
2024-12-27,SKU_49,WH_3,8,9.14,10.228360580469152,2.228360580469152
2024-12-28,SKU_49,WH_3,16,18.73,17.04422941622839,1.04422941622839
2024-12-29,SKU_49,WH_3,13,16.28,15.277239852628211,2.2772398526282114
2024-12-30,SKU_49,WH_3,29,26.36,25.473524469968396,3.526475530031604
2024-11-10,SKU_49,WH_4,5,7.31,8.284677985619098,3.2846779856190977
2024-11-11,SKU_49,WH_4,16,11.79,11.515493240258262,4.484506759741738
2024-11-12,SKU_49,WH_4,9,6.37,7.0731853711890205,1.9268146288109795
2024-11-13,SKU_49,WH_4,19,21.33,18.65935645535223,0.3406435446477687
2024-11-14,SKU_49,WH_4,8,5.74,6.974380006498689,1.0256199935013113
2024-11-15,SKU_49,WH_4,13,14.43,13.288415278686546,0.2884152786865464
2024-11-16,SKU_49,WH_4,10,11.61,11.16629886468694,1.16629886468694
2024-11-17,SKU_49,WH_4,15,11.24,10.97351742882438,4.02648257117562
2024-11-18,SKU_49,WH_4,14,12.35,11.824376750456192,2.1756232495438077
2024-11-19,SKU_49,WH_4,24,25.41,21.461016915711618,2.5389830842883825
2024-11-20,SKU_49,WH_4,28,26.23,24.240229514320706,3.7597704856792937
2024-11-21,SKU_49,WH_4,6,6.88,7.87006568690556,1.8700656869055603
2024-11-22,SKU_49,WH_4,20,20.01,17.677089087074943,2.3229109129250567
2024-11-23,SKU_49,WH_4,9,9.91,10.191095313766224,1.1910953137662244
2024-11-24,SKU_49,WH_4,6,4.75,6.191967713782351,0.19196771378235056
2024-11-25,SKU_49,WH_4,7,5.46,7.026163659234715,0.026163659234715197
2024-11-26,SKU_49,WH_4,20,19.17,17.01881644542869,2.9811835545713095
2024-11-27,SKU_49,WH_4,18,14.27,13.217272309658819,4.782727690341181
2024-11-28,SKU_49,WH_4,12,8.15,8.914102886588338,3.0858971134116615
2024-11-29,SKU_49,WH_4,11,8.62,9.53395640263212,1.4660435973678805
2024-11-30,SKU_49,WH_4,14,16.43,14.995947112743682,0.9959471127436821
2024-12-01,SKU_49,WH_4,9,9.63,10.139206386940604,1.1392063869406037
2024-12-02,SKU_49,WH_4,23,21.6,19.07568937267931,3.92431062732069
2024-12-03,SKU_49,WH_4,18,15.22,14.394003309210172,3.605996690789828
2024-12-04,SKU_49,WH_4,26,21.7,20.43950425374398,5.56049574625602
2024-12-05,SKU_49,WH_4,14,12.27,12.181394018435892,1.818605981564108
2024-12-06,SKU_49,WH_4,20,17.43,16.14566397279261,3.8543360272073883
2024-12-07,SKU_49,WH_4,16,14.77,14.092030319523072,1.9079696804769277
2024-12-08,SKU_49,WH_4,17,14.5,13.790992699125411,3.209007300874589
2024-12-09,SKU_49,WH_4,19,20.97,18.84206703113634,0.15793296886365837
2024-12-10,SKU_49,WH_4,24,20.61,18.551142689014178,5.448857310985822
2024-12-11,SKU_49,WH_4,6,3.65,5.988751866748816,0.011248133251183567
2024-12-12,SKU_49,WH_4,19,16.43,15.362957429526105,3.637042570473895
2024-12-13,SKU_49,WH_4,15,16.57,15.567126385222434,0.5671263852224335
2024-12-14,SKU_49,WH_4,11,13.6,13.193876791156644,2.1938767911566437
2024-12-15,SKU_49,WH_4,13,13.0,12.616863398620765,0.3831366013792348
2024-12-16,SKU_49,WH_4,22,24.24,21.398169929336746,0.6018300706632544
2024-12-17,SKU_49,WH_4,20,20.57,19.55917942076817,0.44082057923182916
2024-12-18,SKU_49,WH_4,21,24.6,21.516874812518083,0.5168748125180826
2024-12-19,SKU_49,WH_4,17,17.74,16.32147406621304,0.6785259337869611
2024-12-20,SKU_49,WH_4,24,23.01,20.43352597788979,3.56647402211021
2024-12-21,SKU_49,WH_4,21,25.41,22.144548045957535,1.144548045957535
2024-12-22,SKU_49,WH_4,16,17.24,16.171111035814302,0.17111103581430243
2024-12-23,SKU_49,WH_4,26,23.65,22.39615946304649,3.603840536953509
2024-12-24,SKU_49,WH_4,22,24.85,21.84489068080225,0.15510931919774862
2024-12-25,SKU_49,WH_4,23,20.52,18.630307773405136,4.369692226594864
2024-12-26,SKU_49,WH_4,18,18.55,17.388094415738504,0.6119055842614962
2024-12-27,SKU_49,WH_4,11,9.02,10.347090429621543,0.6529095703784566
2024-12-28,SKU_49,WH_4,11,10.6,11.253629940813141,0.2536299408131413
2024-12-29,SKU_49,WH_4,21,22.98,20.474544572689013,0.5254554273109875
2024-12-30,SKU_49,WH_4,13,14.99,15.462181156947004,2.462181156947004
2024-11-10,SKU_49,WH_5,21,21.9,19.19204737344025,1.80795262655975
2024-11-11,SKU_49,WH_5,16,14.02,13.184437697800437,2.815562302199563
2024-11-12,SKU_49,WH_5,12,20.2,17.83095236832254,5.830952368322539
2024-11-13,SKU_49,WH_5,15,12.76,12.160896435588562,2.839103564411438
2024-11-14,SKU_49,WH_5,17,17.28,15.54670188884919,1.4532981111508096
2024-11-15,SKU_49,WH_5,7,2.78,4.888319883710382,2.1116801162896177
2024-11-16,SKU_49,WH_5,10,7.6,8.511502617009725,1.4884973829902748
2024-11-17,SKU_49,WH_5,14,12.72,12.864620911800284,1.1353790881997163
2024-11-18,SKU_49,WH_5,6,0.31,2.4919510785849974,3.5080489214150026
2024-11-19,SKU_49,WH_5,10,13.13,12.428433621698158,2.428433621698158
2024-11-20,SKU_49,WH_5,10,7.6,8.421747879268533,1.5782521207314666
2024-11-21,SKU_49,WH_5,18,25.18,21.145430009787816,3.145430009787816
2024-11-22,SKU_49,WH_5,8,9.53,9.814690641662573,1.8146906416625725
2024-11-23,SKU_49,WH_5,19,19.64,17.38404011745818,1.6159598825418193
2024-11-24,SKU_49,WH_5,21,23.34,20.10699356990471,0.8930064300952907
2024-11-25,SKU_49,WH_5,13,12.18,12.446636861489145,0.5533631385108553
2024-11-26,SKU_49,WH_5,20,14.05,13.09999281668689,6.900007183313109
2024-11-27,SKU_49,WH_5,6,0.0,2.4705706235346576,3.5294293764653424
2024-11-28,SKU_49,WH_5,24,25.67,23.774503132008494,0.22549686799150592
2024-11-29,SKU_49,WH_5,17,17.02,15.379721125641435,1.620278874358565
2024-11-30,SKU_49,WH_5,10,16.04,14.884372054706867,4.884372054706867
2024-12-01,SKU_49,WH_5,10,9.45,10.008975889734293,0.008975889734292863
2024-12-02,SKU_49,WH_5,12,9.77,10.256475406977334,1.7435245930226664
2024-12-03,SKU_49,WH_5,17,15.68,14.726535191511658,2.2734648084883418
2024-12-04,SKU_49,WH_5,10,7.46,8.617623066911664,1.3823769330883362
2024-12-05,SKU_49,WH_5,14,15.75,14.934888163494481,0.934888163494481
2024-12-06,SKU_49,WH_5,15,12.38,12.094212437396202,2.9057875626037983
2024-12-07,SKU_49,WH_5,16,16.08,15.079966224605824,0.9200337753941756
2024-12-08,SKU_49,WH_5,22,25.38,21.79492180626724,0.20507819373275993
2024-12-09,SKU_49,WH_5,16,13.99,13.453152636234222,2.546847363765778
2024-12-10,SKU_49,WH_5,17,13.96,13.472684928483796,3.5273150715162043
2024-12-11,SKU_49,WH_5,20,16.52,15.416836687319742,4.583163312680258
2024-12-12,SKU_49,WH_5,16,16.16,16.059198869702495,0.059198869702495216
2024-12-13,SKU_49,WH_5,12,15.44,14.747633423347015,2.7476334233470148
2024-12-14,SKU_49,WH_5,8,12.79,12.52753757409865,4.52753757409865
2024-12-15,SKU_49,WH_5,17,15.01,14.276930594291114,2.723069405708886
2024-12-16,SKU_49,WH_5,14,14.3,13.598412265054439,0.40158773494556144
2024-12-17,SKU_49,WH_5,10,10.24,10.604446831617016,0.6044468316170164
2024-12-18,SKU_49,WH_5,14,14.89,13.996080881048297,0.003919118951703382
2024-12-19,SKU_49,WH_5,14,10.05,10.410282066858331,3.589717933141669
2024-12-20,SKU_49,WH_5,23,22.24,19.575177789649377,3.424822210350623
2024-12-21,SKU_49,WH_5,15,12.97,13.17137974699916,1.8286202530008406
2024-12-22,SKU_49,WH_5,18,14.45,13.64635753136815,4.3536424686318504
2024-12-23,SKU_49,WH_5,23,23.13,20.353784841767332,2.6462151582326676
2024-12-24,SKU_49,WH_5,20,23.9,20.929428634763333,0.9294286347633332
2024-12-25,SKU_49,WH_5,18,16.64,16.303964149076503,1.6960358509234972
2024-12-26,SKU_49,WH_5,20,19.15,18.50910092566394,1.4908990743360597
2024-12-27,SKU_49,WH_5,26,26.68,23.467707637259423,2.532292362740577
2024-12-28,SKU_49,WH_5,23,26.02,22.995628544853446,0.004371455146554126
2024-12-29,SKU_49,WH_5,11,10.15,11.075418495810066,0.07541849581006588
2024-12-30,SKU_49,WH_5,18,18.85,18.1697446180006,0.1697446180005997
2024-11-10,SKU_5,WH_1,16,20.82,18.171911494582545,2.1719114945825453
2024-11-11,SKU_5,WH_1,10,5.29,6.966248616686084,3.0337513833139163
2024-11-12,SKU_5,WH_1,7,7.95,8.624372036359912,1.6243720363599117
2024-11-13,SKU_5,WH_1,8,7.2,8.195383717014685,0.1953837170146855
2024-11-14,SKU_5,WH_1,16,17.79,16.054826443234905,0.05482644323490504
2024-11-15,SKU_5,WH_1,14,11.6,11.16499089197709,2.835009108022909
2024-11-16,SKU_5,WH_1,18,18.76,16.574513208219294,1.4254867917807061
2024-11-17,SKU_5,WH_1,21,19.97,17.574727153587155,3.4252728464128452
2024-11-18,SKU_5,WH_1,16,12.75,12.220912159754404,3.7790878402455963
2024-11-19,SKU_5,WH_1,5,0.56,2.5150999331510806,2.4849000668489194
2024-11-20,SKU_5,WH_1,9,5.32,6.897822301234833,2.102177698765167
2024-11-21,SKU_5,WH_1,14,18.74,16.54598085063248,2.5459808506324784
2024-11-22,SKU_5,WH_1,12,9.19,9.759728292670768,2.2402717073292315
2024-11-23,SKU_5,WH_1,8,6.94,7.560680063756058,0.43931993624394217
2024-11-24,SKU_5,WH_1,12,11.62,11.177969836698805,0.8220301633011946
2024-11-25,SKU_5,WH_1,8,7.72,8.498218734537918,0.4982187345379181
2024-11-26,SKU_5,WH_1,20,22.81,19.766176626292815,0.2338233737071853
2024-11-27,SKU_5,WH_1,25,26.18,22.268339088314455,2.7316609116855446
2024-11-28,SKU_5,WH_1,11,11.15,10.999592437156325,0.00040756284367482465
2024-11-29,SKU_5,WH_1,20,16.23,14.776152299471686,5.223847700528314
2024-11-30,SKU_5,WH_1,21,24.22,20.97009308217488,0.02990691782511945
2024-12-01,SKU_5,WH_1,17,13.17,12.777995943018485,4.222004056981515
2024-12-02,SKU_5,WH_1,13,12.26,12.135441886012096,0.8645581139879042
2024-12-03,SKU_5,WH_1,6,3.34,5.581358825543187,0.4186411744568126
2024-12-04,SKU_5,WH_1,11,13.23,12.826022458343044,1.8260224583430436
2024-12-05,SKU_5,WH_1,16,10.73,11.001169538934505,4.998830461065495
2024-12-06,SKU_5,WH_1,8,6.83,7.902763006292375,0.09723699370762517
2024-12-07,SKU_5,WH_1,14,13.77,13.063130425197054,0.9368695748029463
2024-12-08,SKU_5,WH_1,15,12.52,12.211927921630728,2.7880720783692716
2024-12-09,SKU_5,WH_1,13,12.83,12.420021442432793,0.5799785575672072
2024-12-10,SKU_5,WH_1,8,5.49,7.297102335376904,0.7028976646230962
2024-12-11,SKU_5,WH_1,14,7.14,8.480613923862288,5.519386076137712
2024-12-12,SKU_5,WH_1,10,9.44,10.361414407554063,0.3614144075540633
2024-12-13,SKU_5,WH_1,13,14.04,13.29154849239724,0.29154849239724
2024-12-14,SKU_5,WH_1,16,12.66,12.375058564176554,3.6249414358234464
2024-12-15,SKU_5,WH_1,28,27.54,23.289793151216234,4.710206848783766
2024-12-16,SKU_5,WH_1,12,12.68,12.416892707192488,0.4168927071924884
2024-12-17,SKU_5,WH_1,16,19.01,17.150139648149267,1.150139648149267
2024-12-18,SKU_5,WH_1,12,9.86,10.319649595987187,1.6803504040128132
2024-12-19,SKU_5,WH_1,21,16.85,15.440533647887229,5.559466352112771
2024-12-20,SKU_5,WH_1,19,17.46,16.082811212407854,2.9171887875921456
2024-12-21,SKU_5,WH_1,28,31.61,28.868973934752102,0.8689739347521019
2024-12-22,SKU_5,WH_1,23,26.14,22.856611426868557,0.1433885731314426
2024-12-23,SKU_5,WH_1,14,15.73,15.080498313212523,1.080498313212523
2024-12-24,SKU_5,WH_1,18,15.38,14.524256363985545,3.475743636014455
2024-12-25,SKU_5,WH_1,11,11.98,12.538739949253383,1.538739949253383
2024-12-26,SKU_5,WH_1,14,12.77,12.568800107907736,1.4311998920922644
2024-12-27,SKU_5,WH_1,17,15.4,14.608035320344664,2.391964679655336
2024-12-28,SKU_5,WH_1,21,16.05,15.164216579512146,5.835783420487854
2024-12-29,SKU_5,WH_1,24,24.06,21.29203964444695,2.7079603555530483
2024-12-30,SKU_5,WH_1,20,22.66,21.230452935397395,1.2304529353973948
2024-11-10,SKU_5,WH_2,9,7.89,8.565130162681317,0.4348698373186828
2024-11-11,SKU_5,WH_2,19,15.8,14.622456072187209,4.377543927812791
2024-11-12,SKU_5,WH_2,11,9.41,9.763770762584898,1.2362292374151025
2024-11-13,SKU_5,WH_2,10,6.16,7.0194648350689235,2.9805351649310765
2024-11-14,SKU_5,WH_2,11,18.16,15.989283101908006,4.989283101908006
2024-11-15,SKU_5,WH_2,9,8.51,9.01190821995046,0.011908219950459653
2024-11-16,SKU_5,WH_2,11,13.95,13.036102189607522,2.036102189607522
2024-11-17,SKU_5,WH_2,14,12.23,11.69834418302301,2.3016558169769894
2024-11-18,SKU_5,WH_2,8,11.05,10.898763291721778,2.898763291721778
2024-11-19,SKU_5,WH_2,11,9.55,9.848336312846376,1.1516636871536239
2024-11-20,SKU_5,WH_2,17,18.76,16.47631121830619,0.5236887816938101
2024-11-21,SKU_5,WH_2,6,2.41,3.9017775726267967,2.0982224273732033
2024-11-22,SKU_5,WH_2,7,7.07,8.15329288959493,1.1532928895949297
2024-11-23,SKU_5,WH_2,8,10.41,10.409566717150344,2.4095667171503443
2024-11-24,SKU_5,WH_2,5,5.06,6.420783668455362,1.4207836684553623
2024-11-25,SKU_5,WH_2,15,15.68,14.400813122298587,0.5991868777014133
2024-11-26,SKU_5,WH_2,13,8.01,8.569827958272914,4.4301720417270865
2024-11-27,SKU_5,WH_2,9,10.88,10.824181749187392,1.8241817491873924
2024-11-28,SKU_5,WH_2,10,15.64,14.409360884690836,4.409360884690836
2024-11-29,SKU_5,WH_2,15,15.75,14.612968580595295,0.3870314194047051
2024-11-30,SKU_5,WH_2,20,20.04,17.520085595796115,2.4799144042038854
2024-12-01,SKU_5,WH_2,16,16.33,15.059942979691252,0.9400570203087479
2024-12-02,SKU_5,WH_2,3,4.34,6.368914112571209,3.3689141125712094
2024-12-03,SKU_5,WH_2,19,23.31,20.341483974954922,1.3414839749549223
2024-12-04,SKU_5,WH_2,21,20.01,17.756817487454256,3.2431825125457436
2024-12-05,SKU_5,WH_2,16,17.75,16.093719989485678,0.0937199894856775
2024-12-06,SKU_5,WH_2,9,4.03,5.825573436869546,3.174426563130454
2024-12-07,SKU_5,WH_2,12,5.17,6.690806781287468,5.309193218712532
2024-12-08,SKU_5,WH_2,22,19.43,17.393789824707696,4.606210175292304
2024-12-09,SKU_5,WH_2,13,9.81,10.27328840071323,2.7267115992867694
2024-12-10,SKU_5,WH_2,9,2.72,5.07229825000354,3.9277017499964604
2024-12-11,SKU_5,WH_2,13,11.74,11.635927826922527,1.3640721730774725
2024-12-12,SKU_5,WH_2,22,21.21,18.81661979503373,3.1833802049662694
2024-12-13,SKU_5,WH_2,18,22.0,19.480122921381383,1.4801229213813833
2024-12-14,SKU_5,WH_2,20,20.09,18.003380106530408,1.9966198934695925
2024-12-15,SKU_5,WH_2,17,10.02,10.321750204279214,6.678249795720786
2024-12-16,SKU_5,WH_2,21,19.13,17.176287648595377,3.823712351404623
2024-12-17,SKU_5,WH_2,22,26.06,22.5059385589939,0.5059385589939005
2024-12-18,SKU_5,WH_2,11,11.14,11.248574594762324,0.24857459476232435
2024-12-19,SKU_5,WH_2,14,10.48,10.677315153294106,3.3226848467058936
2024-12-20,SKU_5,WH_2,20,22.17,19.582782238986546,0.417217761013454
2024-12-21,SKU_5,WH_2,20,15.53,14.64251756575125,5.35748243424875
2024-12-22,SKU_5,WH_2,16,14.97,14.065597968076688,1.9344020319233124
2024-12-23,SKU_5,WH_2,10,6.39,7.737919176494809,2.2620808235051912
2024-12-24,SKU_5,WH_2,13,14.31,13.625566182611413,0.6255661826114132
2024-12-25,SKU_5,WH_2,36,37.3,31.986133446641368,4.013866553358632
2024-12-26,SKU_5,WH_2,18,11.06,12.00274656293874,5.997253437061261
2024-12-27,SKU_5,WH_2,15,13.51,13.057425410773169,1.9425745892268313
2024-12-28,SKU_5,WH_2,17,19.26,17.540129967135318,0.5401299671353179
2024-12-29,SKU_5,WH_2,15,15.99,15.286056568454029,0.28605656845402905
2024-12-30,SKU_5,WH_2,19,18.26,17.497915070873866,1.5020849291261342
2024-11-10,SKU_5,WH_3,7,9.56,9.99184674813627,2.99184674813627
2024-11-11,SKU_5,WH_3,7,6.67,7.457864602076642,0.4578646020766417
2024-11-12,SKU_5,WH_3,15,12.86,12.194599743981014,2.805400256018986
2024-11-13,SKU_5,WH_3,13,10.67,10.776718528473156,2.2232814715268443
2024-11-14,SKU_5,WH_3,10,13.99,13.12573400042606,3.1257340004260605
2024-11-15,SKU_5,WH_3,17,20.93,18.289689580515958,1.289689580515958
2024-11-16,SKU_5,WH_3,5,1.85,3.871710569117693,1.1282894308823068
2024-11-17,SKU_5,WH_3,11,9.85,10.430450060385851,0.5695499396141486
2024-11-18,SKU_5,WH_3,10,10.86,10.893809377968768,0.8938093779687684
2024-11-19,SKU_5,WH_3,22,18.81,17.70151924810382,4.298480751896179
2024-11-20,SKU_5,WH_3,20,21.24,18.58227285286179,1.4177271471382085
2024-11-21,SKU_5,WH_3,18,20.82,18.012609330341853,0.012609330341852854
2024-11-22,SKU_5,WH_3,14,12.35,11.86061103215509,2.1393889678449103
2024-11-23,SKU_5,WH_3,15,13.7,12.888846895879588,2.1111531041204117
2024-11-24,SKU_5,WH_3,11,10.98,10.952101065521273,0.047898934478727284
2024-11-25,SKU_5,WH_3,16,20.7,18.033015293447708,2.0330152934477077
2024-11-26,SKU_5,WH_3,7,6.82,7.6039422407267026,0.6039422407267026
2024-11-27,SKU_5,WH_3,6,1.59,3.3500985707337803,2.6499014292662197
2024-11-28,SKU_5,WH_3,13,9.8,9.983711724037818,3.0162882759621823
2024-11-29,SKU_5,WH_3,26,24.91,22.869506282913015,3.130493717086985
2024-11-30,SKU_5,WH_3,12,14.07,13.142022483686482,1.1420224836864818
2024-12-01,SKU_5,WH_3,9,3.68,5.667641455158354,3.3323585448416457
2024-12-02,SKU_5,WH_3,6,5.47,7.222488703061293,1.222488703061293
2024-12-03,SKU_5,WH_3,7,7.18,8.445864722352406,1.4458647223524057
2024-12-04,SKU_5,WH_3,12,10.69,10.938229680024092,1.061770319975908
2024-12-05,SKU_5,WH_3,15,13.9,13.265979483148664,1.734020516851336
2024-12-06,SKU_5,WH_3,11,16.78,15.399446704416944,4.399446704416944
2024-12-07,SKU_5,WH_3,18,22.48,19.753979967149313,1.7539799671493128
2024-12-08,SKU_5,WH_3,11,15.25,14.26202144876484,3.2620214487648393
2024-12-09,SKU_5,WH_3,16,19.19,17.180846366894052,1.1808463668940519
2024-12-10,SKU_5,WH_3,18,24.77,21.232015032773962,3.232015032773962
2024-12-11,SKU_5,WH_3,14,17.3,15.76026463475909,1.7602646347590891
2024-12-12,SKU_5,WH_3,17,14.66,13.63133766643802,3.3686623335619803
2024-12-13,SKU_5,WH_3,17,13.46,12.770855151896303,4.229144848103697
2024-12-14,SKU_5,WH_3,15,13.06,12.680220118822124,2.319779881177876
2024-12-15,SKU_5,WH_3,14,11.49,11.436928760708719,2.563071239291281
2024-12-16,SKU_5,WH_3,7,4.9,6.755024631161122,0.24497536883887783
2024-12-17,SKU_5,WH_3,20,15.54,14.580723051496,5.419276948504001
2024-12-18,SKU_5,WH_3,22,19.58,18.861077900228754,3.1389220997712464
2024-12-19,SKU_5,WH_3,18,16.42,15.281617134163179,2.718382865836821
2024-12-20,SKU_5,WH_3,22,22.34,19.84220053213191,2.1577994678680916
2024-12-21,SKU_5,WH_3,15,14.14,13.47438910524057,1.5256108947594296
2024-12-22,SKU_5,WH_3,15,13.1,12.756655727300789,2.243344272699211
2024-12-23,SKU_5,WH_3,22,22.65,20.055976670514315,1.9440233294856846
2024-12-24,SKU_5,WH_3,27,31.34,26.55779974316531,0.44220025683468833
2024-12-25,SKU_5,WH_3,18,21.94,19.662244841090935,1.662244841090935
2024-12-26,SKU_5,WH_3,16,15.4,14.659515285775838,1.3404847142241625
2024-12-27,SKU_5,WH_3,16,21.0,19.879985078639343,3.8799850786393435
2024-12-28,SKU_5,WH_3,23,18.74,17.02618661612353,5.973813383876472
2024-12-29,SKU_5,WH_3,11,7.25,8.812395972058704,2.187604027941296
2024-12-30,SKU_5,WH_3,25,21.32,20.075460509689684,4.924539490310316
2024-11-10,SKU_5,WH_4,17,16.79,15.302919535179157,1.6970804648208428
2024-11-11,SKU_5,WH_4,16,18.5,16.39349324841124,0.39349324841123945
2024-11-12,SKU_5,WH_4,22,18.5,17.519692197030622,4.480307802969378
2024-11-13,SKU_5,WH_4,15,13.57,12.791570419281227,2.2084295807187733
2024-11-14,SKU_5,WH_4,10,7.43,8.311125614972399,1.6888743850276011
2024-11-15,SKU_5,WH_4,9,8.83,9.271341500888187,0.2713415008881874
2024-11-16,SKU_5,WH_4,12,12.11,11.849774677006677,0.15022532299332347
2024-11-17,SKU_5,WH_4,4,9.08,9.483670089942626,5.483670089942626
2024-11-18,SKU_5,WH_4,8,6.49,7.37789530653148,0.6221046934685202
2024-11-19,SKU_5,WH_4,14,12.54,12.540095415574005,1.4599045844259955
2024-11-20,SKU_5,WH_4,15,14.32,14.035045303058123,0.9649546969418772
2024-11-21,SKU_5,WH_4,11,9.92,10.021888130122042,0.9781118698779583
2024-11-22,SKU_5,WH_4,12,8.26,8.891173123090738,3.108826876909262
2024-11-23,SKU_5,WH_4,9,11.81,11.502640964593922,2.5026409645939225
2024-11-24,SKU_5,WH_4,15,11.26,11.085566525477281,3.9144334745227187
2024-11-25,SKU_5,WH_4,9,5.38,7.014109878332013,1.9858901216679872
2024-11-26,SKU_5,WH_4,13,13.08,12.485691201799515,0.514308798200485
2024-11-27,SKU_5,WH_4,8,5.69,7.042985388805973,0.957014611194027
2024-11-28,SKU_5,WH_4,13,13.69,12.882609789373303,0.11739021062669686
2024-11-29,SKU_5,WH_4,10,9.75,10.070339838910488,0.07033983891048834
2024-11-30,SKU_5,WH_4,12,10.89,10.978180826511908,1.0218191734880921
2024-12-01,SKU_5,WH_4,15,9.49,10.015698787406537,4.984301212593463
2024-12-02,SKU_5,WH_4,12,15.0,14.236954014676398,2.2369540146763978
2024-12-03,SKU_5,WH_4,12,15.08,14.19956135134036,2.1995613513403605
2024-12-04,SKU_5,WH_4,10,8.67,9.486845023706765,0.5131549762932348
2024-12-05,SKU_5,WH_4,11,5.81,7.267606600329408,3.732393399670592
2024-12-06,SKU_5,WH_4,15,17.97,17.4422455681045,2.4422455681045
2024-12-07,SKU_5,WH_4,18,23.25,20.324130693294645,2.324130693294645
2024-12-08,SKU_5,WH_4,20,17.13,15.625095403222112,4.374904596777888
2024-12-09,SKU_5,WH_4,6,5.23,6.791950176716644,0.7919501767166439
2024-12-10,SKU_5,WH_4,14,13.45,12.77920807597533,1.2207919240246703
2024-12-11,SKU_5,WH_4,20,20.01,17.77340783646584,2.2265921635341606
2024-12-12,SKU_5,WH_4,8,5.31,7.187544819590644,0.8124551804093558
2024-12-13,SKU_5,WH_4,15,21.9,19.375034160040645,4.375034160040645
2024-12-14,SKU_5,WH_4,18,15.44,14.526486421231619,3.4735135787683813
2024-12-15,SKU_5,WH_4,14,14.72,13.867051245552936,0.13294875444706378
2024-12-16,SKU_5,WH_4,11,12.53,12.115105621655658,1.1151056216556583
2024-12-17,SKU_5,WH_4,28,36.22,30.894444109751706,2.8944441097517064
2024-12-18,SKU_5,WH_4,20,19.0,16.915282152477953,3.0847178475220467
2024-12-19,SKU_5,WH_4,20,18.98,16.97171870491658,3.0282812950834206
2024-12-20,SKU_5,WH_4,13,9.31,10.10764367470044,2.892356325299559
2024-12-21,SKU_5,WH_4,11,14.02,13.425764659465056,2.425764659465056
2024-12-22,SKU_5,WH_4,21,20.23,18.156628013727264,2.843371986272736
2024-12-23,SKU_5,WH_4,19,13.93,13.432487983246162,5.567512016753838
2024-12-24,SKU_5,WH_4,17,17.23,15.868435907915924,1.1315640920840764
2024-12-25,SKU_5,WH_4,17,16.53,15.338057365387396,1.661942634612604
2024-12-26,SKU_5,WH_4,13,9.15,10.100486977127872,2.899513022872128
2024-12-27,SKU_5,WH_4,15,18.69,16.888457394334573,1.8884573943345728
2024-12-28,SKU_5,WH_4,22,19.96,17.97914074517127,4.0208592548287285
2024-12-29,SKU_5,WH_4,21,23.25,20.549309724578432,0.45069027542156803
2024-12-30,SKU_5,WH_4,19,13.63,14.880863086071141,4.119136913928859
2024-11-10,SKU_5,WH_5,8,11.35,11.151274213179743,3.151274213179743
2024-11-11,SKU_5,WH_5,14,10.12,10.85263667092479,3.14736332907521
2024-11-12,SKU_5,WH_5,5,1.16,3.2937605346759313,1.7062394653240687
2024-11-13,SKU_5,WH_5,19,19.98,17.60682297787203,1.3931770221279685
2024-11-14,SKU_5,WH_5,11,13.36,12.604085251693643,1.6040852516936432
2024-11-15,SKU_5,WH_5,12,10.36,10.39598653016366,1.6040134698363406
2024-11-16,SKU_5,WH_5,12,12.82,12.138690716011503,0.13869071601150296
2024-11-17,SKU_5,WH_5,16,15.46,14.324989308816043,1.6750106911839566
2024-11-18,SKU_5,WH_5,11,6.24,7.051251220822362,3.948748779177638
2024-11-19,SKU_5,WH_5,10,16.4,14.862077608284007,4.862077608284007
2024-11-20,SKU_5,WH_5,13,16.67,15.125673739536648,2.125673739536648
2024-11-21,SKU_5,WH_5,21,15.99,14.81309602462333,6.186903975376669
2024-11-22,SKU_5,WH_5,14,17.68,16.913389393114354,2.913389393114354
2024-11-23,SKU_5,WH_5,11,12.32,11.853157696487292,0.8531576964872922
2024-11-24,SKU_5,WH_5,13,16.76,16.144925681969518,3.144925681969518
2024-11-25,SKU_5,WH_5,17,16.27,14.838690629156066,2.1613093708439344
2024-11-26,SKU_5,WH_5,18,18.22,16.067716762739078,1.932283237260922
2024-11-27,SKU_5,WH_5,13,12.55,12.032580153713416,0.9674198462865835
2024-11-28,SKU_5,WH_5,8,6.74,7.64168845315193,0.35831154684807043
2024-11-29,SKU_5,WH_5,12,6.14,7.088669328489543,4.911330671510457
2024-11-30,SKU_5,WH_5,14,12.99,12.909186025802743,1.090813974197257
2024-12-01,SKU_5,WH_5,12,12.11,11.973318810251975,0.026681189748025247
2024-12-02,SKU_5,WH_5,15,17.28,15.838550753559376,0.8385507535593764
2024-12-03,SKU_5,WH_5,24,28.48,24.148843944705913,0.1488439447059129
2024-12-04,SKU_5,WH_5,13,15.28,14.421433194147127,1.4214331941471272
2024-12-05,SKU_5,WH_5,20,21.24,18.91356615779309,1.0864338422069117
2024-12-06,SKU_5,WH_5,13,12.83,12.565862038499096,0.43413796150090356
2024-12-07,SKU_5,WH_5,17,19.56,17.812667286113395,0.8126672861133954
2024-12-08,SKU_5,WH_5,16,17.34,15.978242208389798,0.021757791610202304
2024-12-09,SKU_5,WH_5,20,14.68,13.906088535093652,6.093911464906348
2024-12-10,SKU_5,WH_5,18,17.68,16.23770018293445,1.76229981706555
2024-12-11,SKU_5,WH_5,21,24.08,21.15576553503899,0.1557655350389915
2024-12-12,SKU_5,WH_5,12,12.48,12.418337086401532,0.41833708640153233
2024-12-13,SKU_5,WH_5,20,17.72,16.281282297253835,3.718717702746165
2024-12-14,SKU_5,WH_5,20,21.96,19.70222915188503,0.29777084811496835
2024-12-15,SKU_5,WH_5,10,13.04,12.867607062098525,2.867607062098525
2024-12-16,SKU_5,WH_5,12,12.57,12.36595531606315,0.36595531606315035
2024-12-17,SKU_5,WH_5,21,21.29,19.02978689263621,1.97021310736379
2024-12-18,SKU_5,WH_5,7,9.73,10.38400942698439,3.38400942698439
2024-12-19,SKU_5,WH_5,28,30.8,28.005629192456055,0.005629192456055421
2024-12-20,SKU_5,WH_5,21,21.64,19.38790411353681,1.612095886463191
2024-12-21,SKU_5,WH_5,20,20.88,18.6466900104365,1.353309989563499
2024-12-22,SKU_5,WH_5,17,10.24,10.77320320585123,6.22679679414877
2024-12-23,SKU_5,WH_5,28,25.48,22.278429660287234,5.721570339712766
2024-12-24,SKU_5,WH_5,15,17.78,16.560675529069556,1.560675529069556
2024-12-25,SKU_5,WH_5,26,31.06,26.37589551975497,0.3758955197549696
2024-12-26,SKU_5,WH_5,18,20.11,18.644482069140405,0.6444820691404054
2024-12-27,SKU_5,WH_5,22,19.06,17.502870178396115,4.497129821603885
2024-12-28,SKU_5,WH_5,11,9.31,10.362769537910498,0.6372304620895015
2024-12-29,SKU_5,WH_5,27,23.75,21.16715214795001,5.832847852049991
2024-12-30,SKU_5,WH_5,25,30.45,27.24122549062526,2.2412254906252613
2024-11-10,SKU_50,WH_1,11,4.63,6.173746584778616,4.826253415221384
2024-11-11,SKU_50,WH_1,20,22.27,19.343116726238122,0.6568832737618777
2024-11-12,SKU_50,WH_1,8,15.04,14.015413899472284,6.015413899472284
2024-11-13,SKU_50,WH_1,11,7.16,8.165108061661677,2.8348919383383233
2024-11-14,SKU_50,WH_1,3,2.79,4.906438661381962,1.9064386613819622
2024-11-15,SKU_50,WH_1,9,11.06,11.007263423306897,2.007263423306897
2024-11-16,SKU_50,WH_1,4,3.87,5.681344550792974,1.681344550792974
2024-11-17,SKU_50,WH_1,9,10.84,10.810595764292122,1.8105957642921222
2024-11-18,SKU_50,WH_1,11,11.46,11.171097657216123,0.1710976572161229
2024-11-19,SKU_50,WH_1,21,19.56,17.336053237185514,3.6639467628144864
2024-11-20,SKU_50,WH_1,14,13.35,12.617060763022055,1.3829392369779452
2024-11-21,SKU_50,WH_1,10,10.8,10.807508319565738,0.8075083195657378
2024-11-22,SKU_50,WH_1,13,17.16,15.551964384707869,2.551964384707869
2024-11-23,SKU_50,WH_1,22,23.37,20.209329253952266,1.7906707460477342
2024-11-24,SKU_50,WH_1,12,13.63,12.838580583132913,0.838580583132913
2024-11-25,SKU_50,WH_1,16,15.47,14.33317107001086,1.6668289299891406
2024-11-26,SKU_50,WH_1,13,11.07,10.996598416145167,2.003401583854833
2024-11-27,SKU_50,WH_1,9,13.16,13.08433916437307,4.08433916437307
2024-11-28,SKU_50,WH_1,23,19.38,17.12198043453995,5.87801956546005
2024-11-29,SKU_50,WH_1,14,14.94,13.832891282206324,0.16710871779367586
2024-11-30,SKU_50,WH_1,22,16.97,15.319224349588671,6.680775650411329
2024-12-01,SKU_50,WH_1,18,24.67,21.409499186023062,3.409499186023062
2024-12-02,SKU_50,WH_1,2,4.64,6.4735513935024,4.4735513935024
2024-12-03,SKU_50,WH_1,8,5.38,7.239710902596626,0.7602890974033736
2024-12-04,SKU_50,WH_1,11,16.98,15.411285552684106,4.411285552684106
2024-12-05,SKU_50,WH_1,20,18.81,16.763028830305238,3.236971169694762
2024-12-06,SKU_50,WH_1,30,28.12,24.04679224224787,5.9532077577521285
2024-12-07,SKU_50,WH_1,22,23.15,20.44544252601205,1.5545574739879484
2024-12-08,SKU_50,WH_1,18,16.97,15.677671032056702,2.3223289679432977
2024-12-09,SKU_50,WH_1,16,14.04,13.502982471206616,2.497017528793384
2024-12-10,SKU_50,WH_1,13,15.3,14.587347784041535,1.587347784041535
2024-12-11,SKU_50,WH_1,17,14.7,13.918133273482688,3.081866726517312
2024-12-12,SKU_50,WH_1,21,19.51,17.91064779508018,3.0893522049198197
2024-12-13,SKU_50,WH_1,18,15.36,14.697336906379153,3.302663093620847
2024-12-14,SKU_50,WH_1,14,13.63,13.247940076154181,0.7520599238458185
2024-12-15,SKU_50,WH_1,20,17.11,15.879463166924191,4.120536833075809
2024-12-16,SKU_50,WH_1,23,20.03,18.045462105084106,4.9545378949158945
2024-12-17,SKU_50,WH_1,21,21.3,19.228676473559556,1.7713235264404439
2024-12-18,SKU_50,WH_1,29,30.44,26.077505652616814,2.9224943473831857
2024-12-19,SKU_50,WH_1,25,25.93,22.960149628288043,2.0398503717119567
2024-12-20,SKU_50,WH_1,22,16.48,15.835992031298947,6.164007968701053
2024-12-21,SKU_50,WH_1,16,13.68,13.831405213287724,2.1685947867122763
2024-12-22,SKU_50,WH_1,15,17.4,16.730964606954426,1.7309646069544264
2024-12-23,SKU_50,WH_1,17,15.86,15.639533763985117,1.360466236014883
2024-12-24,SKU_50,WH_1,18,18.04,16.871480492601243,1.1285195073987566
2024-12-25,SKU_50,WH_1,16,14.79,14.40928025368527,1.5907197463147291
2024-12-26,SKU_50,WH_1,20,20.95,19.01279057665419,0.98720942334581
2024-12-27,SKU_50,WH_1,27,30.35,26.09224911788608,0.9077508821139197
2024-12-28,SKU_50,WH_1,19,22.94,20.63137748624599,1.6313774862459915
2024-12-29,SKU_50,WH_1,13,8.65,9.977026841501264,3.0229731584987363
2024-12-30,SKU_50,WH_1,18,20.46,19.631011549467065,1.6310115494670647
2024-11-10,SKU_50,WH_2,15,16.2,14.874480125863826,0.12551987413617383
2024-11-11,SKU_50,WH_2,10,9.9,10.099583257828511,0.0995832578285114
2024-11-12,SKU_50,WH_2,18,19.1,16.8752368732564,1.1247631267435985
2024-11-13,SKU_50,WH_2,8,7.42,8.27854944618752,0.27854944618752064
2024-11-14,SKU_50,WH_2,11,9.31,9.710790357522296,1.2892096424777044
2024-11-15,SKU_50,WH_2,10,12.38,11.84550418498569,1.8455041849856908
2024-11-16,SKU_50,WH_2,15,12.8,12.22335273693688,2.7766472630631203
2024-11-17,SKU_50,WH_2,20,17.21,15.526786806507312,4.473213193492688
2024-11-18,SKU_50,WH_2,19,17.54,15.798321846370909,3.201678153629091
2024-11-19,SKU_50,WH_2,17,20.07,17.838320873017157,0.8383208730171567
2024-11-20,SKU_50,WH_2,19,20.51,18.008119579645534,0.991880420354466
2024-11-21,SKU_50,WH_2,11,12.27,12.015900221413474,1.0159002214134745
2024-11-22,SKU_50,WH_2,17,15.89,14.758076046180008,2.2419239538199918
2024-11-23,SKU_50,WH_2,11,7.19,8.342115252998193,2.657884747001807
2024-11-24,SKU_50,WH_2,9,8.89,9.521842321646199,0.5218423216461989
2024-11-25,SKU_50,WH_2,14,7.79,8.486558249462298,5.513441750537702
2024-11-26,SKU_50,WH_2,16,17.96,16.069341372762608,0.06934137276260799
2024-11-27,SKU_50,WH_2,18,18.43,17.474291814225833,0.5257081857741674
2024-11-28,SKU_50,WH_2,6,13.66,12.94884070504495,6.948840705044949
2024-11-29,SKU_50,WH_2,9,8.39,9.072789303036224,0.07278930303622388
2024-11-30,SKU_50,WH_2,17,14.18,13.235110503208064,3.7648894967919357
2024-12-01,SKU_50,WH_2,24,21.49,20.285587026201256,3.714412973798744
2024-12-02,SKU_50,WH_2,18,17.88,16.34950052685906,1.6504994731409397
2024-12-03,SKU_50,WH_2,11,9.31,10.114235671398532,0.8857643286014678
2024-12-04,SKU_50,WH_2,18,11.1,11.27958874727952,6.72041125272048
2024-12-05,SKU_50,WH_2,24,18.61,18.030136870882107,5.969863129117893
2024-12-06,SKU_50,WH_2,16,17.0,16.646326703705284,0.6463267037052844
2024-12-07,SKU_50,WH_2,20,16.21,15.32557398135622,4.67442601864378
2024-12-08,SKU_50,WH_2,16,10.2,10.775562094238657,5.224437905761343
2024-12-09,SKU_50,WH_2,17,19.9,18.12690453636474,1.1269045363647407
2024-12-10,SKU_50,WH_2,23,19.77,17.92351048058269,5.076489519417311
2024-12-11,SKU_50,WH_2,28,24.39,21.456059833892287,6.5439401661077135
2024-12-12,SKU_50,WH_2,20,19.15,17.602721883957397,2.397278116042603
2024-12-13,SKU_50,WH_2,24,21.14,19.234013984393385,4.7659860156066145
2024-12-14,SKU_50,WH_2,24,28.16,24.6880415063174,0.6880415063174006
2024-12-15,SKU_50,WH_2,18,18.12,16.964508313633534,1.0354916863664663
2024-12-16,SKU_50,WH_2,14,12.12,12.653068063687122,1.3469319363128776
2024-12-17,SKU_50,WH_2,26,25.7,22.900597544872475,3.0994024551275245
2024-12-18,SKU_50,WH_2,19,20.86,19.012879138302868,0.012879138302867688
2024-12-19,SKU_50,WH_2,24,25.18,22.04750190427318,1.9524980957268205
2024-12-20,SKU_50,WH_2,21,17.76,16.884167080493388,4.115832919506612
2024-12-21,SKU_50,WH_2,28,21.72,20.68943549913724,7.31056450086276
2024-12-22,SKU_50,WH_2,14,11.04,11.855534974632869,2.144465025367131
2024-12-23,SKU_50,WH_2,11,15.58,15.225831765957285,4.225831765957285
2024-12-24,SKU_50,WH_2,29,30.88,26.50173606317142,2.498263936828579
2024-12-25,SKU_50,WH_2,19,17.84,16.71932378939028,2.2806762106097196
2024-12-26,SKU_50,WH_2,14,11.79,12.125966319929072,1.8740336800709283
2024-12-27,SKU_50,WH_2,17,20.09,18.568982499689884,1.5689824996898842
2024-12-28,SKU_50,WH_2,23,27.53,23.974742104175874,0.9747421041758741
2024-12-29,SKU_50,WH_2,16,10.43,11.042224705994164,4.957775294005836
2024-12-30,SKU_50,WH_2,24,22.6,21.232184988969948,2.767815011030052
2024-11-10,SKU_50,WH_3,4,5.19,6.553920623537107,2.553920623537107
2024-11-11,SKU_50,WH_3,8,5.9,7.078931084611833,0.921068915388167
2024-11-12,SKU_50,WH_3,17,13.01,12.21964547537224,4.780354524627761
2024-11-13,SKU_50,WH_3,17,23.15,20.023825168469834,3.023825168469834
2024-11-14,SKU_50,WH_3,20,20.87,18.237852719985636,1.7621472800143643
2024-11-15,SKU_50,WH_3,18,18.78,16.60076514011263,1.3992348598873683
2024-11-16,SKU_50,WH_3,10,11.04,11.05784650630859,1.0578465063085893
2024-11-17,SKU_50,WH_3,12,10.26,10.432709702142724,1.5672902978572765
2024-11-18,SKU_50,WH_3,19,22.35,19.559405171208947,0.5594051712089474
2024-11-19,SKU_50,WH_3,12,16.22,14.891726217320985,2.8917262173209846
2024-11-20,SKU_50,WH_3,6,11.12,11.050208253737571,5.050208253737571
2024-11-21,SKU_50,WH_3,18,19.36,17.1821096914947,0.8178903085053015
2024-11-22,SKU_50,WH_3,16,13.74,12.85362329188668,3.146376708113319
2024-11-23,SKU_50,WH_3,14,14.7,13.52904722983472,0.4709527701652796
2024-11-24,SKU_50,WH_3,15,13.7,12.85484442111977,2.14515557888023
2024-11-25,SKU_50,WH_3,13,13.78,13.023649631913093,0.023649631913093216
2024-11-26,SKU_50,WH_3,12,13.19,12.726828736063798,0.7268287360637977
2024-11-27,SKU_50,WH_3,18,18.37,16.291124687714607,1.708875312285393
2024-11-28,SKU_50,WH_3,20,18.73,17.901465291519287,2.098534708480713
2024-11-29,SKU_50,WH_3,11,7.23,8.401378075498549,2.598621924501451
2024-11-30,SKU_50,WH_3,24,26.02,22.334996402718303,1.6650035972816966
2024-12-01,SKU_50,WH_3,16,13.58,13.269599403671581,2.730400596328419
2024-12-02,SKU_50,WH_3,11,11.99,12.014162911786483,1.0141629117864834
2024-12-03,SKU_50,WH_3,15,12.07,12.02667129188078,2.9733287081192206
2024-12-04,SKU_50,WH_3,16,16.16,15.359738572612395,0.640261427387605
2024-12-05,SKU_50,WH_3,11,7.85,9.358754880744412,1.6412451192555881
2024-12-06,SKU_50,WH_3,12,15.25,14.565981750391392,2.5659817503913924
2024-12-07,SKU_50,WH_3,17,19.7,18.006371098387078,1.0063710983870777
2024-12-08,SKU_50,WH_3,13,10.83,11.154578016289936,1.8454219837100645
2024-12-09,SKU_50,WH_3,21,19.41,17.643945402174495,3.356054597825505
2024-12-10,SKU_50,WH_3,12,15.3,14.57410619014217,2.574106190142169
2024-12-11,SKU_50,WH_3,10,10.39,11.263822549662558,1.2638225496625584
2024-12-12,SKU_50,WH_3,11,11.33,11.428831176069705,0.4288311760697052
2024-12-13,SKU_50,WH_3,21,18.77,16.96831177199996,4.031688228000039
2024-12-14,SKU_50,WH_3,18,15.41,14.568009171760407,3.4319908282395932
2024-12-15,SKU_50,WH_3,19,17.66,16.253279507389678,2.746720492610322
2024-12-16,SKU_50,WH_3,20,24.74,21.518669076366816,1.518669076366816
2024-12-17,SKU_50,WH_3,16,13.59,13.177462601954398,2.8225373980456023
2024-12-18,SKU_50,WH_3,16,16.04,15.177934251134934,0.8220657488650662
2024-12-19,SKU_50,WH_3,12,9.9,10.523419652216484,1.476580347783516
2024-12-20,SKU_50,WH_3,27,27.47,23.63275423661712,3.367245763382879
2024-12-21,SKU_50,WH_3,29,30.22,27.691691789727308,1.308308210272692
2024-12-22,SKU_50,WH_3,16,18.17,16.67785030774756,0.6778503077475584
2024-12-23,SKU_50,WH_3,13,18.12,16.632365234210624,3.6323652342106243
2024-12-24,SKU_50,WH_3,23,24.81,23.159103399582932,0.15910339958293207
2024-12-25,SKU_50,WH_3,18,20.79,18.763754863356965,0.7637548633569651
2024-12-26,SKU_50,WH_3,19,23.03,20.565411294385147,1.5654112943851466
2024-12-27,SKU_50,WH_3,20,20.22,18.509889253479326,1.4901107465206742
2024-12-28,SKU_50,WH_3,16,10.3,11.100042516784633,4.899957483215367
2024-12-29,SKU_50,WH_3,29,28.96,24.653380869956003,4.346619130043997
2024-12-30,SKU_50,WH_3,15,12.17,13.234424847132752,1.7655751528672479
2024-11-10,SKU_50,WH_4,21,21.45,18.8014384249805,2.1985615750195002
2024-11-11,SKU_50,WH_4,17,18.7,16.607028646036806,0.39297135396319405
2024-11-12,SKU_50,WH_4,8,12.1,11.878015352451863,3.878015352451863
2024-11-13,SKU_50,WH_4,11,9.16,9.762647498117756,1.2373525018822438
2024-11-14,SKU_50,WH_4,7,8.34,8.894209921871157,1.8942099218711572
2024-11-15,SKU_50,WH_4,19,17.77,15.989178126993885,3.0108218730061154
2024-11-16,SKU_50,WH_4,15,15.52,15.287021975480055,0.28702197548005515
2024-11-17,SKU_50,WH_4,14,18.28,16.108900611887304,2.1089006118873037
2024-11-18,SKU_50,WH_4,15,16.27,14.862970344575567,0.13702965542443302
2024-11-19,SKU_50,WH_4,9,7.89,8.560974751216477,0.43902524878352267
2024-11-20,SKU_50,WH_4,17,19.64,17.378875211768754,0.3788752117687544
2024-11-21,SKU_50,WH_4,12,9.96,10.122702998019673,1.8772970019803275
2024-11-22,SKU_50,WH_4,9,10.93,10.976491387016033,1.9764913870160328
2024-11-23,SKU_50,WH_4,19,12.46,12.039146862089032,6.960853137910968
2024-11-24,SKU_50,WH_4,12,11.93,11.59924274268448,0.4007572573155205
2024-11-25,SKU_50,WH_4,17,18.48,16.248290302981463,0.7517096970185371
2024-11-26,SKU_50,WH_4,15,12.12,11.759419661588396,3.240580338411604
2024-11-27,SKU_50,WH_4,28,25.53,21.830685373254973,6.169314626745027
2024-11-28,SKU_50,WH_4,9,7.75,8.766842232850525,0.2331577671494749
2024-11-29,SKU_50,WH_4,11,12.24,11.871795828357794,0.8717958283577936
2024-11-30,SKU_50,WH_4,15,16.17,14.949080754347372,0.05091924565262751
2024-12-01,SKU_50,WH_4,15,13.22,12.958081884371484,2.0419181156285156
2024-12-02,SKU_50,WH_4,12,9.92,10.406700831604475,1.593299168395525
2024-12-03,SKU_50,WH_4,15,16.19,15.164164903622439,0.16416490362243863
2024-12-04,SKU_50,WH_4,16,16.63,15.473853866124012,0.5261461338759883
2024-12-05,SKU_50,WH_4,20,18.79,16.930533048975015,3.0694669510249852
2024-12-06,SKU_50,WH_4,17,18.29,16.63696701742068,0.3630329825793197
2024-12-07,SKU_50,WH_4,10,8.66,9.687681893313322,0.3123181066866785
2024-12-08,SKU_50,WH_4,23,22.13,20.949408724844222,2.050591275155778
2024-12-09,SKU_50,WH_4,14,15.23,14.469386098555262,0.4693860985552618
2024-12-10,SKU_50,WH_4,21,20.75,18.59677578416827,2.403224215831731
2024-12-11,SKU_50,WH_4,20,22.05,19.72930412744852,0.27069587255148164
2024-12-12,SKU_50,WH_4,16,12.89,12.590898346033995,3.4091016539660046
2024-12-13,SKU_50,WH_4,20,22.36,21.201086319087313,1.2010863190873131
2024-12-14,SKU_50,WH_4,12,7.72,8.985679018888323,3.014320981111677
2024-12-15,SKU_50,WH_4,18,14.69,13.959930984971553,4.040069015028447
2024-12-16,SKU_50,WH_4,16,12.08,12.010081053917625,3.9899189460823745
2024-12-17,SKU_50,WH_4,8,5.49,7.516949427014809,0.4830505729851913
2024-12-18,SKU_50,WH_4,14,11.44,11.503835681854536,2.496164318145464
2024-12-19,SKU_50,WH_4,19,20.07,18.159929086679327,0.8400709133206732
2024-12-20,SKU_50,WH_4,19,23.29,20.59436210558892,1.594362105588921
2024-12-21,SKU_50,WH_4,18,20.23,18.27944952054479,0.2794495205447909
2024-12-22,SKU_50,WH_4,25,25.37,22.034266939644763,2.9657330603552374
2024-12-23,SKU_50,WH_4,23,20.22,18.312121979495625,4.687878020504375
2024-12-24,SKU_50,WH_4,18,23.19,20.662852407750318,2.662852407750318
2024-12-25,SKU_50,WH_4,27,29.15,25.174387835959052,1.8256121640409475
2024-12-26,SKU_50,WH_4,17,25.68,22.80116526427125,5.801165264271251
2024-12-27,SKU_50,WH_4,15,18.08,16.779865837276102,1.7798658372761018
2024-12-28,SKU_50,WH_4,19,21.04,19.043585106579176,0.043585106579175914
2024-12-29,SKU_50,WH_4,23,19.09,17.536046314299885,5.463953685700115
2024-12-30,SKU_50,WH_4,24,21.45,20.364877576164133,3.635122423835867
2024-11-10,SKU_50,WH_5,9,11.97,11.591285284738074,2.591285284738074
2024-11-11,SKU_50,WH_5,12,15.34,14.237582729996634,2.2375827299966335
2024-11-12,SKU_50,WH_5,15,14.24,13.167930979598818,1.8320690204011818
2024-11-13,SKU_50,WH_5,11,12.52,11.929072860973204,0.9290728609732035
2024-11-14,SKU_50,WH_5,12,10.42,10.390368781457926,1.6096312185420736
2024-11-15,SKU_50,WH_5,9,8.25,8.822911811396033,0.17708818860396747
2024-11-16,SKU_50,WH_5,26,31.29,28.14258969724208,2.14258969724208
2024-11-17,SKU_50,WH_5,18,26.52,22.565436599395763,4.565436599395763
2024-11-18,SKU_50,WH_5,11,7.63,8.56785957462419,2.4321404253758097
2024-11-19,SKU_50,WH_5,14,14.29,13.375287075724087,0.6247129242759133
2024-11-20,SKU_50,WH_5,13,17.07,15.428767831179751,2.4287678311797514
2024-11-21,SKU_50,WH_5,5,2.77,4.8788247711974755,0.12117522880252452
2024-11-22,SKU_50,WH_5,16,19.22,18.172185772969318,2.1721857729693177
2024-11-23,SKU_50,WH_5,21,13.34,12.654549768463013,8.345450231536987
2024-11-24,SKU_50,WH_5,11,9.98,10.12520573843285,0.8747942615671498
2024-11-25,SKU_50,WH_5,19,14.9,13.719499576320764,5.280500423679236
2024-11-26,SKU_50,WH_5,9,8.34,8.926502529041679,0.07349747095832093
2024-11-27,SKU_50,WH_5,7,7.81,8.417193283597786,1.4171932835977863
2024-11-28,SKU_50,WH_5,9,10.96,10.839681057762553,1.8396810577625526
2024-11-29,SKU_50,WH_5,6,6.37,6.958437603281579,0.9584376032815793
2024-11-30,SKU_50,WH_5,7,6.57,7.228644772481763,0.22864477248176307
2024-12-01,SKU_50,WH_5,7,8.51,9.313344871340977,2.313344871340977
2024-12-02,SKU_50,WH_5,12,11.35,11.232247528375678,0.7677524716243216
2024-12-03,SKU_50,WH_5,12,12.3,12.028110053014348,0.028110053014348324
2024-12-04,SKU_50,WH_5,16,13.7,13.064913055461275,2.9350869445387247
2024-12-05,SKU_50,WH_5,11,11.97,11.68935892097833,0.6893589209783304
2024-12-06,SKU_50,WH_5,19,20.48,18.17226976666838,0.8277302333316214
2024-12-07,SKU_50,WH_5,16,18.06,17.390164903071884,1.3901649030718843
2024-12-08,SKU_50,WH_5,21,21.1,18.682637206233625,2.3173627937663746
2024-12-09,SKU_50,WH_5,11,13.22,12.849663065414969,1.849663065414969
2024-12-10,SKU_50,WH_5,18,22.36,19.736059450900953,1.736059450900953
2024-12-11,SKU_50,WH_5,20,23.68,22.175780699384184,2.175780699384184
2024-12-12,SKU_50,WH_5,9,8.73,9.51483353128194,0.5148335312819405
2024-12-13,SKU_50,WH_5,10,16.39,15.170285017671851,5.170285017671851
2024-12-14,SKU_50,WH_5,16,14.61,13.695085169328294,2.3049148306717058
2024-12-15,SKU_50,WH_5,17,16.71,15.461454572856828,1.5385454271431716
2024-12-16,SKU_50,WH_5,23,30.29,25.508630373161246,2.508630373161246
2024-12-17,SKU_50,WH_5,22,17.35,15.858988382642057,6.141011617357943
2024-12-18,SKU_50,WH_5,13,17.71,16.143283748259936,3.143283748259936
2024-12-19,SKU_50,WH_5,19,22.81,20.094374314448284,1.0943743144482845
2024-12-20,SKU_50,WH_5,5,4.24,6.106894681522411,1.1068946815224114
2024-12-21,SKU_50,WH_5,19,21.06,18.73572399722387,0.2642760027761284
2024-12-22,SKU_50,WH_5,9,14.43,13.586050889770435,4.586050889770435
2024-12-23,SKU_50,WH_5,14,16.98,15.567137484925336,1.567137484925336
2024-12-24,SKU_50,WH_5,17,20.78,18.45506397295481,1.455063972954811
2024-12-25,SKU_50,WH_5,24,20.72,18.388098087171002,5.611901912828998
2024-12-26,SKU_50,WH_5,17,19.82,17.934859172681993,0.9348591726819926
2024-12-27,SKU_50,WH_5,21,27.96,23.984038813341073,2.9840388133410727
2024-12-28,SKU_50,WH_5,17,22.13,19.712225172466667,2.712225172466667
2024-12-29,SKU_50,WH_5,24,24.11,22.621526518367272,1.378473481632728
2024-12-30,SKU_50,WH_5,15,20.19,20.382402456914622,5.3824024569146225
2024-11-10,SKU_6,WH_1,15,20.36,18.026278042033688,3.026278042033688
2024-11-11,SKU_6,WH_1,20,16.74,16.239270836517225,3.7607291634827753
2024-11-12,SKU_6,WH_1,13,17.55,15.898191657446889,2.8981916574468887
2024-11-13,SKU_6,WH_1,14,13.32,12.625386562604632,1.374613437395368
2024-11-14,SKU_6,WH_1,12,11.78,11.515761363960149,0.4842386360398514
2024-11-15,SKU_6,WH_1,10,14.87,13.804494625348573,3.804494625348573
2024-11-16,SKU_6,WH_1,14,13.66,12.810977395426361,1.1890226045736387
2024-11-17,SKU_6,WH_1,15,9.11,9.822274238548196,5.1777257614518035
2024-11-18,SKU_6,WH_1,13,8.28,8.93161349572674,4.06838650427326
2024-11-19,SKU_6,WH_1,8,13.3,12.599444998533569,4.599444998533569
2024-11-20,SKU_6,WH_1,9,7.5,8.326516022721528,0.6734839772784724
2024-11-21,SKU_6,WH_1,19,20.23,17.797571071863757,1.2024289281362428
2024-11-22,SKU_6,WH_1,13,9.98,10.130152165760524,2.8698478342394758
2024-11-23,SKU_6,WH_1,11,16.19,14.923945543324557,3.9239455433245567
2024-11-24,SKU_6,WH_1,17,18.06,16.085841824666495,0.9141581753335046
2024-11-25,SKU_6,WH_1,9,14.71,13.399190197544545,4.399190197544545
2024-11-26,SKU_6,WH_1,13,19.3,18.24755949725343,5.24755949725343
2024-11-27,SKU_6,WH_1,7,6.88,7.624425504143459,0.624425504143459
2024-11-28,SKU_6,WH_1,13,14.36,13.297060317927793,0.29706031792779264
2024-11-29,SKU_6,WH_1,21,19.17,17.006982843209638,3.993017156790362
2024-11-30,SKU_6,WH_1,15,16.29,14.873930910160437,0.12606908983956266
2024-12-01,SKU_6,WH_1,17,22.58,19.832304775603895,2.8323047756038946
2024-12-02,SKU_6,WH_1,17,18.2,16.438831736662802,0.5611682633371977
2024-12-03,SKU_6,WH_1,9,13.62,12.992446722409522,3.9924467224095217
2024-12-04,SKU_6,WH_1,13,11.34,11.25181532245339,1.7481846775466092
2024-12-05,SKU_6,WH_1,21,21.14,18.70141296010579,2.2985870398942083
2024-12-06,SKU_6,WH_1,18,18.73,16.814676685957064,1.185323314042936
2024-12-07,SKU_6,WH_1,17,14.47,13.713096517705274,3.2869034822947256
2024-12-08,SKU_6,WH_1,1,0.0,2.829905358275789,1.8299053582757892
2024-12-09,SKU_6,WH_1,13,10.17,10.525007261317057,2.4749927386829427
2024-12-10,SKU_6,WH_1,15,11.58,11.40550959953597,3.5944904004640303
2024-12-11,SKU_6,WH_1,9,11.82,11.725522117865975,2.7255221178659745
2024-12-12,SKU_6,WH_1,22,17.89,16.271747090576472,5.728252909423528
2024-12-13,SKU_6,WH_1,16,20.45,18.300242003968094,2.300242003968094
2024-12-14,SKU_6,WH_1,23,20.37,18.28923859496747,4.710761405032532
2024-12-15,SKU_6,WH_1,21,21.58,19.116670238641316,1.8833297613586844
2024-12-16,SKU_6,WH_1,15,14.67,13.80140505282669,1.1985949471733104
2024-12-17,SKU_6,WH_1,27,29.16,24.899634214757853,2.100365785242147
2024-12-18,SKU_6,WH_1,21,19.83,17.970489255229644,3.0295107447703558
2024-12-19,SKU_6,WH_1,22,17.89,16.57332041167797,5.426679588322031
2024-12-20,SKU_6,WH_1,12,12.24,12.327492519829855,0.32749251982985506
2024-12-21,SKU_6,WH_1,21,27.9,24.299434571637896,3.299434571637896
2024-12-22,SKU_6,WH_1,21,24.16,21.60899820724822,0.6089982072482201
2024-12-23,SKU_6,WH_1,17,10.82,11.345232343986948,5.6547676560130515
2024-12-24,SKU_6,WH_1,16,19.97,18.143204585330196,2.1432045853301958
2024-12-25,SKU_6,WH_1,26,19.98,18.06630989887809,7.933690101121911
2024-12-26,SKU_6,WH_1,18,19.11,17.520850068808947,0.47914993119105276
2024-12-27,SKU_6,WH_1,13,13.95,13.62444873298992,0.6244487329899204
2024-12-28,SKU_6,WH_1,17,17.3,16.098382040094783,0.9016179599052165
2024-12-29,SKU_6,WH_1,29,30.5,26.068626197215917,2.9313738027840834
2024-12-30,SKU_6,WH_1,21,20.54,19.694977443434595,1.3050225565654046
2024-11-10,SKU_6,WH_2,6,4.9,6.589101303945272,0.5891013039452719
2024-11-11,SKU_6,WH_2,15,19.36,18.503359598715925,3.5033595987159245
2024-11-12,SKU_6,WH_2,6,5.02,6.528549761543208,0.528549761543208
2024-11-13,SKU_6,WH_2,9,7.11,8.164726056848988,0.8352739431510123
2024-11-14,SKU_6,WH_2,10,4.21,5.654549507993227,4.345450492006773
2024-11-15,SKU_6,WH_2,10,10.85,10.796867866996013,0.7968678669960134
2024-11-16,SKU_6,WH_2,9,9.13,9.83992796439358,0.8399279643935795
2024-11-17,SKU_6,WH_2,19,14.85,13.715746654115428,5.284253345884572
2024-11-18,SKU_6,WH_2,18,13.3,13.311808969712805,4.688191030287195
2024-11-19,SKU_6,WH_2,10,10.1,10.62743368779185,0.62743368779185
2024-11-20,SKU_6,WH_2,14,13.07,12.431884723823664,1.5681152761763357
2024-11-21,SKU_6,WH_2,14,14.2,13.140918833063417,0.8590811669365834
2024-11-22,SKU_6,WH_2,15,12.25,11.792405659425015,3.2075943405749854
2024-11-23,SKU_6,WH_2,14,16.08,14.8340368979734,0.8340368979733999
2024-11-24,SKU_6,WH_2,18,18.24,17.21667293320984,0.7833270667901608
2024-11-25,SKU_6,WH_2,16,16.68,15.235226321955732,0.7647736780442678
2024-11-26,SKU_6,WH_2,5,2.86,5.015303303639088,0.015303303639088384
2024-11-27,SKU_6,WH_2,14,16.15,14.764805827933337,0.764805827933337
2024-11-28,SKU_6,WH_2,19,16.15,14.775476979654055,4.224523020345945
2024-11-29,SKU_6,WH_2,15,15.06,13.975156686734373,1.0248433132656274
2024-11-30,SKU_6,WH_2,15,18.64,16.66881401798545,1.6688140179854507
2024-12-01,SKU_6,WH_2,12,14.46,13.615389066954403,1.6153890669544033
2024-12-02,SKU_6,WH_2,18,14.85,13.941159859188396,4.058840140811604
2024-12-03,SKU_6,WH_2,20,24.69,21.38940396953066,1.3894039695306617
2024-12-04,SKU_6,WH_2,14,10.97,11.248644535663471,2.7513554643365286
2024-12-05,SKU_6,WH_2,24,19.23,17.362938891546126,6.637061108453874
2024-12-06,SKU_6,WH_2,26,28.18,24.347409625819324,1.6525903741806758
2024-12-07,SKU_6,WH_2,19,19.36,17.651703046540888,1.348296953459112
2024-12-08,SKU_6,WH_2,16,14.72,14.058718463322503,1.9412815366774971
2024-12-09,SKU_6,WH_2,15,13.28,13.151033758956963,1.848966241043037
2024-12-10,SKU_6,WH_2,22,23.72,20.91298180935455,1.0870181906454484
2024-12-11,SKU_6,WH_2,24,26.81,23.4968477634172,0.5031522365827996
2024-12-12,SKU_6,WH_2,20,20.47,18.617629897922445,1.3823701020775552
2024-12-13,SKU_6,WH_2,22,24.0,22.616831337696187,0.6168313376961869
2024-12-14,SKU_6,WH_2,27,30.5,26.32467386669805,0.6753261333019509
2024-12-15,SKU_6,WH_2,26,30.56,26.318451473840227,0.3184514738402271
2024-12-16,SKU_6,WH_2,23,24.18,21.74592426495481,1.2540757350451912
2024-12-17,SKU_6,WH_2,8,9.72,11.029509705856738,3.0295097058567375
2024-12-18,SKU_6,WH_2,16,20.34,18.68457170287372,2.6845717028737184
2024-12-19,SKU_6,WH_2,10,11.47,11.815950523335701,1.815950523335701
2024-12-20,SKU_6,WH_2,18,18.4,16.82700153490135,1.172998465098651
2024-12-21,SKU_6,WH_2,24,26.68,25.02128071491562,1.0212807149156191
2024-12-22,SKU_6,WH_2,18,20.43,19.672980582296404,1.672980582296404
2024-12-23,SKU_6,WH_2,13,8.45,9.636683711407441,3.363316288592559
2024-12-24,SKU_6,WH_2,17,23.03,20.462580254151902,3.462580254151902
2024-12-25,SKU_6,WH_2,24,18.42,16.805770865536786,7.194229134463214
2024-12-26,SKU_6,WH_2,17,15.1,14.529151108062987,2.4708488919370133
2024-12-27,SKU_6,WH_2,21,21.68,19.456608949880064,1.5433910501199364
2024-12-28,SKU_6,WH_2,19,19.02,17.47633420899879,1.5236657910012106
2024-12-29,SKU_6,WH_2,22,20.08,18.366711071903346,3.633288928096654
2024-12-30,SKU_6,WH_2,22,19.83,19.13452708830718,2.8654729116928195
2024-11-10,SKU_6,WH_3,14,15.39,15.071980494235069,1.0719804942350688
2024-11-11,SKU_6,WH_3,11,13.7,12.95698839826121,1.9569883982612097
2024-11-12,SKU_6,WH_3,9,10.22,10.381135245392539,1.3811352453925387
2024-11-13,SKU_6,WH_3,3,2.3,3.977287631264232,0.977287631264232
2024-11-14,SKU_6,WH_3,17,19.01,16.886417998344154,0.1135820016558462
2024-11-15,SKU_6,WH_3,11,12.22,12.441052084376388,1.4410520843763877
2024-11-16,SKU_6,WH_3,14,15.53,14.34553088321172,0.34553088321172076
2024-11-17,SKU_6,WH_3,16,16.48,14.94197961905272,1.05802038094728
2024-11-18,SKU_6,WH_3,17,10.95,10.902873403746034,6.0971265962539665
2024-11-19,SKU_6,WH_3,10,12.08,11.510644200915591,1.510644200915591
2024-11-20,SKU_6,WH_3,10,6.85,7.516531709479844,2.4834682905201557
2024-11-21,SKU_6,WH_3,14,11.79,11.434104948464954,2.565895051535046
2024-11-22,SKU_6,WH_3,13,14.88,13.751856000518716,0.7518560005187158
2024-11-23,SKU_6,WH_3,18,12.09,12.408333432506913,5.591666567493087
2024-11-24,SKU_6,WH_3,17,17.41,15.702915709485762,1.2970842905142383
2024-11-25,SKU_6,WH_3,15,16.69,15.176463315891207,0.17646331589120656
2024-11-26,SKU_6,WH_3,6,13.03,12.192458114076826,6.1924581140768264
2024-11-27,SKU_6,WH_3,16,16.02,15.662966283398324,0.3370337166016757
2024-11-28,SKU_6,WH_3,6,9.31,9.790912529274744,3.7909125292747436
2024-11-29,SKU_6,WH_3,22,20.1,17.769268872825563,4.230731127174437
2024-11-30,SKU_6,WH_3,18,9.61,9.964567428077812,8.035432571922188
2024-12-01,SKU_6,WH_3,14,15.84,15.027523461538413,1.0275234615384132
2024-12-02,SKU_6,WH_3,18,18.78,16.794956589504807,1.2050434104951933
2024-12-03,SKU_6,WH_3,28,23.28,20.4068496042717,7.593150395728301
2024-12-04,SKU_6,WH_3,19,16.38,15.289069996456808,3.710930003543192
2024-12-05,SKU_6,WH_3,15,16.82,15.592427814199512,0.5924278141995121
2024-12-06,SKU_6,WH_3,19,22.0,19.747255553358336,0.747255553358336
2024-12-07,SKU_6,WH_3,15,14.64,13.886637972750322,1.1133620272496785
2024-12-08,SKU_6,WH_3,24,26.3,22.929203166365877,1.0707968336341231
2024-12-09,SKU_6,WH_3,14,11.78,12.043558927138566,1.956441072861434
2024-12-10,SKU_6,WH_3,8,8.06,9.030718914560872,1.0307189145608717
2024-12-11,SKU_6,WH_3,17,17.28,15.923440865720925,1.0765591342790746
2024-12-12,SKU_6,WH_3,16,20.36,18.29099819933577,2.290998199335771
2024-12-13,SKU_6,WH_3,19,21.72,19.31085286284504,0.31085286284503866
2024-12-14,SKU_6,WH_3,11,10.63,11.572554086877524,0.5725540868775241
2024-12-15,SKU_6,WH_3,31,26.64,24.916176114676606,6.083823885323394
2024-12-16,SKU_6,WH_3,20,21.4,19.127522320639077,0.872477679360923
2024-12-17,SKU_6,WH_3,12,7.56,8.780806695899637,3.2191933041003633
2024-12-18,SKU_6,WH_3,21,23.44,20.75703200810987,0.2429679918901293
2024-12-19,SKU_6,WH_3,14,13.61,13.246771470831632,0.7532285291683678
2024-12-20,SKU_6,WH_3,19,20.14,18.396488881924057,0.6035111180759429
2024-12-21,SKU_6,WH_3,14,10.01,10.638881821420076,3.3611181785799236
2024-12-22,SKU_6,WH_3,13,8.37,9.430601914097894,3.5693980859021064
2024-12-23,SKU_6,WH_3,14,18.28,16.58098732092572,2.5809873209257184
2024-12-24,SKU_6,WH_3,15,18.86,17.086089100306587,2.0860891003065873
2024-12-25,SKU_6,WH_3,17,19.15,17.420073530597932,0.4200735305979322
2024-12-26,SKU_6,WH_3,16,16.24,15.288515872832713,0.7114841271672869
2024-12-27,SKU_6,WH_3,12,8.52,9.56291022606973,2.4370897739302695
2024-12-28,SKU_6,WH_3,20,17.73,16.271663744612418,3.728336255387582
2024-12-29,SKU_6,WH_3,17,16.13,15.315132010723381,1.6848679892766185
2024-12-30,SKU_6,WH_3,20,19.48,18.891610423466805,1.1083895765331953
2024-11-10,SKU_6,WH_4,11,13.09,12.489140547684379,1.4891405476843786
2024-11-11,SKU_6,WH_4,5,5.02,6.5950760661804475,1.5950760661804475
2024-11-12,SKU_6,WH_4,8,7.74,8.427543130560492,0.4275431305604922
2024-11-13,SKU_6,WH_4,9,8.18,9.15522583596996,0.15522583596995965
2024-11-14,SKU_6,WH_4,16,18.95,16.658876096246956,0.6588760962469564
2024-11-15,SKU_6,WH_4,14,11.66,11.120871817566666,2.879128182433334
2024-11-16,SKU_6,WH_4,15,13.89,13.158710492994267,1.8412895070057331
2024-11-17,SKU_6,WH_4,15,20.82,18.159542850038335,3.159542850038335
2024-11-18,SKU_6,WH_4,21,20.7,18.007918202725786,2.9920817972742135
2024-11-19,SKU_6,WH_4,4,4.34,6.051578768042292,2.051578768042292
2024-11-20,SKU_6,WH_4,7,7.05,8.105906143726848,1.1059061437268483
2024-11-21,SKU_6,WH_4,14,12.38,11.815875410331977,2.1841245896680235
2024-11-22,SKU_6,WH_4,15,17.65,15.807435791671478,0.8074357916714785
2024-11-23,SKU_6,WH_4,13,17.82,16.00796142506454,3.00796142506454
2024-11-24,SKU_6,WH_4,19,20.9,19.419576477699383,0.41957647769938333
2024-11-25,SKU_6,WH_4,13,10.99,10.883944541573728,2.1160554584262723
2024-11-26,SKU_6,WH_4,28,20.6,17.977321935789647,10.022678064210353
2024-11-27,SKU_6,WH_4,14,16.91,15.246077217642146,1.2460772176421457
2024-11-28,SKU_6,WH_4,19,19.32,17.084880649281416,1.9151193507185837
2024-11-29,SKU_6,WH_4,19,16.68,15.228935222521013,3.771064777478987
2024-11-30,SKU_6,WH_4,16,17.42,15.808080053929682,0.1919199460703176
2024-12-01,SKU_6,WH_4,11,9.2,10.154859363721135,0.8451406362788649
2024-12-02,SKU_6,WH_4,16,17.4,17.19993420478773,1.1999342047877306
2024-12-03,SKU_6,WH_4,11,9.47,10.161101871299799,0.8388981287002011
2024-12-04,SKU_6,WH_4,7,12.36,12.191886418160335,5.191886418160335
2024-12-05,SKU_6,WH_4,16,9.38,10.08145085190755,5.918549148092451
2024-12-06,SKU_6,WH_4,17,17.34,15.835749305603768,1.164250694396232
2024-12-07,SKU_6,WH_4,9,10.04,10.439523989271803,1.4395239892718035
2024-12-08,SKU_6,WH_4,21,19.85,17.91983754476114,3.0801624552388596
2024-12-09,SKU_6,WH_4,20,19.29,18.59897556041183,1.40102443958817
2024-12-10,SKU_6,WH_4,14,14.86,14.047733125300558,0.0477331253005584
2024-12-11,SKU_6,WH_4,16,14.47,14.435243443880118,1.5647565561198817
2024-12-12,SKU_6,WH_4,23,14.93,14.14155014430846,8.85844985569154
2024-12-13,SKU_6,WH_4,23,25.39,23.670708639261022,0.6707086392610222
2024-12-14,SKU_6,WH_4,17,14.46,13.768429572725255,3.231570427274745
2024-12-15,SKU_6,WH_4,6,3.87,6.276624575388863,0.27662457538886276
2024-12-16,SKU_6,WH_4,14,13.71,13.203498526088147,0.796501473911853
2024-12-17,SKU_6,WH_4,15,14.18,13.459746761616138,1.5402532383838619
2024-12-18,SKU_6,WH_4,26,26.38,22.9473654549179,3.0526345450820997
2024-12-19,SKU_6,WH_4,18,21.06,19.998464414041944,1.998464414041944
2024-12-20,SKU_6,WH_4,19,12.5,12.34966514236475,6.650334857635251
2024-12-21,SKU_6,WH_4,31,32.81,27.638780598573845,3.3612194014261547
2024-12-22,SKU_6,WH_4,11,9.04,10.058947883132408,0.941052116867592
2024-12-23,SKU_6,WH_4,17,11.15,11.474076836810607,5.525923163189393
2024-12-24,SKU_6,WH_4,14,13.24,13.188593616981255,0.8114063830187455
2024-12-25,SKU_6,WH_4,11,16.2,15.386114389159331,4.3861143891593315
2024-12-26,SKU_6,WH_4,23,23.39,20.819942365172302,2.1800576348276977
2024-12-27,SKU_6,WH_4,19,18.87,17.11513337235892,1.884866627641081
2024-12-28,SKU_6,WH_4,24,19.92,18.096173844876752,5.903826155123248
2024-12-29,SKU_6,WH_4,20,24.27,21.552865270964627,1.5528652709646273
2024-12-30,SKU_6,WH_4,24,23.52,21.982308513584197,2.017691486415803
2024-11-10,SKU_6,WH_5,11,13.02,12.208602748086635,1.2086027480866353
2024-11-11,SKU_6,WH_5,10,10.61,10.778560530972833,0.7785605309728325
2024-11-12,SKU_6,WH_5,12,8.91,9.479654061290164,2.520345938709836
2024-11-13,SKU_6,WH_5,13,13.28,12.641993058327872,0.3580069416721283
2024-11-14,SKU_6,WH_5,15,13.12,13.230575980063426,1.769424019936574
2024-11-15,SKU_6,WH_5,16,14.74,14.547515772314394,1.4524842276856056
2024-11-16,SKU_6,WH_5,18,15.92,14.752741471508044,3.2472585284919564
2024-11-17,SKU_6,WH_5,14,13.2,12.597389127816243,1.4026108721837574
2024-11-18,SKU_6,WH_5,19,22.18,19.296227848403607,0.29622784840360694
2024-11-19,SKU_6,WH_5,15,10.88,11.022226870676251,3.977773129323749
2024-11-20,SKU_6,WH_5,9,8.43,9.390070730133173,0.39007073013317317
2024-11-21,SKU_6,WH_5,20,17.95,16.074543951550304,3.9254560484496963
2024-11-22,SKU_6,WH_5,13,16.26,14.910208686421166,1.910208686421166
2024-11-23,SKU_6,WH_5,15,11.87,11.581596732036349,3.418403267963651
2024-11-24,SKU_6,WH_5,8,9.83,10.178490193195532,2.1784901931955325
2024-11-25,SKU_6,WH_5,11,15.86,14.709643201485688,3.7096432014856884
2024-11-26,SKU_6,WH_5,17,14.87,13.790867513948626,3.2091324860513737
2024-11-27,SKU_6,WH_5,13,14.47,13.351607574495869,0.3516075744958691
2024-11-28,SKU_6,WH_5,17,14.31,13.364186449528923,3.6358135504710773
2024-11-29,SKU_6,WH_5,16,15.12,14.062870524215926,1.937129475784074
2024-11-30,SKU_6,WH_5,22,20.26,17.875068025420433,4.124931974579567
2024-12-01,SKU_6,WH_5,6,5.52,7.408513605678164,1.4085136056781637
2024-12-02,SKU_6,WH_5,12,12.48,12.28982519799698,0.28982519799697926
2024-12-03,SKU_6,WH_5,12,9.71,10.087040842291005,1.912959157708995
2024-12-04,SKU_6,WH_5,13,14.58,13.5876320142631,0.5876320142631002
2024-12-05,SKU_6,WH_5,16,13.11,12.660590751329792,3.339409248670208
2024-12-06,SKU_6,WH_5,20,19.82,17.898504467900498,2.101495532099502
2024-12-07,SKU_6,WH_5,11,14.07,13.488322089127056,2.488322089127056
2024-12-08,SKU_6,WH_5,20,21.87,19.512480620746857,0.48751937925314337
2024-12-09,SKU_6,WH_5,15,14.8,14.858622873790827,0.1413771262091732
2024-12-10,SKU_6,WH_5,19,19.16,17.369695735602644,1.6303042643973562
2024-12-11,SKU_6,WH_5,13,18.41,16.742301481433483,3.7423014814334827
2024-12-12,SKU_6,WH_5,5,5.1,6.961383166217865,1.961383166217865
2024-12-13,SKU_6,WH_5,19,17.21,15.85472011850849,3.1452798814915095
2024-12-14,SKU_6,WH_5,17,18.9,17.116454031665924,0.11645403166592416
2024-12-15,SKU_6,WH_5,14,16.46,15.322232273619825,1.322232273619825
2024-12-16,SKU_6,WH_5,27,26.37,22.921395139369537,4.078604860630463
2024-12-17,SKU_6,WH_5,11,7.35,8.770788513276878,2.2292114867231216
2024-12-18,SKU_6,WH_5,19,14.22,14.208732032905026,4.791267967094974
2024-12-19,SKU_6,WH_5,9,13.09,12.78270219336213,3.7827021933621303
2024-12-20,SKU_6,WH_5,8,6.82,7.936065831030674,0.06393416896932624
2024-12-21,SKU_6,WH_5,23,21.2,18.91576811882672,4.084231881173281
2024-12-22,SKU_6,WH_5,15,13.11,12.720519488303667,2.279480511696333
2024-12-23,SKU_6,WH_5,13,13.68,13.800738353923311,0.800738353923311
2024-12-24,SKU_6,WH_5,22,24.76,21.42651587245747,0.5734841275425318
2024-12-25,SKU_6,WH_5,21,20.78,18.428981552557076,2.571018447442924
2024-12-26,SKU_6,WH_5,22,18.26,16.40850934358346,5.591490656416539
2024-12-27,SKU_6,WH_5,15,8.08,8.978777258098383,6.021222741901617
2024-12-28,SKU_6,WH_5,18,19.05,17.278846464503587,0.7211535354964127
2024-12-29,SKU_6,WH_5,19,14.12,13.480377915849063,5.519622084150937
2024-12-30,SKU_6,WH_5,16,21.92,20.627308127481612,4.627308127481612
2024-11-10,SKU_7,WH_1,6,9.28,10.186243363399377,4.186243363399377
2024-11-11,SKU_7,WH_1,15,16.39,15.049128658580056,0.049128658580055884
2024-11-12,SKU_7,WH_1,13,13.69,12.874546384271065,0.12545361572893476
2024-11-13,SKU_7,WH_1,14,14.52,13.327191652698392,0.6728083473016078
2024-11-14,SKU_7,WH_1,19,24.31,20.97854415968482,1.9785441596848194
2024-11-15,SKU_7,WH_1,5,4.1,5.676001969155796,0.6760019691557959
2024-11-16,SKU_7,WH_1,13,18.16,16.07068400343936,3.0706840034393608
2024-11-17,SKU_7,WH_1,7,7.61,8.613199827507039,1.6131998275070387
2024-11-18,SKU_7,WH_1,12,9.13,9.765782500075579,2.234217499924421
2024-11-19,SKU_7,WH_1,8,4.61,6.031942719796171,1.968057280203829
2024-11-20,SKU_7,WH_1,12,7.12,8.111809029775563,3.8881909702244375
2024-11-21,SKU_7,WH_1,11,14.12,13.112156884043097,2.112156884043097
2024-11-22,SKU_7,WH_1,11,14.1,13.151860090506252,2.1518600905062524
2024-11-23,SKU_7,WH_1,23,19.45,17.187656453488184,5.812343546511816
2024-11-24,SKU_7,WH_1,11,10.1,10.560867058858541,0.43913294114145884
2024-11-25,SKU_7,WH_1,12,5.34,6.948279678242454,5.051720321757546
2024-11-26,SKU_7,WH_1,5,0.4,2.4375748548450686,2.5624251451549314
2024-11-27,SKU_7,WH_1,19,20.0,17.539279564821136,1.4607204351788639
2024-11-28,SKU_7,WH_1,13,16.9,15.213645529609666,2.213645529609666
2024-11-29,SKU_7,WH_1,15,17.83,15.984315076537307,0.9843150765373068
2024-11-30,SKU_7,WH_1,14,14.95,14.57233053489942,0.5723305348994199
2024-12-01,SKU_7,WH_1,17,20.67,18.257739214620088,1.2577392146200879
2024-12-02,SKU_7,WH_1,20,15.89,14.935664608648906,5.064335391351094
2024-12-03,SKU_7,WH_1,21,19.75,17.770431387748786,3.2295686122512137
2024-12-04,SKU_7,WH_1,22,26.26,22.800002344402913,0.8000023444029125
2024-12-05,SKU_7,WH_1,23,19.58,17.77212541198424,5.227874588015759
2024-12-06,SKU_7,WH_1,12,11.52,11.57485049738451,0.4251495026154899
2024-12-07,SKU_7,WH_1,12,10.71,11.143165358122932,0.856834641877068
2024-12-08,SKU_7,WH_1,15,23.0,20.346221461948712,5.346221461948712
2024-12-09,SKU_7,WH_1,8,9.21,10.234620794721074,2.2346207947210743
2024-12-10,SKU_7,WH_1,18,13.3,12.978612979124607,5.021387020875393
2024-12-11,SKU_7,WH_1,17,15.26,14.448647692366832,2.5513523076331683
2024-12-12,SKU_7,WH_1,14,11.41,12.048290911069046,1.9517090889309543
2024-12-13,SKU_7,WH_1,15,12.99,12.484584444189258,2.5154155558107423
2024-12-14,SKU_7,WH_1,17,16.41,15.296414229930487,1.7035857700695125
2024-12-15,SKU_7,WH_1,11,6.92,7.96271028923003,3.0372897107699703
2024-12-16,SKU_7,WH_1,11,11.83,11.772715852364561,0.772715852364561
2024-12-17,SKU_7,WH_1,7,10.21,10.600150055628514,3.6001500556285144
2024-12-18,SKU_7,WH_1,21,19.09,17.09193854359653,3.9080614564034697
2024-12-19,SKU_7,WH_1,18,19.94,17.854891398428276,0.14510860157172445
2024-12-20,SKU_7,WH_1,17,13.11,12.709401243281143,4.2905987567188575
2024-12-21,SKU_7,WH_1,8,11.46,11.505228806211278,3.505228806211278
2024-12-22,SKU_7,WH_1,21,20.96,18.51202287579703,2.4879771242029705
2024-12-23,SKU_7,WH_1,26,25.96,22.537989740876075,3.4620102591239252
2024-12-24,SKU_7,WH_1,19,20.9,18.506876779102683,0.4931232208973171
2024-12-25,SKU_7,WH_1,26,24.53,21.490116584583706,4.509883415416294
2024-12-26,SKU_7,WH_1,19,27.5,23.909401361482807,4.909401361482807
2024-12-27,SKU_7,WH_1,20,21.45,19.347605180528618,0.6523948194713824
2024-12-28,SKU_7,WH_1,22,21.84,19.74278033983695,2.2572196601630488
2024-12-29,SKU_7,WH_1,24,22.08,19.957225553124932,4.042774446875068
2024-12-30,SKU_7,WH_1,20,22.9,21.662792279836502,1.662792279836502
2024-11-10,SKU_7,WH_2,13,15.91,14.891584922282448,1.8915849222824477
2024-11-11,SKU_7,WH_2,15,19.19,17.144595883322367,2.144595883322367
2024-11-12,SKU_7,WH_2,9,12.06,11.669186215570042,2.6691862155700417
2024-11-13,SKU_7,WH_2,6,2.21,3.9895679711548833,2.0104320288451167
2024-11-14,SKU_7,WH_2,11,9.04,9.484976149125101,1.5150238508748988
2024-11-15,SKU_7,WH_2,15,17.7,15.963788184993742,0.9637881849937422
2024-11-16,SKU_7,WH_2,14,10.36,10.46516730571911,3.5348326942808903
2024-11-17,SKU_7,WH_2,5,6.01,7.110605413882641,2.1106054138826407
2024-11-18,SKU_7,WH_2,7,9.53,9.941393692193529,2.941393692193529
2024-11-19,SKU_7,WH_2,7,10.23,10.427363026278455,3.4273630262784547
2024-11-20,SKU_7,WH_2,14,9.77,10.546122320204537,3.453877679795463
2024-11-21,SKU_7,WH_2,21,18.07,16.067114540454426,4.932885459545574
2024-11-22,SKU_7,WH_2,15,14.69,13.432338656534776,1.5676613434652236
2024-11-23,SKU_7,WH_2,4,4.04,5.722092697779255,1.7220926977792548
2024-11-24,SKU_7,WH_2,18,19.37,17.233527145136136,0.7664728548638635
2024-11-25,SKU_7,WH_2,23,23.91,20.686720445368625,2.313279554631375
2024-11-26,SKU_7,WH_2,15,17.87,16.043382254571128,1.043382254571128
2024-11-27,SKU_7,WH_2,12,10.28,10.356682828915432,1.6433171710845684
2024-11-28,SKU_7,WH_2,22,28.31,24.137465003659273,2.1374650036592726
2024-11-29,SKU_7,WH_2,11,9.21,9.790374647807461,1.209625352192539
2024-11-30,SKU_7,WH_2,15,17.25,15.566715300684123,0.5667153006841232
2024-12-01,SKU_7,WH_2,14,6.64,7.659665668354191,6.340334331645809
2024-12-02,SKU_7,WH_2,7,8.78,9.651065530987648,2.6510655309876476
2024-12-03,SKU_7,WH_2,14,17.09,15.689490630711251,1.6894906307112514
2024-12-04,SKU_7,WH_2,13,15.0,14.237572924955673,1.237572924955673
2024-12-05,SKU_7,WH_2,19,17.89,16.313886103913468,2.686113896086532
2024-12-06,SKU_7,WH_2,15,15.94,15.018387872396055,0.01838787239605466
2024-12-07,SKU_7,WH_2,16,20.17,18.193476787363664,2.1934767873636645
2024-12-08,SKU_7,WH_2,17,17.68,16.216598177273365,0.7834018227266348
2024-12-09,SKU_7,WH_2,16,15.29,14.511899301686942,1.4881006983130582
2024-12-10,SKU_7,WH_2,21,16.99,15.626836002429128,5.373163997570872
2024-12-11,SKU_7,WH_2,11,9.48,10.222210232871273,0.777789767128727
2024-12-12,SKU_7,WH_2,19,20.87,18.50990597013644,0.49009402986355965
2024-12-13,SKU_7,WH_2,15,14.85,14.049089133449963,0.9509108665500374
2024-12-14,SKU_7,WH_2,8,5.22,6.993686490636746,1.0063135093632543
2024-12-15,SKU_7,WH_2,17,17.5,16.112979283680513,0.887020716319487
2024-12-16,SKU_7,WH_2,18,18.85,16.97987791904232,1.0201220809576803
2024-12-17,SKU_7,WH_2,15,10.36,10.763436898614735,4.236563101385265
2024-12-18,SKU_7,WH_2,13,14.74,14.013199218125285,1.0131992181252851
2024-12-19,SKU_7,WH_2,17,14.43,13.674252585265048,3.325747414734952
2024-12-20,SKU_7,WH_2,29,30.02,27.534809973989237,1.465190026010763
2024-12-21,SKU_7,WH_2,15,14.54,13.774257085799682,1.2257429142003176
2024-12-22,SKU_7,WH_2,13,14.34,13.762390195503688,0.7623901955036878
2024-12-23,SKU_7,WH_2,18,22.22,19.77322583431099,1.7732258343109883
2024-12-24,SKU_7,WH_2,11,8.65,9.78633970362593,1.2136602963740692
2024-12-25,SKU_7,WH_2,18,15.13,14.572769702225926,3.4272302977740736
2024-12-26,SKU_7,WH_2,23,24.28,21.372978958509563,1.627021041490437
2024-12-27,SKU_7,WH_2,17,16.55,15.488051394914418,1.511948605085582
2024-12-28,SKU_7,WH_2,10,15.28,14.566664722480715,4.566664722480715
2024-12-29,SKU_7,WH_2,28,27.27,23.41430200480701,4.585697995192991
2024-12-30,SKU_7,WH_2,20,15.35,15.56115905187137,4.438840948128631
2024-11-10,SKU_7,WH_3,20,21.18,19.907934962322262,0.0920650376777381
2024-11-11,SKU_7,WH_3,24,19.93,17.736321879256217,6.2636781207437835
2024-11-12,SKU_7,WH_3,2,0.0,2.613770049533005,0.613770049533005
2024-11-13,SKU_7,WH_3,17,14.6,13.462199497791197,3.5378005022088033
2024-11-14,SKU_7,WH_3,14,13.45,12.56276912254601,1.43723087745399
2024-11-15,SKU_7,WH_3,13,15.18,14.083996400174735,1.083996400174735
2024-11-16,SKU_7,WH_3,14,13.87,13.089219360850905,0.9107806391490954
2024-11-17,SKU_7,WH_3,15,16.67,15.273310041585171,0.27331004158517125
2024-11-18,SKU_7,WH_3,18,16.87,15.249554714848433,2.7504452851515673
2024-11-19,SKU_7,WH_3,5,10.5,10.58381544238508,5.583815442385079
2024-11-20,SKU_7,WH_3,15,13.46,12.58130426339889,2.4186957366011104
2024-11-21,SKU_7,WH_3,4,3.73,5.273259314884181,1.2732593148841813
2024-11-22,SKU_7,WH_3,10,11.69,11.126827867227911,1.1268278672279113
2024-11-23,SKU_7,WH_3,8,10.01,10.137395904410027,2.1373959044100275
2024-11-24,SKU_7,WH_3,12,9.24,9.719238782447304,2.280761217552696
2024-11-25,SKU_7,WH_3,19,16.13,14.71884416414907,4.28115583585093
2024-11-26,SKU_7,WH_3,13,16.82,15.136984056413905,2.1369840564139047
2024-11-27,SKU_7,WH_3,11,17.08,15.410972315020544,4.410972315020544
2024-11-28,SKU_7,WH_3,20,17.54,16.885351349432817,3.114648650567183
2024-11-29,SKU_7,WH_3,20,18.35,16.16322071468946,3.8367792853105414
2024-11-30,SKU_7,WH_3,17,16.72,15.181602540992298,1.818397459007702
2024-12-01,SKU_7,WH_3,13,12.19,12.032728997498856,0.9672710025011444
2024-12-02,SKU_7,WH_3,11,13.08,12.810757278241669,1.8107572782416685
2024-12-03,SKU_7,WH_3,15,12.75,13.093223972576318,1.9067760274236818
2024-12-04,SKU_7,WH_3,20,22.93,20.174923546777315,0.1749235467773147
2024-12-05,SKU_7,WH_3,20,21.99,19.56191183192662,0.43808816807338147
2024-12-06,SKU_7,WH_3,16,15.8,15.064443566927658,0.9355564330723425
2024-12-07,SKU_7,WH_3,12,14.06,13.557532945116925,1.5575329451169253
2024-12-08,SKU_7,WH_3,9,7.51,8.800345194506104,0.19965480549389625
2024-12-09,SKU_7,WH_3,14,12.95,12.638599437442151,1.361400562557849
2024-12-10,SKU_7,WH_3,14,17.82,16.44707892419017,2.447078924190169
2024-12-11,SKU_7,WH_3,10,15.01,14.345133118114445,4.345133118114445
2024-12-12,SKU_7,WH_3,10,5.93,7.336552049741078,2.663447950258922
2024-12-13,SKU_7,WH_3,19,24.14,21.140742462770508,2.1407424627705076
2024-12-14,SKU_7,WH_3,18,16.19,15.132462719729368,2.867537280270632
2024-12-15,SKU_7,WH_3,17,15.95,14.98408563591489,2.015914364085109
2024-12-16,SKU_7,WH_3,10,6.96,8.004710526166932,1.9952894738330684
2024-12-17,SKU_7,WH_3,8,10.47,10.657943855137656,2.657943855137656
2024-12-18,SKU_7,WH_3,15,15.31,14.278554646014696,0.7214453539853043
2024-12-19,SKU_7,WH_3,16,16.29,14.986573605474447,1.0134263945255526
2024-12-20,SKU_7,WH_3,9,12.07,11.76817582553967,2.76817582553967
2024-12-21,SKU_7,WH_3,17,17.13,15.598160489968212,1.4018395100317882
2024-12-22,SKU_7,WH_3,14,12.23,11.967478012957875,2.0325219870421254
2024-12-23,SKU_7,WH_3,19,26.46,22.703148223828006,3.7031482238280056
2024-12-24,SKU_7,WH_3,33,32.97,29.501663926732924,3.498336073267076
2024-12-25,SKU_7,WH_3,21,21.12,18.92447273607461,2.075527263925391
2024-12-26,SKU_7,WH_3,26,23.46,22.28757287628647,3.7124271237135282
2024-12-27,SKU_7,WH_3,14,17.91,16.571365261867058,2.571365261867058
2024-12-28,SKU_7,WH_3,19,20.57,18.621827349629704,0.37817265037029557
2024-12-29,SKU_7,WH_3,9,5.06,7.120346101746015,1.8796538982539852
2024-12-30,SKU_7,WH_3,24,28.14,25.225177611906577,1.2251776119065774
2024-11-10,SKU_7,WH_4,12,10.06,10.20011381028295,1.79988618971705
2024-11-11,SKU_7,WH_4,5,6.5,7.383046612905246,2.383046612905246
2024-11-12,SKU_7,WH_4,24,15.51,15.197725903749761,8.802274096250239
2024-11-13,SKU_7,WH_4,17,16.87,15.207449207393147,1.7925507926068533
2024-11-14,SKU_7,WH_4,19,19.92,17.666335502782154,1.3336644972178462
2024-11-15,SKU_7,WH_4,12,10.65,10.72174953929783,1.2782504607021696
2024-11-16,SKU_7,WH_4,12,14.93,13.82119439669854,1.8211943966985409
2024-11-17,SKU_7,WH_4,13,14.86,14.65609634848061,1.6560963484806095
2024-11-18,SKU_7,WH_4,20,19.87,17.621365387666977,2.3786346123330233
2024-11-19,SKU_7,WH_4,9,8.14,8.975519411764756,0.024480588235244127
2024-11-20,SKU_7,WH_4,19,20.14,17.773047082143183,1.226952917856817
2024-11-21,SKU_7,WH_4,21,22.58,19.61977543247037,1.3802245675296305
2024-11-22,SKU_7,WH_4,19,20.59,18.146927028691106,0.8530729713088938
2024-11-23,SKU_7,WH_4,23,22.44,19.687511062133513,3.312488937866487
2024-11-24,SKU_7,WH_4,15,17.94,16.224300379724436,1.2243003797244363
2024-11-25,SKU_7,WH_4,12,16.24,15.044415552238233,3.044415552238233
2024-11-26,SKU_7,WH_4,14,15.69,14.802166797641103,0.8021667976411031
2024-11-27,SKU_7,WH_4,10,5.75,7.3717551073096415,2.6282448926903585
2024-11-28,SKU_7,WH_4,11,12.79,12.335511136059168,1.3355111360591678
2024-11-29,SKU_7,WH_4,16,16.06,14.958636972463083,1.0413630275369172
2024-11-30,SKU_7,WH_4,1,0.0,2.751852796266317,1.7518527962663168
2024-12-01,SKU_7,WH_4,20,18.92,17.005964894639845,2.9940351053601546
2024-12-02,SKU_7,WH_4,11,9.08,9.796104075076151,1.2038959249238488
2024-12-03,SKU_7,WH_4,17,10.58,10.967455885155262,6.032544114844738
2024-12-04,SKU_7,WH_4,21,16.67,15.443828094119757,5.556171905880243
2024-12-05,SKU_7,WH_4,23,24.55,21.291763927860863,1.7082360721391368
2024-12-06,SKU_7,WH_4,13,14.28,13.503889353958273,0.5038893539582734
2024-12-07,SKU_7,WH_4,13,12.22,12.154081570721077,0.8459184292789228
2024-12-08,SKU_7,WH_4,17,18.92,17.112821484127696,0.11282148412769644
2024-12-09,SKU_7,WH_4,13,16.68,15.589941432078605,2.5899414320786054
2024-12-10,SKU_7,WH_4,17,18.86,17.04317327093131,0.04317327093130885
2024-12-11,SKU_7,WH_4,16,18.9,17.11858713246796,1.1185871324679617
2024-12-12,SKU_7,WH_4,19,14.67,13.868917448488054,5.1310825515119465
2024-12-13,SKU_7,WH_4,23,18.8,17.018135548769767,5.9818644512302335
2024-12-14,SKU_7,WH_4,18,21.27,19.20090942206214,1.2009094220621392
2024-12-15,SKU_7,WH_4,26,23.78,20.942616498536726,5.057383501463274
2024-12-16,SKU_7,WH_4,21,23.97,21.09313323774942,0.09313323774942006
2024-12-17,SKU_7,WH_4,7,5.17,7.158849808145415,0.1588498081454146
2024-12-18,SKU_7,WH_4,14,14.52,13.761397644929515,0.23860235507048522
2024-12-19,SKU_7,WH_4,22,26.65,23.406543597687918,1.406543597687918
2024-12-20,SKU_7,WH_4,10,12.41,12.313271766163865,2.313271766163865
2024-12-21,SKU_7,WH_4,15,14.02,13.58544224469747,1.4145577553025301
2024-12-22,SKU_7,WH_4,14,15.48,14.784817214202139,0.784817214202139
2024-12-23,SKU_7,WH_4,19,21.9,19.61310952218776,0.6131095221877594
2024-12-24,SKU_7,WH_4,21,20.07,18.171855029651635,2.828144970348365
2024-12-25,SKU_7,WH_4,24,20.57,18.391127698245604,5.6088723017543956
2024-12-26,SKU_7,WH_4,32,34.32,28.658383339599077,3.3416166604009234
2024-12-27,SKU_7,WH_4,21,14.69,13.999186349173172,7.000813650826828
2024-12-28,SKU_7,WH_4,25,28.75,24.720878699791893,0.2791213002081072
2024-12-29,SKU_7,WH_4,20,18.91,17.5208958416971,2.479104158302899
2024-12-30,SKU_7,WH_4,15,18.26,17.857990339514032,2.857990339514032
2024-11-10,SKU_7,WH_5,8,6.41,7.363575785431055,0.6364242145689447
2024-11-11,SKU_7,WH_5,6,6.74,7.665260890759158,1.665260890759158
2024-11-12,SKU_7,WH_5,21,17.88,16.040364250741398,4.959635749258602
2024-11-13,SKU_7,WH_5,14,17.49,15.736848741846043,1.7368487418460425
2024-11-14,SKU_7,WH_5,4,1.6,3.448223044541753,0.551776955458247
2024-11-15,SKU_7,WH_5,11,11.87,11.463184959400811,0.4631849594008113
2024-11-16,SKU_7,WH_5,13,11.18,11.019595814545236,1.9804041854547645
2024-11-17,SKU_7,WH_5,23,23.51,20.33438195596586,2.66561804403414
2024-11-18,SKU_7,WH_5,14,21.43,18.74796040452539,4.74796040452539
2024-11-19,SKU_7,WH_5,16,17.05,15.383668960009159,0.6163310399908415
2024-11-20,SKU_7,WH_5,20,16.42,14.84196283126746,5.158037168732539
2024-11-21,SKU_7,WH_5,21,19.11,16.842657814435718,4.157342185564282
2024-11-22,SKU_7,WH_5,10,5.84,7.027984464156347,2.972015535843653
2024-11-23,SKU_7,WH_5,19,17.07,15.453237437763082,3.5467625622369177
2024-11-24,SKU_7,WH_5,21,22.69,19.868541193819333,1.1314588061806674
2024-11-25,SKU_7,WH_5,16,20.27,19.13733456746875,3.1373345674687485
2024-11-26,SKU_7,WH_5,16,15.46,14.399947363382562,1.6000526366174377
2024-11-27,SKU_7,WH_5,13,9.91,10.103751107741845,2.8962488922581553
2024-11-28,SKU_7,WH_5,11,10.21,10.3785365114267,0.6214634885732995
2024-11-29,SKU_7,WH_5,23,27.13,25.00417740323696,2.004177403236959
2024-11-30,SKU_7,WH_5,6,5.57,7.167840435522643,1.1678404355226428
2024-12-01,SKU_7,WH_5,18,15.13,14.444289782587601,3.5557102174123987
2024-12-02,SKU_7,WH_5,15,15.39,14.557685918001418,0.4423140819985818
2024-12-03,SKU_7,WH_5,14,11.71,11.547527038870582,2.452472961129418
2024-12-04,SKU_7,WH_5,19,16.16,16.14275543817902,2.8572445618209805
2024-12-05,SKU_7,WH_5,16,16.27,15.265378871249014,0.7346211287509856
2024-12-06,SKU_7,WH_5,13,15.35,14.564774330101631,1.5647743301016313
2024-12-07,SKU_7,WH_5,18,20.77,18.523262044225632,0.5232620442256319
2024-12-08,SKU_7,WH_5,9,0.53,2.9999748811906093,6.000025118809391
2024-12-09,SKU_7,WH_5,26,26.97,25.02751704207702,0.9724829579229812
2024-12-10,SKU_7,WH_5,9,9.83,10.495156075129369,1.495156075129369
2024-12-11,SKU_7,WH_5,14,15.66,14.908143202327961,0.9081432023279614
2024-12-12,SKU_7,WH_5,24,25.06,21.83808302863565,2.1619169713643487
2024-12-13,SKU_7,WH_5,18,17.35,16.068742998113215,1.9312570018867845
2024-12-14,SKU_7,WH_5,22,24.99,21.89654977306766,0.1034502269323383
2024-12-15,SKU_7,WH_5,26,21.35,19.22156515541616,6.778434844583838
2024-12-16,SKU_7,WH_5,16,19.06,17.534114839436338,1.534114839436338
2024-12-17,SKU_7,WH_5,29,34.28,28.71306732879276,0.2869326712072393
2024-12-18,SKU_7,WH_5,17,12.99,12.891233948077428,4.108766051922572
2024-12-19,SKU_7,WH_5,20,20.59,18.81971988023877,1.1802801197612283
2024-12-20,SKU_7,WH_5,27,27.24,25.410200397888396,1.5897996021116043
2024-12-21,SKU_7,WH_5,16,12.77,13.061516021009409,2.9384839789905914
2024-12-22,SKU_7,WH_5,9,10.44,11.210600867049632,2.2106008670496315
2024-12-23,SKU_7,WH_5,14,20.12,18.415468469203375,4.415468469203375
2024-12-24,SKU_7,WH_5,17,12.13,12.336120452006705,4.663879547993295
2024-12-25,SKU_7,WH_5,21,20.33,18.506593618900624,2.4934063810993763
2024-12-26,SKU_7,WH_5,14,9.79,10.513278479015346,3.486721520984654
2024-12-27,SKU_7,WH_5,22,21.81,19.736226899936714,2.263773100063286
2024-12-28,SKU_7,WH_5,14,9.03,9.88510717745944,4.114892822540559
2024-12-29,SKU_7,WH_5,21,19.29,17.54701059146865,3.4529894085313515
2024-12-30,SKU_7,WH_5,25,19.23,18.432385123980247,6.5676148760197535
2024-11-10,SKU_8,WH_1,17,17.77,16.01212920316434,0.9878707968356615
2024-11-11,SKU_8,WH_1,8,8.79,9.24497804553398,1.2449780455339798
2024-11-12,SKU_8,WH_1,12,3.83,5.729903116439854,6.270096883560146
2024-11-13,SKU_8,WH_1,11,5.84,7.042093422302049,3.957906577697951
2024-11-14,SKU_8,WH_1,16,16.82,15.191565802329078,0.8084341976709215
2024-11-15,SKU_8,WH_1,18,10.96,10.973469365143021,7.026530634856979
2024-11-16,SKU_8,WH_1,15,12.11,11.748590104323238,3.251409895676762
2024-11-17,SKU_8,WH_1,20,17.16,15.485940743277705,4.514059256722295
2024-11-18,SKU_8,WH_1,6,6.49,7.363923782551275,1.363923782551275
2024-11-19,SKU_8,WH_1,8,3.14,4.895856613888712,3.1041433861112884
2024-11-20,SKU_8,WH_1,10,12.49,11.914883674105434,1.9148836741054343
2024-11-21,SKU_8,WH_1,13,14.49,14.03349539121697,1.0334953912169702
2024-11-22,SKU_8,WH_1,23,23.4,21.755088282200955,1.2449117177990452
2024-11-23,SKU_8,WH_1,11,10.3,10.422183646538803,0.5778163534611966
2024-11-24,SKU_8,WH_1,23,23.28,20.140660795994947,2.859339204005053
2024-11-25,SKU_8,WH_1,9,6.19,7.043110503129438,1.956889496870562
2024-11-26,SKU_8,WH_1,16,21.33,18.69211459733594,2.692114597335941
2024-11-27,SKU_8,WH_1,15,16.35,14.956452628178733,0.04354737182126733
2024-11-28,SKU_8,WH_1,28,26.92,24.7885819919942,3.2114180080058006
2024-11-29,SKU_8,WH_1,16,20.77,18.365398025846357,2.365398025846357
2024-11-30,SKU_8,WH_1,10,8.46,9.268683069779113,0.7313169302208866
2024-12-01,SKU_8,WH_1,18,15.01,14.432258150010606,3.5677418499893943
2024-12-02,SKU_8,WH_1,20,24.52,21.456038967321224,1.4560389673212235
2024-12-03,SKU_8,WH_1,15,18.4,16.82690504854144,1.826905048541441
2024-12-04,SKU_8,WH_1,10,9.57,10.248548988688713,0.24854898868871267
2024-12-05,SKU_8,WH_1,10,8.28,9.31103032843356,0.68896967156644
2024-12-06,SKU_8,WH_1,7,10.69,11.046775527009803,4.046775527009803
2024-12-07,SKU_8,WH_1,10,9.08,9.812811857232917,0.1871881427670825
2024-12-08,SKU_8,WH_1,14,18.23,16.45422640704009,2.454226407040089
2024-12-09,SKU_8,WH_1,16,17.39,15.888896917571131,0.11110308242886902
2024-12-10,SKU_8,WH_1,16,11.15,11.288788065494854,4.711211934505146
2024-12-11,SKU_8,WH_1,14,10.58,10.930689139178346,3.0693108608216537
2024-12-12,SKU_8,WH_1,23,22.69,20.056582233732815,2.943417766267185
2024-12-13,SKU_8,WH_1,29,27.24,23.31302919728342,5.68697080271658
2024-12-14,SKU_8,WH_1,19,14.23,13.551119983648238,5.448880016351762
2024-12-15,SKU_8,WH_1,16,14.63,13.857361193293958,2.1426388067060422
2024-12-16,SKU_8,WH_1,24,25.95,22.685366627016524,1.3146333729834758
2024-12-17,SKU_8,WH_1,24,20.67,18.643862847167988,5.356137152832012
2024-12-18,SKU_8,WH_1,10,6.92,8.414952150797705,1.5850478492022955
2024-12-19,SKU_8,WH_1,15,11.32,11.662976898142295,3.337023101857705
2024-12-20,SKU_8,WH_1,27,24.86,21.869980844308035,5.130019155691965
2024-12-21,SKU_8,WH_1,18,23.09,20.631698694167905,2.6316986941679055
2024-12-22,SKU_8,WH_1,21,20.91,18.823277407969705,2.176722592030295
2024-12-23,SKU_8,WH_1,33,32.85,29.974026706454776,3.025973293545224
2024-12-24,SKU_8,WH_1,14,11.25,11.863910579650268,2.136089420349732
2024-12-25,SKU_8,WH_1,18,13.14,13.047032855756134,4.952967144243866
2024-12-26,SKU_8,WH_1,22,17.83,17.63841651384432,4.361583486155681
2024-12-27,SKU_8,WH_1,22,27.7,24.413674335314866,2.413674335314866
2024-12-28,SKU_8,WH_1,17,15.31,15.024632821893071,1.9753671781069286
2024-12-29,SKU_8,WH_1,23,21.76,19.891660219138046,3.1083397808619537
2024-12-30,SKU_8,WH_1,15,8.67,10.903784973856265,4.096215026143735
2024-11-10,SKU_8,WH_2,7,7.51,8.332048705972301,1.3320487059723014
2024-11-11,SKU_8,WH_2,13,8.26,8.96905036347207,4.0309496365279305
2024-11-12,SKU_8,WH_2,10,12.19,11.824171002426375,1.8241710024263753
2024-11-13,SKU_8,WH_2,13,15.0,13.972515124713121,0.9725151247131212
2024-11-14,SKU_8,WH_2,14,12.54,12.664010135398694,1.3359898646013058
2024-11-15,SKU_8,WH_2,4,6.33,7.13112850231916,3.13112850231916
2024-11-16,SKU_8,WH_2,10,8.62,9.254716536856382,0.7452834631436183
2024-11-17,SKU_8,WH_2,13,12.06,11.567296798631707,1.4327032013682928
2024-11-18,SKU_8,WH_2,11,13.09,12.429105858821025,1.4291058588210248
2024-11-19,SKU_8,WH_2,3,1.07,3.347969241751159,0.34796924175115906
2024-11-20,SKU_8,WH_2,16,16.4,14.885499382218907,1.1145006177810934
2024-11-21,SKU_8,WH_2,14,12.22,11.763740753249722,2.2362592467502775
2024-11-22,SKU_8,WH_2,22,23.47,20.293511010575504,1.7064889894244963
2024-11-23,SKU_8,WH_2,10,8.79,9.207213472620944,0.7927865273790555
2024-11-24,SKU_8,WH_2,16,12.36,11.88790947493658,4.1120905250634205
2024-11-25,SKU_8,WH_2,0,3.22,5.388457042439794,5.388457042439794
2024-11-26,SKU_8,WH_2,7,5.56,6.917419774585663,0.08258022541433707
2024-11-27,SKU_8,WH_2,12,13.19,12.527104078549092,0.5271040785490921
2024-11-28,SKU_8,WH_2,22,23.94,20.618617573729708,1.3813824262702923
2024-11-29,SKU_8,WH_2,12,17.44,15.651646429562003,3.6516464295620032
2024-11-30,SKU_8,WH_2,15,14.48,13.241951559066209,1.7580484409337913
2024-12-01,SKU_8,WH_2,21,24.04,21.017340473382244,0.017340473382244426
2024-12-02,SKU_8,WH_2,10,11.07,11.111896963067194,1.1118969630671938
2024-12-03,SKU_8,WH_2,6,4.44,6.367903237829693,0.3679032378296929
2024-12-04,SKU_8,WH_2,9,11.23,11.114561735778528,2.114561735778528
2024-12-05,SKU_8,WH_2,14,18.65,16.65920799886434,2.659207998864339
2024-12-06,SKU_8,WH_2,21,20.52,18.17838951511049,2.8216104848895114
2024-12-07,SKU_8,WH_2,24,25.99,22.401844974910063,1.5981550250899375
2024-12-08,SKU_8,WH_2,16,22.6,19.77472735047398,3.774727350473981
2024-12-09,SKU_8,WH_2,10,9.24,9.975063798302449,0.024936201697551397
2024-12-10,SKU_8,WH_2,3,0.02,2.846759079833411,0.15324092016658897
2024-12-11,SKU_8,WH_2,16,16.21,14.98640183343601,1.0135981665639893
2024-12-12,SKU_8,WH_2,25,28.21,24.13522626263327,0.864773737366729
2024-12-13,SKU_8,WH_2,17,16.83,15.418441597426458,1.5815584025735419
2024-12-14,SKU_8,WH_2,15,14.4,14.357863266827831,0.642136733172169
2024-12-15,SKU_8,WH_2,29,29.4,24.981842187238378,4.018157812761622
2024-12-16,SKU_8,WH_2,12,11.83,11.76884589995014,0.23115410004986003
2024-12-17,SKU_8,WH_2,18,16.43,15.249418169855922,2.7505818301440783
2024-12-18,SKU_8,WH_2,15,16.3,15.213351752270997,0.2133517522709969
2024-12-19,SKU_8,WH_2,20,21.16,18.944196097194823,1.0558039028051773
2024-12-20,SKU_8,WH_2,25,26.33,22.957219929771572,2.042780070228428
2024-12-21,SKU_8,WH_2,17,18.88,16.98283749488185,0.01716250511815076
2024-12-22,SKU_8,WH_2,19,24.22,21.4638105653501,2.4638105653501015
2024-12-23,SKU_8,WH_2,25,26.44,23.057186588024976,1.942813411975024
2024-12-24,SKU_8,WH_2,27,22.4,21.288482225959616,5.711517774040384
2024-12-25,SKU_8,WH_2,19,22.89,20.632397711206302,1.632397711206302
2024-12-26,SKU_8,WH_2,20,20.19,18.604680961377095,1.3953190386229046
2024-12-27,SKU_8,WH_2,13,12.72,12.922536197278138,0.07746380272186215
2024-12-28,SKU_8,WH_2,26,24.52,21.68749018495106,4.312509815048941
2024-12-29,SKU_8,WH_2,36,40.83,34.185636811283196,1.8143631887168041
2024-12-30,SKU_8,WH_2,23,22.24,21.15914176580269,1.8408582341973094
2024-11-10,SKU_8,WH_3,12,7.74,8.54094547583906,3.4590545241609405
2024-11-11,SKU_8,WH_3,14,17.21,15.599379183865873,1.5993791838658726
2024-11-12,SKU_8,WH_3,10,6.5,7.402519208383507,2.5974807916164933
2024-11-13,SKU_8,WH_3,10,5.71,7.012841990152776,2.9871580098472243
2024-11-14,SKU_8,WH_3,15,15.89,14.677239449684912,0.3227605503150883
2024-11-15,SKU_8,WH_3,12,10.5,10.642881407501996,1.3571185924980043
2024-11-16,SKU_8,WH_3,13,16.96,15.293352751010518,2.2933527510105183
2024-11-17,SKU_8,WH_3,18,18.49,16.383992536782458,1.6160074632175423
2024-11-18,SKU_8,WH_3,13,11.96,12.215107515615465,0.7848924843845353
2024-11-19,SKU_8,WH_3,9,10.03,10.169496631479129,1.169496631479129
2024-11-20,SKU_8,WH_3,12,18.43,16.258396650086905,4.258396650086905
2024-11-21,SKU_8,WH_3,9,8.66,9.180996390450805,0.1809963904508045
2024-11-22,SKU_8,WH_3,15,13.64,12.76297706102343,2.237022938976571
2024-11-23,SKU_8,WH_3,15,17.56,15.78556169770843,0.7855616977084292
2024-11-24,SKU_8,WH_3,11,14.0,13.144933295664877,2.1449332956648774
2024-11-25,SKU_8,WH_3,27,30.46,25.40148040220878,1.5985195977912205
2024-11-26,SKU_8,WH_3,8,8.7,9.241301405568423,1.2413014055684233
2024-11-27,SKU_8,WH_3,19,22.43,19.468261799919773,0.4682617999197731
2024-11-28,SKU_8,WH_3,11,11.46,11.765265641881484,0.7652656418814843
2024-11-29,SKU_8,WH_3,18,16.69,15.189391974984716,2.8106080250152843
2024-11-30,SKU_8,WH_3,14,13.73,12.977859797027326,1.0221402029726736
2024-12-01,SKU_8,WH_3,17,15.27,14.368299978918447,2.631700021081553
2024-12-02,SKU_8,WH_3,18,20.74,18.52920352951142,0.5292035295114204
2024-12-03,SKU_8,WH_3,15,15.38,14.439294190352664,0.5607058096473363
2024-12-04,SKU_8,WH_3,16,10.51,10.993470618623743,5.006529381376257
2024-12-05,SKU_8,WH_3,19,20.41,19.563497643045746,0.5634976430457463
2024-12-06,SKU_8,WH_3,13,12.22,12.17292719371077,0.8270728062892303
2024-12-07,SKU_8,WH_3,13,13.39,12.995863187456816,0.0041368125431837655
2024-12-08,SKU_8,WH_3,14,14.89,14.148029763919816,0.1480297639198156
2024-12-09,SKU_8,WH_3,15,19.84,17.94131877809543,2.941318778095429
2024-12-10,SKU_8,WH_3,12,7.83,8.90144195213571,3.098558047864289
2024-12-11,SKU_8,WH_3,13,14.47,13.659847889242805,0.6598478892428048
2024-12-12,SKU_8,WH_3,22,22.11,19.599623302136713,2.400376697863287
2024-12-13,SKU_8,WH_3,21,19.5,17.75534728540885,3.244652714591151
2024-12-14,SKU_8,WH_3,21,19.06,17.334393045858313,3.665606954141687
2024-12-15,SKU_8,WH_3,9,7.32,8.759729052360978,0.24027094763902213
2024-12-16,SKU_8,WH_3,18,16.59,15.448801360929288,2.551198639070712
2024-12-17,SKU_8,WH_3,15,12.59,12.51048143241529,2.4895185675847102
2024-12-18,SKU_8,WH_3,16,17.34,15.922377384849982,0.07762261515001789
2024-12-19,SKU_8,WH_3,23,25.6,23.83985457430945,0.8398545743094488
2024-12-20,SKU_8,WH_3,9,7.19,8.610759100569217,0.3892408994307832
2024-12-21,SKU_8,WH_3,15,15.38,14.549892497944779,0.45010750205522143
2024-12-22,SKU_8,WH_3,21,22.58,19.989043574624255,1.0109564253757455
2024-12-23,SKU_8,WH_3,25,28.05,24.255273109438033,0.7447268905619673
2024-12-24,SKU_8,WH_3,23,28.4,24.543858826047305,1.5438588260473054
2024-12-25,SKU_8,WH_3,15,16.63,16.421411688104268,1.4214116881042678
2024-12-26,SKU_8,WH_3,22,16.18,15.266462735988476,6.733537264011524
2024-12-27,SKU_8,WH_3,18,12.69,12.596307760647136,5.403692239352864
2024-12-28,SKU_8,WH_3,18,14.04,13.672119562405642,4.327880437594358
2024-12-29,SKU_8,WH_3,26,26.67,23.598767267785238,2.401232732214762
2024-12-30,SKU_8,WH_3,32,33.45,31.619894923319055,0.3801050766809446
2024-11-10,SKU_8,WH_4,15,16.42,15.07147544649734,0.07147544649733995
2024-11-11,SKU_8,WH_4,19,14.77,13.785773417653157,5.214226582346843
2024-11-12,SKU_8,WH_4,8,9.24,9.828733108593996,1.8287331085939957
2024-11-13,SKU_8,WH_4,7,7.94,8.642952976714868,1.6429529767148683
2024-11-14,SKU_8,WH_4,18,18.04,16.09310312716283,1.9068968728371694
2024-11-15,SKU_8,WH_4,11,15.09,13.999495422240386,2.9994954222403862
2024-11-16,SKU_8,WH_4,22,15.42,14.36830466845142,7.631695331548579
2024-11-17,SKU_8,WH_4,12,10.59,10.786488643582645,1.2135113564173547
2024-11-18,SKU_8,WH_4,37,39.16,31.493509772691933,5.506490227308067
2024-11-19,SKU_8,WH_4,19,13.96,13.297141457674766,5.7028585423252345
2024-11-20,SKU_8,WH_4,21,18.72,16.805709172258315,4.1942908277416855
2024-11-21,SKU_8,WH_4,20,19.15,18.468468596161138,1.531531403838862
2024-11-22,SKU_8,WH_4,22,16.43,15.343791569100159,6.6562084308998415
2024-11-23,SKU_8,WH_4,14,11.0,11.536010476598044,2.463989523401956
2024-11-24,SKU_8,WH_4,27,26.63,24.908996072619562,2.091003927380438
2024-11-25,SKU_8,WH_4,17,22.43,20.01649458418171,3.016494584181711
2024-11-26,SKU_8,WH_4,17,18.66,16.954423214311245,0.04557678568875545
2024-11-27,SKU_8,WH_4,19,21.8,20.759177311643104,1.7591773116431035
2024-11-28,SKU_8,WH_4,21,12.79,12.652165063563297,8.347834936436703
2024-11-29,SKU_8,WH_4,15,13.98,13.619707141612148,1.3802928583878522
2024-11-30,SKU_8,WH_4,15,12.73,12.644783604386514,2.3552163956134855
2024-12-01,SKU_8,WH_4,23,28.5,24.776198157186307,1.7761981571863075
2024-12-02,SKU_8,WH_4,20,12.33,12.550061658348191,7.449938341651809
2024-12-03,SKU_8,WH_4,26,25.93,24.433716527308462,1.5662834726915378
2024-12-04,SKU_8,WH_4,16,15.52,15.161386146138364,0.8386138538616361
2024-12-05,SKU_8,WH_4,11,13.76,13.655441527502282,2.6554415275022816
2024-12-06,SKU_8,WH_4,19,21.9,19.8662707859588,0.8662707859588004
2024-12-07,SKU_8,WH_4,18,20.03,18.280826987464565,0.2808269874645646
2024-12-08,SKU_8,WH_4,14,12.88,13.293208297796665,0.7067917022033345
2024-12-09,SKU_8,WH_4,17,18.11,16.7627708005392,0.23722919946079912
2024-12-10,SKU_8,WH_4,19,19.57,18.064231259286135,0.9357687407138648
2024-12-11,SKU_8,WH_4,15,10.87,11.498373716502607,3.5016262834973926
2024-12-12,SKU_8,WH_4,22,22.24,21.114307295580602,0.8856927044193981
2024-12-13,SKU_8,WH_4,15,14.6,14.101160684539348,0.898839315460652
2024-12-14,SKU_8,WH_4,20,28.15,24.46976840127348,4.46976840127348
2024-12-15,SKU_8,WH_4,19,15.56,15.130764230842109,3.869235769157891
2024-12-16,SKU_8,WH_4,28,32.09,27.37820102542831,0.6217989745716892
2024-12-17,SKU_8,WH_4,22,24.18,21.594601660649225,0.40539833935077496
2024-12-18,SKU_8,WH_4,17,13.9,13.886358327464697,3.1136416725353033
2024-12-19,SKU_8,WH_4,14,10.57,11.374259113121902,2.6257408868780985
2024-12-20,SKU_8,WH_4,23,23.23,20.818762691952436,2.1812373080475638
2024-12-21,SKU_8,WH_4,11,11.01,11.594023158109554,0.5940231581095539
2024-12-22,SKU_8,WH_4,19,17.95,16.622087215772694,2.3779127842273056
2024-12-23,SKU_8,WH_4,11,10.63,11.218143413784835,0.21814341378483526
2024-12-24,SKU_8,WH_4,14,12.39,12.421626947282057,1.578373052717943
2024-12-25,SKU_8,WH_4,20,18.03,16.56069232295717,3.43930767704283
2024-12-26,SKU_8,WH_4,23,23.05,20.426314420303658,2.573685579696342
2024-12-27,SKU_8,WH_4,20,11.66,12.19846743293247,7.801532567067531
2024-12-28,SKU_8,WH_4,22,26.71,23.500290163582836,1.5002901635828358
2024-12-29,SKU_8,WH_4,25,25.43,22.31408232432113,2.685917675678869
2024-12-30,SKU_8,WH_4,20,19.31,18.695740812275712,1.3042591877242877
2024-11-10,SKU_8,WH_5,10,9.19,9.833032908130432,0.1669670918695676
2024-11-11,SKU_8,WH_5,8,5.64,6.968681665141019,1.0313183348589812
2024-11-12,SKU_8,WH_5,9,9.75,10.077213917977112,1.0772139179771116
2024-11-13,SKU_8,WH_5,3,4.77,6.155037150707939,3.1550371507079387
2024-11-14,SKU_8,WH_5,20,20.01,17.626712143811346,2.3732878561886537
2024-11-15,SKU_8,WH_5,7,10.11,10.336411149838538,3.336411149838538
2024-11-16,SKU_8,WH_5,8,9.75,10.043677449651291,2.043677449651291
2024-11-17,SKU_8,WH_5,16,13.68,12.863118978271181,3.1368810217288186
2024-11-18,SKU_8,WH_5,14,7.87,8.586356925759592,5.413643074240408
2024-11-19,SKU_8,WH_5,4,5.33,6.964491160301042,2.9644911603010424
2024-11-20,SKU_8,WH_5,13,14.69,14.21507007707782,1.2150700770778204
2024-11-21,SKU_8,WH_5,10,8.21,8.825147275794846,1.174852724205154
2024-11-22,SKU_8,WH_5,16,15.89,14.689368006117972,1.3106319938820281
2024-11-23,SKU_8,WH_5,14,20.09,17.827065747224353,3.8270657472243528
2024-11-24,SKU_8,WH_5,9,11.27,11.08779100615617,2.08779100615617
2024-11-25,SKU_8,WH_5,17,12.96,12.175173735871503,4.824826264128497
2024-11-26,SKU_8,WH_5,9,10.12,10.753408847162575,1.753408847162575
2024-11-27,SKU_8,WH_5,22,20.92,18.193447328159113,3.806552671840887
2024-11-28,SKU_8,WH_5,19,20.68,17.938719321221697,1.061280678778303
2024-11-29,SKU_8,WH_5,12,11.35,11.08299150407017,0.9170084959298297
2024-11-30,SKU_8,WH_5,19,18.34,16.207003133889387,2.792996866110613
2024-12-01,SKU_8,WH_5,14,16.78,15.458191656038505,1.4581916560385046
2024-12-02,SKU_8,WH_5,12,6.24,7.325183012248403,4.674816987751597
2024-12-03,SKU_8,WH_5,9,6.79,7.896602957683399,1.103397042316601
2024-12-04,SKU_8,WH_5,16,14.1,13.315132389619544,2.684867610380456
2024-12-05,SKU_8,WH_5,20,24.51,21.21895894909211,1.2189589490921087
2024-12-06,SKU_8,WH_5,6,4.59,6.440981404957383,0.440981404957383
2024-12-07,SKU_8,WH_5,10,12.29,12.107980618241278,2.107980618241278
2024-12-08,SKU_8,WH_5,20,24.32,21.063252110490314,1.063252110490314
2024-12-09,SKU_8,WH_5,26,27.52,23.372474343417103,2.627525656582897
2024-12-10,SKU_8,WH_5,18,19.65,19.03484308162131,1.034843081621311
2024-12-11,SKU_8,WH_5,15,16.62,15.316165899629505,0.3161658996295049
2024-12-12,SKU_8,WH_5,13,16.42,15.292392791465108,2.292392791465108
2024-12-13,SKU_8,WH_5,12,9.06,9.83087086446669,2.1691291355333107
2024-12-14,SKU_8,WH_5,11,8.12,9.272691707168164,1.727308292831836
2024-12-15,SKU_8,WH_5,13,14.14,13.453800766616702,0.4538007666167019
2024-12-16,SKU_8,WH_5,18,15.83,15.03263556058356,2.967364439416439
2024-12-17,SKU_8,WH_5,20,19.39,17.499099297107875,2.5009007028921246
2024-12-18,SKU_8,WH_5,17,16.54,15.356782659701757,1.6432173402982428
2024-12-19,SKU_8,WH_5,16,19.58,17.673152823556777,1.6731528235567765
2024-12-20,SKU_8,WH_5,17,19.09,17.21804817607319,0.21804817607318938
2024-12-21,SKU_8,WH_5,24,23.39,20.611789919043876,3.3882100809561244
2024-12-22,SKU_8,WH_5,20,20.41,18.428081586372596,1.5719184136274045
2024-12-23,SKU_8,WH_5,15,12.6,12.58377980912448,2.4162201908755208
2024-12-24,SKU_8,WH_5,13,9.3,10.20227781024459,2.79772218975541
2024-12-25,SKU_8,WH_5,18,17.2,15.950250042472298,2.049749957527702
2024-12-26,SKU_8,WH_5,12,11.52,11.582647781355565,0.41735221864443517
2024-12-27,SKU_8,WH_5,21,25.75,22.53421218232727,1.5342121823272699
2024-12-28,SKU_8,WH_5,21,23.81,21.106999941730436,0.10699994173043592
2024-12-29,SKU_8,WH_5,22,24.3,21.45097119381458,0.5490288061854187
2024-12-30,SKU_8,WH_5,12,12.97,13.583730502362386,1.5837305023623856
2024-11-10,SKU_9,WH_1,9,6.21,7.0590921685596575,1.9409078314403425
2024-11-11,SKU_9,WH_1,4,4.19,5.630818073098137,1.630818073098137
2024-11-12,SKU_9,WH_1,8,16.27,14.80867110229324,6.808671102293239
2024-11-13,SKU_9,WH_1,15,16.46,14.957297600723408,0.04270239927659247
2024-11-14,SKU_9,WH_1,11,10.45,10.377449504263158,0.6225504957368422
2024-11-15,SKU_9,WH_1,14,16.83,15.138306054060285,1.1383060540602852
2024-11-16,SKU_9,WH_1,14,17.46,15.704980804806482,1.7049808048064818
2024-11-17,SKU_9,WH_1,17,18.77,16.57003432492867,0.42996567507132966
2024-11-18,SKU_9,WH_1,11,12.11,11.713910423735628,0.7139104237356282
2024-11-19,SKU_9,WH_1,11,13.53,12.744017438575861,1.7440174385758613
2024-11-20,SKU_9,WH_1,18,18.96,16.676393795406803,1.3236062045931973
2024-11-21,SKU_9,WH_1,9,10.03,10.148399247700954,1.1483992477009544
2024-11-22,SKU_9,WH_1,22,20.06,17.76418092763666,4.235819072363341
2024-11-23,SKU_9,WH_1,12,15.31,14.192123021091854,2.192123021091854
2024-11-24,SKU_9,WH_1,18,15.92,14.7599330299549,3.240066970045101
2024-11-25,SKU_9,WH_1,20,16.68,15.199285834000293,4.8007141659997075
2024-11-26,SKU_9,WH_1,12,10.73,10.833802903676572,1.1661970963234278
2024-11-27,SKU_9,WH_1,15,19.82,17.671257898038867,2.671257898038867
2024-11-28,SKU_9,WH_1,10,13.9,13.252274530680173,3.2522745306801735
2024-11-29,SKU_9,WH_1,13,11.38,11.179682388518106,1.8203176114818937
2024-11-30,SKU_9,WH_1,12,11.71,11.360915576321817,0.6390844236781827
2024-12-01,SKU_9,WH_1,19,16.9,15.61127844610276,3.3887215538972395
2024-12-02,SKU_9,WH_1,11,10.66,11.013765557474539,0.013765557474538781
2024-12-03,SKU_9,WH_1,14,15.54,14.650537365091976,0.6505373650919761
2024-12-04,SKU_9,WH_1,10,17.22,15.848960384769082,5.848960384769082
2024-12-05,SKU_9,WH_1,16,18.68,17.935535805440587,1.935535805440587
2024-12-06,SKU_9,WH_1,22,19.73,17.743512633041995,4.256487366958005
2024-12-07,SKU_9,WH_1,19,17.85,16.398140797418975,2.601859202581025
2024-12-08,SKU_9,WH_1,27,31.03,28.175184379430576,1.1751843794305756
2024-12-09,SKU_9,WH_1,22,21.29,20.3110018045693,1.688998195430699
2024-12-10,SKU_9,WH_1,13,11.72,11.59657491641142,1.40342508358858
2024-12-11,SKU_9,WH_1,22,24.53,22.95255210841353,0.9525521084135313
2024-12-12,SKU_9,WH_1,12,11.79,11.998393458560466,0.0016065414395338706
2024-12-13,SKU_9,WH_1,23,20.2,19.56347772413855,3.4365222758614493
2024-12-14,SKU_9,WH_1,10,12.04,12.11055711935363,2.110557119353629
2024-12-15,SKU_9,WH_1,12,17.73,16.348017885650755,4.348017885650755
2024-12-16,SKU_9,WH_1,12,10.44,10.807865000485055,1.1921349995149448
2024-12-17,SKU_9,WH_1,23,25.42,22.12601749454492,0.8739825054550785
2024-12-18,SKU_9,WH_1,24,27.72,24.01629577521245,0.016295775212448405
2024-12-19,SKU_9,WH_1,13,17.61,16.21424462327887,3.2142446232788693
2024-12-20,SKU_9,WH_1,17,12.54,12.37765501211566,4.62234498788434
2024-12-21,SKU_9,WH_1,18,19.52,17.790302684266774,0.20969731573322647
2024-12-22,SKU_9,WH_1,21,23.98,21.214212353794565,0.21421235379456505
2024-12-23,SKU_9,WH_1,16,22.57,20.134609565088784,4.134609565088784
2024-12-24,SKU_9,WH_1,15,14.88,14.20954356430502,0.7904564356949795
2024-12-25,SKU_9,WH_1,11,8.56,9.637940508284458,1.3620594917155415
2024-12-26,SKU_9,WH_1,19,17.35,15.962502724211216,3.037497275788784
2024-12-27,SKU_9,WH_1,29,30.94,28.064909332408387,0.9350906675916129
2024-12-28,SKU_9,WH_1,23,25.18,21.98729502034365,1.0127049796563483
2024-12-29,SKU_9,WH_1,21,15.93,15.237999961076568,5.762000038923432
2024-12-30,SKU_9,WH_1,17,17.92,17.50658823255554,0.50658823255554
2024-11-10,SKU_9,WH_2,14,12.02,11.664326857668783,2.335673142331217
2024-11-11,SKU_9,WH_2,18,19.6,17.57689438402673,0.42310561597327023
2024-11-12,SKU_9,WH_2,15,12.9,12.218514508651312,2.781485491348688
2024-11-13,SKU_9,WH_2,11,6.49,7.430483673630869,3.569516326369131
2024-11-14,SKU_9,WH_2,20,23.2,20.05632612837542,0.056326128375420836
2024-11-15,SKU_9,WH_2,10,12.78,12.236101597152725,2.236101597152725
2024-11-16,SKU_9,WH_2,3,1.48,3.4492137399112677,0.4492137399112677
2024-11-17,SKU_9,WH_2,17,16.69,15.22280075732953,1.77719924267047
2024-11-18,SKU_9,WH_2,19,14.21,13.226931438361328,5.773068561638672
2024-11-19,SKU_9,WH_2,12,13.86,13.12189494598223,1.1218949459822305
2024-11-20,SKU_9,WH_2,17,15.37,14.139579406073288,2.8604205939267118
2024-11-21,SKU_9,WH_2,6,8.42,9.084603875764643,3.0846038757646426
2024-11-22,SKU_9,WH_2,22,23.73,20.415612986062776,1.5843870139372243
2024-11-23,SKU_9,WH_2,10,12.5,12.012114294250564,2.012114294250564
2024-11-24,SKU_9,WH_2,11,5.17,6.627438410962901,4.372561589037099
2024-11-25,SKU_9,WH_2,16,18.04,16.035812451365103,0.03581245136510347
2024-11-26,SKU_9,WH_2,14,12.48,11.976521740255182,2.0234782597448184
2024-11-27,SKU_9,WH_2,17,22.76,19.768347985282826,2.7683479852828263
2024-11-28,SKU_9,WH_2,9,12.43,11.960935280004138,2.960935280004138
2024-11-29,SKU_9,WH_2,7,6.2,7.077683067686344,0.07768306768634403
2024-11-30,SKU_9,WH_2,28,24.07,22.41621347744964,5.5837865225503585
2024-12-01,SKU_9,WH_2,20,23.22,20.50829116348627,0.5082911634862697
2024-12-02,SKU_9,WH_2,20,24.22,22.936355298342733,2.9363552983427326
2024-12-03,SKU_9,WH_2,20,15.0,14.32623491338208,5.6737650866179195
2024-12-04,SKU_9,WH_2,16,15.09,14.368731412565054,1.6312685874349455
2024-12-05,SKU_9,WH_2,12,11.51,11.57885255247936,0.4211474475206405
2024-12-06,SKU_9,WH_2,16,16.67,15.607126649131157,0.3928733508688431
2024-12-07,SKU_9,WH_2,14,22.14,19.766482530589066,5.766482530589066
2024-12-08,SKU_9,WH_2,21,17.55,16.298054118740485,4.701945881259515
2024-12-09,SKU_9,WH_2,18,14.23,13.670379336995971,4.329620663004029
2024-12-10,SKU_9,WH_2,18,17.38,16.0304073436228,1.9695926563771984
2024-12-11,SKU_9,WH_2,14,15.83,15.176141399259155,1.176141399259155
2024-12-12,SKU_9,WH_2,24,19.77,17.94691222290622,6.053087777093779
2024-12-13,SKU_9,WH_2,20,15.23,14.604766216315811,5.395233783684189
2024-12-14,SKU_9,WH_2,24,27.37,25.254972254897666,1.254972254897666
2024-12-15,SKU_9,WH_2,15,19.03,17.572540087038,2.572540087038
2024-12-16,SKU_9,WH_2,16,12.79,12.737344134193284,3.2626558658067157
2024-12-17,SKU_9,WH_2,16,11.31,11.557957153671957,4.442042846328043
2024-12-18,SKU_9,WH_2,16,11.64,11.748892503413146,4.2511074965868545
2024-12-19,SKU_9,WH_2,19,23.11,20.557839358585404,1.5578393585854045
2024-12-20,SKU_9,WH_2,20,19.59,18.01891165461338,1.9810883453866204
2024-12-21,SKU_9,WH_2,23,20.86,18.73201185605929,4.267988143940709
2024-12-22,SKU_9,WH_2,19,17.1,15.944727617129406,3.0552723828705943
2024-12-23,SKU_9,WH_2,14,18.07,17.57830281391929,3.57830281391929
2024-12-24,SKU_9,WH_2,20,15.52,14.843968822526325,5.156031177473675
2024-12-25,SKU_9,WH_2,18,16.25,15.316448041543158,2.6835519584568424
2024-12-26,SKU_9,WH_2,19,19.61,17.967454491496127,1.0325455085038726
2024-12-27,SKU_9,WH_2,21,24.52,21.53775604075029,0.5377560407502884
2024-12-28,SKU_9,WH_2,32,26.86,25.062549098470477,6.937450901529523
2024-12-29,SKU_9,WH_2,16,20.51,18.7108778149719,2.7108778149719015
2024-12-30,SKU_9,WH_2,23,25.47,24.8118978611499,1.8118978611499017
2024-11-10,SKU_9,WH_3,6,2.71,5.07281512128735,0.9271848787126498
2024-11-11,SKU_9,WH_3,18,15.14,14.164107249990057,3.8358927500099433
2024-11-12,SKU_9,WH_3,9,10.18,10.371967317157761,1.371967317157761
2024-11-13,SKU_9,WH_3,10,6.56,7.451106906783628,2.548893093216372
2024-11-14,SKU_9,WH_3,20,17.54,15.815667982284763,4.184332017715237
2024-11-15,SKU_9,WH_3,11,4.04,5.683231000984777,5.316768999015223
2024-11-16,SKU_9,WH_3,22,18.99,16.691227268288653,5.308772731711347
2024-11-17,SKU_9,WH_3,9,11.12,11.029017856474724,2.0290178564747237
2024-11-18,SKU_9,WH_3,9,3.8,5.651331718293633,3.3486682817063667
2024-11-19,SKU_9,WH_3,10,11.2,11.012917259394746,1.0129172593947455
2024-11-20,SKU_9,WH_3,3,8.4,9.063881630125358,6.063881630125358
2024-11-21,SKU_9,WH_3,12,12.03,11.492928441497622,0.5070715585023784
2024-11-22,SKU_9,WH_3,18,23.56,20.412791634957387,2.4127916349573866
2024-11-23,SKU_9,WH_3,21,20.67,18.031265406652242,2.968734593347758
2024-11-24,SKU_9,WH_3,13,13.58,12.78754766335751,0.21245233664249064
2024-11-25,SKU_9,WH_3,9,10.52,10.656847200831896,1.656847200831896
2024-11-26,SKU_9,WH_3,15,14.94,13.756962307863013,1.243037692136987
2024-11-27,SKU_9,WH_3,12,10.63,10.646450233784545,1.3535497662154548
2024-11-28,SKU_9,WH_3,7,9.48,9.792136356504434,2.792136356504434
2024-11-29,SKU_9,WH_3,19,17.8,16.03094631917671,2.96905368082329
2024-11-30,SKU_9,WH_3,18,15.94,14.708682692493767,3.291317307506233
2024-12-01,SKU_9,WH_3,22,17.37,15.834694497323927,6.165305502676073
2024-12-02,SKU_9,WH_3,22,21.63,20.470227310543432,1.5297726894565677
2024-12-03,SKU_9,WH_3,18,12.7,13.127013517438389,4.872986482561611
2024-12-04,SKU_9,WH_3,15,15.72,15.007551175021883,0.007551175021882628
2024-12-05,SKU_9,WH_3,23,25.08,21.679101105896635,1.3208988941033653
2024-12-06,SKU_9,WH_3,15,17.99,17.646858839065658,2.6468588390656578
2024-12-07,SKU_9,WH_3,15,9.67,10.307149575174194,4.6928504248258065
2024-12-08,SKU_9,WH_3,20,18.9,17.21790544745032,2.7820945525496796
2024-12-09,SKU_9,WH_3,13,12.84,13.302492305025197,0.3024923050251971
2024-12-10,SKU_9,WH_3,19,20.51,18.470583919949398,0.529416080050602
2024-12-11,SKU_9,WH_3,24,25.28,22.036306395826642,1.9636936041733577
2024-12-12,SKU_9,WH_3,15,11.54,11.597640924038409,3.4023590759615914
2024-12-13,SKU_9,WH_3,18,17.19,15.992390475873387,2.0076095241266128
2024-12-14,SKU_9,WH_3,18,15.96,15.250164879627254,2.7498351203727456
2024-12-15,SKU_9,WH_3,21,25.44,22.134950511027593,1.1349505110275935
2024-12-16,SKU_9,WH_3,22,23.26,20.66545157110059,1.33454842889941
2024-12-17,SKU_9,WH_3,22,23.84,21.14850935966746,0.8514906403325391
2024-12-18,SKU_9,WH_3,19,22.79,20.484927708744788,1.484927708744788
2024-12-19,SKU_9,WH_3,13,11.54,11.723681705823026,1.2763182941769742
2024-12-20,SKU_9,WH_3,26,24.7,21.71005766680349,4.28994233319651
2024-12-21,SKU_9,WH_3,15,15.55,15.109169607084889,0.10916960708488865
2024-12-22,SKU_9,WH_3,13,16.04,15.417066569889373,2.417066569889373
2024-12-23,SKU_9,WH_3,20,19.1,17.414597507231445,2.585402492768555
2024-12-24,SKU_9,WH_3,23,25.98,22.887384582768924,0.11261541723107626
2024-12-25,SKU_9,WH_3,22,16.56,15.578991594571955,6.421008405428045
2024-12-26,SKU_9,WH_3,12,11.73,11.757569024373193,0.2424309756268066
2024-12-27,SKU_9,WH_3,17,20.65,18.58702356718148,1.587023567181479
2024-12-28,SKU_9,WH_3,16,13.63,13.293510060488899,2.7064899395111013
2024-12-29,SKU_9,WH_3,28,29.68,25.572722562952286,2.4272774370477137
2024-12-30,SKU_9,WH_3,12,7.19,9.917310472339729,2.0826895276602713
2024-11-10,SKU_9,WH_4,9,12.44,11.963902969953967,2.963902969953967
2024-11-11,SKU_9,WH_4,11,9.85,10.081066533695052,0.9189334663049475
2024-11-12,SKU_9,WH_4,19,24.54,20.880560393962718,1.8805603939627176
2024-11-13,SKU_9,WH_4,7,7.06,8.13333115595956,1.13333115595956
2024-11-14,SKU_9,WH_4,7,7.56,8.261563710766385,1.261563710766385
2024-11-15,SKU_9,WH_4,15,13.53,12.767699960158165,2.232300039841835
2024-11-16,SKU_9,WH_4,13,15.47,14.343067052229506,1.3430670522295056
2024-11-17,SKU_9,WH_4,8,7.9,8.580684756228129,0.5806847562281288
2024-11-18,SKU_9,WH_4,12,10.3,10.450430189751053,1.549569810248947
2024-11-19,SKU_9,WH_4,4,5.15,6.506469188214633,2.5064691882146333
2024-11-20,SKU_9,WH_4,14,16.64,15.017971763426532,1.017971763426532
2024-11-21,SKU_9,WH_4,17,15.54,14.312362849375887,2.687637150624113
2024-11-22,SKU_9,WH_4,14,13.16,12.461689499310902,1.5383105006890982
2024-11-23,SKU_9,WH_4,18,20.54,17.997113629135892,0.0028863708641075903
2024-11-24,SKU_9,WH_4,8,10.3,10.42977396582568,2.42977396582568
2024-11-25,SKU_9,WH_4,28,30.01,27.162918929758987,0.8370810702410125
2024-11-26,SKU_9,WH_4,12,8.88,9.471069514214046,2.5289304857859545
2024-11-27,SKU_9,WH_4,11,12.84,12.161037230131107,1.1610372301311074
2024-11-28,SKU_9,WH_4,13,12.21,11.777913741692734,1.2220862583072662
2024-11-29,SKU_9,WH_4,9,8.6,9.090819365833552,0.09081936583355166
2024-11-30,SKU_9,WH_4,14,9.66,10.213394106493936,3.7866058935060636
2024-12-01,SKU_9,WH_4,16,18.49,16.53870356465666,0.5387035646566609
2024-12-02,SKU_9,WH_4,20,22.32,19.661921016309158,0.338078983690842
2024-12-03,SKU_9,WH_4,24,21.13,18.74285018832705,5.257149811672949
2024-12-04,SKU_9,WH_4,14,11.43,11.461350717723226,2.538649282276774
2024-12-05,SKU_9,WH_4,14,14.01,13.398738191736873,0.6012618082631267
2024-12-06,SKU_9,WH_4,17,18.63,16.86178904270399,0.1382109572960104
2024-12-07,SKU_9,WH_4,19,21.37,20.277116265936584,1.2771162659365842
2024-12-08,SKU_9,WH_4,25,31.13,26.444522712419445,1.4445227124194453
2024-12-09,SKU_9,WH_4,22,15.17,14.446604000988739,7.553395999011261
2024-12-10,SKU_9,WH_4,12,10.88,11.419298327314376,0.580701672685624
2024-12-11,SKU_9,WH_4,7,10.76,11.199015272615094,4.199015272615094
2024-12-12,SKU_9,WH_4,25,25.68,22.424907926910375,2.5750920730896247
2024-12-13,SKU_9,WH_4,19,19.22,17.475341519813167,1.524658480186833
2024-12-14,SKU_9,WH_4,24,23.42,20.743667736416022,3.256332263583978
2024-12-15,SKU_9,WH_4,27,25.01,21.883281942689877,5.116718057310123
2024-12-16,SKU_9,WH_4,27,24.57,21.73280189877214,5.267198101227859
2024-12-17,SKU_9,WH_4,17,17.6,16.418058386223258,0.5819416137767419
2024-12-18,SKU_9,WH_4,13,9.03,10.11682969426924,2.8831703057307596
2024-12-19,SKU_9,WH_4,17,17.25,16.31761346146431,0.6823865385356918
2024-12-20,SKU_9,WH_4,20,21.73,19.61252513080276,0.3874748691972414
2024-12-21,SKU_9,WH_4,24,20.76,18.861971454131396,5.138028545868604
2024-12-22,SKU_9,WH_4,14,14.43,13.884602992410118,0.11539700758988225
2024-12-23,SKU_9,WH_4,16,12.85,12.74384570774551,3.2561542922544895
2024-12-24,SKU_9,WH_4,15,14.5,13.744751683648571,1.2552483163514285
2024-12-25,SKU_9,WH_4,20,19.0,17.275585936236666,2.7244140637633336
2024-12-26,SKU_9,WH_4,17,16.42,15.49514374070124,1.5048562592987604
2024-12-27,SKU_9,WH_4,25,26.91,23.495149124574702,1.5048508754252978
2024-12-28,SKU_9,WH_4,14,15.89,15.251793154089047,1.2517931540890466
2024-12-29,SKU_9,WH_4,18,15.01,14.462387208144362,3.537612791855638
2024-12-30,SKU_9,WH_4,20,19.29,18.573343148534818,1.4266568514651823
2024-11-10,SKU_9,WH_5,3,0.88,3.4678558942862003,0.46785589428620034
2024-11-11,SKU_9,WH_5,16,19.54,17.517230863665436,1.5172308636654357
2024-11-12,SKU_9,WH_5,7,8.88,9.494159804608241,2.494159804608241
2024-11-13,SKU_9,WH_5,3,1.35,3.406621383774684,0.40662138377468393
2024-11-14,SKU_9,WH_5,18,17.61,15.909396828677844,2.0906031713221562
2024-11-15,SKU_9,WH_5,5,2.19,3.8193303155514973,1.1806696844485027
2024-11-16,SKU_9,WH_5,21,23.94,20.748484056436016,0.25151594356398377
2024-11-17,SKU_9,WH_5,13,11.26,11.105515955942913,1.8944840440570871
2024-11-18,SKU_9,WH_5,17,16.95,15.280716851346753,1.719283148653247
2024-11-19,SKU_9,WH_5,8,11.07,10.9858310050826,2.9858310050826002
2024-11-20,SKU_9,WH_5,16,12.91,12.822168121078883,3.1778318789211166
2024-11-21,SKU_9,WH_5,15,16.02,14.758264322936975,0.24173567706302457
2024-11-22,SKU_9,WH_5,13,11.26,11.085055350842921,1.9149446491570785
2024-11-23,SKU_9,WH_5,12,12.9,12.212467305383406,0.21246730538340586
2024-11-24,SKU_9,WH_5,13,18.81,16.681006571258884,3.6810065712588838
2024-11-25,SKU_9,WH_5,15,14.73,13.700802995698394,1.2991970043016057
2024-11-26,SKU_9,WH_5,20,25.46,21.678239126390775,1.6782391263907748
2024-11-27,SKU_9,WH_5,21,23.22,20.127840574032824,0.8721594259671761
2024-11-28,SKU_9,WH_5,17,17.99,16.17314162937319,0.8268583706268089
2024-11-29,SKU_9,WH_5,10,5.8,7.146482089844824,2.853517910155176
2024-11-30,SKU_9,WH_5,16,16.05,14.981583634783336,1.0184163652166642
2024-12-01,SKU_9,WH_5,6,3.96,6.186481474108706,0.18648147410870575
2024-12-02,SKU_9,WH_5,4,4.05,6.042625143823723,2.042625143823723
2024-12-03,SKU_9,WH_5,12,16.11,15.088664460697942,3.0886644606979416
2024-12-04,SKU_9,WH_5,9,9.29,9.957713720723804,0.9577137207238042
2024-12-05,SKU_9,WH_5,23,26.15,22.584935187919864,0.4150648120801357
2024-12-06,SKU_9,WH_5,14,11.86,11.683805882088006,2.3161941179119943
2024-12-07,SKU_9,WH_5,15,23.23,20.46042805498687,5.4604280549868704
2024-12-08,SKU_9,WH_5,15,14.1,13.352719176796851,1.6472808232031486
2024-12-09,SKU_9,WH_5,22,26.03,22.561904998231434,0.5619049982314337
2024-12-10,SKU_9,WH_5,18,19.92,17.970749888066088,0.029250111933912137
2024-12-11,SKU_9,WH_5,24,24.21,21.247306854109198,2.7526931458908024
2024-12-12,SKU_9,WH_5,21,21.23,19.106143965405405,1.8938560345945952
2024-12-13,SKU_9,WH_5,10,11.15,11.415898574328354,1.415898574328354
2024-12-14,SKU_9,WH_5,13,12.44,12.400550439651518,0.5994495603484822
2024-12-15,SKU_9,WH_5,15,13.87,13.51735046979195,1.4826495302080502
2024-12-16,SKU_9,WH_5,9,9.3,10.188693609437326,1.1886936094373262
2024-12-17,SKU_9,WH_5,26,28.72,24.472117378828784,1.5278826211712158
2024-12-18,SKU_9,WH_5,15,18.04,16.46461864409093,1.4646186440909297
2024-12-19,SKU_9,WH_5,11,10.07,10.486035739712607,0.5139642602873931
2024-12-20,SKU_9,WH_5,16,15.92,15.02190666084653,0.9780933391534692
2024-12-21,SKU_9,WH_5,10,6.95,8.016608994735625,1.9833910052643748
2024-12-22,SKU_9,WH_5,19,24.82,21.64840775513137,2.6484077551313696
2024-12-23,SKU_9,WH_5,15,13.73,13.210891860901402,1.7891081390985981
2024-12-24,SKU_9,WH_5,20,22.84,20.28210407400784,0.2821040740078402
2024-12-25,SKU_9,WH_5,18,16.66,15.439099827667556,2.5609001723324436
2024-12-26,SKU_9,WH_5,26,22.3,19.729134348337254,6.270865651662746
2024-12-27,SKU_9,WH_5,22,27.78,24.16478332770703,2.164783327707031
2024-12-28,SKU_9,WH_5,16,18.8,17.081649967361702,1.0816499673617024
2024-12-29,SKU_9,WH_5,21,23.81,21.18611624753184,0.18611624753183875
2024-12-30,SKU_9,WH_5,21,20.69,19.635841881360907,1.364158118639093
